,word,counted
0,하나,403
1,바다,343
2,마음,339
3,모습,310
4,이후,308
5,가능,307
6,처음,302
7,이름,290
8,서울,288
9,동안,284
10,나라,284
11,아래,273
12,준비,273
13,사이,270
14,자리,265
15,출발,259
16,지역,252
17,이야기,249
18,거리,243
19,마지막,238
20,동해,236
21,시대,234
22,유명,234
23,하루,232
24,필요,231
25,이용,230
26,역사,224
27,여행,221
28,바람,221
29,상태,216
30,최고,216
31,가지,215
32,속초,210
33,그것,210
34,한국,209
35,당시,209
36,강릉,205
37,이것,205
38,계획,204
39,이동,203
40,중국,201
41,여름,198
42,지도,196
43,주변,196
44,친구,195
45,자신,194
46,진행,192
47,부분,190
48,결정,189
49,날씨,189
50,하늘,188
51,상황,186
52,소리,185
53,아이,184
54,중요,184
55,설치,184
56,세상,183
57,마을,183
58,대표,183
59,중간,181
60,기록,180
61,장소,179
62,경우,179
63,지방,178
64,무엇,177
65,중심,176
66,가운데,174
67,나무,173
68,누구,172
69,느낌,172
70,어디,172
71,도움,171
72,사실,171
73,결과,170
74,지금,170
75,전쟁,169
76,성공,169
77,입구,166
78,발생,166
79,내부,166
80,관리,166
81,가족,165
82,사용,165
83,문제,164
84,방문,162
85,과정,162
86,시설,162
87,계속,161
88,걱정,161
89,방향,161
90,이때,161
91,자연,160
92,근처,160
93,마련,159
94,모두,159
95,동쪽,159
96,전국,158
97,공격,158
98,아들,156
99,겨울,156
100,노력,155
101,이유,154
102,중앙,152
103,개인,152
104,의미,151
105,코스,150
106,남쪽,150
107,세계,150
108,차례,149
109,확인,149
110,관계,149
111,얼굴,148
112,모양,148
113,정리,146
114,계곡,146
115,가을,146
116,대전,145
117,규모,145
118,고민,145
119,부족,144
120,시기,143
121,주요,143
122,동시,143
123,결국,143
124,대신,141
125,소개,140
126,그때,140
127,식사,140
128,황제,139
129,생활,139
130,이전,139
131,자기,138
132,설명,138
133,내용,137
134,도로,137
135,전체,136
136,연결,136
137,바위,136
138,방법,136
139,머리,135
140,전화,135
141,통일,135
142,참고,135
143,새벽,135
144,정상,135
145,서쪽,134
146,상대,134
147,불교,133
148,북쪽,133
149,전투,132
150,시절,132
151,거기,132
152,기지,131
153,사회,131
154,수도,131
155,교육,131
156,만큼,130
157,나이,130
158,운동,130
159,기분,129
160,대부분,129
161,얼마,128
162,사랑,128
163,표현,128
164,유일,127
165,인도,127
166,안전,126
167,조정,126
168,군사,126
169,약속,126
170,대비,125
171,해변,125
172,부산,125
173,본격,124
174,기대,124
175,나중,124
176,기본,124
177,인물,124
178,다리,124
179,반대,123
180,학교,123
181,도시,123
182,국가,123
183,군대,123
184,승리,122
185,무리,122
186,일정,122
187,점심,122
188,장군,121
189,활동,121
190,정보,121
191,자유,121
192,고성,120
193,시장,120
194,파도,120
195,소식,120
196,여자,119
197,정신,119
198,순간,119
199,차지,119
200,예상,118
201,공원,118
202,문화,117
203,이해,117
204,풍경,117
205,기회,117
206,기간,117
207,유지,117
208,해결,116
209,단체,116
210,정책,116
211,연구,116
212,장수,115
213,도달,115
214,장안,115
215,평화,114
216,마무리,114
217,좌우,114
218,일반,113
219,지정,113
220,위험,112
221,지점,111
222,실패,111
223,주차장,111
224,한편,111
225,포함,111
226,발전,111
227,조선,111
228,영향,110
229,구경,110
230,추진,110
231,숙소,110
232,차이,109
233,경계,109
234,동생,109
235,관심,109
236,정치,108
237,고향,108
238,구성,108
239,동해안,108
240,해당,108
241,인근,107
242,안정,107
243,선택,107
244,인사,107
245,건강,106
246,주장,106
247,통과,106
248,참여,106
249,감사,106
250,혼자,106
251,개발,105
252,북방,105
253,출신,105
254,능력,105
255,남자,105
256,오른쪽,104
257,그곳,104
258,설악산,104
259,건물,104
260,무렵,104
261,고려,103
262,공간,103
263,강원,103
264,최초,103
265,북한,103
266,해수욕장,103
267,포위,103
268,이게,102
269,전망대,102
270,발견,102
271,세력,102
272,목표,101
273,양식,101
274,인기,101
275,사찰,101
276,사업,101
277,신라,101
278,요청,101
279,추천,101
280,변화,101
281,휴식,101
282,행복,101
283,가격,100
284,운영,100
285,체험,100
286,동진,100
287,보통,100
288,싸움,99
289,선정,99
290,인증,99
291,기념,99
292,경험,99
293,형주,99
294,저희,99
295,음식,99
296,평소,99
297,추억,99
298,조사,98
299,양주,98
300,조직,98
301,마찬가지,98
302,성격,98
303,연합,98
304,상징,98
305,오전,98
306,수행,98
307,구름,98
308,고개,98
309,최대,97
310,누가,97
311,뭔가,97
312,역할,97
313,기억,97
314,과거,96
315,환경,96
316,초기,96
317,지속,96
318,전문,96
319,조성,96
320,마리,96
321,민족,96
322,입장,95
323,차량,95
324,예약,95
325,대한민국,95
326,사고,94
327,와중,94
328,일대,94
329,걸음,94
330,부하,94
331,구간,94
332,가슴,94
333,개혁,94
334,등장,94
335,실시,94
336,부근,93
337,점령,93
338,활용,93
339,각지,93
340,예전,93
341,여유,93
342,촬영,93
343,말씀,92
344,전기,92
345,반란,92
346,안녕,92
347,감상,92
348,효과,92
349,목적,92
350,관광,92
351,출처,91
352,장비,91
353,기술,91
354,지원,91
355,의지,91
356,양평,90
357,일본,90
358,경기,90
359,치열,90
360,중원,90
361,압박,90
362,집중,90
363,전설,89
364,왼쪽,89
365,개선,89
366,함락,89
367,특별,89
368,대사,89
369,포기,88
370,개월,88
371,오후,88
372,천하,88
373,실수,88
374,판매,88
375,현실,88
376,조심,87
377,후회,87
378,대승,87
379,완성,87
380,설악,87
381,미래,86
382,식당,86
383,배치,86
384,우측,86
385,예정,86
386,독립,86
387,제도,86
388,표시,86
389,개국,86
390,시도,85
391,백성,85
392,변경,85
393,지도자,85
394,항복,85
395,위기,85
396,동서,85
397,정비,85
398,낙산사,85
399,전주,85
400,형태,85
401,분위기,85
402,둘째,84
403,아버지,84
404,정부,84
405,주인,84
406,태양,84
407,이제,84
408,병사,84
409,시행,84
410,출입,84
411,강남,84
412,터미널,84
413,지대,84
414,그녀,84
415,여성,84
416,행정,83
417,작업,83
418,혼란,83
419,자체,83
420,부여,83
421,허락,82
422,각종,82
423,인생,82
424,영화,82
425,창건,82
426,다섯,82
427,편안,82
428,모래,81
429,행동,81
430,그림,81
431,비교,81
432,사전,81
433,재미,81
434,부인,81
435,덕분,81
436,음악,81
437,인구,81
438,전망,81
439,눈앞,81
440,각자,80
441,금지,80
442,춘천,80
443,언제,80
444,건설,80
445,특이,80
446,좌측,80
447,부견,80
448,세월,80
449,전통,80
450,일화,80
451,사망,80
452,존재,80
453,곳곳,80
454,공사,80
455,설립,80
456,임명,79
457,반면,79
458,울산,79
459,기세,79
460,현장,79
461,국내,79
462,토벌,79
463,속도,79
464,공기,79
465,감동,79
466,제거,79
467,자료,78
468,삼국,78
469,주차,78
470,나머지,78
471,만족,78
472,제공,78
473,버스,78
474,인재,78
475,지구,78
476,센터,78
477,처형,77
478,하남,77
479,주말,77
480,얘기,77
481,실제,77
482,기자,77
483,집안,77
484,사내,77
485,시점,77
486,진격,76
487,경제,76
488,민간,76
489,수리,76
490,담당,76
491,조치,76
492,북부,76
493,조금,76
494,국도,76
495,홍천,76
496,특징,76
497,비치,76
498,안내,75
499,회사,75
500,언덕,75
501,피해,75
502,자원,75
503,기도,75
504,지경,75
505,용인,75
506,고기,75
507,의사,74
508,대나무,74
509,네이버,74
510,정벌,74
511,호텔,74
512,글자,74
513,발표,74
514,제외,74
515,화살,74
516,죽음,74
517,소장,74
518,수천,74
519,운전,74
520,일상,73
521,신하,73
522,이래,73
523,여러분,73
524,낙산,73
525,다양,73
526,강현면,73
527,나름,73
528,저기,73
529,부대,73
530,동네,73
531,조조,73
532,난이,73
533,성장,73
534,투항,73
535,회수,73
536,매력,73
537,명성,73
538,바닷가,73
539,평정,72
540,세기,72
541,고사,72
542,공주,72
543,그릇,72
544,휴게소,72
545,완전,72
546,국민,72
547,연못,72
548,기업,72
549,일부,72
550,사건,72
551,관광지,71
552,성인,71
553,의심,71
554,해안,71
555,권력,71
556,대형,71
557,후퇴,71
558,원주,71
559,구원,71
560,펜션,71
561,활약,71
562,선사,71
563,기원,71
564,번성,71
565,의견,71
566,평창,71
567,본인,71
568,옛날,70
569,물건,70
570,적극,70
571,미국,70
572,사상,70
573,접근,70
574,우회,70
575,형성,70
576,건립,70
577,진입,69
578,재능,69
579,종합,69
580,귀족,69
581,수원,69
582,표정,69
583,운명,69
584,추가,69
585,노래,69
586,구매,69
587,정사,69
588,경주,68
589,형세,68
590,어려움,68
591,포스팅,68
592,기존,68
593,구축,68
594,자사,68
595,행사,68
596,하동,68
597,전략,68
598,무시,68
599,후진,68
600,소요,68
601,인간,68
602,계절,68
603,남북,68
604,자세,68
605,명령,68
606,경치,68
607,대회,68
608,교사,68
609,지식,68
610,용맹,68
611,일행,67
612,배후,67
613,낙양,67
614,요즘,67
615,산행,67
616,무료,67
617,사례,67
618,커피,67
619,청주,67
620,주석,67
621,그대,67
622,대패,67
623,영상,67
624,사장,67
625,도중,67
626,삼척,67
627,기사,67
628,아무,67
629,흐름,66
630,서진,66
631,고생,66
632,양구,66
633,탄생,66
634,참조,66
635,대로,66
636,사자,66
637,보호,66
638,자랑,66
639,서부,66
640,공동,66
641,상주,66
642,다행,66
643,날짜,65
644,명칭,65
645,방송,65
646,결혼,65
647,서리,65
648,방식,65
649,보급,65
650,파견,65
651,수정,65
652,타임,65
653,한참,65
654,유교,65
655,장악,65
656,눈물,65
657,관중,65
658,자식,65
659,외교,65
660,구조,65
661,초반,65
662,장사,65
663,유리,65
664,카페,65
665,원수,65
666,가난,65
667,평가,64
668,무사,64
669,교화,64
670,대중,64
671,충성,64
672,주목,64
673,회복,64
674,화장실,64
675,일출,64
676,대학,64
677,사정,64
678,작전,64
679,제압,64
680,기운,64
681,고대,64
682,토요일,64
683,양쪽,64
684,단양,64
685,관우,64
686,훗날,64
687,미터,64
688,어머니,64
689,능선,64
690,조카,64
691,금액,63
692,한때,63
693,지리,63
694,힐링,63
695,사마,63
696,자동차,63
697,감정,63
698,참가,63
699,참석,63
700,부모,63
701,구역,63
702,겁니다,63
703,소나무,63
704,관광객,63
705,검색,63
706,한수,63
707,견제,63
708,안쪽,63
709,시험,63
710,재주,62
711,화상,62
712,요동,62
713,장강,62
714,수십,62
715,이하,62
716,종사,62
717,마디,62
718,강조,62
719,서방,62
720,경사,62
721,게임,62
722,고찰,62
723,통합,62
724,강화,62
725,편리,62
726,사냥,62
727,자손,62
728,부임,62
729,멸망,62
730,대응,62
731,기능,62
732,삼국지,62
733,후대,61
734,체계,61
735,결사,61
736,하북,61
737,바닥,61
738,한쪽,61
739,교류,61
740,즉위,61
741,대구,61
742,제작,61
743,회장,61
744,무상,61
745,여행지,61
746,점거,61
747,병력,61
748,호족,61
749,즐거움,61
750,올림픽,61
751,주위,61
752,유수,61
753,산책,61
754,교수,61
755,대답,61
756,신청,61
757,복원,60
758,계기,60
759,보물,60
760,보리,60
761,장남,60
762,인천,60
763,첫째,60
764,개척,60
765,계단,60
766,이걸,60
767,위원회,60
768,대장,60
769,공식,60
770,지형,60
771,소득,60
772,부처,60
773,퇴각,60
774,수장,60
775,대화,60
776,상상,60
777,부지런,60
778,명장,60
779,은거,60
780,표기,60
781,제시,59
782,승려,59
783,육성,59
784,각오,59
785,보좌,59
786,자칭,59
787,선포,59
788,반격,59
789,국토,59
790,휴가,59
791,서주,59
792,망명,59
793,불법,59
794,낚시,59
795,강의,59
796,서비스,59
797,중생,59
798,상품,59
799,탈출,59
800,반복,59
801,제갈량,59
802,독일,59
803,정선,59
804,황하,59
805,위안,59
806,스님,59
807,높이,59
808,분야,59
809,편의점,59
810,선생,59
811,사항,59
812,단풍,58
813,시내,58
814,명사,58
815,장기,58
816,연계,58
817,결성,58
818,예외,58
819,구제,58
820,진수,58
821,경향,58
822,흉노,58
823,사지,58
824,충격,58
825,대장군,58
826,핑계,58
827,적벽,58
828,작용,58
829,엄마,58
830,성과,58
831,승상,58
832,금강산,58
833,원년,58
834,공로,58
835,후일,58
836,배신,58
837,폭포,57
838,주민,57
839,양자,57
840,선물,57
841,전선,57
842,방면,57
843,토지,57
844,정면,57
845,하우스,57
846,운반,57
847,어제,57
848,임금,57
849,전후,57
850,부탁,57
851,장성,57
852,발해,57
853,고구려,57
854,군량,57
855,조서,57
856,기반,57
857,스승,57
858,비용,57
859,기관,56
860,귀환,56
861,폐위,56
862,수용,56
863,관음,56
864,선양,56
865,완료,56
866,고속도로,56
867,당장,56
868,봉우리,56
869,강제,56
870,방지,56
871,광주,56
872,행위,56
873,조망,56
874,지지,56
875,위협,56
876,양국,56
877,대상,56
878,인정,56
879,별도,56
880,대군,56
881,감행,56
882,광경,56
883,유인,56
884,제안,55
885,명명,55
886,종류,55
887,본래,55
888,주둔,55
889,위나라,55
890,배경,55
891,전개,55
892,뉴스,55
893,전공,55
894,대통령,55
895,연관,55
896,무대,55
897,후기,55
898,평생,55
899,유래,55
900,포항,55
901,보고,55
902,전조,55
903,위로,55
904,뿌리,55
905,당나라,55
906,관람,55
907,이주,55
908,도망,55
909,외부,55
910,기초,55
911,군인,55
912,거사,55
913,제자,55
914,불안,55
915,조건,55
916,만류,54
917,경도,54
918,세대,54
919,음성,54
920,사촌,54
921,수비,54
922,하비,54
923,부담,54
924,스포츠,54
925,모자,54
926,적용,54
927,공신,54
928,평지,54
929,천지,54
930,농업,54
931,사형,54
932,포인트,54
933,사기,54
934,관서,54
935,서신,54
936,대목,54
937,일기,54
938,스스로,54
939,襄陽,54
940,고요,54
941,가치,54
942,숙박,54
943,강하,54
944,공급,54
945,목소리,54
946,절반,54
947,이론,53
948,지휘관,53
949,장관,53
950,진상,53
951,이미지,53
952,맛집,53
953,제사,53
954,우리나라,53
955,건국,53
956,스타일,53
957,대치,53
958,교통,53
959,창원,53
960,패배,53
961,영토,53
962,발행,53
963,분열,53
964,산업,53
965,진도,53
966,찬탈,53
967,그룹,53
968,남군,53
969,진출,53
970,연속,53
971,세자,53
972,이자,53
973,호수,53
974,합비,53
975,숫자,53
976,후예,53
977,근무,52
978,파괴,52
979,시인,52
980,도전,52
981,오랜만,52
982,요구,52
983,의자,52
984,장난,52
985,이익,52
986,남녀,52
987,지세,52
988,분쟁,52
989,확장,52
990,기병,52
991,모드,52
992,불화,52
993,삼거리,52
994,고도,52
995,대국,52
996,합류,52
997,대업,52
998,근방,52
999,수준,52
1000,반찬,52
1001,당신,52
1002,지팡이,52
1003,권세,52
1004,소문,52
1005,수고,52
1006,고양,52
1007,칭송,52
1008,지명,52
1009,협회,52
1010,추격,52
1011,가담,52
1012,바퀴,52
1013,한눈,52
1014,지류,52
1015,청정,52
1016,이거,52
1017,요격,52
1018,비밀,52
1019,텐데,52
1020,총애,52
1021,임기,52
1022,둔전,52
1023,왕조,52
1024,진왕,52
1025,계산,51
1026,교통편,51
1027,유연,51
1028,대웅전,51
1029,청렴,51
1030,석도,51
1031,앞쪽,51
1032,고속도,51
1033,국사,51
1034,부상,51
1035,라면,51
1036,왕족,51
1037,금성,51
1038,신경,51
1039,마초,51
1040,경전,51
1041,전면,51
1042,영국,51
1043,진나라,51
1044,상소,51
1045,내전,51
1046,에너지,51
1047,가게,51
1048,일족,51
1049,백제,51
1050,이벤트,51
1051,공감,51
1052,공략,51
1053,영웅,51
1054,처리,51
1055,치세,51
1056,번역,51
1057,서기,51
1058,문학,51
1059,상처,51
1060,확보,51
1061,논의,51
1062,생명,51
1063,병주,50
1064,신앙,50
1065,안산,50
1066,공방전,50
1067,중단,50
1068,책략,50
1069,시초,50
1070,경대,50
1071,잔인,50
1072,사단,50
1073,얼음,50
1074,대오,50
1075,청년,50
1076,서량,50
1077,격파,50
1078,업체,50
1079,요서,50
1080,남성,50
1081,선봉,50
1082,대학살,50
1083,안심,50
1084,아빠,50
1085,귀국,50
1086,할인,50
1087,핵심,50
1088,연주,50
1089,유희,50
1090,복지,49
1091,한잔,49
1092,단계,49
1093,인질,49
1094,합법,49
1095,전력,49
1096,활성,49
1097,우주,49
1098,유성,49
1099,수령,49
1100,학문,49
1101,낭야,49
1102,산시,49
1103,결론,49
1104,비상,49
1105,신발,49
1106,형제,49
1107,약간,49
1108,거병,49
1109,공부,49
1110,그동안,49
1111,추대,49
1112,견성,49
1113,수립,49
1114,프로,49
1115,요소,49
1116,달성,49
1117,저항,49
1118,선비,49
1119,연이,49
1120,경기도,49
1121,부정,49
1122,잔당,48
1123,아무것,48
1124,자전거,48
1125,국제,48
1126,블로그,48
1127,당황,48
1128,동부,48
1129,유비,48
1130,서산,48
1131,대대,48
1132,동료,48
1133,향연,48
1134,장면,48
1135,국제공항,48
1136,독려,48
1137,땅굴,48
1138,그걸,48
1139,욕심,48
1140,문의,48
1141,주문진,48
1142,약수,48
1143,상승,48
1144,오늘날,48
1145,열전,48
1146,고정,48
1147,포로,48
1148,인연,48
1149,태백,48
1150,제목,48
1151,무기,48
1152,영천,48
1153,무릎,48
1154,작품,48
1155,중시,48
1156,살해,48
1157,이쪽,48
1158,실행,48
1159,다수,48
1160,예술,48
1161,상세,48
1162,신문,48
1163,비판,48
1164,서안,47
1165,수단,47
1166,고장,47
1167,영동,47
1168,하조대,47
1169,남방,47
1170,공항,47
1171,길목,47
1172,놀이,47
1173,서천,47
1174,침략,47
1175,염려,47
1176,순식간,47
1177,슬픔,47
1178,감안,47
1179,진정,47
1180,주의,47
1181,배낭,47
1182,태후,47
1183,급박,47
1184,상인,47
1185,조합,47
1186,후방,47
1187,근본,47
1188,작년,47
1189,공유,47
1190,환상,47
1191,건의,47
1192,전원,47
1193,회남,47
1194,제장,47
1195,제일,47
1196,농사,47
1197,보전,47
1198,한국인,47
1199,부부,47
1200,크기,46
1201,출진,46
1202,예측,46
1203,국립,46
1204,출동,46
1205,군주,46
1206,고통,46
1207,소속,46
1208,관직,46
1209,기름,46
1210,군웅,46
1211,내년,46
1212,전부,46
1213,인상,46
1214,증가,46
1215,진동,46
1216,그날,46
1217,위수,46
1218,폐지,46
1219,거절,46
1220,군수,46
1221,프랑스,46
1222,구체,46
1223,명예,46
1224,조언,46
1225,항구,46
1226,판단,46
1227,중심지,46
1228,친절,46
1229,도모,46
1230,체제,46
1231,조나라,46
1232,전파,46
1233,진리,46
1234,리조트,46
1235,연락,46
1236,저술,46
1237,험지,45
1238,상하,45
1239,조식,45
1240,저자,45
1241,실천,45
1242,도륙,45
1243,군재,45
1244,확대,45
1245,율사,45
1246,가신,45
1247,거래,45
1248,순조,45
1249,선언,45
1250,전사,45
1251,말기,45
1252,예의,45
1253,왕자,45
1254,현상,45
1255,정성,45
1256,축제,45
1257,석호,45
1258,직원,45
1259,전도,45
1260,초대,45
1261,생산,45
1262,사태,45
1263,등록,45
1264,신비,45
1265,마산,45
1266,우린,45
1267,훈련,45
1268,사과,45
1269,해외,45
1270,입성,45
1271,상류,45
1272,수습,45
1273,태수,45
1274,아군,45
1275,물고기,45
1276,내게,45
1277,선종,45
1278,작성,45
1279,보병,44
1280,관동,44
1281,겁박,44
1282,유사,44
1283,심리,44
1284,일시,44
1285,남편,44
1286,환영,44
1287,앞뒤,44
1288,진주,44
1289,의도,44
1290,명소,44
1291,마당,44
1292,지난번,44
1293,직장,44
1294,거울,44
1295,정권,44
1296,서핑,44
1297,안목,44
1298,충주,44
1299,교환,44
1300,선수,44
1301,울진,44
1302,글씨,44
1303,분노,44
1304,안개,44
1305,대가,44
1306,한마디,44
1307,사방,44
1308,뒤쪽,44
1309,등등,44
1310,유럽,44
1311,자객,44
1312,남다름,44
1313,정월,44
1314,공인,44
1315,보살,44
1316,침공,44
1317,불편,44
1318,사면,44
1319,대기,44
1320,손자,44
1321,너희,44
1322,가수,44
1323,출가,44
1324,철원,44
1325,군산,43
1326,직전,43
1327,제국,43
1328,前秦,43
1329,남하,43
1330,역량,43
1331,최선,43
1332,대립,43
1333,주도,43
1334,수로,43
1335,개소,43
1336,조각,43
1337,사후,43
1338,진영,43
1339,질서,43
1340,처지,43
1341,당부,43
1342,심정,43
1343,태조,43
1344,대의,43
1345,동맹,43
1346,해양,43
1347,격려,43
1348,모델,43
1349,직후,43
1350,후반,43
1351,농민,43
1352,비유,43
1353,거짓,43
1354,성능,43
1355,선거,43
1356,설득,43
1357,둘레,43
1358,여주,43
1359,과장,43
1360,주제,43
1361,구입,43
1362,용서,43
1363,희망,43
1364,출생,43
1365,아래쪽,43
1366,성립,43
1367,천도,43
1368,천자,42
1369,감당,42
1370,자살,42
1371,계책,42
1372,일생,42
1373,절감,42
1374,당도,42
1375,의문,42
1376,수군,42
1377,상당,42
1378,경관,42
1379,세속,42
1380,대왕,42
1381,출판,42
1382,여름휴가,42
1383,약탈,42
1384,흔적,42
1385,불경,42
1386,상가,42
1387,의식,42
1388,대접,42
1389,수입,42
1390,형상,42
1391,정예,42
1392,습격,42
1393,서북,42
1394,수복,42
1395,한방,42
1396,용도,42
1397,비수,42
1398,전연,42
1399,해체,42
1400,아내,42
1401,재배,42
1402,의원,42
1403,출전,42
1404,예비,42
1405,하룻밤,42
1406,주행,42
1407,구석,42
1408,항공,42
1409,조국,42
1410,원통,42
1411,아시아,42
1412,도량,42
1413,성문,42
1414,통제,42
1415,철도,41
1416,진압,41
1417,법률,41
1418,전장,41
1419,호응,41
1420,군데,41
1421,사리,41
1422,전달,41
1423,저지,41
1424,시각,41
1425,화천,41
1426,적군,41
1427,즈음,41
1428,인용,41
1429,단장,41
1430,천안,41
1431,제기,41
1432,밤중,41
1433,걸로,41
1434,지사,41
1435,도주,41
1436,차단,41
1437,박물관,41
1438,존경,41
1439,문헌,41
1440,붕괴,41
1441,기인,41
1442,찬양,41
1443,불행,41
1444,신화,41
1445,원인,41
1446,요인,41
1447,대항,41
1448,버섯,41
1449,막국수,41
1450,화재,41
1451,기상,41
1452,묘사,41
1453,예산,41
1454,현지,41
1455,익산,41
1456,신중,41
1457,여긴,41
1458,박사,41
1459,유선,41
1460,봉사,41
1461,연기,41
1462,난리,41
1463,선조,41
1464,소수,41
1465,인접,41
1466,수산,40
1467,소원,40
1468,좌상,40
1469,간식,40
1470,별장,40
1471,미안,40
1472,바탕,40
1473,이성,40
1474,이건,40
1475,무인,40
1476,후세,40
1477,조인,40
1478,전날,40
1479,재물,40
1480,위세,40
1481,일종,40
1482,선도,40
1483,바닷물,40
1484,한인,40
1485,조상,40
1486,불리,40
1487,양성,40
1488,결심,40
1489,연어,40
1490,비행기,40
1491,방어,40
1492,체력,40
1493,진군,40
1494,후손,40
1495,제품,40
1496,농부,40
1497,피곤,40
1498,직접,40
1499,시중,40
1500,수레,40
1501,한숨,40
1502,내일,40
1503,남한,40
1504,전방,40
1505,인과,40
1506,불상,40
1507,어른,40
1508,유능,40
1509,도안,40
1510,초시,40
1511,저수지,40
1512,개통,40
1513,귀신,40
1514,신임,39
1515,대학교,39
1516,평안,39
1517,저장,39
1518,야생,39
1519,여기저기,39
1520,안보,39
1521,연인,39
1522,초월,39
1523,풍속,39
1524,소녀,39
1525,노릇,39
1526,분산,39
1527,정원,39
1528,투자,39
1529,가입,39
1530,타격,39
1531,정착,39
1532,장로,39
1533,원한,39
1534,도입,39
1535,주자,39
1536,파워,39
1537,면적,39
1538,하산,39
1539,가평,39
1540,국보,39
1541,일제,39
1542,일치,39
1543,오산,39
1544,초입,39
1545,리더,39
1546,충돌,39
1547,조화,39
1548,일요일,39
1549,서원,39
1550,근심,39
1551,의회,39
1552,장자,39
1553,개장,39
1554,동문,39
1555,수만,39
1556,장엄,39
1557,자치,39
1558,안동,38
1559,복수,38
1560,이틀,38
1561,부사,38
1562,전용,38
1563,무력,38
1564,태산,38
1565,상서,38
1566,제정,38
1567,괴물,38
1568,단점,38
1569,전역,38
1570,체포,38
1571,로드,38
1572,위장,38
1573,집결,38
1574,북상,38
1575,남양,38
1576,각각,38
1577,집착,38
1578,고을,38
1579,수여,38
1580,영주,38
1581,더위,38
1582,상단,38
1583,그게,38
1584,태자,38
1585,동원,38
1586,육군,38
1587,실력,38
1588,프로그램,38
1589,가죽,38
1590,체결,38
1591,서명,38
1592,가정,38
1593,상실,38
1594,포장,38
1595,피로,38
1596,번개,38
1597,스타,38
1598,해수,38
1599,미시령,38
1600,철저,38
1601,도사,38
1602,의기,38
1603,클럽,38
1604,왕실,38
1605,고조,38
1606,정류장,38
1607,마트,38
1608,고속버스,38
1609,운용,37
1610,속성,37
1611,제천,37
1612,근래,37
1613,등산,37
1614,절벽,37
1615,성도,37
1616,총명,37
1617,회상,37
1618,도독,37
1619,원정,37
1620,가량,37
1621,황소,37
1622,불꽃,37
1623,명분,37
1624,최상,37
1625,여산,37
1626,인수,37
1627,발달,37
1628,박스,37
1629,조약,37
1630,압도,37
1631,회전,37
1632,울산바위,37
1633,화북,37
1634,보관,37
1635,변방,37
1636,창조,37
1637,평일,37
1638,여의도,37
1639,시호,37
1640,북진,37
1641,기습,37
1642,지리산,37
1643,본부,37
1644,將軍,37
1645,한반도,37
1646,오염,37
1647,수술,37
1648,창설,37
1649,개최,37
1650,깨달음,37
1651,정자,37
1652,역임,37
1653,산중,37
1654,대청봉,37
1655,정확,37
1656,곡식,37
1657,촛불,37
1658,행군,37
1659,승진,37
1660,학생,37
1661,게스트,37
1662,책임,37
1663,의탁,37
1664,오색,37
1665,정규,37
1666,연습,37
1667,채용,37
1668,이웃,36
1669,기재,36
1670,중반,36
1671,한중,36
1672,주머니,36
1673,국지,36
1674,이마,36
1675,출정,36
1676,유표,36
1677,유가,36
1678,복병,36
1679,전시,36
1680,암자,36
1681,건축,36
1682,기어,36
1683,구분,36
1684,작위,36
1685,전량,36
1686,공장,36
1687,파주,36
1688,순수,36
1689,밤낮,36
1690,운행,36
1691,지휘,36
1692,봉기,36
1693,정토,36
1694,오리,36
1695,집행,36
1696,등용,36
1697,영월,36
1698,원래,36
1699,병원,36
1700,근접,36
1701,원망,36
1702,회의,36
1703,춘추,36
1704,공과,36
1705,국왕,36
1706,약수터,36
1707,당일,36
1708,등극,36
1709,출현,36
1710,특수,36
1711,주간,36
1712,건지,36
1713,안부,36
1714,군중,36
1715,발원,36
1716,도교,36
1717,재건,36
1718,이북,36
1719,수호,36
1720,비단,36
1721,나루,36
1722,쇠퇴,36
1723,대적,36
1724,교리,36
1725,당초,36
1726,목적지,36
1727,전각,36
1728,사문,36
1729,유언,36
1730,지배,36
1731,교훈,36
1732,무장,36
1733,기독교,36
1734,유학,36
1735,범위,36
1736,죽도,36
1737,시조,36
1738,라인,36
1739,성품,36
1740,의혹,36
1741,논란,36
1742,공산,36
1743,행진,36
1744,전세,36
1745,예배,36
1746,남원,36
1747,경지,36
1748,연대,36
1749,후미,36
1750,단위,36
1751,보도,36
1752,특산물,36
1753,물줄기,36
1754,부활,36
1755,도읍,36
1756,웃음,36
1757,우수,36
1758,모임,36
1759,정돈,36
1760,주가,35
1761,임도,35
1762,도하,35
1763,해군,35
1764,사유,35
1765,생전,35
1766,태원,35
1767,한족,35
1768,충족,35
1769,삼성,35
1770,약화,35
1771,상담,35
1772,신성,35
1773,면모,35
1774,국회의원,35
1775,투입,35
1776,영덕,35
1777,구애,35
1778,누군가,35
1779,벚꽃,35
1780,친척,35
1781,피살,35
1782,용기,35
1783,전제,35
1784,발사,35
1785,수익,35
1786,익주,35
1787,맥주,35
1788,대행,35
1789,호위,35
1790,오해,35
1791,수하,35
1792,자처,35
1793,면제,35
1794,동상,35
1795,주택,35
1796,허공,35
1797,서로,35
1798,오징어,35
1799,중점,35
1800,보상,35
1801,실내,35
1802,혼인,35
1803,제주도,35
1804,산맥,35
1805,문서,35
1806,시경,35
1807,초조,35
1808,몰락,35
1809,비행,35
1810,동정,35
1811,진실,35
1812,협력,35
1813,사당,35
1814,번호,35
1815,배반,35
1816,장인,35
1817,기념관,35
1818,산서,35
1819,도서관,35
1820,가속,35
1821,손님,35
1822,복속,35
1823,테이블,35
1824,연꽃,35
1825,북조,35
1826,도서,34
1827,조류,34
1828,강사,34
1829,디스크,34
1830,제어,34
1831,재기,34
1832,선출,34
1833,산세,34
1834,필수,34
1835,평원,34
1836,무게,34
1837,순천,34
1838,김해,34
1839,영향력,34
1840,초보,34
1841,일지,34
1842,요령,34
1843,고지,34
1844,논쟁,34
1845,무능,34
1846,후조,34
1847,주일,34
1848,아프리카,34
1849,여정,34
1850,친정,34
1851,의논,34
1852,창작,34
1853,발길,34
1854,제주,34
1855,부친,34
1856,불만,34
1857,승천,34
1858,등대,34
1859,주부,34
1860,손가락,34
1861,법정,34
1862,투어,34
1863,중화,34
1864,진단,34
1865,피난,34
1866,관원,34
1867,산동,34
1868,영광,34
1869,염불,34
1870,제한,34
1871,동산,34
1872,의거,34
1873,비족,34
1874,구로,34
1875,영접,34
1876,향기,34
1877,학사,34
1878,죄인,34
1879,아쉬움,34
1880,우물,34
1881,외국인,34
1882,업적,34
1883,연합군,34
1884,우려,34
1885,화가,34
1886,순서,34
1887,중상,34
1888,다툼,34
1889,타협,34
1890,심경,34
1891,서황,34
1892,혜원,34
1893,길이,34
1894,터널,34
1895,추정,34
1896,부합,34
1897,진보,34
1898,수건,34
1899,이외,34
1900,모사,34
1901,무용,34
1902,불가,34
1903,친견,34
1904,사막,34
1905,여수,33
1906,요양,33
1907,기력,33
1908,원광,33
1909,발탁,33
1910,기계,33
1911,사직,33
1912,치료,33
1913,의정부,33
1914,보수,33
1915,손바닥,33
1916,당진,33
1917,강성,33
1918,무왕,33
1919,전승,33
1920,지인,33
1921,특성,33
1922,수업,33
1923,오름,33
1924,상호,33
1925,어린이,33
1926,그림자,33
1927,저족,33
1928,입안,33
1929,통솔,33
1930,임용,33
1931,그늘,33
1932,행적,33
1933,벽면,33
1934,동궁,33
1935,참모,33
1936,북벌,33
1937,저쪽,33
1938,거북,33
1939,남북조,33
1940,발간,33
1941,이리,33
1942,유유,33
1943,공덕,33
1944,핍박,33
1945,사치,33
1946,평택,33
1947,민주당,33
1948,유전,33
1949,분리,33
1950,근거지,33
1951,통달,33
1952,단련,33
1953,미소,33
1954,시스템,33
1955,자결,33
1956,여포,33
1957,우두머리,33
1958,동반,33
1959,창업,33
1960,조우,33
1961,고승전,33
1962,완벽,33
1963,국장,33
1964,보유,33
1965,플러스,33
1966,이정표,33
1967,방해,33
1968,취지,33
1969,사수,33
1970,동방,33
1971,궁전,33
1972,상장,33
1973,모용,33
1974,전란,33
1975,장착,33
1976,전군,33
1977,여몽,33
1978,내정,33
1979,전술,33
1980,추적,33
1981,농담,33
1982,보살상,33
1983,호기,33
1984,진지,32
1985,유주,32
1986,몽고,32
1987,동구,32
1988,노예,32
1989,성의,32
1990,책임자,32
1991,해석,32
1992,충신,32
1993,주군,32
1994,림사,32
1995,유행,32
1996,삼국유사,32
1997,발각,32
1998,교위,32
1999,분석,32
2000,동국,32
2001,원산,32
2002,일련,32
2003,경내,32
2004,총회,32
2005,석륵,32
2006,보령,32
2007,수심,32
2008,장막,32
2009,단지,32
2010,고국원왕,32
2011,전생,32
2012,추앙,32
2013,학계,32
2014,지칭,32
2015,요지,32
2016,참전,32
2017,방탕,32
2018,권리,32
2019,조비,32
2020,처분,32
2021,회원,32
2022,성지,32
2023,논산,32
2024,차별,32
2025,장교,32
2026,종묘,32
2027,밴드,32
2028,기점,32
2029,진전사,32
2030,철수,32
2031,신묘,32
2032,간직,32
2033,수차례,32
2034,협상,32
2035,초장,32
2036,선인,32
2037,베트남,32
2038,고급,32
2039,사졸,32
2040,풍류,32
2041,러시아,32
2042,습득,32
2043,시문,32
2044,부실,32
2045,경성,32
2046,원문,32
2047,서구,32
2048,석방,32
2049,영가,32
2050,요리,32
2051,전환,32
2052,말년,32
2053,승용차,32
2054,우금,32
2055,승전,32
2056,남송,32
2057,인원,32
2058,탄압,32
2059,스페인,32
2060,언급,32
2061,병기,32
2062,맹장,32
2063,개성,32
2064,신자,32
2065,타인,32
2066,공연,32
2067,미륵,32
2068,반환,32
2069,카메라,32
2070,인터넷,32
2071,점검,32
2072,일심,32
2073,감탄,32
2074,공용,32
2075,금호,32
2076,부건,32
2077,여인,32
2078,거부,31
2079,서림,31
2080,철회,31
2081,향년,31
2082,기타,31
2083,통수,31
2084,대결,31
2085,갑옷,31
2086,지탱,31
2087,억제,31
2088,염두,31
2089,일가,31
2090,소진,31
2091,종료,31
2092,북주,31
2093,침범,31
2094,시민,31
2095,아파트,31
2096,스피드,31
2097,주황색,31
2098,조부,31
2099,전전,31
2100,건안,31
2101,지상,31
2102,사령관,31
2103,완주,31
2104,제지,31
2105,텐트,31
2106,세트,31
2107,이중,31
2108,고목,31
2109,봉지,31
2110,황위,31
2111,이수,31
2112,군단장,31
2113,벽화,31
2114,바가지,31
2115,추방,31
2116,평상시,31
2117,패주,31
2118,그해,31
2119,공고,31
2120,시집,31
2121,道安,31
2122,동행,31
2123,행보,31
2124,낮잠,31
2125,원군,31
2126,김천,31
2127,과시,31
2128,귀순,31
2129,최종,31
2130,로마,31
2131,공룡능선,31
2132,후면,31
2133,레스,31
2134,화기,31
2135,복무,31
2136,적대,31
2137,원소,31
2138,목숨,31
2139,양수,31
2140,형벌,31
2141,진언,31
2142,만남,31
2143,大夫,31
2144,발명,31
2145,향리,31
2146,출병,31
2147,기획,31
2148,상시,31
2149,외모,31
2150,유엔,31
2151,음모,31
2152,파악,31
2153,베이,31
2154,사임,31
2155,종이,31
2156,동탁,31
2157,허리,31
2158,구미,31
2159,조위,31
2160,초빙,31
2161,재위,31
2162,엄습,31
2163,수저,31
2164,역전,31
2165,결전,31
2166,닭갈비,31
2167,굴욕,31
2168,동남쪽,31
2169,엔터,31
2170,미륵불,31
2171,장례,31
2172,코드,31
2173,준공,31
2174,분지,31
2175,본연,31
2176,캐리어,31
2177,참선,31
2178,시신,31
2179,전투력,31
2180,귀인,31
2181,아부,31
2182,며칠,31
2183,법령,31
2184,청봉,31
2185,동영상,31
2186,이사,31
2187,발매,31
2188,초등,31
2189,홍수,31
2190,창고,31
2191,상공,31
2192,포토,31
2193,단순,31
2194,귀의,30
2195,화성,30
2196,전멸,30
2197,열반,30
2198,할당,30
2199,듯이,30
2200,양현,30
2201,반야경,30
2202,복귀,30
2203,천둥,30
2204,변수,30
2205,홍성,30
2206,통영,30
2207,검찰,30
2208,매진,30
2209,남부,30
2210,般若,30
2211,초항,30
2212,전자,30
2213,연의,30
2214,후계자,30
2215,어깨,30
2216,법도,30
2217,화공,30
2218,아이돌,30
2219,반석,30
2220,맹주,30
2221,논밭,30
2222,장점,30
2223,현대,30
2224,머리카락,30
2225,살인,30
2226,속세,30
2227,도덕,30
2228,만약,30
2229,수상,30
2230,살육,30
2231,불길,30
2232,내가,30
2233,설파,30
2234,교유,30
2235,따위,30
2236,위문,30
2237,유요,30
2238,달인,30
2239,관도,30
2240,가치관,30
2241,전골,30
2242,왕인,30
2243,횟집,30
2244,편지,30
2245,菩薩,30
2246,커플,30
2247,종족,30
2248,업무,30
2249,대책,30
2250,품격,30
2251,토목,30
2252,아비,30
2253,군벌,30
2254,사마의,30
2255,야외,30
2256,선왕,30
2257,강북,30
2258,사대부,30
2259,기강,30
2260,매복,30
2261,햇빛,30
2262,아미타,30
2263,칭제,30
2264,성안,30
2265,화살표,30
2266,사관,30
2267,무도,30
2268,수백,30
2269,작가,30
2270,접전,30
2271,유랑,30
2272,한낮,30
2273,기장,30
2274,반야,30
2275,대란,30
2276,황족,30
2277,동굴,30
2278,외국,30
2279,함대,30
2280,추위,30
2281,발휘,30
2282,진작,30
2283,아미타불,30
2284,아기,30
2285,고객,30
2286,융성,30
2287,갈등,30
2288,동아,30
2289,삼존,30
2290,알현,30
2291,국력,30
2292,무역,30
2293,유민,30
2294,방편,30
2295,종일,30
2296,이혼,30
2297,합작,30
2298,전문가,30
2299,도박,30
2300,후한,30
2301,상원,30
2302,장애,30
2303,사무,30
2304,자질,30
2305,열정,30
2306,찬탄,30
2307,내림,30
2308,숙부,30
2309,여섯,30
2310,공손,30
2311,마감,30
2312,베개,30
2313,전쟁터,30
2314,허구,30
2315,치중,30
2316,왕도,30
2317,뉴욕,30
2318,물류,30
2319,이튿날,30
2320,사비,30
2321,태생,30
2322,환현,30
2323,생태,30
2324,실리,30
2325,정황,30
2326,처자,30
2327,상생,30
2328,모면,30
2329,유배,30
2330,양군,30
2331,보름,30
2332,패망,30
2333,유상,29
2334,구릉,29
2335,허가,29
2336,임종,29
2337,지력,29
2338,성씨,29
2339,병신,29
2340,현령,29
2341,수십만,29
2342,실력자,29
2343,택시,29
2344,무예,29
2345,무지,29
2346,개창,29
2347,포천,29
2348,논문,29
2349,주소,29
2350,후사,29
2351,북제,29
2352,협공,29
2353,진국,29
2354,과부,29
2355,담력,29
2356,하후연,29
2357,법문,29
2358,황건적,29
2359,세수,29
2360,皇帝,29
2361,칭찬,29
2362,복습,29
2363,격투기,29
2364,둔전리,29
2365,헝가리,29
2366,황후,29
2367,수급,29
2368,기질,29
2369,병법,29
2370,물놀이,29
2371,충당,29
2372,심양,29
2373,지혜,29
2374,식견,29
2375,법사,29
2376,데크,29
2377,왕비,29
2378,재목,29
2379,물결,29
2380,자산,29
2381,회군,29
2382,중산,29
2383,제수,29
2384,용병,29
2385,해맞이,29
2386,비방,29
2387,종교,29
2388,화백,29
2389,백련사,29
2390,거북이,29
2391,흠모,29
2392,원술,29
2393,후환,29
2394,분발,29
2395,계보,29
2396,부자,29
2397,포대,29
2398,관건,29
2399,취임,29
2400,호송,29
2401,장합,29
2402,광명,29
2403,신분,29
2404,동물,29
2405,병합,29
2406,서자,29
2407,까닭,29
2408,왕후,29
2409,무한,29
2410,대청,29
2411,포획,29
2412,포위망,29
2413,건업,29
2414,고아,29
2415,시내버스,29
2416,최대한,29
2417,가람,29
2418,복부,29
2419,북평,29
2420,암반,29
2421,방비,29
2422,기쁨,29
2423,교장,29
2424,조군,29
2425,정토종,29
2426,재임,29
2427,셋째,29
2428,경고,29
2429,범람,29
2430,하려,29
2431,군장,29
2432,慧遠,29
2433,마루,29
2434,소재,29
2435,염민,29
2436,예주,29
2437,탁자,29
2438,숙청,29
2439,제후,29
2440,수선,29
2441,참수,29
2442,승승장구,29
2443,군졸,29
2444,본명,29
2445,보드,29
2446,종속,29
2447,개항,29
2448,리그,29
2449,전황,29
2450,갈족,29
2451,협곡,29
2452,자수,29
2453,번창,29
2454,극장,29
2455,대파,29
2456,기주,29
2457,동천,29
2458,선천,29
2459,안중,29
2460,아우,29
2461,지략,29
2462,급습,29
2463,오픈,29
2464,끝판,29
2465,승패,29
2466,방어선,29
2467,미니,29
2468,꿈속,29
2469,정기,29
2470,도래,29
2471,그건,28
2472,광채,28
2473,내분,28
2474,중신,28
2475,샤워,28
2476,브라질,28
2477,원씨,28
2478,교황,28
2479,대리석,28
2480,덕망,28
2481,개념,28
2482,환원,28
2483,손책,28
2484,장리,28
2485,야구,28
2486,환온,28
2487,평강,28
2488,윤회,28
2489,과학,28
2490,포지션,28
2491,허물,28
2492,太守,28
2493,서남쪽,28
2494,잡목,28
2495,반영,28
2496,열거,28
2497,어촌,28
2498,유린,28
2499,주인공,28
2500,입원,28
2501,유대,28
2502,사죄,28
2503,승화,28
2504,의병,28
2505,견수,28
2506,방심,28
2507,런던,28
2508,간판,28
2509,개방,28
2510,효심,28
2511,남양주,28
2512,만화,28
2513,뇌물,28
2514,규정,28
2515,동급,28
2516,시립,28
2517,조지,28
2518,하리,28
2519,바우,28
2520,반납,28
2521,장시,28
2522,속초시,28
2523,플레이스,28
2524,자부,28
2525,문자,28
2526,원가,28
2527,간파,28
2528,암살,28
2529,라이브,28
2530,기병대,28
2531,의상,28
2532,평균,28
2533,산양,28
2534,이집트,28
2535,영업,28
2536,교관,28
2537,원유,28
2538,외척,28
2539,일산,28
2540,광종,28
2541,이빨,28
2542,지모,28
2543,정병,28
2544,소주,28
2545,양분,28
2546,위신,28
2547,애정,28
2548,운동가,28
2549,공손찬,28
2550,알리,28
2551,보이,28
2552,소련,28
2553,한데,28
2554,일세,28
2555,수탈,28
2556,경자,28
2557,반장,28
2558,내기,28
2559,漢水,28
2560,청운,28
2561,농성,28
2562,카드,28
2563,양봉,28
2564,오브,28
2565,건조,28
2566,산문,28
2567,육조,28
2568,유종,28
2569,종식,28
2570,첫날,28
2571,호랑이,28
2572,가톨릭,28
2573,참호,28
2574,요금,28
2575,정치가,28
2576,왕생,28
2577,속인,28
2578,시청,28
2579,정치인,28
2580,정거장,28
2581,원자력,28
2582,백마,28
2583,연재,28
2584,공산당,28
2585,觀音,28
2586,사회주의,28
2587,王者,28
2588,세가,28
2589,보스,28
2590,영제,28
2591,태풍,28
2592,방전,28
2593,지적,28
2594,시즌,28
2595,허창,28
2596,유방,28
2597,실용,28
2598,속임수,28
2599,천수,28
2600,샛길,28
2601,드라마,28
2602,미국인,28
2603,신병,28
2604,특권,28
2605,회관,28
2606,어둠,28
2607,기미,28
2608,손견,28
2609,선우,28
2610,음료,28
2611,하후돈,28
2612,육손,28
2613,홈페이지,28
2614,절경,28
2615,움직임,28
2616,냄새,28
2617,먼저,28
2618,이탈리아,28
2619,작동,28
2620,석탑,28
2621,동림,28
2622,치려,28
2623,소설,28
2624,일관,28
2625,난세,28
2626,모반,28
2627,기수,27
2628,산신,27
2629,학업,27
2630,로스,27
2631,위주,27
2632,중랑장,27
2633,풍운,27
2634,비박,27
2635,식수,27
2636,본거지,27
2637,목포,27
2638,태극,27
2639,無常,27
2640,신흥,27
2641,구주,27
2642,오대산,27
2643,모함,27
2644,오스트리아,27
2645,미팅,27
2646,廬山,27
2647,한조,27
2648,일파,27
2649,원사,27
2650,된장,27
2651,모용황,27
2652,요직,27
2653,大乘,27
2654,만회,27
2655,교지,27
2656,관속,27
2657,상복,27
2658,뒷면,27
2659,우환,27
2660,거제,27
2661,포악,27
2662,관아,27
2663,하변,27
2664,고속,27
2665,불타,27
2666,실각,27
2667,설정,27
2668,만점,27
2669,협격,27
2670,정후,27
2671,주선,27
2672,동작,27
2673,손아귀,27
2674,완비,27
2675,풍모,27
2676,교학,27
2677,오도,27
2678,장경,27
2679,구멍,27
2680,업성,27
2681,복종,27
2682,오공,27
2683,혜영,27
2684,성불,27
2685,건재,27
2686,안인,27
2687,병졸,27
2688,정예병,27
2689,석민,27
2690,만끽,27
2691,거주,27
2692,보현,27
2693,기만,27
2694,진창,27
2695,인식,27
2696,금산,27
2697,고사리,27
2698,주살,27
2699,악진,27
2700,대쪽,27
2701,왕희지,27
2702,변란,27
2703,탑승,27
2704,부호,27
2705,유진,27
2706,경유,27
2707,오자,27
2708,담론,27
2709,가계,27
2710,진심,27
2711,최소,27
2712,자금,27
2713,부축,27
2714,수전,27
2715,주관,27
2716,데뷔,27
2717,항일,27
2718,위무,27
2719,막강,27
2720,모용준,27
2721,교육장,27
2722,동관,27
2723,영걸전,27
2724,언니,27
2725,석유,27
2726,천거,27
2727,하루하루,27
2728,천시,27
2729,폐사,27
2730,건평,27
2731,면직,27
2732,용담,27
2733,덕행,27
2734,합의,27
2735,고성군,27
2736,沙門,27
2737,지시,27
2738,워크,27
2739,청량,27
2740,개간,27
2741,인척,27
2742,일어,27
2743,끝장,27
2744,다짐,27
2745,형식,27
2746,탁발부,27
2747,鮮卑,27
2748,너머,27
2749,정혜,27
2750,구사일생,27
2751,행지,27
2752,광덕,27
2753,도리,27
2754,응급,27
2755,연행,27
2756,일류,27
2757,佛法,27
2758,연후,27
2759,발굴,27
2760,양기,27
2761,부고,27
2762,누이,27
2763,분류,27
2764,간과,27
2765,어진,27
2766,디스,27
2767,가혹,27
2768,오르막,27
2769,전적,27
2770,안평,27
2771,한복,27
2772,갈증,27
2773,식품,27
2774,화엄사,27
2775,막장,27
2776,군림,27
2777,모용부,27
2778,성내,27
2779,우승,27
2780,혜안,27
2781,사람됨,27
2782,대포항,27
2783,파티,27
2784,조기,27
2785,호강,27
2786,몽둥이,27
2787,동승,27
2788,산길,27
2789,광화,27
2790,캠핑,27
2791,문란,27
2792,법화,27
2793,양무,27
2794,상국,27
2795,선실,27
2796,긴장,27
2797,일군,27
2798,허유,27
2799,이점,27
2800,관모,27
2801,계승,27
2802,흥미,27
2803,淨土,27
2804,원제,27
2805,볼거리,27
2806,건데,27
2807,염위,27
2808,석씨,27
2809,사천왕,27
2810,충의,27
2811,은혜,27
2812,공개,27
2813,초상화,27
2814,상심,27
2815,禪師,27
2816,윤리,27
2817,물음,27
2818,법안,27
2819,한계,27
2820,로버트,27
2821,유치,27
2822,먹거리,27
2823,오랫동안,26
2824,산해관,26
2825,시골,26
2826,짐작,26
2827,수력,26
2828,도내,26
2829,명인,26
2830,부제,26
2831,혜지,26
2832,식량,26
2833,온천,26
2834,땅덩이,26
2835,승인,26
2836,대별,26
2837,육도,26
2838,死地,26
2839,평양,26
2840,참회,26
2841,아일랜드,26
2842,자장,26
2843,모텔,26
2844,방덕,26
2845,비정,26
2846,실권자,26
2847,조절,26
2848,유도,26
2849,세인,26
2850,삼매,26
2851,문추,26
2852,장료,26
2853,음기,26
2854,백구,26
2855,섭정,26
2856,백과사전,26
2857,입조,26
2858,김포,26
2859,환난,26
2860,궁술,26
2861,선점,26
2862,양산,26
2863,걸복,26
2864,손뼉,26
2865,아랫사람,26
2866,무속,26
2867,공학,26
2868,정국,26
2869,산적,26
2870,동의,26
2871,승세,26
2872,유장,26
2873,합장,26
2874,쉼터,26
2875,폭군,26
2876,뒷자리,26
2877,수행자,26
2878,사마예,26
2879,모의,26
2880,시계,26
2881,설경,26
2882,홍보,26
2883,휴가철,26
2884,북해,26
2885,조홍,26
2886,종루,26
2887,양강,26
2888,동무,26
2889,방종,26
2890,속출,26
2891,군신,26
2892,청송,26
2893,지하,26
2894,금요일,26
2895,기틀,26
2896,시동,26
2897,유학자,26
2898,방안,26
2899,필적,26
2900,증상,26
2901,총독,26
2902,한국관광공사,26
2903,제독,26
2904,바깥,26
2905,무주,26
2906,천태종,26
2907,균형,26
2908,매봉,26
2909,해상,26
2910,수종,26
2911,아산,26
2912,손자병법,26
2913,처절,26
2914,수공,26
2915,전경,26
2916,공파,26
2917,성한,26
2918,형양,26
2919,가후,26
2920,데일리,26
2921,원상,26
2922,미천왕,26
2923,권력자,26
2924,진중,26
2925,북채,26
2926,보필,26
2927,순위,26
2928,오환,26
2929,적장,26
2930,행차,26
2931,총리,26
2932,뒷날,26
2933,파격,26
2934,버디,26
2935,꼭대기,26
2936,정묘,26
2937,만전,26
2938,일념,26
2939,은호,26
2940,트렌드,26
2941,찌개,26
2942,오소,26
2943,중임,26
2944,사계,26
2945,해인,26
2946,방패,26
2947,모용외,26
2948,서촉,26
2949,위급,26
2950,조련,26
2951,본론,26
2952,조양,26
2953,삼군,26
2954,장수인,26
2955,부안,26
2956,소폭,26
2957,백사장,26
2958,컴백,26
2959,표지,26
2960,입장료,26
2961,호인,26
2962,수영,26
2963,都尉,26
2964,천만,26
2965,열람,26
2966,반목,26
2967,지위,26
2968,불능,26
2969,해발,26
2970,재회,26
2971,여세,26
2972,기여,26
2973,연장,26
2974,문수,26
2975,위키백과,26
2976,복양,26
2977,한실,26
2978,패퇴,26
2979,불시,26
2980,측면,26
2981,술안주,26
2982,의랑,26
2983,추석,26
2984,업보,26
2985,팔자,26
2986,재발,26
2987,편의,26
2988,추구,26
2989,박살,26
2990,활로,26
2991,校尉,26
2992,공화국,26
2993,폭정,26
2994,속셈,26
2995,정제,26
2996,기백,26
2997,허도,26
2998,반기,26
2999,조창,26
3000,사천왕문,26
3001,궤도,26
3002,검소,26
3003,방파제,26
3004,부동산,26
3005,대지진,26
3006,장석,26
3007,정무,26
3008,경쟁,26
3009,소유,26
3010,중청,26
3011,모터,26
3012,잉글랜드,26
3013,연방,26
3014,남정,26
3015,군도,26
3016,먼지,26
3017,단부,26
3018,연휴,26
3019,문경,26
3020,나폴레옹,26
3021,군세,26
3022,성상,26
3023,황충,26
3024,파구,26
3025,여부,26
3026,군법,26
3027,화엄경,26
3028,채봉,26
3029,노쇠,26
3030,안주,26
3031,공도,25
3032,음사,25
3033,이풍,25
3034,여남,25
3035,슬하,25
3036,광무제,25
3037,제임스,25
3038,문장,25
3039,질문,25
3040,서남,25
3041,노모,25
3042,메리,25
3043,화채,25
3044,대수,25
3045,동작대,25
3046,부홍,25
3047,급소,25
3048,寶殿,25
3049,잔학,25
3050,응원,25
3051,묘법,25
3052,읍인,25
3053,향배,25
3054,선과,25
3055,동평,25
3056,승기,25
3057,동남풍,25
3058,고람,25
3059,조전,25
3060,정식,25
3061,부품,25
3062,폭동,25
3063,둔영,25
3064,배알,25
3065,야간,25
3066,취급,25
3067,식기,25
3068,몰살,25
3069,서고,25
3070,항우,25
3071,앨범,25
3072,젊은이,25
3073,축하,25
3074,반년,25
3075,헌제,25
3076,일급,25
3077,국중,25
3078,템플스테이,25
3079,곤란,25
3080,객실,25
3081,암투,25
3082,현사,25
3083,착륙,25
3084,정읍,25
3085,용병술,25
3086,곰취,25
3087,대주,25
3088,밀약,25
3089,천왕,25
3090,낙향,25
3091,열매,25
3092,아르헨티나,25
3093,문루,25
3094,우지,25
3095,선법,25
3096,네덜란드,25
3097,급사,25
3098,각개,25
3099,풍광,25
3100,밑천,25
3101,소신,25
3102,일원,25
3103,어전,25
3104,혈기,25
3105,존귀,25
3106,집터,25
3107,탐험가,25
3108,안성,25
3109,이스라엘,25
3110,특단,25
3111,소하,25
3112,차원,25
3113,보리밭,25
3114,부기,25
3115,장량,25
3116,한당,25
3117,금수,25
3118,추존,25
3119,형남,25
3120,경외감,25
3121,토산,25
3122,남국,25
3123,초현,25
3124,난민,25
3125,삼부경,25
3126,산조,25
3127,공은,25
3128,근기,25
3129,일거,25
3130,대체,25
3131,송암,25
3132,오관,25
3133,지자,25
3134,군문,25
3135,제갈근,25
3136,순욱,25
3137,노략질,25
3138,노루,25
3139,兵法,25
3140,적전,25
3141,교육령,25
3142,호계,25
3143,일만,25
3144,그믐날,25
3145,가피,25
3146,불씨,25
3147,신야,25
3148,막내딸,25
3149,상사,25
3150,무슬림,25
3151,성취,25
3152,총참모장,25
3153,국상,25
3154,민제,25
3155,전횡,25
3156,병역,25
3157,준이,25
3158,분개,25
3159,백두대간,25
3160,요크,25
3161,고순,25
3162,잔혹,25
3163,열세,25
3164,도겸,25
3165,역양,25
3166,尙書,25
3167,효렴,25
3168,옹립,25
3169,경영,25
3170,척결,25
3171,장초,25
3172,요한,25
3173,가르침,25
3174,파성,25
3175,여양,25
3176,헨리,25
3177,해임,25
3178,옹구,25
3179,제후국,25
3180,사신,25
3181,뽀뽀,25
3182,빈사,25
3183,재즈,25
3184,명해,25
3185,세상사,25
3186,용천,25
3187,덴마크,25
3188,독일군,25
3189,디자인,25
3190,판타지,25
3191,두발,25
3192,중공,25
3193,거래소,25
3194,문빙,25
3195,약진,25
3196,화암사,25
3197,땀방울,25
3198,장식,25
3199,지장보살,25
3200,석각,25
3201,위키,25
3202,위서,25
3203,시선,25
3204,최상급,25
3205,위명,25
3206,조명,25
3207,초연,25
3208,삼족,25
3209,정찰,25
3210,차남,25
3211,노획,25
3212,대내외,25
3213,相國,25
3214,열반경,25
3215,타국,25
3216,조연,25
3217,출석,25
3218,사나,25
3219,야구장,25
3220,자유자재,25
3221,군현,25
3222,연천,25
3223,나무아미타불,25
3224,해일,25
3225,불지,25
3226,규칙,25
3227,사세,25
3228,역병,25
3229,남양군,25
3230,아저씨,25
3231,丞相,25
3232,교주,25
3233,미비,25
3234,상과,25
3235,종주,25
3236,연주자,25
3237,연간,25
3238,장위,25
3239,선두,25
3240,고령,25
3241,순우경,25
3242,공훈,25
3243,플로리다,25
3244,강릉시,25
3245,야사,25
3246,재산,25
3247,건덕,25
3248,건가,25
3249,왕돈,25
3250,호계삼소,25
3251,순우,25
3252,야습,25
3253,동군,25
3254,진세,25
3255,연사,25
3256,거점,25
3257,탈주,24
3258,패자,24
3259,행운,24
3260,저널,24
3261,잡어,24
3262,한강,24
3263,가름,24
3264,군율,24
3265,治世,24
3266,아트,24
3267,屯田,24
3268,가차,24
3269,奇兵,24
3270,西天,24
3271,봉대,24
3272,전위,24
3273,별루,24
3274,공지,24
3275,동소,24
3276,무량,24
3277,파크,24
3278,육경,24
3279,대박,24
3280,천박,24
3281,보존,24
3282,권모술수,24
3283,위풍,24
3284,할아버지,24
3285,雁門,24
3286,패스,24
3287,윌슨,24
3288,도참사상,24
3289,극락정토,24
3290,생업,24
3291,추서,24
3292,시원,24
3293,집적,24
3294,협기,24
3295,폐렴,24
3296,益州,24
3297,구민,24
3298,원교,24
3299,神武,24
3300,서전,24
3301,고릉,24
3302,신무,24
3303,유대인,24
3304,우사,24
3305,논스톱,24
3306,중모,24
3307,효장,24
3308,출생지,24
3309,역수,24
3310,휴고,24
3311,해국,24
3312,듀스,24
3313,야왕,24
3314,할레,24
3315,막북,24
3316,시리아,24
3317,근해,24
3318,통어,24
3319,가사,24
3320,반란군,24
3321,도취,24
3322,호북성,24
3323,관불,24
3324,동성,24
3325,바디,24
3326,상서령,24
3327,구령,24
3328,부정부패,24
3329,진궁,24
3330,위드,24
3331,양공,24
3332,필부,24
3333,앤드루,24
3334,포신,24
3335,목줄,24
3336,정화,24
3337,젤라,24
3338,宗廟,24
3339,삼배,24
3340,후군,24
3341,목제,24
3342,침입,24
3343,본영,24
3344,軍中,24
3345,주례,24
3346,신력,24
3347,명왕,24
3348,천태,24
3349,음반,24
3350,금강초롱,24
3351,시비,24
3352,하례,24
3353,통솔력,24
3354,승풍,24
3355,관찰,24
3356,사물,24
3357,에드,24
3358,非常,24
3359,재력,24
3360,미방,24
3361,간성,24
3362,기오,24
3363,코멘트,24
3364,죄악,24
3365,특진,24
3366,전쟁사,24
3367,명천,24
3368,승속,24
3369,재편,24
3370,테크닉,24
3371,독발부,24
3372,빈객,24
3373,발명가,24
3374,손권,24
3375,불철주야,24
3376,대불,24
3377,왕광,24
3378,포커,24
3379,소급,24
3380,濟南,24
3381,상곡,24
3382,수명,24
3383,우문부,24
3384,태도,24
3385,가솔,24
3386,산관,24
3387,소월,24
3388,장졸,24
3389,극복,24
3390,이간,24
3391,長子,24
3392,산서성,24
3393,수몰,24
3394,금융,24
3395,유벽,24
3396,고종,24
3397,비행사,24
3398,봉화,24
3399,사천,24
3400,방두,24
3401,석가모니불,24
3402,나스,24
3403,소통,24
3404,병세,24
3405,후삼,24
3406,신미,24
3407,계절풍,24
3408,주술,24
3409,말안장,24
3410,삼공,24
3411,골치,24
3412,홍농,24
3413,할아비,24
3414,기구,24
3415,先人,24
3416,반군,24
3417,인물평,24
3418,배송지,24
3419,원담,24
3420,웹툰,24
3421,총림,24
3422,先王,24
3423,입김,24
3424,언어학자,24
3425,주임,24
3426,가호,24
3427,원공,24
3428,도간,24
3429,호관,24
3430,노략,24
3431,왕모,24
3432,뒷이야기,24
3433,수산항,24
3434,洞口,24
3435,남애항,24
3436,적의,24
3437,무늬,24
3438,무재,24
3439,경색,24
3440,기풍,24
3441,생선,24
3442,고창,24
3443,봉정사,24
3444,기마술,24
3445,차주,24
3446,이웅,24
3447,실질,24
3448,변사,24
3449,제갈공명,24
3450,설주,24
3451,진항,24
3452,공의,24
3453,위자,24
3454,공리,24
3455,오란,24
3456,진표,24
3457,등지,24
3458,위니,24
3459,비보,24
3460,고가,24
3461,명제,24
3462,곽가,24
3463,社稷,24
3464,기념탑,24
3465,호프,24
3466,장수명,24
3467,남아프리카,24
3468,精銳,24
3469,임기응변,24
3470,沙汰,24
3471,노인,24
3472,병석,24
3473,영천군,24
3474,이봉,24
3475,향도,24
3476,칭탁,24
3477,창희,24
3478,백련,24
3479,제불,24
3480,김제,24
3481,세일,24
3482,후음,24
3483,조지아,24
3484,공이,24
3485,업소,24
3486,武王,24
3487,해제,24
3488,열후,24
3489,조참,24
3490,유우,24
3491,가재,24
3492,송광사,24
3493,휘하,24
3494,존슨,24
3495,경산,24
3496,侍中,24
3497,스트레스,24
3498,정예군,24
3499,우주선,24
3500,불충,24
3501,풍전등화,24
3502,노선,24
3503,악취,24
3504,귀원,24
3505,기책,24
3506,천수천안관세음보살,24
3507,법기,24
3508,반주삼매경,24
3509,금령,24
3510,전모,24
3511,심장,24
3512,판가름,24
3513,날개,24
3514,노스,24
3515,성고,24
3516,상응,24
3517,무음,24
3518,현전,24
3519,패군,24
3520,직선거리,24
3521,경로,24
3522,뎅이,24
3523,정욱,24
3524,원력,24
3525,삼국지연의,24
3526,동년배,24
3527,관무량수경,24
3528,와룡,24
3529,단어,24
3530,망루,24
3531,비인,24
3532,맞은편,24
3533,문군,24
3534,고로,24
3535,하간,24
3536,석수,24
3537,착용,24
3538,괴수,24
3539,고등학교,24
3540,각색,24
3541,패국,24
3542,생질,24
3543,성제,24
3544,강서성,24
3545,하내,24
3546,산시성,24
3547,가인,24
3548,언사,24
3549,심배,24
3550,루마니아,24
3551,패상,24
3552,전반,24
3553,기온,24
3554,전문점,24
3555,우회로,24
3556,절월,24
3557,감시,24
3558,稱帝,24
3559,연진,24
3560,하민,24
3561,창천항로,24
3562,나한상,24
3563,계령,24
3564,머리칼,24
3565,화암,24
3566,함정,24
3567,장노,24
3568,직언,24
3569,교체,24
3570,여건,24
3571,입대,24
3572,안량,24
3573,소맥,24
3574,소패,24
3575,증득,24
3576,우한,24
3577,유담,24
3578,십상시,24
3579,거소,24
3580,음악가,24
3581,호전,24
3582,탐방,24
3583,부군,24
3584,별가,24
3585,업과,24
3586,遺民,24
3587,응신,24
3588,온종일,24
3589,安定,24
3590,일우,24
3591,白蓮,24
3592,영원,24
3593,사우스,24
3594,공포,24
3595,상중,24
3596,샘터,24
3597,시류,24
3598,자영,24
3599,음현,24
3600,속관,24
3601,댕이,24
3602,돈오,24
3603,사리사욕,24
3604,土山,24
3605,금옥,24
3606,표절,24
3607,사이트,24
3608,후안,24
3609,교향곡,23
3610,페르디난드,23
3611,쭉정이,23
3612,엔진,23
3613,초집,23
3614,定慧,23
3615,궐선,23
3616,동계,23
3617,미션,23
3618,내외,23
3619,원희,23
3620,크로아티아,23
3621,조등,23
3622,산불,23
3623,난입,23
3624,종제,23
3625,명품,23
3626,본원력,23
3627,허베이성,23
3628,모병,23
3629,列傳,23
3630,아서,23
3631,관곡,23
3632,관문,23
3633,한호,23
3634,라이,23
3635,이감,23
3636,석선,23
3637,대자대비,23
3638,위스콘신,23
3639,연목,23
3640,견벽,23
3641,히틀러,23
3642,직지,23
3643,專修,23
3644,어부라,23
3645,조셉,23
3646,화이허강,23
3647,돌파,23
3648,합전,23
3649,태뢰,23
3650,성양,23
3651,석준,23
3652,자녀,23
3653,원묘,23
3654,승단,23
3655,진병,23
3656,불생불멸,23
3657,응가,23
3658,유재,23
3659,벤치마킹,23
3660,소당,23
3661,교모,23
3662,군권,23
3663,武將,23
3664,석지,23
3665,류태수,23
3666,박고,23
3667,精舍,23
3668,토리노,23
3669,화합,23
3670,고우영,23
3671,구층석탑,23
3672,극락세계,23
3673,캘리포니아,23
3674,패러디,23
3675,트리폴리,23
3676,허난성,23
3677,호법,23
3678,버마,23
3679,간웅,23
3680,집단,23
3681,대웅보전,23
3682,금강문,23
3683,왕복,23
3684,요나라,23
3685,보부,23
3686,경병,23
3687,위타,23
3688,신행,23
3689,퇴주,23
3690,중각,23
3691,창정,23
3692,뇌동,23
3693,소금,23
3694,버지니아,23
3695,제남,23
3696,남상,23
3697,정동진,23
3698,프란츠,23
3699,잭슨,23
3700,위공,23
3701,산수,23
3702,마주,23
3703,태위,23
3704,참살,23
3705,장악력,23
3706,안읍,23
3707,진문,23
3708,태행산,23
3709,백단,23
3710,노출,23
3711,위원,23
3712,에디트,23
3713,정복,23
3714,석감,23
3715,여백,23
3716,신세,23
3717,정반대,23
3718,우마,23
3719,순유,23
3720,침대,23
3721,한글,23
3722,이각,23
3723,요익중,23
3724,출행,23
3725,증파,23
3726,여담,23
3727,원탑,23
3728,초판,23
3729,휴게,23
3730,환제,23
3731,천태대사,23
3732,교현,23
3733,블루스,23
3734,지눌,23
3735,불빛,23
3736,숙영,23
3737,야크,23
3738,평현,23
3739,예방,23
3740,하의,23
3741,접점,23
3742,의외,23
3743,인간미,23
3744,신고,23
3745,증장천왕,23
3746,전수염불,23
3747,대담,23
3748,줄행랑,23
3749,가계도,23
3750,佛地,23
3751,리치,23
3752,범선,23
3753,흥평,23
3754,불협화음,23
3755,노국,23
3756,교란,23
3757,화불,23
3758,지해,23
3759,유별,23
3760,토지세,23
3761,영웅호걸,23
3762,녹미,23
3763,연출,23
3764,진천,23
3765,주령,23
3766,녹나무,23
3767,장현,23
3768,진란,23
3769,蓮社,23
3770,왕법,23
3771,부장,23
3772,특검,23
3773,보헤미아,23
3774,籍田,23
3775,무혈입성,23
3776,진흥,23
3777,바오로,23
3778,구절초,23
3779,진전,23
3780,오키나와,23
3781,와수,23
3782,義兵,23
3783,레이서,23
3784,모인,23
3785,석권,23
3786,주니어,23
3787,하만,23
3788,州牧,23
3789,叢林,23
3790,圓通,23
3791,전격,23
3792,동두천,23
3793,웅거,23
3794,모스,23
3795,무종,23
3796,善導,23
3797,닭똥,23
3798,정혜쌍수,23
3799,궁실,23
3800,보증,23
3801,주장자,23
3802,매장,23
3803,重光,23
3804,분무,23
3805,야대,23
3806,세지,23
3807,채양,23
3808,실책,23
3809,제노바,23
3810,만개,23
3811,關中,23
3812,세편,23
3813,멸족,23
3814,영양,23
3815,해감,23
3816,마연,23
3817,허저,23
3818,학자,23
3819,모터사이클,23
3820,골목,23
3821,아만,23
3822,코펜하겐,23
3823,호트,23
3824,임성,23
3825,일침,23
3826,왕굉,23
3827,元興,23
3828,드버,23
3829,호당,23
3830,명철,23
3831,건국훈장,23
3832,냉혈한,23
3833,초전,23
3834,황건,23
3835,경찰,23
3836,독음,23
3837,원흥,23
3838,서평,23
3839,장조,23
3840,이세,23
3841,효원,23
3842,관내후,23
3843,태행산맥,23
3844,병략,23
3845,종묘사직,23
3846,힌두교,23
3847,무소불위,23
3848,장양,23
3849,삼성그룹,23
3850,진온,23
3851,그루브,23
3852,諸佛,23
3853,캐이,23
3854,동민,23
3855,향락,23
3856,개산조,23
3857,산속,23
3858,육국,23
3859,만경대,23
3860,행원,23
3861,혼령,23
3862,바른편,23
3863,도보,23
3864,장패,23
3865,지뢰,23
3866,이간책,23
3867,레지옹,23
