word,counted
해변,429
서핑,375
현남면,279
바다,274
죽도,237
여행,210
해수욕장,194
파도,178
하나,177
느낌,171
맛집,171
카페,170
여름,160
전화,148
추천,146
날씨,141
펜션,129
근처,126
분위기,126
가능,125
친구,124
가격,123
저희,123
준비,121
사장,120
안녕,119
구경,118
예약,118
서퍼,117
하우스,117
음식,114
보드,113
처음,111
서울,110
자리,109
모습,108
게스트,106
맥주,105
식당,104
이용,103
지도,103
바닷가,102
숙소,101
주말,99
방문,98
유명,95
포스팅,95
테이블,95
마음,94
커피,93
강습,93
거리,91
운영,91
공간,90
고기,89
바람,88
플레이스,86
가족,86
인구리,85
기분,85
버스,84
소개,83
바베큐,83
동해,83
내부,82
강원,82
파티,79
강릉,77
참고,77
점심,76
주변,76
출발,76
인테리어,75
막국수,75
서프,75
식사,75
장소,75
걱정,74
마지막,73
한잔,73
뭔가,72
이동,72
사이,72
상세,72
비치,72
고민,71
사용,70
건물,69
어디,68
아래,68
여유,68
하늘,67
만족,67
나름,67
번호,66
행복,65
소주,65
이름,64
숙박,63
아이,63
가게,63
후기,63
힐링,62
양리,61
오후,61
동안,61
최고,61
개인,61
필요,60
검색,60
모래,60
이유,58
실내,58
속초,57
기본,57
오픈,57
산책,56
판매,56
화장실,56
캠핑,56
휴가,56
요즘,56
하루,55
주문진,55
메뉴판,55
오전,55
동네,54
재미,54
셀프,53
남자,52
나중,52
입구,51
호텔,51
초보,51
오랜만,51
얼마,51
친절,51
관심,50
진행,50
풍경,50
기대,50
작년,50
마을,50
재료,50
감사,49
그때,49
음료,49
이야기,49
가지,49
기억,49
음식점,49
만큼,49
테라스,48
새벽,48
단체,48
확인,48
걸로,47
여자,47
완전,47
의자,47
주소,46
시설,46
선택,46
추억,45
설렁탕,45
교육,45
대표,45
해변가,45
소품,45
하조대,45
사랑,44
무엇,44
블로그,44
반찬,44
예전,43
타임,43
성수기,43
다양,43
겨울,43
슈트,42
세상,42
팝업,42
중앙,42
코스,41
야외,41
이거,41
낚시,41
네이버,41
메밀,41
터미널,41
안전,40
손님,40
정리,40
오션,40
설명,39
저장,39
커플,39
수육,39
계획,39
외관,38
영업,38
폴더,38
휴게소,38
엄마,38
매력,38
편의점,38
일출,37
물놀이,37
덕분,37
주방,37
방파제,37
등등,37
침대,37
마무리,36
강사,36
클릭,36
경우,36
국물,36
술집,36
스타,35
전날,35
스파,35
이후,35
짬뽕,35
장비,35
일정,35
간판,35
한우,35
추가,35
거기,35
수트,34
종류,34
얘기,34
감성,34
제공,34
샤워,34
국내,34
바닥,34
그릇,34
배식구,34
비빔,34
연습,34
공기,34
평일,34
취향,34
발견,34
김치,33
주차,33
중간,33
소리,33
인생,33
요리,33
이것,33
이게,33
이건,33
아들,33
부분,33
결국,32
토요일,32
운동,32
마리,32
지역,32
수영,32
불편,32
정보,32
자유,32
시즌,31
전망대,31
나무,31
이미지,31
수심,31
해결,31
설치,31
전체,31
우린,31
문의,31
텐트,31
치즈,31
센스,31
보통,31
플리즈,31
사이즈,31
온도,30
모래사장,30
성공,30
편안,30
일요일,30
식감,30
대신,30
스타일,30
조금,30
무료,30
동영상,30
왼쪽,29
건지,29
언니,29
인기,29
연인,29
이론,29
도로,29
스팟,29
머리,29
혼자,29
매장,29
텐데,29
기회,29
남편,29
그림,29
바위,29
건데,28
안주,28
꿀맛,28
중요,28
곳곳,28
경험,28
라떼,28
시장,28
자연,28
상태,28
냄새,28
순간,28
얼굴,28
구매,28
왕만두,28
휴휴,28
필수,28
여긴,28
도정,27
자기,27
피자,27
객실,27
결정,27
주방장,27
포함,27
체력,27
스쿠버,27
대여,27
명소,27
인근,27
자체,27
조식,27
마련,26
지금,26
대부분,26
주차장,26
두국,26
한참,26
서피,26
건강,26
특급,26
소스,26
메밀전,26
놀이,26
강추,26
메카,26
직원,26
영상,26
성지,25
안쪽,25
대박,25
조명,25
다이빙,25
체험,25
한쪽,25
부부,25
마트,25
가을,25
오른쪽,25
특색,25
홈페이지,25
강아지,25
휴가철,25
지인,25
양념,25
아빠,25
여름휴가,25
동시,25
모양,25
레시피,25
아메리카노,25
수업,25
여러분,25
음악,25
렌탈,25
바닷물,24
구입,24
아이스,24
옛날,24
나라,24
외국,24
비수기,24
만두,24
안내,24
정신,24
고고,24
운전,24
물놀,24
냉장고,24
수용,24
부담,24
포토,24
소식,24
노래,24
제품,24
자세,24
동산,24
신경,23
게임,23
예정,23
수제,23
창문,23
머스,23
언제,23
본격,23
요기,23
부산,23
도전,23
일반,23
포인트,23
버거,23
다행,23
여기저기,22
이국,22
생활,22
구름,22
문제,22
저기,22
가드,22
사이드,22
문화,22
수건,22
그것,22
키친,22
시골,22
패키지,22
일상,22
라면,22
해수욕,22
비용,22
주인,22
말씀,22
빈티지,22
보관,22
스파펜,22
골목,22
특이,22
계단,21
크기,21
저번,21
예상,21
후회,21
선생,21
외부,21
부족,21
중심,21
사실,21
연락,21
체크인,21
카메라,21
야채,21
방법,21
입수,21
계절,21
이해,21
부탁,21
보니타,21
입맛,21
금요일,21
햇빛,21
택시,20
전망,20
바퀴,20
프로,20
편리,20
고속도,20
각종,20
양양가,20
포기,20
감상,20
이때,20
살얼음,20
신축,20
시외버스,20
스포츠,20
공사,20
패들링,20
구이,20
제한,20
아쉬움,20
화이트,20
특별,20
전문,20
동해안,19
해외,19
천연,19
감동,19
이젠,19
사항,19
햄버거,19
포장,19
조합,19
바깥,19
촬영,19
비주얼,19
미니,19
칵테일,19
셀카,19
접시,19
젊은이,19
낙산,19
해안,19
해당,19
내용,19
물고기,19
자신,19
인상,19
슬러시,19
가슴,19
인분,19
삼겹살,19
버섯,18
방향,18
공연,18
생맥주,18
새우,18
대비,18
유지,18
둘째,18
성비,18
고생,18
티비,18
에어컨,18
수온,18
그곳,18
등장,18
인증,18
정류장,18
첫날,18
밑반찬,18
오빠,18
사이트,18
나이,18
아저씨,18
퍼스,18
대기,18
장점,18
연휴,18
여행지,18
기념,18
생선,18
인터넷,17
학교,17
관광객,17
핸드폰,17
감자,17
더위,17
변인,17
고속도로,17
우유,17
어딜,17
세트,17
위험,17
녀석,17
리뷰,17
남애,17
현장,17
파라다이스,17
배달,17
계란,17
규모,17
표현,17
휴식,17
소세지,17
전국,16
실전,16
흡입,16
실력,16
특정,16
욕실,16
패스,16
당일,16
리필,16
해장,16
제주도,16
바닷바람,16
신청,16
관리,16
차이,16
먹거리,16
지난번,16
다리,16
꽃송이,16
빙수,16
서비스,16
볼거리,16
동생,16
누가,16
항길,16
감각,16
그램,16
독특,16
링크,16
반점,16
낙산사,16
미터,16
결제,16
하와이,15
비교,15
남애항,15
취미,15
아기,15
청소,15
래쉬,15
완벽,15
청결,15
카드,15
정상,15
모두,15
열정,15
체크아웃,15
모자,15
동남아,15
전경,15
쥬얼,15
입장,15
실패,15
추위,15
수다,15
아무것,15
어제,15
경치,15
용품,15
한국,15
선물,15
이불,15
약속,15
양죽,15
인원,15
색감,15
이웃,15
인사,15
별도,15
산책로,15
카라반,15
내일,15
단점,15
파리,15
전문점,15
와인,15
크림,15
환경,14
천국,14
고양이,14
바디,14
동반,14
이것저것,14
금지,14
회사,14
소요,14
코코넛,14
토리,14
야자수,14
관광지,14
색깔,14
도미,14
워터,14
영화,14
내년,14
종일,14
냉면,14
은근,14
상황,14
횟집,14
일행,14
감탄,14
도시,14
샐러드,14
구조,14
샴푸,14
튀김,14
나머지,14
폭풍,14
가운데,14
콜라,14
군데,14
스트레스,14
앞쪽,14
우럭,14
발리,14
업체,14
거실,14
까페,14
지상,14
이쪽,14
저격,14
나뽕,14
고급,14
한눈,14
구비,13
피곤,13
낮잠,13
타이밍,13
계속,13
면발,13
리조트,13
투어,13
게시물,13
조화,13
사고,13
무렵,13
드라이브,13
구성,13
해돋이,13
테이크,13
짜장면,13
무튼,13
시도,13
집중,13
퇴실,13
아이스크림,13
등대,13
하룻밤,13
셔틀버스,13
이드,13
자극,13
난리,13
스키,13
시야,13
슈퍼,13
장착,13
카루나,13
해산물,13
일본,13
관계,13
수영복,13
세븐일레븐,13
개통,13
무한,13
공유,13
종이,13
주스,13
활용,13
건가,13
오징어,13
도보,13
당장,13
개별,13
겁니다,12
당일치기,12
동산항,12
무리,12
세팅,12
바다낚시,12
구석구석,12
전기,12
위주,12
컨테이너,12
장난,12
황소,12
소고기,12
목적지,12
특유,12
항구,12
사온,12
도움,12
첨부,12
젓가락,12
밥집,12
학생,12
누구,12
태풍,12
고속버스,12
오프,12
어촌,12
요금,12
자랑,12
고수,12
수영장,12
입문,12
기사,12
단위,12
정면,12
활동,12
남친,12
이전,12
얼음,12
기간,12
한입,12
휴무,12
야영장,12
식구,12
온몸,12
창가,12
컨셉,12
디자인,12
정식,12
물회,12
수산,12
전이,12
밤바다,12
마감,12
표정,12
시스템,12
간장,12
오토,12
티셔츠,12
햇살,12
연결,12
아무,12
며칠,12
쌀국수,12
현지,12
와중,12
박스,12
장사,12
결과,12
조리,12
국수,12
차량,12
실제,12
라이,12
육수,12
리얼,12
다섯,12
민박,12
막걸리,12
밀크,12
단계,12
피부,12
기록,12
입실,12
페이지,12
옥상,12
지난주,12
토마토,11
시내,11
이벤트,11
불꽃놀이,11
기름,11
패들,11
숯불,11
레몬,11
파머,11
데크,11
교체,11
저거,11
햇볕,11
전병,11
완료,11
국밥,11
가루,11
갈비,11
휴양지,11
편의,11
반납,11
고추,11
기초,11
볶음밥,11
물건,11
벽화,11
반복,11
허리,11
요거,11
시간표,11
주일,11
운행,11
그게,11
홍천,11
주류,11
백사장,11
코너,11
기사문,11
즐거움,11
애기,11
파라솔,11
본인,11
여행기,11
월요일,11
꿀잠,11
상가,11
인구항,11
동작,11
태양,11
브루잉,11
젊음,11
스킨,11
추석,11
평소,11
순두부,11
낭만,11
참여,11
이제,11
노력,11
거품,11
옥수수,11
우측,11
광어,11
맞은편,11
라인업,11
고명,11
그늘막,11
그날,10
구리,10
예술,10
일품,10
불가,10
수준,10
완성,10
구용,10
비밀,10
조미료,10
운치,10
현남,10
클럽,10
편도,10
시그,10
옆쪽,10
브런치,10
댓글,10
로컬,10
문구,10
튜브,10
대로,10
빌라,10
이틀,10
주문진항,10
신난,10
술안주,10
원래,10
컵라면,10
조개,10
그동안,10
노을,10
먼지,10
신랑,10
해먹,10
직전,10
렌지,10
접근,10
적응,10
첫째,10
영향,10
금액,10
기운,10
돗자리,10
모텔,10
차도르,10
칭찬,10
거울,10
벽면,10
배경,10
상품,10
흔적,10
반죽,10
충전,10
사계절,10
침구류,10
인정,10
루프,10
식기,10
천장,10
나미,10
림프,10
당황,10
철수,10
휴가지,10
타이드,10
쥬스,10
고요,10
시선,10
구분,10
선크림,10
미안,10
동서,10
현실,10
빨대,10
그늘,10
무릎,10
포차,10
목적,10
유일,10
축제,10
국도,10
자몽,9
매너,9
데이트,9
순서,9
상호,9
차례,9
과일,9
지점,9
부모,9
요새,9
합리,9
정확,9
다짐,9
소나무,9
베이컨,9
포즈,9
후식,9
열기,9
제트,9
속도,9
반려,9
관광,9
소문,9
야경,9
캠프,9
상상,9
정자,9
주세요,9
파크,9
감자튀김,9
체크,9
비누,9
전자,9
스테이,9
팥빙수,9
뒷모습,9
어깨,9
수기,9
문어,9
만월,9
좌석,9
안정,9
기상,9
차돌박이,9
시대,9
표시,9
극성,9
뭔지,9
욕조,9
레트,9
스케이트보드,9
행사,9
칫솔,9
요건,9
여행객,9
스피커,9
해양,9
실습,9
각자,9
퇴근,9
주인장,9
주민,9
백반,9
투명,9
가요,9
여럿,9
마켓,9
리쉬,9
광고,9
티켓,9
이색,9
가평,9
스노,9
프리,9
선호,9
스토어,9
카레,9
형태,9
목표,9
피비,9
가방,8
보람,8
효능,8
아이템,8
참조,8
토닉,8
작성,8
모듬,8
크류,8
무시,8
이곳저곳,8
쇼파,8
할인,8
신발,8
유리,8
발생,8
팔찌,8
조심,8
육즙,8
스무디,8
착용,8
약간,8
어른,8
반대편,8
탑승,8
정성,8
상당,8
대회,8
소화,8
세련,8
손가락,8
블로거,8
듯이,8
스틱,8
설악산,8
과자,8
효과,8
하차,8
사이다,8
선셋,8
그건,8
모임,8
즈음,8
전시,8
협찬,8
오기,8
만남,8
간식,8
눈물,8
고소,8
결심,8
클리어,8
핑크,8
모던,8
라인,8
개장,8
동호,8
매운탕,8
음료수,8
평화,8
공수,8
시변리,8
핫도그,8
차지,8
나루,8
치킨,8
출처,8
북쪽,8
저흰,8
세탁,8
세계,8
스프,8
먹방,8
명칭,8
카운터,8
불빛,8
두부,8
장찌개,8
진리,8
손바닥,8
담날,8
마당,8
화장대,8
토스트,8
고개,8
깍두기,8
초등,8
기술,8
계산,8
양양읍,8
신기,8
양파,8
장만,8
아점,8
건축,8
기구,8
의미,8
가량,8
잠시,8
린스,8
망고,8
세월,8
아주머니,8
까스,8
회도,8
컬러,8
커리,8
최대,8
조정,8
개조,8
동물,8
뒤쪽,8
고속,8
정돈,8
디테일,8
무제,8
대한민국,8
쇼핑,8
숟가락,8
워시,8
길거리,8
결론,8
유튜브,7
아가,7
단무지,7
인파,7
메밀국수,7
로고,7
고객,7
수강,7
제격,7
모기,7
인도,7
포트,7
엄두,7
장판,7
오토캠핑,7
요청,7
갈릭,7
득템,7
가격대,7
막바지,7
파인애플,7
우리나라,7
사방,7
형제,7
다이버,7
메뉴인,7
에메랄드,7
차트,7
개월,7
해물,7
비빔밥,7
브랜드,7
이외,7
양배추,7
화요일,7
워크,7
영어,7
코카,7
배려,7
수고,7
스티커,7
도중,7
주택,7
연예인,7
구간,7
폭죽,7
진심,7
쓰레기,7
출근,7
장관,7
연기,7
푸드,7
깜놀,7
파타고니아,7
간만,7
남녀,7
제주,7
면적,7
중국집,7
간짜장,7
좌측,7
신상,7
육지,7
안개,7
불고기,7
우동,7
냄비,7
모닝,7
역시,7
예방,7
분리,7
피서객,7
만둣국,7
반팔,7
랜드,7
된장찌개,7
애견,7
컴백,7
취사,7
곱배기,7
일기,7
눈길,7
소원,7
피로,7
에어,7
주심,7
훈련,7
타코,7
방면,7
오랫만,7
방식,7
벤치,7
브레이크,7
시청,7
침실,7
차안,7
마늘,7
사전,7
누군가,7
전용,7
바나나,7
오렌지,7
시내버스,7
탄산,7
노지,7
캐리어,7
매니아,7
작업,7
긴팔,7
카츠,7
잠자리,7
공식,7
찌개,7
날짜,7
반대,7
소파,7
쿨링,7
댕댕이,7
고깃집,7
공감,7
강조,7
대나무,7
어마,7
유용,7
제육볶음,7
송이,7
버터,7
이스트,7
아내,7
플랫,7
마니,7
퀄리티,7
요것,7
어름,7
스테이크,7
현북면,7
소진,7
바닷속,7
시기,7
발걸음,7
부채,7
신세계,7
청춘,7
디저트,7
경포대,7
태국,7
차림표,7
트립,7
카톡,7
대중교통,7
자분,7
방송,7
조아,7
환상,7
딸내미,7
기존,7
웃음,7
순식간,7
타올,6
무지개,6
소금,6
눈꽃,6
번호표,6
드라이,6
만끽,6
모드,6
캠퍼,6
양막,6
용도,6
조절,6
바닐라,6
무게,6
대답,6
교통,6
닭볶음탕,6
보라,6
편집,6
한판,6
집들이,6
소프트,6
농협,6
복귀,6
코로나,6
렌트,6
물가,6
통유리,6
인심,6
여행길,6
드라이버,6
제외,6
배치,6
공짜,6
바질,6
건조,6
프라이빗,6
폐장,6
개발,6
일몰,6
드로잉,6
조각,6
돼지,6
기암괴석,6
인간,6
실감,6
당시,6
꽃집,6
허기,6
취침,6
새해,6
프로그램,6
선선,6
별미,6
아버지,6
센터,6
서프보드,6
주의,6
볶음,6
삼척,6
면옥,6
고장,6
부근,6
픽업,6
김치찌개,6
호불호,6
카약,6
에너지,6
레이,6
선결,6
딸기,6
설악,6
서빙,6
그거,6
동산리,6
근육,6
이기,6
특징,6
장난감,6
직접,6
숫자,6
캠핑카,6
돼지고기,6
슬리퍼,6
비키니,6
균형,6
흐름,6
역할,6
일회용,6
할머니,6
오해,6
세탁기,6
플라스틱,6
최대한,6
부력,6
멀미,6
저곳,6
수평선,6
샌드위치,6
미역,6
건가요,6
휴지,6
무더위,6
부상,6
선풍기,6
내외,6
퇴식구,6
아이스박스,6
중독,6
과정,6
컨디션,6
브라이언,6
레슨,6
불안,6
욕심,6
이걸,6
거주,6
소머리,6
식후,6
성인,6
이득,6
해외여행,6
내고,6
숙지,6
면사무소,6
기온,6
남애리,6
파도타기,6
플로우,6
그걸로,6
월도,6
호수,6
물질,6
점프,6
부동산,6
만화,6
출동,6
와플,6
바지,6
휴대폰,6
식물,6
리스트,6
구수,6
감기,6
래시,6
바보,6
한창,6
분주,6
윈드,6
친정,6
양야,6
멍게,6
시계,6
양행,6
안성맞춤,6
금강산,6
문자,6
내게,6
회로,6
구역,6
성격,6
강남,6
마실,6
소모,6
상추,6
불꽃,6
정원,6
조류,6
어르신,6
조선,6
가까이,6
김밥,6
심플,6
만석,6
입안,6
마스코트,6
개성,6
평창,6
바비큐,6
전복,6
에이드,6
광진,6
여름철,6
신선바위,6
도구,6
출입,6
그릴,6
실망,6
배낚시,6
고려,6
화장,5
우등,5
프리미엄,5
홍게,5
플리,5
베개,5
찰나,5
와이프,5
팟타이,5
케어,5
시각,5
전통,5
스노우,5
로드,5
후배,5
계정,5
중반,5
숙취,5
엄지,5
길가,5
보트,5
레포츠,5
소미,5
의지,5
스마트,5
왕복,5
기도,5
패킹,5
대화,5
세심,5
임대,5
착석,5
상승,5
예보,5
의류,5
체계,5
도가니,5
수정,5
어린이,5
신남,5
해녀,5
목소리,5
변동,5
동일,5
계곡,5
막내,5
페스티벌,5
여성,5
조림,5
손맛,5
메모,5
건너편,5
사찰,5
투척,5
단골,5
음주,5
분과,5
골뱅이,5
시공,5
수원,5
직행,5
페퍼로니,5
인연,5
애정,5
도우,5
수산항,5
상담,5
쿠폰,5
아파트,5
샤워기,5
타코라이스,5
대형,5
방수,5
침구,5
휴암,5
지정,5
변경,5
별거,5
당첨,5
홀더,5
자장면,5
연출,5
정체,5
실외,5
커피숍,5
와우,5
땡볕,5
상점,5
조망,5
레스토랑,5
전반,5
어묵,5
황금,5
수십,5
강제,5
가이드,5
원목,5
생일,5
코코,5
핸드,5
궁합,5
봉지,5
아이디어,5
수박,5
레깅스,5
라이프,5
너머,5
보유,5
담요,5
높이,5
미숫가루,5
쉐이크,5
답니다,5
사연,5
공부,5
리어,5
원주,5
중국,5
조이,5
유니크,5
아가씨,5
자전거,5
컴퓨터,5
입간판,5
무제한,5
필라프,5
웨이팅,5
해수,5
마찬가지,5
피맥,5
해장국,5
보호,5
아지트,5
선수,5
먼가,5
의견,5
중순,5
수도,5
푸쉬,5
화면,5
최적,5
치약,5
반바지,5
가자미,5
블랙,5
호두과자,5
연락처,5
유행,5
비빔국수,5
개시,5
오더,5
우드,5
변화,5
시크릿,5
구명조끼,5
로션,5
감칠맛,5
네비,5
주전,5
봉평,5
남매,5
버블,5
우왕,5
의심,5
실수,5
소음,5
야영,5
대체,5
천지,5
지속,5
알콜,5
깃발,5
찹쌀,5
남쪽,5
케이스,5
선상,5
댄스,5
모범,5
현금,5
본점,5
종료,5
칼국수,5
채소,5
유료,5
묘미,5
빨래,5
타이,5
배우,5
닭강정,5
포크,5
기븐,5
의외,5
영양,5
메인,5
인형,5
강습생,5
무언가,5
커버,5
악세사리,5
구독,5
경찰,5
주위,5
모델,5
연어,5
공용,5
선글라스,5
루트,5
불교,5
진입,5
셔틀,5
원피스,5
엘리베이터,5
베란다,5
배고픔,5
긴장,5
교통편,5
안목,5
비닐,5
밤새,5
대세,5
꼬리,5
고정,5
허락,5
최우선,5
미세,5
채널,5
글씨,5
진짜,5
물품,5
겨자,5
여관,5
덮밥,5
지경,5
매주,5
존재,5
고향,5
가보세요,5
축구,5
고통,5
개방,5
라운지,5
강릉시,5
수요일,5
가성,5
실시,5
가정집,5
세대,5
병원,5
몸매,5
오랫동안,5
홍보,5
초록,4
육회,4
메밀가루,4
관세음보살,4
급부상,4
잠깐,4
그룹,4
전신,4
시리즈,4
지불,4
미노스,4
그쪽,4
터널,4
부대,4
된장국,4
세부,4
본론,4
소재지,4
최악,4
남녀노소,4
절임,4
도어,4
오이,4
발바닥,4
할아버지,4
피쉬,4
지원,4
무한리필,4
핑장,4
신분,4
환기,4
물색,4
유도,4
원두,4
초코,4
캐릭터,4
수중,4
의도,4
영동고속도로,4
손질,4
수요,4
요일,4
은행,4
안심,4
수차례,4
군침,4
해안가,4
토핑,4
서철,4
여정,4
스팸,4
귀신,4
생강,4
에스프레소,4
발목,4
그중,4
소시지,4
회전,4
무계획,4
먹구름,4
식회,4
배정,4
피해,4
그대,4
차돌,4
젓갈,4
크레이,4
변죽,4
흡연,4
최초,4
벌레,4
작가,4
모금,4
정육점,4
와이키키,4
일자,4
요가,4
흔들바위,4
경기,4
흥미,4
매매,4
황태,4
아일랜드,4
피서,4
원룸,4
길목,4
마스터,4
프라이버시,4
행투,4
위로,4
장면,4
파인,4
기계,4
스테이지,4
책방,4
촌마을,4
베스트,4
뒷골목,4
가도,4
핑계,4
빙고,4
기사문리,4
요게,4
경계,4
하늘색,4
카버,4
미역국,4
세면도구,4
멍멍이,4
올림픽,4
민망,4
평가,4
찰떡,4
순두부찌개,4
파워,4
무침,4
부처,4
코앞,4
퀴즈,4
진가,4
하와이안,4
내음,4
두말,4
광나루,4
쌈장,4
입가심,4
배낭,4
포착,4
노랑,4
양쪽,4
새우튀김,4
생맥,4
암자,4
중고,4
의사,4
잠실역,4
다운,4
헤드,4
발전,4
윤기,4
풍랑,4
보울,4
내손,4
내외분,4
골목길,4
앞마당,4
음식물,4
밴드,4
생명,4
보일러,4
주문진읍,4
각각,4
폭우,4
복도,4
순삭,4
어메이징,4
횟감,4
판단,4
환영,4
한상,4
경리,4
구호,4
진열,4
시외,4
콩나물,4
선녀,4
에스,4
위생,4
조성,4
쉼터,4
고성,4
호주,4
캠프파이어,4
도장,4
머신,4
정수기,4
지구,4
돼지갈비,4
소소,4
금상첨화,4
스케이트,4
김장,4
고등어,4
부엌,4
복어,4
이하,4
허벅지,4
외식,4
한편,4
야간,4
담당,4
블루투스,4
장식,4
아아,4
희망,4
애플,4
일대,4
아웃,4
화분,4
복합,4
밥솥,4
호흡기,4
브이,4
배송,4
변비,4
왁스,4
방생,4
주력,4
노즈,4
지기,4
우산,4
회랑,4
지형,4
좌식,4
재질,4
기약,4
합격,4
외국인,4
하우스만,4
여분,4
목살,4
삼촌,4
간격,4
떡실신,4
강의,4
수리,4
깊이,4
표면,4
등록,4
나물,4
준비물,4
입소문,4
한산,4
나위,4
한정,4
후추,4
물위,4
종이컵,4
패티,4
인용,4
통일,4
싱크대,4
대상,4
매운맛,4
강풍,4
보로,4
여섯,4
이분,4
남대천,4
보장,4
공원,4
구멍,4
헬리,4
둘쨋,4
스톤,4
캡쳐,4
깻잎,4
유래,4
목욕,4
소재,4
구석,4
토지,4
참석,4
맞춤,4
아재,4
탁트인,4
조건,4
실화,4
갈만,4
비어,4
다량,4
옆집,4
직진,4
사무실,4
적격,4
대접,4
행동,4
고구마,4
집사람,4
그라피,4
클렌징,4
용기,4
초입,4
커튼,4
위층,4
능력,4
참가,4
생과일,4
식초,4
인건비,4
주관,4
마린,4
아담,4
청량,4
걸까요,4
수저,4
주의보,4
취소,4
무심,4
취급,4
터짐,4
민폐,4
퓨전,4
뒷정리,4
확대,4
매진,4
순위,4
매니저,4
드라,4
장날,4
오롯,4
주부,4
게장,4
홍합,4
약문,4
개운,4
한식,4
방지,4
걸음,4
글귀,4
사회,4
면허증,4
떡볶이,4
위쪽,4
내린천,4
소라,4
데이즈,4
정착,4
휴일,4
한글,4
환복,4
어딘가,4
미국,4
군인,4
스노클링,4
선인장,4
정거장,4
짜증,4
피서지,4
줄기,4
소나기,4
스쿨,4
스펀지,4
빛깔,4
측면,4
전구,4
드립,4
색상,4
밀크티,4
타일,4
레크,4
살인,4
대망,4
라임,4
기호,4
사모님,4
일어,4
파스타,4
메일,4
롯데,4
조언,4
송죽,4
미소,4
대한,4
와사비,4
제목,4
물살,4
잡지,4
명함,4
그걸,4
전부,4
형상,4
우와,4
폭염,4
의식,4
방학,4
매트리스,4
설탕,4
제일,4
민트,4
실천,4
수국,4
학습,4
작품,4
집합,4
최소,4
야지,4
미시령,4
오리,4
교실,4
등심,4
만화책,4
지옥,4
늦잠,4
보드만,4
와이파이,4
갈매기,4
군사,4
구들,4
결혼,4
아보카도,4
광경,4
현수막,4
자동차,4
사은품,3
스타트,3
한국인,3
타월,3
카스,3
경인,3
파인더,3
언덕,3
업소,3
중식,3
지번,3
망망대해,3
입장료,3
포항,3
도심,3
방기,3
여파,3
모래밭,3
찬도,3
녹스,3
활성,3
확신,3
함박,3
둘레,3
출연,3
만발,3
그린,3
현대,3
주간,3
불금,3
연주,3
구축,3
나들이,3
수집,3
꼭대기,3
유익,3
청년,3
각광,3
브루,3
멸치,3
정비,3
코드,3
공포,3
수량,3
공깃밥,3
회식,3
종우,3
삼치,3
한숨,3
목요일,3
명절,3
사무소,3
초초,3
라이브,3
귀마개,3
문리,3
등받이,3
오색,3
그림자,3
힙합,3
방해,3
둘레길,3
습관,3
제게,3
콘크리트,3
시청역,3
온돌방,3
기획,3
아이폰,3
숙성,3
농부,3
포스,3
컨트롤,3
인지상정,3
실시간,3
여길,3
부대찌개,3
노트북,3
충실,3
초대,3
케이크,3
음질,3
근무,3
옵션,3
비빔면,3
손등,3
유리창,3
반사,3
이용한,3
파출소,3
전자레인지,3
만약,3
좌절,3
남문리,3
다이어트,3
광복절,3
래미,3
빗방울,3
아버님,3
행정,3
강탈,3
지식,3
포스트,3
노란색,3
레귤러,3
단순,3
경관,3
케잌,3
반지,3
일부,3
시나몬,3
번지,3
야속,3
건데요,3
초딩,3
대학생,3
근방,3
고등학교,3
익스트림,3
회관,3
마크,3
윈드서핑,3
사악,3
단어,3
레저,3
생크림,3
허니,3
멘붕,3
방울,3
특성,3
연상,3
진국,3
실기,3
드론,3
바우슈,3
보고,3
거북,3
눈높이,3
기타,3
베드,3
중급,3
이터,3
생수,3
예의,3
내요,3
더블,3
오리발,3
제리,3
산소통,3
관람,3
초이스,3
동호회,3
미술,3
이언,3
패션,3
국제,3
트럭,3
왼발,3
오버,3
스텝,3
경품,3
인원수,3
대게,3
사정,3
시험,3
수산물,3
햇님,3
한계,3
철제,3
역대,3
안팎,3
감자전,3
시집,3
호두,3
변이,3
교시,3
베이스,3
철조망,3
요놈,3
써니,3
만점,3
캐리,3
수협,3
하트,3
업로드,3
평상,3
고프,3
배회,3
어종,3
탁자,3
연발,3
정류소,3
참이슬,3
도쿄,3
비기너,3
자식,3
슬라이드,3
피크,3
촉박,3
땅콩,3
따위,3
경보,3
무장,3
월세,3
에티켓,3
유노,3
볼일,3
파랑,3
갈비탕,3
경부,3
약국,3
전면,3
엉덩이,3
치즈케이크,3
뚜껑,3
미션,3
만찬,3
백정,3
무인,3
초심,3
장죽,3
매트,3
카카오톡,3
두려움,3
신규,3
차원,3
대처,3
하심,3
승차,3
가자,3
시간대,3
노래방,3
올리브,3
인승,3
벚꽃,3
양이,3
벙커,3
가위,3
초등학생,3
거의,3
버튼,3
자미,3
통로,3
자차,3
스쿠터,3
주년,3
리퍼,3
버디,3
신고,3
제자리,3
입욕제,3
비추,3
콘도,3
활어,3
기억력,3
장마,3
장어,3
드라마,3
눈치,3
잔디,3
찬스,3
기쁨,3
어머니,3
흥분,3
착각,3
노출,3
만두피,3
표지판,3
하와,3
텔러,3
새우젓,3
서리,3
충만,3
교동,3
셀렉,3
식빵,3
뉴스,3
장갑,3
분리수거,3
깨알,3
개개인,3
공중화장실,3
담배,3
재즈,3
해송,3
저것,3
모델링,3
과거,3
기세,3
오뎅,3
진실,3
신분증,3
양념장,3
해삼,3
철저,3
버킷,3
공휴일,3
산위,3
쇼핑몰,3
초벌구이,3
주공,3
정감,3
양송이,3
솔비,3
잠실,3
변신,3
자부심,3
하조,3
송정,3
숙회,3
가본,3
수분,3
시절,3
비앤비,3
프렌치토스트,3
질문,3
도깨비,3
중문,3
플러스,3
꽃바구니,3
조카,3
딸아이,3
신공,3
완수,3
상주,3
기업,3
연애,3
믿음,3
두꺼비,3
어머님,3
배럴,3
콜맨,3
이마트,3
개꿀,3
자료,3
인석,3
이놈,3
자재,3
대포항,3
콜택시,3
갈색,3
라이스,3
안방,3
내용물,3
보름달,3
전쟁,3
카누,3
다이브,3
책장,3
인치,3
역사,3
조황,3
보건소,3
저질,3
간지,3
여사장,3
천막,3
담주,3
펑키,3
구김,3
주제,3
어치,3
비트,3
면배,3
배추김치,3
참치,3
도시락,3
수입,3
보라색,3
길지,3
자태,3
가로등,3
끝자락,3
번국,3
매거진,3
긴급,3
스도,3
과언,3
지방,3
냅킨,3
노숙,3
미세먼지,3
숙박업소,3
태그,3
그네,3
자매,3
가마,3
모레,3
탈의실,3
비율,3
내장,3
성황당,3
연접,3
비만,3
도라,3
수욕장,3
포스터,3
참기름,3
대국,3
삼거리,3
기둥,3
메종,3
오래간만,3
소지품,3
사우나,3
기절,3
정책,3
여서,3
서해,3
진상,3
정작,3
애니메이션,3
오잉,3
의문,3
축하,3
술맛,3
심장,3
가구,3
승부,3
시댁,3
응원,3
메리트,3
지그,3
여운,3
난간,3
도로변,3
컨텐츠,3
용어,3
산미,3
함정,3
선반,3
소감,3
내심,3
제작,3
시행,3
관음전,3
동치미,3
총평,3
유후,3
울면,3
실물,3
여인숙,3
무사,3
최상,3
회원,3
초반,3
환장,3
저게,3
보드카,3
본느,3
찰떡궁합,3
민물,3
극복,3
완공,3
우스,3
건조기,3
물치,3
가격표,3
이너,3
경로,3
동자승,3
데코,3
추세,3
함재,3
행위,3
둥이,3
대장,3
문아,3
하이라이트,3
플로,3
역쉬,3
시점,3
해시,3
종합,3
인천,3
액자,3
원형,3
통삼,3
노래미,3
해물탕,3
자가용,3
렌즈,3
정문,3
금어기,3
배차,3
폭발,3
사나이,3
분당,3
영광,3
사라다,3
보이,3
뱃속,3
스트레칭,3
드럼,3
풍등,3
초행,3
공지,3
경계선,3
상업,3
코로나선,3
전세,3
창밖,3
강력,3
나인데,3
신논현역,3
사골,3
해피,3
선단,3
가득,3
핫소스,3
상체,3
각도,3
해소,3
하얀색,3
보조,3
춘천,3
비린내,3
낮술,3
아몬드,3
대선,3
플레,3
심정,3
모닝커피,3
핀스,3
분해,3
갈래,3
형성,3
우체국,3
발권,3
입금,3
학원,3
호프집,3
문신,3
보정,3
주먹밥,3
용촌,3
부티크,3
서문,3
강인,3
나용,3
돌판,3
연면적,3
피아,3
신비,3
설거지,3
지로,3
카풀,3
기지,3
진토,3
페스,3
관리자,3
별칭,3
홍대,3
만세,3
개최,3
전화기,3
스릴,3
반숙,3
선도,3
이래,3
화로,3
화덕,3
마음속,3
프리마,3
사발,3
꼬마,3
본사,3
패밀리,3
아드,3
단독,3
장단점,3
레고,3
키즈,3
엘베,3
손양면,3
꼬맹이,3
된장,3
텐데요,3
저건,3
서치,3
테이스티,3
방어,3
누나,3
레이팅,3
규칙,3
최선,3
문제점,3
드메,3
마디,3
콘센트,3
웨이브,3
확보,3
인식,3
비빔냉면,3
목욕탕,3
한국관광공사,3
입술,3
하의,3
추정,3
스페셜,3
대지,3
편식,3
바램,3
발휘,3
지침,3
기능,3
미용,3
친척,3
천정,3
월화,3
제휴,3
큰일,3
막간,3
광안리,3
라탄,3
내기,3
분전,3
혜자,3
신호,3
메탈,2
파마,2
특수,2
열쇠,2
노하우,2
아이스커피,2
여왕,2
경찰서,2
구여,2
절망,2
우울,2
아울렛,2
답변,2
자비,2
규류,2
피티,2
부자,2
카푸치노,2
큐레이팅,2
엘레,2
바다위,2
초당,2
탐험,2
표고,2
버전,2
마시,2
싸움,2
비기,2
고우,2
모기향,2
마카롱,2
신혼,2
해제,2
놀람,2
초콜릿,2
횡성,2
휘닉스,2
브레드,2
방영,2
이사,2
요소,2
프랜차이즈,2
반쪽,2
위시,2
고함,2
간자장,2
한낮,2
난데,2
정품,2
관객,2
미회,2
파란색,2
폭시,2
클래스,2
시인,2
찰옥수수,2
이퀄,2
직후,2
알람,2
양말,2
입장권,2
김치볶음밥,2
팔뚝,2
굴욕,2
탁구,2
참나무,2
미만,2
대낮,2
귀뜸,2
예쁘다,2
농사,2
표고버섯,2
어스름,2
출장,2
사무엘,2
우릴,2
약도,2
교환,2
황홀,2
등분,2
소면,2
어게인,2
이뇨,2
골프,2
캡틴,2
풀장,2
오오,2
오심,2
수질,2
페페,2
양구,2
잡음,2
크로,2
일본식,2
창시,2
유부,2
구행,2
평수,2
지소,2
라미스,2
감퇴,2
리버티,2
내서,2
웨이크,2
리터,2
글라스,2
받침,2
주영,2
두리,2
키키,2
비바람,2
항공,2
보소,2
동선,2
마일,2
마케팅,2
마법,2
주재료,2
한데,2
디즈니,2
환승,2
지체,2
스탠,2
진항,2
양식,2
휴게실,2
지명,2
라이징,2
용납,2
조여정,2
부침개,2
옥계,2
결재,2
무념무상,2
탈의,2
모카,2
주차료,2
캘리,2
최적지,2
주호,2
점검,2
절약,2
복분자,2
자다,2
동태찌개,2
군부대,2
울진,2
퇴짜,2
일광욕,2
찜통,2
한수,2
근력,2
벤스,2
거짓말,2
저세상,2
발코니,2
가입,2
바이크,2
인조,2
성원,2
동심,2
정차,2
단골집,2
슈페너,2
체고,2
확정,2
바늘,2
질투,2
청정,2
맨발,2
시승,2
구지,2
미사,2
양보,2
돈가스,2
최소한,2
다빈치,2
선정,2
식탁,2
서식,2
야장,2
반응,2
시럽,2
즉석,2
주최,2
주사,2
호응,2
속풀이,2
이스라,2
주전부리,2
동호리,2
별빛,2
닥스훈트,2
책상,2
타드,2
화보,2
사비,2
캘리포니아,2
초도,2
레스,2
아바이,2
달빛,2
이탈리아,2
중부,2
이모,2
보리,2
사냥,2
형식,2
명당자리,2
감당,2
장작,2
타운,2
집사,2
바캉스,2
우로,2
중단,2
자유분방,2
언급,2
적합,2
찬물,2
황금연휴,2
포장마차,2
세영,2
제안,2
하륜,2
대관령,2
아쥬,2
빵집,2
데이,2
기스,2
탱크,2
주자,2
예금주,2
빨강,2
리더,2
모터,2
터치,2
타입,2
베이커리,2
보리차,2
제이드,2
교훈,2
저하,2
로비,2
청평,2
스케치,2
표지,2
벌금,2
성장,2
부지런,2
별개,2
오른손잡이,2
손톱,2
백과,2
영화제,2
산불,2
트렌디,2
교감,2
콩가루,2
지요,2
토일,2
서지,2
셀프서비스,2
밀면,2
산포,2
전등,2
전주,2
파파라치,2
가든,2
쟁반,2
선조,2
퇴사,2
졸업,2
집게,2
향기,2
행비,2
살짝,2
신가,2
주메뉴,2
은색,2
레이저,2
셋째,2
감나무,2
아트,2
녹초,2
메이크업,2
건식,2
밥도둑,2
밀집,2
걸루,2
어가,2
왼편,2
요롱,2
우회전,2
약수,2
무늬,2
일쑤,2
설정,2
해복,2
주중,2
파우더,2
물개,2
팝송,2
동계,2
서로,2
분경,2
멕시칸,2
지대,2
데기,2
아참,2
타이거,2
줄리스,2
변리,2
배터리,2
그레이,2
감탄사,2
사자,2
타일러,2
산재,2
배추,2
변기,2
하이에나,2
평균,2
선곡,2
고집,2
재충전,2
구피,2
수준급,2
대구,2
불량,2
조사,2
닭찜,2
꽃게,2
절반,2
랜턴,2
소환,2
조달,2
축복,2
품절,2
참새,2
보온,2
힙스터,2
엔게디,2
장치,2
지중해,2
원산지,2
범종,2
리뉴,2
매직,2
텀블러,2
멤버,2
데니즈,2
변수,2
상처,2
적정,2
기본기,2
핑후,2
특제,2
반나절,2
온천,2
외모,2
미지,2
잠수,2
장보고,2
대리석,2
강현,2
네온,2
웨이트,2
보건,2
진로,2
싸이클,2
김소영,2
작용,2
사이사이,2
노예,2
욕구,2
소지,2
테일,2
두병,2
삼각형,2
경비,2
불가사리,2
애완견,2
지문,2
모자이크,2
스케줄,2
라스트,2
추후,2
호스,2
홈런,2
집안,2
호기,2
일명,2
냉동,2
비디오,2
뜻밖,2
스스,2
방안,2
직통,2
호강,2
하이,2
재능,2
다시,2
소수,2
경력,2
마세,2
랩스,2
부츠,2
오물,2
개수,2
토피,2
조끼,2
내내,2
콘서트,2
도배,2
비타민,2
체인점,2
교수,2
서울역,2
미라,2
감수,2
좌판,2
요즈음,2
병따개,2
소란,2
비온,2
업그레이드,2
재생,2
비법,2
이정표,2
강문,2
조립,2
수면,2
서쪽,2
청양,2
어려,2
단디,2
대명,2
어둠,2
육개장,2
지목,2
패스트푸드,2
부실,2
파치,2
가정,2
아침밥,2
의기투합,2
걸요,2
지배,2
박수,2
뽐뿌,2
사인,2
냉수대,2
구조물,2
로얄,2
고갈,2
고냥,2
신선,2
극기,2
야구,2
지려,2
킬로,2
안성,2
재고,2
공개,2
반년,2
양손,2
곱창,2
닭갈비,2
원리,2
해파,2
양평,2
베네치아,2
신중,2
지혜,2
스프링,2
하이볼,2
머쉬룸,2
잠옷,2
텐션,2
모양새,2
기원,2
장인,2
프로모션,2
순례,2
신논현,2
배웅,2
고도,2
브라운,2
쇼룸,2
평창동,2
누님,2
마인드,2
수평,2
버너,2
정예,2
염려,2
산발,2
시카고,2
열풍,2
액션,2
달력,2
대낚시,2
로그,2
바깥쪽,2
아마도,2
라이트,2
스케일,2
스웰,2
따름,2
이리,2
낙지볶음,2
튜버,2
잔소리,2
꼬우,2
타도,2
불평,2
변의,2
숙박비,2
포진,2
에이스,2
절경,2
가스,2
평양냉면,2
와상,2
트기,2
경주,2
트렁크,2
페퍼,2
비번,2
자율,2
이동하,2
워킹,2
위장,2
알로하,2
우여곡절,2
플랜,2
집기,2
물음,2
안남,2
가리비,2
웃음꽃,2
닭도리탕,2
스피드,2
주전자,2
푹신,2
양치,2
하단,2
마우스,2
창건,2
반상,2
파이프,2
본업,2
악기,2
원적외선,2
시원,2
영하,2
약수터,2
야구공,2
알레르기,2
처분,2
예매,2
공주,2
이본느,2
동창,2
바라,2
진동,2
속세,2
접니다,2
암쪽,2
타이트,2
테이크아웃,2
애용,2
봉오리,2
압권,2
자루,2
제육,2
일본인,2
임신,2
브리핑,2
드랑,2
강변,2
속살,2
묘적,2
공동,2
스파게티,2
금빛,2
이성우,2
누룽지,2
히트,2
페플로우,2
피타,2
직장,2
저녁거리,2
마포,2
콜롬비아,2
최신,2
반면,2
지하,2
갈증,2
직행버스,2
바가지,2
싱글,2
타보,2
달걀,2
규정,2
돌고래,2
상자,2
긍정,2
자국,2
휴식처,2
압력,2
즉흥,2
콜드,2
당도,2
동기,2
모닥불,2
뚝배기,2
적용,2
사비나,2
찬바람,2
호흡,2
서방,2
띠끄,2
본가,2
클라스,2
향호리,2
브릭,2
이불속,2
천둥,2
카인,2
오일장,2
콧물,2
섭취,2
전파,2
생물,2
앞머리,2
선사,2
야밤,2
타워,2
자외선,2
감정,2
지지,2
애인,2
고무,2
과식,2
촛불,2
강타,2
화상,2
니즈,2
게임기,2
명품,2
신명,2
저긴,2
밧데리,2
예감,2
문전,2
라이터,2
오징어순대,2
내비,2
스카이,2
방사제,2
거절,2
제때,2
동행,2
스킵,2
내륙,2
뽀뽀,2
탕수육,2
전광판,2
테크,2
컴퍼니,2
본지,2
팀장,2
디지털,2
바구니,2
나날,2
정직,2
움직임,2
풀가동,2
아야진,2
게시,2
공터,2
피클,2
벽돌,2
이타이,2
후유증,2
인조잔디,2
훈제,2
트라우마,2
명당,2
화재,2
트랜,2
회복,2
충동,2
물결,2
영수증,2
컷팅,2
떨기,2
오예,2
티맵,2
진열장,2
혼란,2
길이,2
뷔페,2
마성,2
경사,2
성적,2
출구,2
색달,2
곤욕,2
포도,2
발길,2
거북바위,2
여부,2
스탠딩,2
러스,2
단비,2
차서,2
무말랭이,2
출수,2
가야지,2
동서고속도로,2
일전,2
뮤지션,2
과테말라,2
슬로우,2
라디오,2
무얼,2
증정,2
물치항,2
횟수,2
스트로베리,2
소량,2
일회용품,2
청량감,2
마무,2
출입구,2
시멘트,2
교통비,2
유의,2
이탈,2
취기,2
방황,2
부도,2
밥맛,2
수행,2
노곤,2
티슈,2
명란,2
친화,2
군만두,2
독채,2
공기통,2
기름기,2
여름밤,2
커뮤니티,2
장호항,2
영지,2
일본어,2
뷰티,2
웍스,2
초록색,2
대왕,2
레드락,2
애호박,2
레벨,2
공소,2
부비,2
티오,2
자격증,2
적극,2
코끼리,2
손길,2
반입,2
통과,2
여인,2
다정,2
비품,2
습기,2
아이더,2
우수,2
진정,2
청어,2
코스트코,2
필름,2
초전,2
저지,2
번개,2
군더더기,2
솔로,2
소맥,2
가동,2
현서,2
녹차,2
턱밑,2
바이킹,2
치맥,2
정암,2
양자,2
프리다이빙,2
간대,2
토시,2
동명,2
사도,2
실행,2
빙구,2
탄두리,2
취득,2
콜라보,2
슬라이스,2
번화가,2
가여,2
회색,2
관찰,2
정모,2
감격,2
무생채,2
주문리,2
얼음물,2
생동,2
신뢰,2
쿠션,2
스쿨버스,2
천안,2
아라,2
마스크,2
요량,2
트레이닝,2
성도,2
너모,2
패턴,2
가로수길,2
대다수,2
국가,2
조하,2
실리콘,2
킬러,2
보가,2
캐치,2
대여료,2
동거리,2
뒷발,2
밤거리,2
톨게이트,2
지랄,2
필리핀,2
호일,2
송이버섯,2
내공,2
방명록,2
헤어,2
의의,2
빅보이,2
꽃다발,2
접수,2
보증금,2
아줌마,2
동의,2
슬픔,2
후드,2
물장구,2
입속,2
뚜기,2
긴장감,2
닭발,2
일러스트,2
스툴,2
프로젝트,2
성분,2
청시,2
뒤편,2
피크닉,2
오르막길,2
두입,2
조형물,2
학년,2
금전,2
유입,2
비스,2
하산,2
낙원,2
상기,2
전문가,2
오뚜기,2
고래,2
운명,2
공복,2
쌀밥,2
신속,2
마을버스,2
어린아이,2
푸켓,2
특화,2
어죽,2
자주,2
불굴,2
점수,2
호기심,2
폴리오,2
공인,2
걸까,2
게르,2
신의,2
핫초코,2
욕망,2
선착순,2
간도,2
소울,2
싱크로,2
신이,2
봉투,2
오디,2
받침대,2
허허,2
아까,2
돌출,2
전국구,2
강릉역,2
무절,2
이용소,2
자연산,2
앨범,2
춘장,2
자전거길,2
대요,2
토스,2
리부,2
망둥이,2
부대시설,2
청포도,2
스킬,2
대충,2
보쌈,2
수퍼,2
수전,2
성과,2
중급반,2
물컵,2
산호초,2
덩치,2
우먼,2
투숙객,2
상권,2
철판,2
체다,2
삼각김밥,2
교회,2
애미,2
성게,2
고고고,2
의향,2
흡족,2
근래,2
순례자,2
이이,2
밀착,2
요래,2
피스,2
정독,2
손목,2
볼파크,2
엽서,2
분노,2
탄성,2
육아,2
차이점,2
석양,2
스토리,2
미닫이,2
생전,2
계좌,2
메르,2
난로,2
시범,2
테라,2
립니,2
압축,2
시식,2
우승자,2
수납,2
박준형,2
유리컵,2
수확,2
요번,2
하루하루,2
나열,2
조대,2
백만,2
백두대간,2
개수대,2
강변역,2
깡패,2
최상급,2
식수대,2
사용료,2
첨가,2
송재림,2
통째,2
불판,2
반칙,2
민수,2
수운,2
제거,2
습식,2
몸치,2
군소,2
원인,2
소풍,2
니모,2
채비,2
내도,2
블루,2
열무김치,2
자야,2
빈자리,2
위협,2
수련,2
병맥주,2
장안,2
인지,2
포켓몬,2
호스트,2
강현면,2
스카프,2
의뢰인,2
형아,2
불향,2
밸런스,2
몸무게,2
무선,2
쭈쭈,2
그녀,2
구죽,2
각오,2
브로콜리,2
비축,2
지향,2
마냥,2
현대식,2
투하,2
서프라이즈,2
코트,2
대진항,2
식자재,2
나이프,2
오래,2
수백,2
로데오,2
분석,2
해안도,2
주도,2
주인공,2
주가,2
매점,2
소년,2
근교,2
혈압,2
몸짱,2
참자,2
수압,2
재촉,2
진득,2
충격,2
포켓,2
지면,2
광진리,2
만족도,2
분홍색,2
공존,2
오븐,2
사과,2
손양,2
초심자,2
사진기,2
원두커피,2
쓰리,2
파고,2
허브,2
전달,2
실사,2
로맨스,2
에프,2
연구,2
껍질,2
거북이,2
삼매경,2
누군지,2
경포,2
굴뚝,2
요약,2
신세,2
박지윤,2
상차림,2
오실,2
맥주잔,2
분홍,2
시청각,2
다이어리,2
엉망진창,2
근접,2
오른발,2
잠비,2
닥터페퍼,2
철골,2
다면,2
밤하늘,2
투나잇,2
주무,2
울음,2
현상,2
부표,2
디피,2
폭식,2
덕평,2
새우볶음,2
맥락,2
연령,2
제철,2
초밥,2
박자,2
빗물,2
직장인,2
올라운드,2
방어회,2
결혼식,2
전투,2
투게더,2
드림,2
골드,2
꼬막,2
신식,2
앞발,2
내역,2
성인병,2
해맞이,2
쥔장,2
수명,2
활기,2
세레,2
차도,2
처리,2
충전기,2
방문자,2
연말,2
오바,2
품격,2
선명,2
로맨틱,2
뒷자리,2
도암,2
파이어볼,2
아스파라거스,2
업무,2
크림소스,2
머치,2
비행기,2
시골길,2
용이,2
전골,2
샤브샤브,2
바알,2
귓가,2
구글,2
발산,2
해루,2
이천희,2
서명,2
장터,2
대문,2
명단,2
입고,2
좌우,2
레이싱,2
고무보트,2
황치열,2
오디오,2
어부,2
비결,2
파악,2
영덕,2
방문기,2
돌입,2
초상권,2
자석,2
평상시,2
정지,2
일곱,2
워밍업,2
유학,2
이튿날,2
상천,2
팻말,2
발등,2
장용,2
증가,2
게요,2
플렛,2
접선,2
참가자,2
소통,2
흑당,2
기점,2
초저녁,2
남해,2
쌈밥,2
어려움,2
말썽,2
수첩,2
타투,2
예측,2
도망,2
킹크,2
최종,2
꼬락,2
저녁때,2
순대,2
야자나무,2
경사면,2
뱃사람,2
나폴리,1
당연,1
대학교,1
한평생,1
너울,1
커트,1
곱빼기,1
케일,1
물리,1
방치,1
버블티,1
핵심,1
미장,1
얼만,1
앉은뱅이,1
어초,1
녀성,1
텃밭,1
정호석,1
공감대,1
부운,1
고유,1
토종,1
차거,1
이동한,1
개구장이,1
봄철,1
외할머니,1
급진,1
생신,1
자러,1
아동,1
사막,1
슬라임,1
어버이날,1
차양,1
소득,1
임연수어,1
밤마실,1
들살,1
스콘,1
김칫국,1
흰자,1
후광,1
농어,1
니랑,1
신설,1
총무,1
첫걸음마,1
하강,1
난거,1
마감재,1
커스텀,1
장혁,1
피날레,1
교직원,1
명성,1
장창,1
구래,1
드레,1
계조암,1
잔치,1
건립,1
앙리,1
일간,1
그땐,1
고양,1
젤라,1
나이층,1
퓨저,1
오지,1
삼성,1
여미,1
미식,1
유유자적,1
견과,1
대수,1
꽃가루,1
스네이크,1
세여,1
상념,1
허탕,1
강대주,1
갯마을,1
집개,1
명암,1
시트,1
그치,1
찻잔,1
일본풍,1
길옆,1
장악중,1
부장,1
진주,1
겨울날,1
이창남,1
킹스맨,1
싱기,1
릴낚시,1
슈퍼마켓,1
덮개,1
게이,1
속상,1
블라인드,1
트리밍,1
어거스트,1
카세트,1
숙박료,1
부포,1
거긴,1
원고,1
봉포항,1
증명,1
포장지,1
스타드,1
실속,1
익사,1
평타,1
알음알음,1
축음기,1
용평,1
세차,1
건어물,1
유연제,1
오이장아찌,1
선유도,1
미나리,1
낙산항,1
폐업,1
마트로,1
할매,1
대인,1
상한가,1
수징,1
이정식,1
전설,1
은빛,1
무모,1
최단,1
이슬,1
인사이트,1
뒷마당,1
옥슈슈,1
에볼루션,1
개츠비,1
봉가,1
고동,1
시골집,1
화살표,1
시즈,1
물부추,1
대별,1
선장,1
만조,1
나드리,1
아이시스,1
버거킹,1
청경채,1
투정,1
어군,1
고독,1
회포,1
유안,1
연탄집게,1
크리스탈,1
노트,1
진열대,1
분류,1
전명,1
박제,1
코치,1
범상,1
대동여지도,1
갈등,1
조롱박,1
초창기,1
미대,1
제니스,1
클래식,1
핑거,1
색칠,1
해일,1
산토리니,1
모래바람,1
올림픽대로,1
남음,1
조적,1
이카,1
해전,1
트래블,1
탈해,1
발란스,1
테헤란로,1
디제이,1
숨소리,1
봉사,1
임대료,1
집집,1
현아,1
차림,1
본능,1
원칙,1
종지,1
길바닥,1
터파,1
아웃도어,1
덤퍼,1
러프,1
우국,1
내눈엔,1
이스,1
스타나,1
江山,1
페인트,1
순번,1
신앙,1
불전,1
연화대,1
근대,1
감안,1
여름옷,1
피드백,1
유리잔,1
고린내,1
퇴김,1
캐빈,1
프로젝터,1
옷가지,1
별맛,1
야산,1
데자뷰,1
물통,1
하수,1
옥식,1
구변,1
안면,1
제이,1
피톤치드,1
견인,1
배민,1
원체,1
관찰자,1
보안,1
백조,1
마운틴뷰,1
게철,1
사야,1
취사도구,1
베리,1
예관,1
차나,1
말자,1
라상,1
댓바람,1
아티스트,1
탈시,1
단기,1
자라,1
리티,1
앞사람,1
루피,1
반실,1
보스턴,1
식비,1
졸음운전,1
피로도,1
오차,1
옥토퍼스,1
특가,1
성웅,1
우롱차,1
요원,1
다마,1
복음,1
사살,1
충혼탑,1
이태원,1
에오,1
서윤,1
매립,1
동태,1
무언,1
명치,1
지양,1
끼니,1
사탕,1
저그,1
주유소,1
생선포,1
데스크,1
통나무,1
숙면,1
핑인,1
스파클,1
돌섬,1
엑스트라,1
버스타,1
무력감,1
오르세,1
본다이비치,1
안습,1
철장,1
노천,1
시프,1
네요,1
볼락,1
사우,1
아즈,1
순댓국,1
외각,1
로스팅,1
싸가,1
반신반의,1
보호자,1
설명서,1
트릴,1
향신료,1
커텐,1
산나물밥,1
아네,1
추신,1
애견인,1
종착지,1
레프,1
교무실,1
풀뿌리,1
히비스커스,1
타의,1
다운타운,1
야영객,1
차자,1
무니,1
미녀,1
토론,1
이하진,1
듀크,1
준형,1
수염,1
고새,1
통닭,1
마르코,1
윗머리,1
완선,1
이면수,1
두들,1
정량,1
승강장,1
소떡,1
폭탄,1
선탠오일,1
니콘,1
그래퍼,1
내것,1
배당,1
합체,1
트레이,1
울산바위,1
왕래,1
완비,1
해수면,1
아메,1
독과,1
그걸루,1
인솔,1
모지,1
공정,1
일치,1
월말,1
아지즈,1
운무,1
머리숱,1
협의,1
암거,1
검증,1
스지,1
드라고,1
갈일,1
수상,1
다미,1
우면,1
사이공,1
패자,1
전라도,1
알찬,1
참돔,1
메르스,1
스텐실,1
용객,1
장국,1
코스피,1
망치,1
석상,1
함량,1
탄화,1
완존,1
웨인,1
이박,1
감독,1
화질,1
추천요,1
구덩이,1
물빛,1
강동,1
버럭,1
저층,1
입꼬리,1
저쪽,1
탐기,1
코기,1
밥반찬,1
여행가,1
어느것,1
하임,1
영농,1
원더,1
면추,1
밍키,1
미러볼,1
커밍,1
지휘자,1
칠리소스,1
수저통,1
따윈,1
미리,1
전과,1
샤샤,1
네트,1
야수,1
긍가,1
마리아,1
토커,1
백종원,1
테마,1
세압,1
자력,1
불신,1
인친,1
체구,1
티라,1
인시,1
노르웨이,1
깻잎장아찌,1
전라남도,1
눈도장,1
광합성,1
액세서리,1
가자미회,1
리식,1
레인,1
강좌,1
불두화,1
허준,1
주유,1
네이,1
손재주,1
기암,1
브래드,1
라자냐,1
콘테,1
게르치,1
스위트,1
등불,1
질주,1
좌표,1
가짓수,1
벤트,1
천변,1
감이,1
코피,1
도운,1
두근거림,1
아름,1
경각심,1
입맞춤,1
장명,1
래스,1
연박,1
재지,1
스테인리스,1
방광,1
기아,1
페라,1
꼬까옷,1
애증,1
시설물,1
승리,1
천진,1
리치,1
발전기,1
탐방,1
저녁노을,1
반경,1
돈데,1
정글,1
실루엣,1
아주머님,1
관통,1
분방,1
고슴도치,1
정평,1
반발,1
소용돌이,1
샤도,1
정막,1
몇일,1
총각,1
썸머,1
맨몸,1
양심,1
인줄,1
미니어처,1
중앙로,1
와리,1
혼쭐,1
방댕이,1
리유,1
트레이너,1
중수,1
주시,1
자녀,1
존중,1
해초류,1
상계동,1
술자리,1
학부모,1
통합,1
자포,1
이맘때,1
체어,1
선임,1
자동,1
드라이플라워,1
뒷날,1
작렬,1
유아,1
밤손님,1
범벅,1
섞어찌개,1
고령화,1
레일바이크,1
저도,1
웨더,1
홀러,1
친환경,1
금지명령,1
각성,1
저스트,1
치맛바람,1
김남준,1
변태,1
백수,1
일과,1
을왕,1
본고장,1
신라,1
장벽,1
간기능,1
산기,1
인목,1
가열,1
건폐율,1
당목,1
이학용,1
형용,1
트러블,1
협연,1
자려,1
인적,1
원터치,1
겸용,1
가속,1
젤리,1
타자기,1
정암리,1
동부,1
근심,1
희소성,1
게르만,1
게딱지,1
무박,1
발끝,1
오자,1
핑클,1
가시,1
일주,1
할리데이,1
우체통,1
먹이,1
참가자미,1
삼각,1
나발,1
컨버터블,1
행선지,1
격파,1
최고봉,1
이랑,1
남부,1
붙박이장,1
대실,1
임준형,1
레잇,1
고막,1
깨소금,1
완행,1
암놈,1
내맘대로,1
야식,1
액티비티,1
배수구,1
임팩트,1
카프리썬,1
계령,1
이자세,1
선전,1
돈독,1
왈든,1
디귿,1
동그라미,1
페이크,1
편집장,1
서요,1
워커,1
묘약,1
대전,1
포르투갈,1
하유,1
먹을거리,1
재료비,1
채택,1
순식,1
해요,1
난국,1
초보자,1
바람아,1
천주교인,1
쫄쫄이,1
링컨,1
질감,1
태도,1
맥도날드,1
머리맡,1
내것이,1
허무,1
초고,1
우고,1
독점,1
철권,1
무라사키,1
어딘지,1
디럭스,1
경부선,1
중장비,1
레츠,1
랜딩,1
전동,1
대목,1
행렬,1
실에,1
크로스컨트리,1
내새,1
롱고롱고,1
팝오버,1
양질,1
꽃샘추위,1
네스퀵,1
큐어,1
포르투,1
검은깨,1
라운,1
도루묵,1
문방구,1
대미,1
공파,1
창틀,1
공돌이,1
홀리스,1
빗줄기,1
선원,1
독도,1
애주가,1
리셉션,1
중고생,1
원카드,1
서희,1
모션,1
화이팅,1
에폭시,1
몰골,1
피카소,1
퇴치,1
제부,1
풍선,1
까만색,1
마력,1
별일,1
통산,1
탁방,1
소질,1
더블데이트,1
충족,1
소비,1
내실,1
공영석,1
김초,1
탐사,1
데모,1
중개사,1
처방,1
후문,1
정국,1
공신,1
파라곤,1
텐트촌,1
야양,1
순천,1
홀릭,1
토요,1
그라운드,1
라우스,1
편육,1
합석,1
복문,1
수양버들,1
주머니,1
수송,1
이용원,1
짱뚱어,1
촬영장,1
찡찡이,1
꽃봉,1
할리스,1
윷놀이,1
산타페,1
광주광역시,1
우사,1
사워,1
천사,1
꽃무늬,1
우려,1
해경,1
역광,1
김희애,1
옹기,1
인간미,1
전환,1
요리왕,1
숫가락,1
쌀집,1
생김새,1
복만,1
고데,1
빨래방,1
부름,1
행로,1
관리인,1
명주,1
브라,1
사면,1
불알친구,1
페북,1
바리,1
스몰토크,1
심신,1
단일,1
寂寞,1
귀촌,1
자켓,1
포켓몬스터,1
오락,1
싸이,1
알감,1
음성,1
민지,1
실링,1
소극,1
첫해,1
치매,1
가스버너,1
리딩,1
한번,1
고기반찬,1
리프트,1
콧바람,1
비나,1
봉봉,1
고질,1
서른,1
피큐어,1
하드,1
비트윈,1
선스,1
투입,1
관심사,1
미러,1
기류,1
볼링,1
생필품,1
뭔진,1
레몬차,1
용소,1
화장품,1
만득,1
북미,1
로하,1
몸짓,1
표출,1
논리,1
친숙,1
부시,1
아무거,1
돼지감자,1
관섭,1
목장,1
더지,1
월드,1
소유,1
회의,1
열시,1
중광정,1
로브,1
카시트,1
칼럼,1
건축가,1
건조대,1
들것,1
출항,1
고체,1
첫걸음,1
남발,1
뭔가요,1
마세오,1
단가,1
깡통,1
동갑,1
원단,1
홍익인간,1
빙어,1
끼어들기,1
천진난만,1
여념,1
스커트,1
인산인해,1
괴물,1
요운,1
이화여대,1
야호,1
타발,1
칠판,1
가창력,1
따님,1
장실,1
테리아,1
예비,1
점퍼,1
녹색,1
복서,1
전임,1
비낭,1
서브,1
다발,1
설명문,1
나시,1
정의,1
뼈다귀,1
장식장,1
명장면,1
의뢰,1
타지,1
부적응,1
치열,1
트랩,1
결별,1
빈도,1
생존,1
아케이드,1
할만,1
뇌리,1
웨스턴,1
사모,1
구황,1
낙서,1
이송,1
실세,1
브랜뉴,1
국그릇,1
가죽,1
귀요,1
기본스,1
중부고속도로,1
그분,1
불문,1
광란,1
송진,1
치레,1
리자,1
귀걸이,1
팔씨름,1
손실,1
샌드,1
후리,1
미술관,1
방배역,1
목격,1
강사진,1
탄산수,1
리드,1
요니,1
수레,1
허접,1
태동,1
저금리,1
모퉁이,1
진초,1
동갑내기,1
군데군데,1
통행료,1
상점가,1
이라니,1
절정,1
맏이,1
부녀,1
귀용,1
별건,1
밑그림,1
부둣가,1
황순원,1
갈게,1
율리아,1
속전속결,1
짐작,1
인피,1
판타스틱,1
스캐닝,1
아메리카,1
민들레,1
선구리,1
화랑,1
뭉크,1
알지,1
마왕,1
해우소,1
작열,1
초순,1
주거,1
카모,1
구점,1
바이브,1
핑시,1
피부색,1
델피노,1
전소,1
작정,1
노래자,1
내노,1
반스,1
자개,1
행복감,1
회지,1
블링,1
적막강산,1
수은주,1
품목,1
호출,1
밀짚모자,1
미디,1
이참,1
중풍,1
수북,1
시망,1
하와이인,1
나포,1
인스턴트,1
요플레,1
팬케이크,1
우임,1
부정,1
셔츠,1
수학,1
싸이트,1
충주,1
자정,1
니라,1
로이즈,1
식욕,1
파이터,1
개구리,1
대변,1
발품,1
잔파도,1
카카오,1
초소,1
쿠팡,1
바짓가랑이,1
소름,1
체증,1
공중,1
마루,1
보리자,1
금방,1
인도네시아,1
탕진,1
집우,1
활력,1
열외,1
얼떨결,1
신발장,1
비니,1
야합,1
크러쉬,1
비석,1
재킷,1
용왕,1
구릿빛,1
앵두,1
파지,1
장칼,1
그래프,1
산토리,1
러지,1
시퍼,1
유가,1
조율,1
세션,1
뒷전,1
브리오,1
소인,1
갈매,1
로우,1
지출,1
흰색,1
모먼트,1
밀착력,1
패닉,1
농업기술센터,1
전의,1
한동안,1
누적,1
달팽이,1
가습기,1
가효,1
노처녀,1
옥외,1
방광염,1
견동,1
위아래,1
여학생,1
사무국,1
물귀신,1
권혁인,1
휴양,1
지폐,1
한시,1
차세,1
학도,1
자막,1
경위서,1
전도사,1
안염,1
예약자,1
사서,1
피카츄,1
초점,1
기사문항,1
체리,1
게디,1
박시,1
베이지,1
상급자,1
귀염둥이,1
기력,1
최상품,1
보충,1
와셔,1
메이,1
윤태호,1
관음보살,1
청량리,1
사북,1
인터,1
컨디,1
플래스,1
하진,1
덕담,1
복부,1
볼륨,1
네다섯,1
불상,1
고사리,1
원장,1
촌놈,1
서예,1
테트라,1
걸텐데,1
단강,1
포메라니안,1
패러글라이딩,1
오스트랄로피테쿠스,1
세븐,1
만원,1
근린,1
머리통,1
말투,1
브리즈,1
부위,1
사와,1
레알,1
랑군,1
가려,1
소치,1
연륜,1
맥타비쉬,1
웨지,1
간몰,1
반주,1
부합,1
풍광,1
일식집,1
생선회,1
농촌,1
피시방,1
오만,1
갤러리,1
블록,1
출시,1
요양,1
조코,1
호청,1
치노,1
인격,1
아래쪽,1
에센스,1
오대산,1
이영희,1
농담,1
오순,1
앙탈,1
전원,1
성화,1
대동,1
프랜,1
응용,1
생략,1
최강,1
구매욕,1
입음,1
자릿세,1
진수,1
오른팔,1
초김,1
지역광고,1
세일,1
아포가토,1
모니카,1
날개,1
공설,1
관음,1
장아찌,1
의기소침,1
국민,1
진하,1
짝수,1
도청,1
경매,1
특장,1
타기,1
들깨,1
협회,1
느끼,1
자판기,1
가실,1
트리플,1
할로윈,1
클라이밍,1
티샤쓰,1
애초,1
노천탕,1
스모,1
썩소,1
돌기,1
타란,1
리듬,1
상대사,1
헤이즐넛,1
칸막이,1
듀듀,1
극인,1
호미,1
챠트,1
찜질방,1
폐점,1
더블린,1
해오름,1
정강,1
망양정,1
산등,1
물냉면,1
초석,1
레몽,1
수도꼭지,1
칼집,1
용환,1
청중,1
조니,1
캘리 ,1
경계인,1
군내,1
부유물,1
유행어,1
비커,1
대피,1
의존,1
진도,1
남가,1
휴양소,1
우승,1
농지,1
문패,1
휴게,1
지오,1
보크,1
자나,1
타파,1
조사법,1
뙤약볕,1
이용권,1
단잠,1
구스,1
부호,1
용대,1
오프쇼어,1
수여,1
폭발음,1
거주지,1
교류,1
서약서,1
채취,1
조우,1
어젯밤,1
정자형,1
차창,1
까까,1
심어,1
대식가,1
소계,1
착즙,1
메이커,1
의분,1
가슴살,1
페인팅,1
산봉우리,1
필리프,1
시중,1
정선,1
분포,1
명물,1
원택,1
수역,1
전형,1
후아,1
짝짜꿍짝짜꿍,1
지도자,1
선규,1
명도,1
능선,1
마려,1
서초,1
잉어,1
청초호,1
꽃말,1
매니,1
작장,1
사지,1
비스트,1
충인,1
독차지,1
골칫거리,1
케케,1
삽입,1
내지,1
카하나모쿠,1
파프리카,1
앤데,1
발차기,1
메라,1
재떨이,1
장행,1
지윤,1
족욕,1
별명,1
진화,1
포말,1
요령,1
항마,1
최민규,1
백도,1
양털,1
기라,1
초벌,1
복근,1
국과,1
게여,1
터보,1
포지셔닝,1
술알,1
기러기,1
손오공,1
중광정리,1
배탈,1
메이드,1
베베이,1
아지매,1
대학,1
생일맞이,1
기타큐슈,1
정답,1
법당,1
기부,1
쾌정,1
삼조,1
위급,1
초원,1
피쳐,1
난류,1
티몬,1
검색어,1
가치,1
정산,1
재문,1
릴렉스,1
왼손잡이,1
거시,1
평온,1
대조,1
알파,1
음악제,1
리신,1
대하,1
우공,1
소망,1
숙주,1
붕붕이,1
너자,1
무겁,1
교정,1
취파,1
황태현,1
접이식,1
일손,1
주입식,1
놀이터,1
스테프,1
세훈,1
아가야,1
실정,1
동참,1
불야성,1
독일,1
백색,1
프라이즈,1
줄무늬,1
근육질,1
출몰,1
세수,1
방충망,1
얼리,1
숭어,1
목줄,1
요걸,1
베이비,1
주목,1
이열치열,1
라오,1
대판,1
찰리,1
굴삭기,1
투사,1
패드,1
청소년,1
스니커즈,1
마찰,1
트레,1
오브,1
정말,1
때밀이,1
냉동식품,1
다은,1
합성,1
설광,1
포니,1
여력,1
단골손님,1
개인용,1
예절,1
갱장,1
성수,1
파스,1
게스,1
새지,1
캄보디아,1
결단력,1
확산,1
벨트,1
유니세프,1
발자국,1
싹쓸이,1
굿모닝,1
자급자족,1
추종,1
승전,1
반사판,1
만화방,1
참하,1
선두,1
버그,1
최신식,1
김태형,1
김박사,1
지평,1
불면증,1
거부감,1
메이트,1
옥색,1
가로세로,1
가본적,1
竹島,1
창고,1
모녀,1
가면무도회,1
한곳,1
온돌,1
중매인,1
현충일,1
겨울옷,1
자발,1
산매,1
메기,1
앞자리,1
카리스마,1
향호,1
하필,1
내사,1
꽃단장,1
기기,1
개봉,1
돌멩이,1
사조,1
수익,1
안내도,1
사용자,1
부적,1
여아,1
역활,1
헬로,1
레트로,1
웬일,1
굴곡,1
토와,1
부티,1
오미,1
삿포로,1
시스,1
엠티,1
승휘,1
금식,1
울타리,1
순수,1
현미,1
아차,1
위풍당당,1
장기간,1
극찬,1
스윗,1
바도,1
로프,1
기라델리,1
이수린,1
계란밥,1
산이,1
바텀,1
개안,1
은퇴,1
임기,1
부우,1
관음상,1
들꽃,1
주말여행,1
일념,1
야심,1
복지,1
과음,1
섬강,1
감자떡,1
초면,1
호재,1
송교,1
몸부림,1
난가,1
내꺼야,1
버드와이저,1
짠지,1
옥장,1
아우,1
오장군,1
마니아,1
집수,1
신생아,1
복기,1
국장,1
밤길,1
발색,1
세포,1
수제비,1
다리털,1
이끼,1
대환영,1
사무장,1
산하,1
사제관,1
독려,1
수년,1
부니,1
착화,1
하이닉스,1
장롱면허,1
환자,1
농사일,1
뭘까,1
여사,1
근육통,1
주먹,1
용보,1
샹들리에,1
스터,1
인쇄,1
양해,1
구체,1
발행,1
주영아,1
번개탄,1
이지수,1
암산,1
주점,1
비자,1
출신,1
여태,1
고독감,1
확인서,1
해방,1
민자,1
보름날,1
시시,1
어따,1
식별,1
방탄,1
카페오레,1
극도,1
어처,1
한강,1
인스,1
행서,1
무척,1
괴암,1
캣츠,1
외출,1
양분,1
고추장,1
측정,1
겸사,1
크레이지,1
에스라,1
로꼬,1
공룡,1
박치원,1
아임,1
간접,1
신바람,1
빨강이,1
상원,1
스크램블,1
결혼기념일,1
창문틀,1
색색,1
대책,1
북카페,1
수영도,1
추측,1
스텐,1
분제,1
레드와인,1
눈인사,1
산티아고,1
심판,1
기염,1
개아들,1
상온,1
그라인더,1
한가,1
경도,1
바탕,1
라장,1
번잡,1
머리카락,1
문지,1
안산,1
광주,1
형제애,1
유사,1
영혼,1
라쎄,1
준민이,1
동막,1
사물함,1
바스켓,1
연사,1
꽃구경,1
멘탈,1
릭슈,1
고대,1
연곡,1
비뇽,1
트리,1
숨쉬기,1
우의,1
보상,1
큰곰자리,1
엄정화,1
동쪽,1
프랑,1
고찰,1
부품,1
초면인,1
어물,1
콜리,1
탁자볼락,1
주현,1
인보드,1
창업,1
자신감,1
기승,1
아로니아,1
회무,1
콘텐츠,1
스테레오,1
켄싱,1
에티오피아,1
가민,1
매월,1
횡단,1
경비병,1
시안,1
한조,1
흡기,1
음미,1
다큐,1
여친,1
랜치,1
대중,1
고속철도,1
등치,1
걸음마,1
벽지,1
조아름,1
네온사인,1
망토,1
고심,1
봉파,1
전도,1
방대,1
지현,1
완행버스,1
쑥갓,1
예상외,1
스타킹,1
소무,1
악당,1
바둑판,1
가사,1
명이,1
려고,1
스텔스,1
시크,1
루지,1
상실,1
거침,1
이원택,1
만렙,1
주식,1
종석,1
체육공원,1
밤중,1
아래위,1
밤공기,1
멕시코,1
도담,1
가수,1
막차,1
유원지,1
짜리,1
트로피컬,1
여행사진,1
어구,1
알프,1
조과,1
런지,1
형부,1
최유,1
실합,1
인삼,1
이상원,1
커팅,1
영화관,1
스물,1
아톰,1
복권,1
해달,1
숙식,1
노동,1
인덕션,1
오라버니,1
메시지,1
쭈니,1
강습료,1
대중목욕탕,1
찬양,1
건의,1
패디,1
민속,1
위염,1
해면,1
필라테스,1
해초,1
군고구마,1
구경하,1
편성,1
청명,1
시당,1
맘속,1
피딩,1
합숙소,1
올드,1
애일,1
타시,1
콜레스테롤,1
시음,1
카루마,1
입고도,1
타이탄,1
애착,1
플룸,1
작목,1
중동,1
유쾌,1
가부,1
아시아,1
습격,1
아이돌,1
남성,1
세편,1
벌립,1
기종,1
수지,1
살균,1
빗자루,1
단장,1
충남,1
격인,1
헤나,1
노니,1
리버,1
입점,1
고기만두,1
이메일,1
임연수,1
캐모마일,1
홍련,1
잭슨,1
김진훈,1
셔링,1
배이용,1
다소,1
부각,1
롤러스케이트,1
화이트로,1
복구,1
행이,1
행담,1
고치,1
카로,1
함스,1
토찌,1
덧신,1
목석,1
효율,1
청둥오리,1
출력,1
갈림길,1
놀자,1
낭군,1
하대용,1
시티,1
박람회,1
팔선,1
과회,1
기인열전,1
폐인,1
문길,1
정착지,1
배신,1
슬럼프,1
폴리네시아,1
뱀부,1
국산,1
다과상,1
항아리,1
보컬,1
품질,1
장시간,1
오죽헌,1
루즈,1
극치,1
소도시,1
정점,1
아랑,1
당신,1
누림,1
통화,1
참을성,1
돌돔,1
오키나와,1
미니미,1
불행,1
현우,1
상품명,1
관광차,1
피리어드,1
보호제,1
온지,1
땅파기,1
보일링,1
비슨,1
전신주,1
식혜,1
낙오자,1
제조,1
손주,1
봇물,1
시너지,1
잔교리,1
진단,1
비산,1
친지,1
오일,1
폴리,1
수록,1
수타,1
프라이팬,1
봉변,1
래인,1
영동선,1
리도,1
열성,1
킹사이즈,1
해수욕객,1
록스,1
상대,1
찍자,1
삭스,1
온종일,1
철재,1
지력,1
창업자,1
코바늘,1
성당,1
고모,1
리시,1
초여름,1
희수,1
격려,1
혹한기,1
스테인,1
하네,1
달리기,1
고자,1
지라,1
프렌치프라이,1
등짝,1
핑러,1
자진,1
탄력,1
점핑,1
중학생,1
멀티,1
하싱,1
한가위,1
작물,1
제재,1
복습,1
끼니때,1
인사장,1
비올,1
여주,1
펠레그리노,1
지갑,1
레인보우,1
종기,1
아크,1
오리지널,1
대흥역,1
동호인,1
매표소,1
제도,1
간살,1
가리,1
변두리,1
점화,1
합의,1
남용,1
거짓,1
선점,1
씨알,1
웨어,1
개당,1
소장,1
꼬야,1
산거,1
구장,1
표류,1
가희,1
후회막심,1
팔순,1
회고,1
청궁,1
스크럼,1
그리기,1
수혜,1
골든,1
부시리,1
담비,1
방축도,1
컨트리,1
위스키,1
영진,1
요정,1
프렌치,1
김석진,1
비안,1
잡탕,1
당구대,1
이기도,1
바리스타,1
토치,1
자랑거리,1
글쓰기,1
꽃차,1
고소공포증,1
손짓,1
예비군,1
입상,1
쇼퍼,1
구주,1
소녀,1
소방차,1
수라상,1
돼지국밥,1
구면,1
오로나,1
눈시울,1
대서,1
두루마리,1
양면,1
우주,1
육상,1
큐브,1
페욜,1
자형,1
각지,1
라이센스,1
일산,1
옷걸이,1
예거,1
주기,1
귀염,1
쓰레기통,1
구령,1
허세,1
출입금,1
지능,1
미어캣,1
패커,1
트렌드,1
사기,1
국방,1
구영,1
운동장,1
서고,1
컨설턴트,1
기모,1
누들,1
발모가지,1
전지훈련,1
각양각색,1
요염,1
낙점,1
비와,1
남방,1
승선,1
기전,1
불법,1
장난꾸러기,1
민간인,1
번창,1
기법,1
고원,1
차오,1
점서,1
모태,1
한옥,1
눈앞,1
외옹,1
뉴트,1
원액,1
카라,1
기석,1
모래시계,1
코레,1
인무,1
방앗간,1
수수께끼,1
복물,1
장가서,1
역가,1
주축,1
미끼,1
공책,1
레코드,1
느낌표,1
와구,1
안내문,1
슈어,1
테스트,1
고등,1
남항진,1
장더,1
중점,1
워홀,1
산인,1
초청,1
유리알,1
방향제,1
청귤,1
온스,1
이케아,1
유천,1
갑상선,1
스캔,1
송한,1
중절모,1
침해,1
턱수염,1
두울,1
종목,1
붓질,1
황어,1
봉포,1
척도,1
물때,1
아슬,1
아이러니,1
안내표,1
갑산,1
시림,1
숄더,1
평점,1
윤지,1
텐더,1
트래킹,1
넘버,1
잔잔호,1
전담,1
딜란,1
관광버스,1
연유,1
분대,1
각방,1
티미,1
너희,1
이야,1
석도,1
토너,1
대도,1
양카,1
정형,1
난항,1
적외선,1
실타래,1
무의,1
언독,1
도처,1
음악회,1
꼬리잡기,1
방문객,1
맥덕,1
제티,1
포만감,1
손색,1
밑바닥,1
비글,1
한자,1
계장,1
만취,1
고등어구이,1
하순,1
일화,1
상견례,1
내성,1
이혜승,1
마이아,1
팔각,1
혜주,1
양고기,1
조항,1
총집합,1
만장일치,1
물티슈,1
조이스틱,1
마늘빵,1
수신호,1
일품진로,1
평양,1
가위바위보,1
다대일,1
얼기,1
차용,1
라미,1
두상,1
조수석,1
남면,1
기여,1
스트라이커,1
왕십리,1
몰트,1
아날로그,1
후불제,1
얌전,1
대디,1
회상,1
하구용,1
설영,1
괴석,1
베이,1
너트,1
레이스,1
중화요리,1
아들내미,1
여단,1
소주잔,1
목공예,1
꽂이,1
임명,1
주라,1
도마,1
집어등,1
초식,1
원이,1
억지,1
푸들,1
구자,1
귀향,1
뭘로,1
차위,1
베베,1
절정기,1
눈동자,1
치바,1
처녀,1
퉁명,1
대패,1
다루마,1
검색창,1
자연광,1
노후,1
임박,1
해지,1
고군분투,1
사업,1
행운,1
부개,1
반과,1
진공,1
수령,1
오케스트라,1
양품,1
풍물,1
고글,1
마레,1
통행로,1
상대방,1
다람쥐,1
탱이,1
양푼,1
매취,1
재량,1
롱비치,1
우축,1
남훈,1
말소,1
계란탕,1
구요,1
데스,1
시가지,1
주요,1
스타워즈,1
스카시,1
티끌,1
소식지,1
잠꾸러기,1
불호,1
압도,1
본문,1
보미,1
박하,1
목재,1
교항리,1
업데이트,1
카포네,1
기절초풍,1
기차,1
땡땡이,1
섭이,1
벤츠,1
요동,1
지두,1
책임,1
용성,1
방바닥,1
뉴욕,1
스로,1
낙지,1
망자,1
화기,1
손놀림,1
출조,1
커리큘럼,1
방성훈,1
세탁실,1
찬장,1
거트,1
갈바,1
인프라,1
첨가물,1
자제,1
덕소,1
예년,1
조신,1
땅바닥,1
손칼국수,1
스톱,1
토끼,1
피자헛,1
가면,1
귀요미,1
우내,1
녀복,1
비온뒤,1
관전,1
사유지,1
아래층,1
인척,1
화마,1
전시장,1
물놀이장,1
재출발,1
똥폼,1
대표자,1
바닷길,1
습득,1
해독,1
신위,1
편백,1
피노키오,1
김병만,1
유발,1
이즈,1
파시,1
남두,1
둔내,1
은거,1
드링크,1
마운틴,1
피피티,1
프랑스,1
어린이날,1
헤라,1
예수,1
사리,1
철대,1
합창단,1
나기,1
대분,1
레베,1
맞선,1
낭비,1
고가,1
배영,1
가서,1
술친구,1
한량,1
타이포,1
접신,1
동강,1
닉스,1
분홍빛,1
시터,1
모스,1
공사장,1
가디건,1
셀피,1
스폰지,1
하계,1
김경래,1
앙양,1
원산,1
닷컴,1
과도기,1
여권,1
사랑싸움,1
대배,1
연해,1
진작,1
드로,1
저작,1
호의,1
체득,1
유엔,1
코스트,1
담장,1
아픔,1
처형,1
페리뇽,1
기미,1
공익,1
아웃런,1
견인차,1
쓰노,1
중화,1
구청,1
달러,1
대불,1
대남,1
연탄,1
추첨,1
입성,1
세제,1
왕인,1
진어,1
알바,1
이인,1
기청,1
카페테리아,1
라세,1
알선,1
거길,1
개념,1
슈나우저,1
펭귄,1
딸래미,1
공포심,1
브라보,1
오타,1
토니,1
대라,1
교포,1
친후,1
기대감,1
생동감,1
이자카야,1
티케,1
사위,1
구칭,1
도영,1
보꾸,1
에이,1
초기,1
고서점,1
작동,1
환선굴,1
허스키,1
합창,1
승호,1
마이산,1
담배꽁치,1
외가댁,1
권금,1
암기,1
농인,1
대위,1
제복,1
안도감,1
실신,1
드루,1
데이터,1
고고씽,1
히브리,1
보라카이,1
기항지,1
아인슈타인,1
털보,1
바이젠,1
마나님,1
총각김치,1
지적,1
갱이,1
고혈압,1
팔만사천,1
수작,1
양면테이프,1
담소,1
대출,1
앞날,1
경쟁력,1
조각상,1
스펙,1
민호,1
심산,1
송지호,1
잡념,1
월미,1
섬유,1
부스,1
구정,1
음량,1
변모,1
버스표,1
제보,1
대동단결,1
형편,1
이규헌,1
강행,1
드라이빙,1
짜임새,1
히타,1
간사이,1
해양경찰,1
잔디밭,1
인수,1
설과,1
진임,1
오염,1
발송,1
구인,1
냇가,1
포스코,1
이지애,1
마곡,1
갈매기살,1
왼팔,1
우월,1
수주,1
할리갈리,1
변소,1
연중,1
코크,1
역삼,1
돕니다,1
어리광쟁이,1
훌라,1
방역차,1
안해,1
심층,1
뼈대,1
서머,1
호객,1
생명력,1
회전율,1
숯불갈비,1
사각형,1
지척,1
컬렉션,1
해저,1
고소득,1
해산,1
외벽,1
신흥사,1
혜택,1
웰빙,1
베역,1
맨살,1
선길,1
아타,1
후불,1
빌리,1
요도,1
지름신,1
페낭,1
대리,1
예능,1
고서,1
원도,1
허리춤,1
레모네이드,1
압박,1
빗속,1
라라,1
신작,1
자고,1
현관,1
보도,1
민윤기,1
이당,1
유의미,1
비염,1
페스타,1
챔버,1
통섭,1
괴기,1
천재,1
루카스,1
공구,1
혼잣말,1
퍼펙트,1
원조,1
하궁,1
인위,1
촌년,1
웰시,1
조기,1
봉다리,1
스님,1
글짓기,1
타면,1
탈함,1
병행,1
유진,1
콧속,1
향연,1
창시자,1
소금강,1
초간,1
동요,1
인접,1
세면대,1
쏘울,1
샘플,1
정동진,1
보구,1
후론,1
우정,1
지퍼,1
유치원,1
악취,1
계열,1
일경,1
월차,1
소감문,1
심곡항,1
소은,1
오프너,1
레스큐,1
결성,1
미니게임,1
용덕,1
샤카,1
패딩,1
수통,1
버클,1
귀여,1
사리곰탕,1
폐지,1
핫바,1
산방,1
광대,1
라테,1
이동후,1
태백산맥,1
죽항,1
색이,1
금연,1
아구찜,1
사주,1
추산,1
면류,1
테이프,1
휴가객,1
닭새우,1
암벽등반,1
아웃렛,1
분임,1
포세이돈,1
애자,1
발포,1
외면,1
조립식,1
건대입구역,1
만선,1
요세,1
밥상,1
주변인,1
외지인,1
쏜살,1
총체,1
어시장,1
스프린터,1
원석,1
프레,1
탕수,1
손끝,1
건더기,1
악타,1
찌게,1
증명사진,1
면소,1
브라질,1
배드,1
화형,1
곰팡,1
이즈라,1
몽골,1
라지,1
디너,1
방음,1
자청,1
미니멀리즘,1
만사형통,1
산다,1
남여,1
모기약,1
구획,1
장신구,1
이다리,1
라심,1
래도,1
키파,1
매일,1
관계자,1
차단,1
접영,1
야구장,1
억수,1
서점,1
갑작,1
소자,1
정기,1
전준민,1
부바,1
탈라,1
우통,1
공략,1
대안,1
교육장,1
촉감,1
유가서,1
꽃향기,1
황토색,1
피라미드,1
월아,1
우레탄,1
신부,1
채도,1
욕장,1
노노노노,1
연초록,1
마녀,1
체면,1
하카,1
효찬,1
야기,1
러브러브,1
비씨,1
련지,1
기적,1
집중력,1
아이디,1
두부김치,1
좌변기,1
컨버터,1
공유기,1
합천,1
한화,1
하당,1
길라잡이,1
유연석,1
적립금,1
지참,1
멜라닌,1
거진,1
몸통,1
인어,1
때깔,1
수일,1
난관,1
헤비,1
시늉,1
단색,1
추진력,1
숨은그림찾기,1
첨구,1
웨이,1
별관,1
어간,1
두께,1
브라우니,1
주홍빛,1
호떡집,1
매료,1
버드나무,1
유형,1
떡대,1
삼총사,1
공포증,1
북적,1
옥수수튀김,1
매년,1
미련,1
기념품,1
복전,1
협업,1
베네딕트,1
기상청,1
틈새,1
교습,1
가분,1
발행인,1
교향악단,1
전시회,1
다낭,1
탄식,1
주장,1
수월,1
안식,1
자본,1
대령,1
통돌,1
혁명,1
오이지,1
머그잔,1
통닭집,1
퇴장,1
펜던트,1
파티시에,1
북천,1
분점,1
골국,1
별표,1
결승,1
낚시인,1
시이다,1
추적법,1
일광,1
뭉게구름,1
희열,1
호형,1
비피,1
펀처,1
농업,1
자아,1
우진,1
백담,1
무네,1
천주교,1
조준,1
코다리,1
떠돌이,1
금하,1
로코모코,1
상단,1
약과,1
내면,1
수경,1
다도,1
신호등,1
파스텔,1
성숙,1
블랑,1
야유회,1
비려,1
저걸로,1
회기,1
유자,1
셰프,1
페퍼민트,1
초극,1
인력,1
저리,1
동화,1
불로,1
용궁,1
요샌,1
말미,1
새색시,1
칼로리,1
세끼,1
진해,1
열씨,1
종합안,1
요시,1
메지,1
상부,1
이모님,1
밤낚시,1
이체,1
바버,1
오크,1
김정규,1
술기운,1
렉스,1
승객,1
트윅스,1
손발,1
윗부분,1
치안,1
순찰,1
쉐이퍼,1
바나,1
완다,1
피샤,1
오름,1
망부석,1
솜사탕,1
여가,1
속리산,1
온라인,1
편지,1
차콜,1
후진,1
도도,1
슈가,1
방가,1
사례,1
머그,1
봄이,1
예그린,1
탁상,1
겁니까,1
분야,1
귀농,1
침몰,1
택일,1
연습생,1
트레일러,1
식겁,1
오세득,1
북두칠성,1
울트라,1
흑맥주,1
코킹,1
푯말,1
목과,1
와도,1
고잉,1
여행자,1
귀중품,1
서정,1
서포터,1
동경,1
스크림,1
베트남,1
프리지아,1
해병대,1
족족,1
보물,1
둘렛,1
시뮬레이션,1
회명,1
도입,1
하로,1
야발,1
무드,1
정시,1
파절,1
상시,1
이구용,1
얼룩말,1
은혜,1
걸음걸이,1
시경,1
식단,1
철도,1
사파리,1
역부족,1
오이김치,1
서서,1
디고,1
캬라멜,1
평생,1
오구,1
지즈,1
린아,1
장바구니,1
웹캠,1
신실,1
꼽사,1
조치,1
쪽빛,1
거무,1
보딩,1
번갈,1
여음,1
스냅,1
파괴,1
강남역,1
실소유주,1
청초,1
외기,1
흉내,1
주방식,1
이집트,1
요구사항,1
초급반,1
머이,1
울가,1
느지,1
요로,1
자부,1
보편,1
지난달,1
안독,1
이현승,1
본연,1
키워드,1
둥어,1
호날두,1
로니,1
멀미약,1
불친절,1
해탈,1
초교,1
분기,1
스텔라,1
오니,1
사범,1
금토,1
수린,1
케이,1
안내판,1
스나이퍼,1
물감,1
댕이,1
중독성,1
김수,1
청국장,1
메리,1
평행,1
메추,1
그랑블루,1
꼭지,1
박연수,1
타이스,1
플레이,1
발판,1
대당,1
브루어,1
겉모습,1
도안,1
이용자,1
드럼통,1
조별,1
아침잠,1
물소리,1
새언니,1
김범수,1
사건,1
파이어,1
아인,1
하광정리,1
면봉,1
맹이,1
진인근,1
자욱,1
아트워크,1
바닷소리,1
스토브,1
결과물,1
열림,1
아산,1
비슬라,1
맹장,1
소나,1
법이,1
시리얼,1
진거,1
루미큐브,1
리라,1
어니언,1
엔딩,1
자장,1
요쪽,1
생파,1
저주,1
마다가스카르,1
먹성,1
망상어,1
독립,1
부앙,1
팔목,1
남정네,1
리알,1
교향곡,1
아스팔트,1
미탈,1
답사,1
붕가,1
모아나,1
샤츠,1
처참,1
고마,1
발달,1
번뇌,1
눈송이,1
치어,1
홈피,1
나이트,1
연합회,1
페이스,1
대간첩,1
이파,1
재간둥이,1
납치,1
버로,1
탐지기,1
재일,1
완조,1
야생,1
십상,1
아마드,1
윗자리,1
솔향기,1
삼주,1
코팅,1
프린지,1
장가,1
변추,1
파슬리,1
레게,1
경고,1
생과일주스,1
다트,1
직업,1
제제,1
당부,1
살림망,1
절벽,1
태만,1
방방,1
자갈,1
매물,1
새송이,1
방출,1
보수,1
교무,1
고욤,1
양군수,1
심리,1
삼등분,1
제눈,1
피넛,1
상수,1
기념일,1
온수,1
베게,1
농어촌,1
돌무더기,1
세이브,1
냉방병,1
판다,1
유혹,1
명명,1
양점,1
물안경,1
아욱,1
항로,1
언젠간,1
층서,1
방탄소년단,1
탁구대,1
은지,1
통증,1
시이,1
국수집,1
다툼,1
가바,1
지연,1
풍문,1
오세용,1
유머러스,1
면제,1
상사,1
물병,1
분추,1
빨간색,1
참외,1
지수,1
고성방가,1
조목조목,1
인내심,1
유저,1
카피,1
수플레,1
모법,1
연가,1
레터링,1
순면,1
토박이,1
텍스,1
물막,1
먹물,1
무단,1
환서,1
위엄,1
세척,1
울산,1
견문,1
간직,1
카네이션,1
느타리,1
뱃살,1
시월애,1
발사,1
지슈,1
분실,1
개교,1
돌무덤,1
히피,1
마스,1
급속도,1
연속,1
상의,1
별것,1
냅색,1
강행군,1
슬로건,1
몇몇,1
분통,1
시향,1
맥심,1
인디,1
발표,1
아랑곳,1
죠기,1
당고,1
읍내,1
분필,1
컬렉티브,1
모델료,1
체육인,1
뉴질랜드,1
동트기,1
강요,1
순우리말,1
유턴,1
패기,1
설명도,1
유능,1
박만,1
습성,1
레인지,1
바닥재,1
흰둥이,1
임업,1
준이,1
러시아,1
자작,1
짝지,1
포상,1
옆방,1
치어스,1
곱창전골,1
잡어,1
페트로,1
케아,1
장자도,1
나귀,1
심기일전,1
퓨마,1
치원,1
기원제,1
찐만두,1
연남,1
어선,1
활동비,1
승일,1
야근,1
주정뱅이,1
산행,1
머슴밥,1
식품,1
삼계탕,1
황가,1
지하철,1
이빙,1
불자,1
유머,1
한몫,1
저온,1
낙찰,1
정류,1
영랑동,1
파노라마,1
지론,1
선발대,1
벼리,1
현제,1
페일,1
플래그,1
시연,1
버루,1
나이스,1
위기,1
두루치기,1
입장객,1
매스,1
쇼크,1
공비,1
포토스,1
야부,1
올께,1
길치,1
강식,1
뭔데,1
변파,1
보관료,1
해킹,1
자름,1
민국,1
면허,1
시샘,1
획득,1
박도,1
조지윤,1
포켓볼,1
할머님,1
병안,1
이지현,1
수작업,1
섯다,1
절감,1
콰트로,1
속편,1
거리감,1
뒤꽁무니,1
수칙,1
소비자,1
아미,1
럼주,1
소다,1
비계,1
원천,1
중국어,1
헬스,1
장난아,1
지리산,1
지미,1
발가락,1
삼선,1
기반,1
활력소,1
똥강아지,1
부업,1
종업원,1
서두,1
친절한,1
영비,1
의상,1
누난,1
향초,1
자도,1
호머,1
나스,1
콘서트홀,1
이태리,1
레옹,1
세요,1
노스쇼어,1
동작대교,1
액티브,1
연차,1
일박,1
운지,1
갖가지,1
스키장,1
포이,1
미스,1
소냐,1
개선,1
휴무일,1
신시도,1
스냅샷,1
물미역,1
큰불,1
소속,1
즉시,1
아구,1
레일,1
점상,1
주야,1
월송정,1
통행,1
학동,1
군민,1
잔여,1
게이트,1
헝그리,1
매들리,1
조앙,1
여니,1
수혈,1
학정,1
걸리,1
솔밭,1
강촌,1
소옥,1
족발,1
닭살,1
에디,1
단짝,1
봉아,1
확충,1
크림소다,1
건진,1
몬스,1
이조,1
순간순간,1
회국,1
자개장,1
이얌,1
사보,1
투망,1
망은,1
중천,1
노삼,1
대추차,1
서구,1
팔꿈치,1
리아,1
수연,1
모작,1
일맥상통,1
파이,1
도봉,1
극명,1
여름날,1
서포트,1
비슬,1
벨리,1
와바,1
솔드,1
섭전,1
나임,1
입가,1
엘비,1
라가,1
유한,1
구독자,1
수조관,1
미러스,1
피난길,1
재배,1
신기허,1
전기선,1
변위,1
유행품,1
시가,1
연장,1
꽈리고추,1
성실,1
장본,1
두부찌개,1
저항,1
사마귀,1
역효과,1
보이즈,1
테트라포드,1
성개,1
귓속,1
폭죽놀이,1
슈프림,1
네모,1
블릿,1
러버,1
정적,1
청소기,1
석고,1
죽도항,1
디렉터,1
제수씨,1
군요,1
부추,1
사철,1
플레이트,1
용대리,1
도통,1
남산,1
특구,1
임창정,1
젖병,1
가브리,1
헤네시,1
새해맞이,1
공항,1
야자,1
누가누,1
가계,1
요만큼,1
찬미,1
리노,1
캐나다,1
재방송,1
효자,1
캔커피,1
기다,1
눈독,1
연수원,1
중자,1
이규,1
트러스,1
어민,1
낚시채비,1
암막,1
면치,1
사당,1
영양가,1
주네,1
채색,1
신선도,1
쟁이,1
품수,1
란다,1
감명,1
휴대,1
백장,1
계산기,1
싱하,1
세력,1
스탠드업,1
함박웃음,1
콩알,1
미드나잇,1
제시,1
재결합,1
선착장,1
엑스,1
밥그릇,1
밀가루,1
바가지요금,1
동굴,1
덤프,1
먼저,1
서파,1
모니,1
해발,1
코스터,1
에너,1
일석,1
불경,1
당구,1
탐험가,1
영험,1
상추쌈,1
자만심,1
웨버,1
고춧가루,1
무스,1
농가,1
오리진,1
파행,1
먹스,1
칼라,1
당면,1
스탭,1
불독,1
앤바,1
아이패드,1
주보,1
원차,1
들살이,1
진원,1
항정살,1
클라우드,1
반합,1
반수,1
통제,1
국사,1
찌금,1
스카페,1
일석이조,1
친화력,1
웨이산,1
식판,1
집착,1
소신,1
하천,1
우설,1
메트리,1
소부,1
드래곤볼,1
왕년,1
프렌즈,1
카펫,1
베테랑,1
장중,1
저학년,1
방문주,1
박신혜,1
도로는,1
경유지,1
향상,1
점지,1
라이언,1
송월,1
노라,1
상관,1
간섭,1
감자채,1
물맛,1
음식사진,1
감회,1
다시마,1
볼보,1
오금,1
가랏,1
전원주택,1
발효,1
블로,1
추인,1
서술,1
학꽁치,1
경청,1
김주호,1
불면,1
대파,1
해뜨기,1
편익,1
조재,1
남양,1
용비,1
기복,1
삼각대,1
리포,1
시핑,1
스파이더맨,1
선언문,1
다희,1
종점,1
네일,1
강태공,1
봄날,1
미아,1
트루,1
훗날,1
디노,1
으뜸,1
말기,1
폰트,1
브레이킹,1
종대,1
초장,1
항이,1
꽃꽂이,1
라벨,1
소동,1
강화,1
시어터,1
기압,1
시오,1
니사,1
호실,1
요오,1
애창,1
서울고속,1
신어,1
일판,1
활쏘기,1
김승휘,1
카페인,1
저글,1
디카,1
보담,1
발동,1
환불,1
이프랑,1
오락실,1
스파르타,1
관여,1
양반,1
전직,1
진면목,1
목공,1
장보기,1
인명,1
지실,1
입질,1
반가,1
출발지,1
라니,1
홈플러스,1
놀러,1
구성원,1
부끄럼,1
홀수,1
냉이,1
주니어,1
후보,1
토이,1
세더,1
파파야,1
여오,1
애프터,1
화평,1
자강,1
적지,1
엉클,1
낭구,1
밀접,1
멀리,1
타령,1
절제,1
일부분,1
필수품,1
성급,1
쿼터,1
행주,1
후니,1
설가,1
마킹,1
재채기,1
아메리,1
래퍼,1
운동복,1
거래처,1
종아리,1
라이더,1
넓이,1
문밖,1
만도,1
전적,1
서랍,1
단양,1
권리,1
오롬,1
거치대,1
광화문,1
깔끔이,1
재능기부,1
노동자,1
망태기,1
내림,1
체온,1
배부,1
서편,1
투썸,1
남북,1
낙관,1
정재민,1
국수사리,1
연거,1
전집,1
바이러스,1
연습함,1
처자,1
사오기,1
전지,1
성취,1
호들갑,1
다이소,1
어피,1
하체,1
합숙,1
막둥이,1
사레,1
닭다리,1
낚싯대,1
팍스,1
꼬꼬마,1
라이드,1
김윤덕,1
모쓰,1
미국식,1
실과,1
침착,1
이수,1
글램,1
스탠드,1
할애,1
애니,1
나란,1
개척,1
구석기,1
광어회,1
스나,1
말합,1
벅스,1
일러스트레이션,1
트윈,1
바게트,1
조끔,1
창의력,1
심요,1
여건,1
호시탐탐,1
수렵,1
난다,1
노래비,1
호로,1
몸뚱아리,1
현기,1
초야,1
장염,1
이크,1
사운드,1
막판,1
인트,1
릴리,1
열독,1
그래피티,1
기념행사,1
봉고,1
재수,1
전복죽,1
오산,1
직구,1
반대쪽,1
오른편,1
대부,1
가래,1
송전탑,1
테두리,1
노릇,1
챙피,1
파도풀,1
게임방,1
우후죽순,1
막냇동생,1
엉덩이뼈,1
케이블카,1
대략,1
음기,1
멋쟁이,1
천로,1
직면,1
수소문,1
인명구조,1
자반,1
석화,1
페트병,1
양삼,1
서랍장,1
스튜디오,1
주세,1
이마,1
디하,1
임택,1
사유,1
브로스,1
거리낌,1
영랑호,1
쪽방,1
엉망,1
오이지무침,1
챔피온,1
오리엔탈,1
스낵,1
명란젓,1
산보,1
디스,1
직통버스,1
유영,1
상하,1
개천절,1
문장,1
신경질,1
민낯,1
공포감,1
광저우,1
명불허전,1
외박,1
수식어,1
필리,1
축구팀,1
옆구리,1
일체,1
원주시,1
파출,1
생백,1
모름,1
윙크,1
최애,1
줄타기,1
이자,1
만두소,1
캔버스,1
스포츠맨,1
오솔길,1
미구엘,1
응시,1
교암,1
댄스파티,1
열댓,1
보검,1
반가움,1
가마솥,1
한용덕,1
구석탱이,1
수진,1
불안감,1
연호,1
비둘기,1
도착지,1
똑똑이,1
맛보기,1
나지,1
샤르,1
조작,1
증상,1
생애,1
단호박,1
원포리,1
끄트머리,1
유모차,1
댄스댄스,1
원샷,1
천우,1
미지수,1
파츠,1
달구리,1
금호,1
힌트,1
파비앙,1
석탑,1
골짝,1
양발,1
레져,1
용역,1
명동,1
벌기,1
이양,1
격식,1
문화재,1
함신익,1
차단제,1
헬멧,1
맛살,1
지바,1
수족관,1
선보,1
만병통치약,1
요구,1
대쪽,1
김성자,1
색소폰,1
필자,1
세용,1
변덕,1
이용객,1
더치커피,1
성산,1
타분,1
다크서클,1
몬드,1
북동,1
군수,1
조수,1
닙시,1
미나,1
자금,1
신건,1
흑백,1
피신,1
가로,1
다림질,1
김진하,1
트리스,1
지각,1
체육,1
초미,1
웬수,1
한문,1
찜통더위,1
번외,1
절상,1
센치,1
리스,1
왓츠,1
시월,1
하리,1
지성인,1
생길,1
바리스,1
아리,1
겁대가리,1
그립,1
작지,1
족도,1
골머리,1
요지경,1
일임,1
똠얌,1
청룡,1
생산,1
아누,1
소명,1
선구,1
모래판,1
바운스,1
오아시스,1
대추,1
여백,1
블랙커피,1
암함,1
고등어조림,1
동지,1
작전,1
중독자,1
카라바,1
제면기,1
섭외,1
킹왕짱,1
코리아,1
후라이팬,1
모토,1
용지,1
하상욱,1
양도,1
승자,1
업장,1
사내리,1
김종국,1
책임감,1
내리막길,1
연간,1
간식거리,1
프론트,1
최고조,1
여시,1
아이콘,1
배출,1
삼발,1
임시,1
여담,1
이비인후과,1
치사량,1
모의고사,1
아시안,1
엊그제,1
양방향,1
거대,1
배호,1
만전,1
합판,1
기숙사,1
올여름,1
희망자,1
챔피언,1
방향키,1
소외,1
근본,1
중완,1
동홍천,1
자릴,1
해안선,1
재봉틀,1
옐로우,1
일병,1
주황색,1
선배,1
구니,1
소닉,1
승장,1
말썽쟁이,1
골반,1
거스름돈,1
율곡,1
용적,1
링링,1
판타지,1
인류학자,1
한시름,1
가이,1
기관,1
수르,1
초곡항,1
막스,1
대진,1
노인,1
싱크,1
기네스,1
스케치북,1
집귀신,1
눈빛,1
바위섬,1
반개,1
자면,1
정상부,1
복숭아,1
정우성,1
서론,1
신석기,1
이투,1
슈즈,1
명하,1
반집,1
한방,1
세프,1
가로수,1
맨손,1
과시,1
내리,1
비지엠,1
압구정,1
반파,1
마안,1
인군,1
양미리,1
초월,1
양일,1
잠바,1
김영애,1
거제,1
킨텍스,1
다니엘,1
무가,1
외옹치항,1
양상추,1
알약,1
이디나,1
도화지,1
석굴,1
솜브레로,1
구만,1
안함,1
니지,1
안가,1
관점,1
바틀,1
곡식,1
떡국,1
노노,1
스크롤,1
북진,1
살점,1
출산,1
어드밴스,1
지붕,1
연주회,1
주사위,1
앙녕,1
잠수부,1
먹통,1
연주자,1
연잎,1
흥동,1
게살,1
진영아,1
스핑크스,1
야무,1
한증막,1
피트,1
안내소,1
종량제,1
안남미,1
회가,1
찻집,1
숙달,1
점포,1
박주현,1
건축물,1
등교,1
전축,1
밥값,1
강북,1
별자리,1
제이크,1
하나하나,1
사각,1
불쏘시개,1
정가,1
곰팡이,1
일지,1
대만,1
아부,1
테리어,1
특명,1
도다리,1
가보리,1
대리인,1
떡집,1
신라면,1
안면도,1
타인,1
아루,1
집도,1
솔티,1
필요시,1
요요,1
을지로,1
빅토리아,1
팽이버섯,1
주불,1
경진,1
청송,1
임금,1
박지민,1
김모아,1
삼박자,1
쌍코,1
마이에,1
소보,1
평탄,1
군대,1
용도지역,1
심도,1
국민학교,1
서양식,1
깁니다,1
장르,1
반전,1
기자,1
브루스,1
잡화점,1
신맛,1
사다리,1
조짐,1
초콜렛,1
녹음기,1
코펠,1
슬립,1
밤송이머리,1
재하,1
위크,1
추어탕,1
샤크,1
기만,1
오프닝,1
피싱,1
요곤,1
여심,1
개뿔,1
색연필,1
일까,1
사상,1
프림,1
신사임당,1
나침,1
산해진미,1
맥주병,1
페이스북,1
영양소,1
판대기,1
정육,1
재격,1
허언,1
의존도,1
가뭄,1
임종율,1
샤오미,1
베니키아,1
시립,1
스투키,1
유부남,1
서주영,1
성취감,1
배식,1
논현,1
황송,1
김포,1
대기실,1
우슬,1
비위,1
지급,1
휴업,1
실장,1
애주,1
원추,1
고품격,1
조개탕,1
은어,1
구내식당,1
손님맞이,1
피자스쿨,1
노무,1
자네,1
청간정,1
양맥,1
수건돌리기,1
출혈,1
휴강,1
강서구,1
빌리지,1
석호,1
냉채,1
노르,1
전당,1
고백,1
차야,1
렌치,1
진두지휘,1
헤어밴드,1
