word,counted
해변,400
바다,353
여행,257
해수욕장,241
손양면,193
펜션,188
파도,172
여름,152
하나,148
동호리,144
동해,138
근처,134
서핑,133
가족,124
날씨,124
전화,121
준비,120
추천,118
커피,117
저희,114
예약,112
비치,110
숙소,110
가능,109
아이,109
느낌,108
모습,108
처음,108
바닷가,108
속초,107
카페,104
고기,104
바람,103
모래,102
맛집,101
지도,99
거리,94
가격,91
기분,90
하늘,87
사장,87
마음,86
이용,86
출발,85
구경,82
친구,81
장소,81
화장실,80
유명,80
자리,80
상세,80
안녕,78
하조대,77
사유,77
한잔,77
추억,76
방문,74
바베큐,72
주말,72
물놀이,72
서울,71
분위기,71
최고,71
하루,71
어디,70
입구,70
체험,69
마지막,69
휴가,68
주변,68
점심,68
풍경,67
테이블,66
포스팅,64
식사,63
사용,63
음식,62
여유,62
내부,62
필요,60
행복,60
무료,59
관심,59
오후,58
건물,57
소리,56
엄마,56
만족,55
샤워,55
아빠,55
수산항,55
시설,55
낙산,54
맥주,54
계획,54
놀이,54
성수기,53
힐링,53
공간,53
테라스,52
여름휴가,52
뭔가,52
플레이스,52
친절,51
소개,51
강릉,51
감사,51
선택,51
동안,51
시장,51
블로그,50
검색,50
식당,50
걱정,49
새벽,49
모래사장,49
참고,48
튜브,48
요즘,48
침대,48
조개,47
겨울,47
강습,47
일출,47
휴게소,47
산책,47
오랜만,46
막국수,46
사랑,46
이유,45
사이,45
저장,45
추가,45
오션,44
도로,44
폴더,44
운영,44
주차,44
주차장,44
작년,43
이동,43
국물,43
이름,43
편의점,43
팝업,43
기억,43
캠핑,42
아들,42
물놀,42
김치,42
자연,42
바닷물,42
안내,41
가지,41
기대,41
국수,41
강원,41
후기,41
얼마,41
개인,41
안전,40
서프,40
객실,40
낙산사,40
동해안,40
덕분,40
숙박,40
혼자,40
제공,40
이야기,40
마을,39
반찬,39
전망,39
보드,39
인근,38
횟집,38
수영,38
아래,38
정리,38
파라솔,38
면옥,37
나중,37
거기,37
구름,37
오전,36
완전,36
물회,36
아메리카노,36
무엇,36
중요,35
우린,35
마트,35
고고,35
기본,35
가을,35
만큼,35
경치,34
주방,34
칼국수,34
이게,34
나름,34
이것,34
전날,33
이건,33
치킨,33
여자,33
해수욕,33
대여,33
코스,33
그릇,32
메밀,32
낚시,32
그림,32
발견,32
남자,32
한참,32
해변가,32
밑반찬,32
부부,32
하우스,32
종류,31
조금,31
재미,31
촬영,31
리조트,31
마리,31
라면,31
고민,31
예전,31
관리,31
장칼,31
인테리어,31
스파,31
설명,31
수건,31
소주,30
대포항,30
요금,30
파티,30
얘기,30
고속도,30
말씀,30
마무리,30
멸치,30
실내,30
저기,30
평일,30
가게,30
단체,30
국내,29
대박,29
세상,29
주소,29
얼굴,29
매력,29
의자,29
조식,29
지역,29
텐트,29
지금,29
음료,29
요기,29
메뉴판,29
편안,29
게스트,28
다양,28
중간,28
초보,28
상태,28
손님,28
전망대,28
결국,28
공기,28
이후,28
개장,28
냉장고,27
가자미,27
냄새,27
동네,27
에어컨,27
네이버,27
백사장,27
이거,27
걸로,27
서비스,27
외관,26
자체,26
카메라,26
건지,26
불편,26
입실,26
보통,26
설치,26
전기,26
강추,26
인생,26
남편,26
버스,26
경험,26
오픈,26
오징어,26
어른,25
시티,25
방법,25
순간,25
토요일,25
자전거,25
오른쪽,25
결정,25
언니,25
감상,25
커플,25
요리,25
부분,25
피곤,25
전통,25
다행,25
퇴실,25
비용,24
경우,24
소나무,24
물고기,24
나무,24
바닥,24
호텔,24
기회,24
휴식,24
일정,24
홈페이지,24
장점,24
판매,24
건강,24
설악산,24
누구,23
티비,23
왼쪽,23
서퍼,23
삼겹살,23
지인,23
관광객,23
성공,23
오빠,23
단위,23
계단,22
한쪽,22
샴푸,22
둘째,22
타임,22
고속도로,22
야채,22
머리,22
햇빛,22
번호,22
대신,22
터미널,22
영업,22
마련,22
죽도,22
생선,22
입맛,22
본격,22
나라,22
안쪽,22
육수,22
시다모,22
후리기,22
강사,22
동반,22
솔비,21
홍합,21
부족,21
아저씨,21
매운탕,21
일요일,21
가슴,21
예정,21
스타일,21
아이스,21
구매,21
인증,21
자기,21
숯불,21
텐데,21
건데,21
고생,21
신랑,21
언제,21
영상,21
포장,21
정보,20
먹거리,20
강아지,20
일반,20
등등,20
수영장,20
그때,20
여행지,20
그것,20
다리,20
구명조끼,20
해결,20
대표,20
창문,20
인터넷,20
양념,20
모두,19
이때,19
체크아웃,19
내년,19
입수,19
포기,19
센터,19
한눈,19
동영상,19
휴가철,19
확인,19
전체,19
주민,19
관광,19
금요일,19
중앙,19
꿀맛,19
시골,19
체력,19
수심,19
굴개,19
구이,19
보트,19
애견,19
누가,19
전자,18
와이키키,18
용품,18
부담,18
그게,18
개별,18
문제,18
소식,18
해안,18
포인트,18
버섯,18
주인,18
동생,18
진행,18
인원,18
딸기,18
필수,18
사실,18
나이,18
게임,18
할인,18
폭죽,18
포함,18
클럽,18
배낚시,18
밤바다,18
고급,18
연습,18
옛날,17
이것저것,17
크기,17
바디,17
교육,17
사항,17
당황,17
시즌,17
그늘,17
앞쪽,17
신경,17
도전,17
관계,17
비빔,17
부탁,17
음식점,17
당일치기,17
목적지,17
행사,17
각종,17
장난,17
양양가,17
튀김,17
완벽,17
도구,17
대기,17
소스,17
냄비,17
고요,16
가운데,16
렌지,16
방향,16
공사,16
입장,16
치즈,16
공방,16
택시,16
관광지,16
여기저기,16
린스,16
식기,16
정신,16
전경,16
그물,16
수산,16
사온,16
인기,16
시내,16
야외,16
청소,16
운치,16
와인,16
성인,16
화장대,16
햇살,16
그곳,16
서피,16
연인,16
소품,16
운전,16
터널,16
양양읍,15
포토,15
계절,15
첫째,15
해장,15
바퀴,15
위험,15
냉면,15
평소,15
구비,15
실패,15
대부분,15
침구,15
군데,15
아무,15
어딜,15
백김치,15
이제,15
장비,15
회도,15
수영복,15
개통,15
고성,15
바닷바람,15
구입,15
홍천,15
감동,15
과자,15
첫날,15
슈트,15
일행,15
상황,15
자유,15
여긴,15
수육,15
환상,15
표정,15
거실,15
주문진,15
아기,15
세트,14
신축,14
운동,14
문자,14
부모,14
명소,14
인형,14
취향,14
직원,14
그건,14
자연산,14
코델리아,14
고향,14
감자,14
비수기,14
사이즈,14
특별,14
안주,14
오산,14
건가,14
사이트,14
무리,14
선상,14
핑크,14
스타,14
라이,14
이쪽,14
이불,14
예상,14
식구,14
접시,14
양면,14
아트,14
예술,14
녀석,14
기념,14
렌탈,14
피서객,13
피싱,13
미니,13
금액,13
일품,13
앞바다,13
요트,13
물치항,13
치약,13
방식,13
현북면,13
베란다,13
난리,13
뒤쪽,13
드라,13
막걸리,13
감성,13
극성,13
부추,13
미끼,13
휴무,13
어린이,13
곳곳,13
수기,13
인분,13
회사,13
내용,13
불꽃놀이,13
간식,13
어촌,13
닭강정,13
구조,13
이젠,13
재료,13
청결,13
리필,13
태풍,13
바다낚시,13
내일,13
네비,13
오토캠핑,13
배달,13
이웃,13
볼거리,13
모임,13
식감,13
한입,13
종일,13
당일,13
영자,13
바다지기,13
전용,13
조명,13
송이,13
연결,13
생활,13
비빔밥,12
간판,12
매장,12
기간,12
문어,12
물건,12
아주머니,12
차량,12
셀카,12
자신,12
모델링,12
고추,12
해외,12
돗자리,12
한국,12
내린천,12
색깔,12
쌈장,12
양쪽,12
왕자,12
그늘막,12
먹방,12
일상,12
태양,12
비교,12
신청,12
자랑,12
편리,12
광어,12
무튼,12
다짐,12
화이트,12
모듬,12
비밀,12
외국,12
옥수수,12
차이,12
외부,12
요건,12
마당,12
최대,12
브런치,12
욕조,12
선생,12
계곡,12
구간,12
영화,12
은근,12
길이,12
상추,12
순대,12
연휴,12
워시,12
두부,12
퇴근,12
겁니다,12
수트,12
체크인,12
그릴,12
스팟,12
고고씽,12
식탁,12
언덕,12
목살,11
신발,11
피로,11
애기,11
사고,11
대한민국,11
함정,11
소요,11
야영장,11
국제공항,11
대비,11
투명,11
밥솥,11
황태,11
수다,11
모자,11
업체,11
새해,11
센스,11
이틀,11
패스,11
오징어순대,11
상상,11
소고기,11
샐러드,11
조심,11
더위,11
우럭,11
구석구석,11
채소,11
나머지,11
의미,11
자세,11
이비치,11
고속,11
해돋이,11
지기,11
원래,11
기도,11
비주얼,11
된장찌개,11
공항,11
번지,11
계속,11
온도,11
생수,11
고추장,11
핸드폰,11
구역,11
약속,11
기록,11
폭염,11
아쉬움,11
도시,11
갈비,11
개월,11
스노,11
창가,11
그날,11
음료수,11
어제,11
가요,10
며칠,10
담날,10
복귀,10
쇼파,10
삼매경,10
결과,10
편의,10
된장,10
등장,10
세팅,10
와이프,10
미안,10
컵라면,10
인상,10
제외,10
약간,10
여성,10
인파,10
남애항,10
아이스크림,10
이전,10
드라마,10
방송,10
노래,10
원룸,10
스파이더맨,10
그네,10
주일,10
위생,10
현장,10
지대,10
공짜,10
서해,10
스포츠,10
한식,10
바위,10
비누,10
부산,10
진리,10
계란,10
민박,10
선호,10
무지개,10
핑장,10
새우,10
전문점,10
경포대,10
드라이브,10
조카,10
등대,10
지난번,10
욕실,10
조리,10
규모,10
선물,10
표현,10
해안가,10
월요일,10
현지,10
자극,10
리뷰,10
차안,10
출근,10
진심,10
할머니,10
마늘,10
바깥,10
강현면,9
샌드위치,9
가평,9
선사,9
바가지,9
우동,9
제주도,9
전이,9
창밖,9
여행객,9
제품,9
오색,9
정식,9
소원,9
솔밭,9
멍게,9
목적,9
결혼,9
구용,9
에메랄드,9
과일,9
이국,9
시외버스,9
어머니,9
모양,9
장면,9
문의,9
답니다,9
지불,9
파도타기,9
정돈,9
축제,9
쿨링,9
작품,9
댓글,9
연락,9
아토,9
공원,9
허리,9
인덕션,9
인심,9
반복,9
구분,9
사무실,9
여러분,9
단점,9
본인,9
워크,9
블랙,9
거품,9
해산물,9
기약,9
아무것,9
용기,9
대로,9
아가,9
자미,9
의지,9
커피포트,9
배려,9
신난,9
깻잎,9
전문,9
까스,9
북쪽,9
성비,9
참여,9
전국,9
햇볕,9
후회,9
수도,9
완성,9
사우나,9
인구,9
인정,9
만석,9
듯이,9
대관령,9
종주,9
출처,9
지점,9
이론,9
저번,9
스트레스,9
메밀국수,9
피서지,9
출입,9
농협,9
디자인,9
라떼,9
깊이,8
가까이,8
갈비탕,8
속도,8
피크닉,8
칭찬,8
커피숍,8
항구,8
포트,8
디저트,8
수준,8
반대편,8
대회,8
해당,8
벌레,8
향기,8
트리플,8
국도,8
수요일,8
끝자락,8
약수,8
당시,8
길가,8
현실,8
축하,8
후식,8
요거,8
감탄,8
반려,8
결론,8
블루,8
트윈,8
골목,8
특이,8
한편,8
정말,8
이모,8
배경,8
활용,8
조각,8
부엌,8
남쪽,8
주위,8
너머,8
철조망,8
오랫만,8
지난주,8
정체,8
투척,8
휴휴,8
제트,8
새끼,8
인사,8
조합,8
글램,8
결제,8
생일,8
상대,8
모닝,8
요것,8
한적,8
옥이,8
초코,8
대명,8
패들링,8
유일,8
섭이,8
비빔국수,8
통일,8
공감,8
하늘색,8
상차림,8
개발,8
처리,8
환영,8
거울,8
대여료,8
미세,8
대중교통,8
싱크대,8
슬리퍼,8
아내,8
땡볕,8
전복,8
먼지,8
노을,8
라인,8
피부,8
여름철,8
샤워기,8
하룻밤,8
주심,8
매너,8
엄두,8
기계,8
이걸,8
특징,7
직장,7
현금,7
얼음,7
물김치,7
별도,7
와중,7
동행,7
명함,7
주관,7
평가,7
모래찜질,7
감기,7
연어,7
별거,7
패키지,7
열정,7
연예인,7
파니,7
우유,7
해양,7
입문,7
보노,7
칫솔,7
정면,7
바다색,7
완료,7
타이밍,7
평화,7
추위,7
포즈,7
매매,7
안성맞춤,7
피자,7
공용,7
컨셉,7
학교,7
흔적,7
눈앞,7
춘천,7
부근,7
저거,7
누군가,7
픽업,7
일기,7
향왕,7
합류,7
만두,7
고려,7
인용,7
홍보,7
폭풍,7
수제,7
글씨,7
동서,7
데크,7
무한,7
자전거길,7
목표,7
가본,7
즐거움,7
원두,7
폐장,7
손맛,7
아버지,7
고개,7
막내,7
순식간,7
기름,7
노력,7
동치미,7
자동차,7
하광정리,7
낭만,7
작업,7
물결,7
박스,7
가루,7
폭죽놀이,7
장관,7
수산리,7
수상,7
오산리,7
실력,7
바닷속,7
전반,7
조미료,7
분리,7
갈만,7
해물,7
순위,7
이기,7
유지,7
어린아이,7
환경,7
부지런,7
맞은편,7
활어,7
해파,7
잠시,7
해장국,7
푸드,7
순두부,7
나들이,7
현상,7
쇼핑,7
동물,7
에너지,7
평창,7
남녀노소,7
뭔지,7
선풍기,7
난방,7
반대,7
여름날,7
대화,7
생맥주,7
국토,7
준비물,7
쉼터,7
천국,7
설악,7
금지,7
바지락,7
소화,7
데기,7
흡입,7
소금,7
바나나,7
타일,7
토스트,7
식빵,7
미세먼지,7
옆쪽,7
문구,7
복장,7
유용,7
여분,7
쓰레기,7
취미,7
박물관,7
적응,7
남친,7
방파제,7
카운터,7
양파,7
동시,7
돼지,7
데이트,6
조개탕,6
탁구장,6
스무디,6
차지,6
방수,6
계산,6
귀요미,6
수리,6
휴가지,6
위로,6
써니,6
국밥,6
기술,6
유리,6
도움,6
경사,6
텃밭,6
모닥불,6
정류장,6
지구,6
원주,6
이마트,6
취사,6
꼭대기,6
소세지,6
해수,6
최적,6
마찬가지,6
무릎,6
색감,6
꿀잠,6
세련,6
속초시,6
계좌,6
저흰,6
감각,6
멸치잡이,6
발자국,6
시대,6
충전,6
방학,6
대접,6
전면,6
무렵,6
사이다,6
표시,6
군청,6
바비큐,6
믿음,6
화이팅,6
떡볶이,6
레저,6
프로,6
짜증,6
마감,6
통유리,6
지라,6
무더위,6
포항,6
마레,6
하트,6
고고고,6
시기,6
만남,6
접근,6
엄지,6
신분,6
분여,6
휴양,6
인간,6
특색,6
잠수,6
셋째,6
감나무,6
육지,6
광경,6
남대천,6
취침,6
청정,6
초입,6
제작,6
투어,6
머신,6
의외,6
상담,6
감정,6
초등,6
적극,6
최신식,6
수압,6
조형물,6
어종,6
세월,6
점심때,6
기존,6
아무데,6
월드,6
댕댕이,6
날짜,6
그녀,6
좌석,6
시선,6
밸리,6
미소,6
교통,6
경관,6
돼지고기,6
건너편,6
토스,6
모모,6
군사,6
간장,6
클리어,6
돌솥,6
현관,6
광장,6
해녀,6
표지판,6
찌개,6
시절,6
체크,6
앞마당,6
경포,6
불판,6
침실,6
요번,6
사이드,6
슈퍼,6
건조,6
영향,6
어르신,6
이해,6
이슬,6
기구,6
스테이크,6
제한,6
파크,6
분주,6
볼일,6
피서,6
천장,6
워터,6
현남면,6
왕복,6
이드,6
주의,6
흥회,6
리어,6
복어,6
한마디,6
잠자리,6
소녀,6
뒤편,6
꼬막,6
각자,6
대형,6
청양,6
역시,6
소주잔,6
트기,6
대상,6
과정,6
바보,6
가정집,6
실화,6
면적,6
목장,6
기절,6
상가,6
불고기,6
쇼카,6
높이,6
기사,6
사전,6
공장,6
취급,6
피비,6
무침,6
벤치,6
복도,5
파빌리온,5
제격,5
일회용,5
지하,5
채널,5
흔들의자,5
설탕,5
대구,5
직전,5
탁자,5
기상,5
화질,5
실전,5
평생,5
공연,5
불빛,5
의도,5
발걸음,5
남짓,5
티셔츠,5
참가자미,5
봉포,5
부동산,5
선장,5
인천,5
크림,5
모래밭,5
하와이,5
간격,5
코너,5
도장,5
토지,5
배우,5
이외,5
그쪽,5
일광욕,5
바이브,5
조사,5
고객,5
오르막,5
김밥,5
기능,5
회관,5
스파클,5
다이어트,5
철수,5
고구마,5
신호,5
브레드,5
로비,5
가위,5
이벤트,5
기운,5
정상,5
정확,5
만끽,5
오미,5
흰색,5
종이,5
피타,5
남매,5
욕심,5
핑계,5
깨알,5
정원,5
유료,5
선정,5
진입,5
별미,5
영동,5
밥상,5
타올,5
기원,5
수세미,5
미역,5
이곳저곳,5
형태,5
캠핑카,5
통일전망대,5
리얼,5
작성,5
그거,5
변경,5
삼척,5
숲길,5
여럿,5
나물,5
소시지,5
스키,5
통째,5
신혼,5
식후,5
인지,5
수면,5
조개류,5
볶음,5
다정,5
통과,5
통닭,5
그동안,5
매트,5
패밀리,5
온수,5
스릴,5
실망,5
소망,5
오른편,5
거트,5
캠프,5
손바닥,5
망고,5
정동진,5
젓갈,5
블리,5
스쿠버,5
하륜,5
영수증,5
동동주,5
주인공,5
카톡,5
전시,5
강정,5
기세,5
온돌방,5
수원,5
휴양지,5
여행길,5
시야,5
발가락,5
차비,5
쥬얼,5
리스트,5
우산,5
정수기,5
주저,5
특성,5
백숙,5
포도,5
우측,5
여운,5
자몽,5
셀프,5
감안,5
면발,5
중심,5
수박,5
종합,5
카누,5
마사지,5
위주,5
광고,5
커튼,5
버거,5
연기,5
케이크,5
동기,5
요긴,5
가정,5
모드,5
양념장,5
집중,5
시스템,5
오기,5
쇼핑몰,5
프라이빗,5
효과,5
휴양림,5
컴퓨터,5
재배,5
스파펜,5
대첩,5
탁트인,5
웃음,5
한상,5
분전,5
의견,5
짜장면,5
위쪽,5
어묵,5
가야지,5
전세,5
아쿠아,5
불꽃,5
전자레인지,5
카드,5
퍼스,5
전부,5
우왕,5
관람,5
취소,5
고속버스,5
꼬치,5
폭탄,5
산회,5
해감,5
레져,5
모자이크,5
여행기,5
보고,5
탈출,5
하이라이트,5
아래쪽,5
연상,5
애정,5
닭갈비,5
와이파이,5
너희,4
장착,4
톨게이트,4
평택,4
마이,4
한국인,4
대교,4
최선,4
영양,4
마녀,4
야시장,4
솜씨,4
변신,4
요게,4
뱃속,4
편집,4
고기잡이,4
도미,4
버터,4
도로변,4
변화,4
피해,4
육즙,4
저곳,4
미역국,4
클릭,4
히노,4
각광,4
스킨,4
볶음밥,4
작가,4
배낭,4
자태,4
섭전,4
행위,4
완비,4
최대한,4
투숙,4
실장,4
이용객,4
강제,4
내요,4
충격,4
젤리,4
도로는,4
미터,4
베드,4
중독,4
모닝커피,4
이리,4
제주,4
커버,4
직행,4
수라상,4
수정,4
물론,4
절대,4
먹구름,4
수칙,4
수평선,4
회로,4
의사,4
소재,4
구별,4
인력,4
다비도프,4
보호,4
새우튀김,4
시계,4
수업,4
출동,4
게장,4
발바닥,4
포착,4
작동,4
갈매기살,4
한계,4
배변,4
화장,4
오뎅,4
의심,4
아이스박스,4
안내도,4
조아,4
좌측,4
발목,4
떡국,4
본점,4
휴지,4
딸래미,4
소떡,4
건배,4
공수,4
만점,4
기타,4
요원,4
스카이,4
가격표,4
유행,4
크리스마스,4
양말,4
동일,4
현수막,4
와우,4
보일러,4
가리비,4
블로거,4
파랑,4
아이스커피,4
야영,4
영동고속도로,4
숭어,4
유혹,4
복전,4
입안,4
포구,4
대왕,4
래쉬,4
토리,4
기사문,4
후리,4
남문,4
휴대폰,4
그분,4
건조대,4
미술관,4
변이,4
꼬맹이,4
특유,4
장인,4
확대,4
솔방울,4
포켓몬,4
뉴스,4
슈즈,4
매니저,4
보소,4
김치찌개,4
원비,4
걸까요,4
도중,4
콘도,4
파전,4
선박,4
육아,4
어딘지,4
대게,4
활동,4
방면,4
포스,4
주스,4
희망,4
드라이,4
가량,4
러스,4
허니,4
동참,4
낮술,4
근무,4
이걸로,4
밀집,4
어깨,4
독채,4
문화,4
일부,4
몸매,4
입장료,4
수질,4
횟대,4
시간표,4
서명,4
야경,4
지방,4
자연환경,4
내야,4
군대,4
발달,4
역쉬,4
황금연휴,4
걸까,4
양평,4
파스타,4
구성,4
옆집,4
우정,4
오미자,4
하얀색,4
휴일,4
책임,4
장사,4
다이버,4
주문진항,4
공유,4
짬뽕,4
쌍둥이,4
봉투,4
친정,4
군인,4
보쌈,4
주기,4
음주,4
요놈,4
패들,4
세탁,4
립니,4
동상,4
초장,4
유적지,4
소파,4
가자미회,4
주전골,4
죽음,4
공휴일,4
강습생,4
젓가락,4
지경,4
까페,4
부력,4
후라이팬,4
유의,4
케이블카,4
조황,4
해삼,4
장날,4
코앞,4
장거리,4
공개,4
최장,4
해안선,4
생신,4
고장,4
아아,4
데스크,4
카약,4
자릿세,4
황금,4
후라이드,4
좌식,4
가구,4
인연,4
공주,4
가시,4
직진,4
고정,4
귀차,4
모집,4
하단,4
링크,4
바라,4
귀욤,4
성지,4
토종닭,4
와사비,4
차례,4
택배,4
후유증,4
신남,4
바깥쪽,4
모던,4
피아노,4
차선,4
가야,4
엉덩이,4
콘도미니엄,4
침구류,4
평균,4
코시,4
낮잠,4
내사,4
참가,4
캡슐,4
빗방울,4
단풍,4
상점,4
후추,4
보전,4
오토바이,4
용도,4
현관문,4
주세요,4
노란색,4
베스트,4
대체,4
미션,4
전주,4
가성,4
분리수거,4
고소,4
설계,4
해맞이,4
바지,4
유리창,4
요가,4
레포츠,4
인초,4
안목,4
해먹,4
한창,4
구여,4
상호,4
찬물,4
무대,4
장마,4
목욕,4
시내버스,4
밤새,4
확보,4
대학,4
수저,4
빌라,4
프로그램,4
최초,4
음악,4
상품,4
주류,4
이놈,4
강습료,4
안내문,4
튀김옷,4
부지,4
개꿀,4
재연,4
유럽,4
빨대,4
절약,4
주택,4
출장,4
아부지,4
오버,4
발길,4
절경,4
흥분,3
전시관,3
치맥,3
사치,3
사정,3
보정,3
닉네임,3
열매,3
욕망,3
반납,3
모형,3
캠퍼,3
인원수,3
몰골,3
사인,3
팽이버섯,3
대기표,3
덩어리,3
명태회,3
사찰,3
통제,3
멤버,3
독특,3
비데,3
휴대,3
칼라,3
여건,3
출산,3
알콜,3
해안도,3
일종,3
호객,3
접수,3
비엔,3
매점,3
올림픽,3
동작,3
열쇠,3
술집,3
초대,3
철판,3
진열,3
원조,3
호두과자,3
광복절,3
카라반,3
이터,3
미만,3
소문,3
초이스,3
금정,3
건데요,3
명품,3
차로,3
주의보,3
매표소,3
포교,3
공깃밥,3
롯데,3
남해,3
신성,3
점프,3
랩스,3
스프레이,3
방지,3
간식거리,3
엘리베이터,3
도보,3
노후,3
바가지요금,3
조개껍데기,3
테라,3
이체,3
적용,3
모델,3
울산,3
벅스,3
올여름,3
참석,3
신원,3
비결,3
단맛,3
테마,3
간직,3
투하,3
타입,3
거짓말,3
사색,3
쥬스,3
터치,3
스마트,3
조건,3
존재,3
로즈마리,3
안정,3
물질,3
즈음,3
모기,3
화진포,3
기쁨,3
술안주,3
병맥주,3
명칭,3
확신,3
씨름,3
복숭아,3
처갓집,3
전문가,3
정박,3
브레이크,3
콜택시,3
삼각대,3
어부,3
강행,3
팻말,3
사회,3
살림,3
시간대,3
업그레이드,3
내입,3
보장,3
통화,3
비빔냉면,3
약문,3
한숨,3
착용,3
송림,3
드립,3
타월,3
자차,3
채취,3
뒷모습,3
러블리,3
글라이딩,3
생애,3
안개,3
팥빙수,3
신명,3
결혼식,3
호강,3
구도,3
국산,3
셔터,3
합심,3
치즈케이크,3
각각,3
피크,3
보관,3
일념,3
전투,3
설정,3
연말,3
신맛,3
호로,3
합리,3
풀장,3
과장,3
기온,3
지옥,3
아가씨,3
단양,3
소모,3
시공,3
백화점,3
단골,3
일자,3
전진,3
금강산,3
간만,3
작업실,3
껍데기,3
방사,3
국자,3
아이폰,3
조절,3
호들갑,3
향토음식,3
노하우,3
세븐일레븐,3
비행기,3
일몰,3
세기,3
그걸로,3
게요,3
나팔꽃,3
스쿨,3
모레,3
머릿속,3
연속,3
대세,3
정자,3
한정식,3
쟁반,3
그루,3
여념,3
가방,3
달빛,3
글쓴이,3
주유소,3
아담,3
입금,3
닭백숙,3
표지,3
양동호,3
집들이,3
수입,3
고창,3
시트,3
다래,3
바탕,3
술년,3
발코니,3
가사,3
석식,3
제철,3
부표,3
구나,3
참기름,3
창고,3
정성,3
애교,3
플룸,3
해초,3
행운,3
신비,3
둘쨋,3
장애,3
클래스,3
대만,3
실제,3
마루,3
북부,3
리모,3
입소문,3
손양,3
연곡,3
상인,3
전후,3
전골,3
신기,3
누나,3
지정,3
양식,3
즉석,3
전달,3
액자,3
젊은이,3
기암괴석,3
대청봉,3
식초,3
부양,3
알람,3
손두부,3
토끼,3
생명,3
통증,3
기여,3
방안,3
아웃,3
강력,3
국과,3
선크림,3
그걸,3
관음,3
심플,3
주인장,3
탁구,3
벽걸이,3
아버님,3
따위,3
졸음,3
백색,3
입가심,3
무말랭이,3
반사,3
물치,3
번개,3
임대,3
행주,3
한옥,3
조화,3
어머님,3
몸보신,3
한판,3
조망,3
할아버지,3
방심,3
등록,3
물장구,3
탈의실,3
쿠폰,3
추석,3
아지매,3
소비,3
여행가,3
내고,3
땅콩,3
포장마차,3
명물,3
조개껍질,3
한우,3
연중무휴,3
투입,3
모텔,3
관음상,3
회랑,3
슬러시,3
안지기,3
전봇대,3
초등학생,3
숙박업소,3
애용,3
천사,3
스낵,3
빨래,3
회가,3
트레,3
인제,3
각도,3
대리,3
요양,3
곰탕,3
미시령,3
장식,3
호불호,3
조준,3
형상,3
허락,3
로드,3
돌고래,3
버킷,3
혜택,3
열기,3
기사문항,3
진주,3
인접,3
몇일,3
예보,3
비스,3
개수대,3
옷장,3
당첨,3
겨울철,3
경계선,3
전설,3
블라인드,3
물품,3
이미지,3
물색,3
자아,3
가즈,3
유니,3
손질,3
공인,3
프라페,3
체육,3
선착장,3
발전,3
사무소,3
세부,3
탄산,3
시식,3
돼지갈비,3
청초,3
찬스,3
맥주잔,3
소음,3
가드,3
회원,3
탐방,3
딸아이,3
오산항,3
컨디션,3
승리,3
이추,3
베개,3
건가요,3
예매,3
정작,3
명태,3
장작,3
당장,3
콩국수,3
추어탕,3
파파,3
설거지,3
에스컬레이터,3
껍질,3
방문객,3
공신,3
서른,3
갈매기,3
동화,3
사과,3
가격대,3
밥집,3
살치,3
군부대,3
무시,3
어로,3
경계,3
생태,3
액션,3
너스,3
콜라,3
컴백,3
리조,3
외식,3
어마,3
응원,3
지번,3
몽골,3
받침대,3
뒤풀이,3
주전,3
임신,3
참치,3
모래알,3
상징물,3
불가,3
서로,3
어선,3
유치원,3
시민,3
저격,3
관계자,3
루프,3
선수,3
걸음,3
자분,3
휴가객,3
맨발,3
등심,3
실행,3
중개사,3
남애,3
다섯,3
미나리,3
뭘까,3
수고,3
그룹,3
포테이토,3
부스,3
형식,3
형제,3
시댁,3
곰치,3
서철,3
레시피,3
그대,3
화요일,3
구석,3
초록,3
마니,3
생략,3
무한리필,3
송지호,3
장기,3
묶음,3
레스토랑,3
페이지,3
실감,3
달인,3
콩나물,3
화창,3
궁합,3
통창,3
골뱅이,3
길목,3
사이사이,3
숙박비,3
양해,3
기대감,3
북적,3
내면,3
질문,3
생전,3
친척,3
빙수,3
주시,3
메밀전,3
초면,3
천막,3
세계,3
어업,3
부대,3
공터,3
녹음,3
주먹,3
배출,3
멀미,3
양송이,3
버너,3
개띠,3
길거리,3
섭장,3
파노라마,3
장보고,3
잠옷,3
반면,3
대리석,3
단독,3
원목,3
잠깐,3
동산,3
욕구,3
왕새우,3
옥션,3
황어,3
밥그릇,3
밀가루,3
성게,3
감흥,3
웨이팅,3
실시,3
평지,3
알파카,3
장국,3
병원,3
거주,3
꼬마,3
경기,3
케익,3
불안,3
야간,3
업소,3
배드민턴,3
산책로,3
가짓수,3
골든,3
끼니,3
신년,3
구축,3
토마토,3
출연,3
복열,3
반신반의,3
안심,3
주제,3
로얄,3
따름,3
도정,3
토속,3
지리,3
수욕장,3
베이,3
컬러,3
민트,3
보석,3
스킬,3
초고추장,3
양배추,3
코트,3
씽크,3
참새,3
관찰,3
제육볶음,3
바나나보트,3
노지,3
시도,3
감자전,3
핸드,3
고사,3
천연,3
화면,3
티켓,3
폭발,3
비추,3
파워,3
바구니,3
주간,3
해물탕,3
개설,3
이용료,3
중자,3
무제한,3
대선,3
남애리,2
진공청소기,2
조림,2
미래숲,2
고독,2
청주,2
짝꿍,2
어딘가,2
집채,2
박이,2
지평선,2
변수,2
이영자,2
빗소리,2
유정,2
오렌지,2
위협,2
라이스,2
예용,2
바도,2
스케줄,2
로스트,2
두말,2
만발,2
역광,2
싸움,2
갯메꽃,2
냠냠,2
철교,2
시물,2
단속,2
상승,2
소심,2
킹크,2
행나무,2
늦여름,2
전어,2
어둠,2
인대,2
핫도그,2
사업자,2
미지,2
코스트코,2
저녁밥,2
너구리,2
배가,2
코로나선,2
보고서,2
안마,2
둥지,2
싸이,2
삼성,2
집개,2
비상,2
머스,2
홀더,2
딸내미,2
베리,2
이마,2
드림,2
반전,2
바스,2
걸이,2
가치,2
샤오미,2
목욕탕,2
특가,2
갈대,2
주황색,2
북천,2
케어,2
푸들,2
호수,2
남문리,2
천혜,2
좌우,2
바요,2
양보,2
할미,2
도달,2
베테랑,2
수술,2
취사도구,2
단순,2
운행,2
깁니다,2
초콜렛,2
동남아,2
울산바위,2
그래퍼,2
인물,2
오두막,2
선배,2
방언,2
연주회,2
믹스,2
칼바람,2
꽁치,2
마사,2
가운,2
박수,2
별빛,2
오락실,2
입추,2
스마트폰,2
동선,2
부대시설,2
능력자,2
미리,2
부녀회,2
케이스,2
연락처,2
저쪽,2
공격,2
해양경찰,2
퀄리티,2
기븐,2
우로,2
녹차,2
탈수기,2
해파리,2
입술,2
순삭,2
물빛,2
철책,2
복만,2
독일,2
캐노피,2
피클,2
익사,2
정취,2
스노클링,2
일본,2
회의,2
사막,2
배고픔,2
무사,2
춘향,2
이중,2
나방,2
사촌,2
안부,2
노스,2
쏘세지,2
봉사,2
낙서,2
메카,2
로맨틱,2
북녘,2
휴게,2
출항,2
아란치니,2
엘베,2
해금,2
대답,2
콘센트,2
주행,2
동공,2
아지트,2
견과,2
서쪽,2
내구,2
토종,2
사육,2
규격,2
감당,2
슬픔,2
소면,2
우디,2
가로,2
무늬,2
전원,2
놀람,2
라운지,2
자자,2
제휴,2
상어,2
양도,2
자가용,2
경유,2
카카오,2
초행,2
구멍가게,2
풍미,2
히로뽕,2
연등,2
공가,2
날치,2
나미,2
약산,2
인적,2
산자,2
선명,2
겨자,2
교육장,2
데일리,2
공중,2
칼국,2
정직,2
정렬,2
예감,2
포차,2
우중,2
상업,2
저질,2
하천,2
사지,2
얼떨결,2
외옹치항,2
한방,2
다대기,2
장닭,2
근심,2
장판,2
선구,2
실례,2
소매,2
중국,2
돈가스,2
기업,2
주유,2
뒷면,2
막대기,2
쿠션,2
교통망,2
미도,2
뒷발,2
학생,2
타운,2
따윈,2
레슨,2
사자,2
사골,2
모바일,2
오락,2
임시,2
최소한,2
칠판,2
매가,2
곤충,2
사수,2
물보라,2
노인,2
송년회,2
선착순,2
스위트룸,2
낙산항,2
반집,2
철인,2
감탄사,2
미국,2
꾸리,2
집안,2
주머니,2
메밀꽃,2
등갈비,2
얼음장,2
큰딸,2
편도,2
캠프촌,2
대진,2
수령,2
키보드,2
프라이어,2
본관,2
신석기,2
곡물,2
버튼,2
노루,2
담배,2
랄라,2
카로,2
카라멜,2
구명,2
소소,2
철칙,2
유턴,2
프리덴,2
반차,2
시즈,2
스티커,2
귀동이,2
쓰레기봉투,2
게시물,2
내복,2
우미,2
여인네,2
첫날밤,2
오니,2
게임기,2
사월,2
장호항,2
남녀,2
둘레,2
로사,2
스냅,2
지독,2
빵집,2
확장,2
생물,2
비치파라솔,2
자동,2
눈꽃,2
진짜,2
그란츠,2
하조,2
오랫동안,2
설겆이,2
경비,2
페친,2
불가사리,2
런지,2
부심,2
레인,2
유성,2
환호성,2
물총,2
참전,2
해면,2
부채,2
팀장,2
신세계,2
생김,2
친화,2
스타트,2
보험,2
그중,2
낙지,2
앞치마,2
대량,2
뒷바퀴,2
출입문,2
처서,2
양상추,2
야식,2
지척,2
제육,2
갈증,2
성격,2
용왕,2
구리,2
주청리,2
지상,2
손발,2
트리스,2
형아,2
국을,2
눈물,2
카레,2
발생,2
필수품,2
겉모습,2
수온,2
결과물,2
흉내,2
강남,2
등산,2
토핑,2
까망,2
바닷소리,2
노아,2
전신,2
오리,2
교실,2
무언가,2
리듬,2
치국,2
풍광,2
속살,2
갤러리,2
금빛,2
반바지,2
가필드,2
레몬,2
안내판,2
케잌,2
연세,2
뷔페,2
일과,2
보충,2
잔소리,2
관자,2
파스텔,2
식스,2
방전,2
시비,2
방한,2
태조,2
고마움,2
보존,2
책자,2
기어,2
조끼,2
가스,2
영하,2
앞자리,2
하모니,2
개모,2
입시,2
개업,2
폭우,2
영웅,2
균형,2
철새,2
성당,2
항정살,2
내리막,2
세코,2
겸비,2
조달,2
유리문,2
가락,2
감회,2
수국,2
스탠드업,2
원산지,2
산란,2
잡이,2
카봉,2
잔디,2
고모,2
생맥,2
바닷고기,2
요즈음,2
회색,2
광진,2
은행,2
포켓볼,2
숙취,2
지인망,2
탄생,2
미술,2
당신,2
케이지,2
쿠바,2
지네,2
상봉,2
신선놀음,2
기초,2
여수,2
메르스,2
공부,2
시커,2
영혼,2
가라,2
인방,2
콘크리트,2
오래간만,2
벨리,2
쫄쫄이,2
도마,2
커텐,2
그린,2
아이디어,2
조은,2
새해맞이,2
테이크,2
아점,2
홍게,2
양손,2
향정,2
요청,2
정규,2
백두,2
거부,2
계피,2
망상,2
확정,2
요일,2
봉우리,2
근방,2
새싹,2
중턱,2
막바지,2
미역무침,2
개조,2
종업원,2
장난아,2
도시락,2
지혜,2
최악,2
사방,2
타이,2
체리,2
구독,2
며느리,2
나이트,2
정차,2
생고기,2
게시,2
왼편,2
막강,2
난로,2
추임새,2
대천,2
근로자,2
구들,2
한정,2
바르셀로나,2
방충망,2
예의,2
핀잔,2
허허,2
천지,2
비빔면,2
피치,2
구원,2
쉐프,2
메이드,2
현대인,2
번화가,2
내비,2
랜드,2
그람,2
전기밥통,2
마블링,2
스스로,2
블링,2
테디,2
분노,2
김치전,2
정감,2
청춘,2
장호,2
순둥이,2
비키니,2
풍선,2
메리트,2
승연,2
갈대밭,2
수거,2
상당,2
제목,2
산행,2
쇄석,2
예비,2
산길,2
배송,2
백만,2
관상용,2
이튿날,2
빈티지,2
니즘,2
주메뉴,2
건립,2
절벽,2
치료,2
상징,2
좌표,2
백종원,2
발송,2
엔터,2
코팅,2
위풍당당,2
뒷문,2
물통,2
도망,2
세꼬,2
국가,2
그림자,2
세면,2
초점,2
다량,2
공지,2
가스레인지,2
동심,2
마스코트,2
꽃길,2
직후,2
평온,2
매물,2
방출,2
서해안,2
축구,2
농로,2
합격,2
스탬프,2
딱지,2
원두커피,2
내비게이션,2
시외,2
만족도,2
장아찌,2
입욕제,2
사악,2
인치,2
대가,2
시그,2
업무,2
고통,2
식물,2
옥상,2
한글,2
생동감,2
실비,2
작성자,2
방침,2
논리,2
삼촌,2
심술,2
전환,2
푯말,2
생김새,2
고집,2
시원,2
다모,2
안방,2
미남,2
생필품,2
기류,2
글귀,2
늦잠,2
벽면,2
흐름,2
물냉면,2
군것질,2
반쪽,2
달료,2
누드,2
시경,2
서랍,2
봉지,2
상시,2
장조림,2
로망,2
송전리,2
해운대,2
기부,2
진동,2
올리브,2
아자,2
수산물,2
청소년,2
한수,2
물위,2
구멍,2
공기압,2
목줄,2
교동,2
모카,2
패드,2
가이드,2
가오리,2
후문,2
차원,2
대로변,2
무었인지,2
기전,2
똥집,2
평안,2
소왕,2
국수집,2
진자,2
제습기,2
마크,2
포크,2
래미,2
효석,2
망설,2
정육점,2
기념관,2
건너,2
경로,2
소라,2
모천,2
배치,2
단가,2
책정,2
발령,2
독서,2
분경,2
매진,2
여인,2
백과,2
분식,2
앞머리,2
부자,2
감자튀김,2
토박이,2
샛길,2
효자,2
작정,2
동춘,2
봉수대,2
자정,2
엑기스,2
인구항,2
이라니,2
고수,2
시상식,2
갯지렁이,2
참이슬,2
차트,2
변명,2
땅값,2
큰애,2
노출,2
초반,2
세면대,2
초전,2
희생,2
생산,2
다단계,2
선반,2
역대,2
올갱이,2
기린,2
쓰레기통,2
옷걸이,2
암닭,2
스피커,2
실물,2
걷기,2
출조,2
유도,2
심곡항,2
스킴,2
자제,2
득템,2
여서,2
하이패스,2
세제,2
스스,2
단호박,2
중년,2
우등,2
옹심이,2
용안,2
산란율,2
콜비,2
식탐,2
오프,2
로데스,2
필리핀,2
생쥐,2
제비,2
주거리,2
정암,2
우거지,2
두꺼비,2
아날로그,2
소년,2
나무숲,2
사유지,2
못난이,2
비명,2
뽀뽀,2
제자리,2
한때,2
신고,2
방바닥,2
하와이안,2
광어회,2
현지인,2
호박,2
버블,2
방음,2
나절,2
개헤엄,2
안도,2
방갈로,2
홈패션,2
사징,2
한계령,2
출구,2
단골집,2
구전,2
신분증,2
여부,2
과거,2
스튜디오,2
주세,2
농장,2
아바이,2
저것,2
연애,2
공영,2
술잔,2
자형,2
최신,2
물개,2
색상,2
송이버섯,2
오리고기,2
애미,2
무드,2
라인업,2
으뜸,2
다사다난,2
외출,2
시작점,2
밀착,2
강화,2
삼양,2
닭발,2
소윤,2
황도,2
내기,2
팜플렛,2
예약금,2
한가,2
육박,2
소진,2
귀동,2
봄날,2
양반,2
고대,2
사위,2
진면목,2
시시,2
움짤,2
회귀,2
사발,2
할머님,2
캔커피,2
숟가락,2
종점,2
수확,2
감촉,2
테이크아웃,2
호프,2
육개장,2
한강,2
고심,2
트리,2
영금,2
회무,2
당근,2
외박,2
베어,2
만행,2
요금표,2
시전,2
스터,2
침수,2
샹들리에,2
방앗간,2
오솔길,2
이색,2
경과,2
콜리,2
조수석,2
우울,2
야지,2
데코,2
여사,2
오해,2
아일랜드,2
눈길,2
강태공,2
안골,2
소재지,2
글자,2
준수,2
방어,2
회장,2
내게,2
비앤비,2
벽지,2
제게는,2
어젯밤,2
건초,2
내내,2
모래집,2
식전,2
육체,2
압력,2
지원,2
두려움,2
주년,2
둘레길,2
출력,2
홍련,2
환장,2
첨부,2
장엄,2
여정,2
사구,2
미련,2
용왕제,2
상단,2
남여,2
차도,2
도치,2
미디,2
물기,2
구와,2
초딩,2
잉크,2
개장식,2
분당,2
수용,2
방생,2
왕건,2
연꽃,2
청년회,2
식혜,2
수지,2
허용,2
스파게티,2
보수,2
차이점,2
수대,2
천재,2
발치,2
뒷정리,2
소형,2
협조,2
매입,2
래프팅,2
입점,2
코바,2
긴장,2
개최,2
캡처,2
푸쉬,2
해외여행,2
허가,2
장시간,2
숙지,2
발권,2
영업장,2
항아리,2
정점,2
고래,2
부유물,2
의상대,2
스페인,2
즉흥,2
마법,2
일터,2
정비,2
우선,2
강변,2
라구나,2
실천,2
멍멍이,2
계란찜,2
내심,2
화룡점정,2
온몸,2
화상,2
탑승,2
송한,2
커피콩,2
스캔,2
복무,2
태교,2
완공,2
동료,2
마디,2
한몫,2
역동,2
기호,2
매일,2
추향,2
해산,2
담당,2
스트레칭,2
중개,2
호떡,2
곳도,2
안락,2
밥맛,2
지여,2
프라이팬,2
윈드서핑,2
투표,2
머구리,2
무기력,2
분할,2
아웃백,2
숯불갈비,2
물가,2
매트리스,2
안보,2
작용,2
방해,2
이내,2
대략,2
밤잠,2
주요,2
손길,2
채비,2
사부,2
체중,2
구피,2
모금,2
동호항,2
타이어,2
기차,2
주성치,2
영광,2
에피,2
개시,2
장과,2
태희,2
자랑거리,2
체다,2
사려,2
공수전,2
동거리,2
재질,2
무게,2
상운,2
층고,2
면장,2
다이빙,2
다요,2
가로등,2
경제,2
조기,2
정기,2
비린내,2
다시,2
관광버스,2
투자,2
플라이,2
라메,2
퍼스트,2
철거,2
조선,2
이성우,2
개당,2
소장,2
애초,2
리멤버,2
초상권,2
이유식,2
철석,2
출판,2
위안,2
실사,2
출입구,2
열무,2
강릉시,2
무채,2
단색,2
심정,2
유유자적,2
사기,2
목소리,2
전병,2
분유,2
감칠맛,2
그땐,2
은색,2
수아,2
지하수,2
만약,2
혁명,2
카페테리아,2
주말여행,2
형성,2
장모님,2
심화,2
솔트,2
매운맛,2
프로젝트,2
군고구마,2
리셋,2
얼스,2
세면도구,2
햇님,2
자료,2
스윗,2
이래,2
루트,2
빛깔,2
한주,2
여섯,2
텐데요,2
아드,2
나용,2
양행,2
건축,2
다운,2
전원주택,2
침샘,2
설레,2
밀크티,2
형부,2
클렌징,2
레이,2
사오기,2
종이컵,2
아침밥,2
알바,2
착각,2
사투리,2
아산,2
비품,2
그램,2
자장가,2
닭다리,2
온돌,2
메시지,2
허기,2
획득,2
아이템,2
송전,2
프랑스,2
우도,2
공식,2
족구,2
수납장,2
페달,2
어치,2
어린,2
집결,2
가수,2
본지,2
목공,2
엉망,2
저리,2
사천진,2
대여점,2
룰루,2
능력,2
기기,2
만선,2
해뜨기,2
컨디,2
경기도,2
소나기,2
동전,2
대출,2
가네,2
침식,2
긴지,2
전적,2
제리,2
마음속,2
왜지,2
노선,2
식량,2
시각,2
레고,2
하계,2
국그릇,2
교차로,2
려고,2
발자취,2
페이스북,2
명인,2
감격,2
재윤,2
외장,2
숭늉,2
선글라스,2
평상,2
송월,2
추첨,2
더블,2
만능,2
라이언,2
진미,2
왕국,2
페스티벌,2
고깃집,2
백두대간,2
장난감,2
동호회,2
주방장,2
여파,2
실용,2
광화문,2
에이,2
배정,2
청년,2
이사,2
야심,2
사용료,2
넓이,2
손가락,2
엠티,2
풍등,2
내외분,2
나르시스,2
학원,2
무제,2
규칙,2
직접,2
그간,2
어마니,1
탈수증,1
색채,1
골프,1
몸짓,1
패디,1
화분,1
짜파게티,1
금다,1
야광,1
게이,1
수평,1
아메리카,1
하윤,1
게여,1
승객,1
공통,1
밑간,1
이불장,1
액티비티,1
돌판,1
아감,1
블랜딩,1
봉구,1
타령,1
생소,1
포은,1
행진,1
쑥갓,1
고퀄,1
도덕,1
복임,1
페인팅,1
주당,1
지난밤,1
올레,1
유편,1
전일,1
해둔,1
뒷걸음질,1
범위,1
생존,1
최강,1
선홍,1
젬병,1
이태원,1
꼭질,1
쌍벽,1
반주,1
변리,1
배불,1
접착,1
시요,1
프레첼,1
중시,1
하동호,1
거도,1
산불,1
건강식,1
범인,1
물방울,1
노부부,1
늦봄,1
오프너,1
쏜살,1
하소연,1
층위,1
웃통,1
신뢰,1
상상력,1
자연파,1
요량,1
샌가,1
한나절,1
동요,1
망망대해,1
익스트림,1
닭볶음탕,1
홍학,1
해저,1
아드님,1
입각,1
아이스티,1
생어,1
판넬,1
물컵,1
전시물,1
공유지,1
지성,1
벌초,1
불타,1
토무,1
카아,1
앙상블,1
견도,1
릴렉스,1
진통제,1
파트,1
창이,1
서방,1
리임,1
슬링,1
몸살,1
마릿수,1
곡마,1
돌탑,1
합동,1
만원,1
협력,1
졸업,1
세탁실,1
공기주,1
방울,1
가자,1
원형,1
옷가지,1
경리,1
효선,1
체온,1
바위섬,1
필지,1
왕곡,1
육성,1
호각,1
김혜자,1
수돗물,1
잉글리쉬,1
쥐콩,1
셀던,1
모공,1
각지,1
전염,1
자매결연,1
도변,1
석가,1
여관,1
승빈,1
원장,1
금어기,1
순서,1
하리,1
청개구리,1
요루,1
와주,1
조연,1
행선지,1
러지,1
방랑,1
죠스떡볶이,1
안전선,1
층만,1
뒷마당,1
꼽등이,1
누적,1
기점,1
우릴,1
파란색,1
동외,1
스승,1
트위스트,1
우회전,1
간적,1
제조,1
두통약,1
메트,1
구름다리,1
지부,1
태안,1
다립,1
일쑤,1
여사장,1
임부,1
곤란,1
수차례,1
초야,1
빠빠,1
황토,1
주먹밥,1
초원,1
머그잔,1
보청기,1
부농,1
침침,1
포카리,1
부침개,1
이분,1
중인,1
중학생,1
보호수,1
동산항,1
퍼플,1
확산,1
무용,1
반신욕,1
사요,1
물막,1
산미,1
누리,1
서성,1
현대식,1
더멋,1
씀씀이,1
아홉,1
물리,1
체계,1
국시,1
비바람,1
평준,1
소피스트,1
애순,1
부천,1
열흘,1
동태,1
신호탄,1
재산,1
전원책,1
바이크,1
프레임,1
북유럽,1
본가,1
웬일,1
일치,1
양념값,1
배탈,1
자누,1
명사십리,1
추세,1
꺼리,1
중광정리,1
수족관,1
무장,1
페인트칠,1
토론,1
구걸,1
여름밤,1
야영객,1
별장,1
유머,1
사용법,1
특훈,1
그린벨트,1
아름드리,1
도심,1
여동생,1
적막,1
옹치,1
김광석,1
기상청,1
물결무늬,1
이스란,1
양념간장,1
인자,1
신사,1
레일바이크,1
푸른색,1
각오,1
브루스,1
사물,1
대란,1
던킨도너츠,1
재우,1
클라스,1
주체,1
채도,1
뜰채,1
신식,1
시골길,1
광택,1
축약,1
단합,1
빗길,1
청솔,1
낭군,1
시험,1
바램,1
연발,1
수수부꾸미,1
토치,1
고등어,1
관공서,1
지니,1
매니아,1
안코,1
공유기,1
상회,1
맥주병,1
봉기,1
과음,1
저금,1
영감,1
명장,1
정보통,1
마흔,1
황금찬,1
여얼,1
내외,1
건폐율,1
오창,1
플라잉,1
숙박업,1
샤브샤브,1
치통,1
템플,1
오라방,1
야유회,1
분수대,1
고사리손,1
열창,1
쌀밥,1
당나귀,1
참숯,1
특수,1
계사,1
우라,1
잡고기,1
구글,1
북어,1
결심,1
유괘,1
국제,1
지간,1
월급,1
소등,1
가산점,1
별실,1
원도,1
몽이,1
소풍,1
식상,1
손칼국수,1
지나,1
바우,1
무인,1
게딱지,1
뜀박질,1
카리야,1
우하,1
말복,1
돌무더기,1
덕인,1
알로에,1
두부조림,1
살인,1
근력,1
히치,1
상실,1
주수,1
이대로,1
면말,1
이점도,1
시주,1
전단지,1
수랑,1
도립,1
사천,1
요들,1
인포메이션,1
화로구이,1
저게,1
밤중,1
휘핑크림,1
조러,1
국수사리,1
안동,1
내리막길,1
점검,1
북점,1
몸뚱이,1
저녁노을,1
메추,1
올롱,1
비어,1
쉬러,1
난이,1
세일,1
첫차,1
내친김,1
숭어회,1
김광우,1
향연,1
복제,1
고흥,1
사임당,1
양송이버섯,1
서지,1
의뢰,1
탈수,1
명언,1
완제품,1
반값,1
켄싱,1
아케이드,1
찬기,1
스물,1
부면,1
통행,1
장아,1
통로,1
터닝,1
개구쟁이,1
카나,1
선전,1
사모,1
오라버니,1
간략,1
화니,1
뭔들,1
네온사인,1
서브,1
안토니오,1
심고,1
피존,1
회양,1
녹색,1
라이징,1
주전부리,1
죄지,1
착공,1
시안,1
내차,1
어물,1
귀염,1
노브랜드,1
김동원,1
탈거리,1
전통차,1
여행스케치,1
브랜드,1
자서,1
지용,1
이순대,1
창시,1
굴곡,1
비낭,1
삼포,1
꼬리,1
테두리,1
등사기,1
위시,1
리드,1
마리아주,1
독점,1
아로니아,1
뒤태,1
처가,1
부각,1
코코아,1
불게,1
근접,1
시멘트,1
이온,1
슈우,1
맥도날드,1
내생,1
구정,1
화진,1
자품,1
체증,1
도너츠,1
멘붕,1
초초,1
이쯤,1
기행,1
해영,1
재촉,1
문신,1
두부구이,1
마술,1
심이,1
프런트,1
다님,1
바알,1
헌장,1
안맥,1
사냥,1
무승부,1
연서,1
능이버섯,1
민들조개,1
파주,1
치방,1
나부랭이,1
건축가,1
강조,1
홍천군,1
수키,1
깡통,1
배안,1
이방,1
메카드,1
보상,1
초콜릿,1
베이스캠프,1
코로나,1
호박벌,1
목마름,1
에러,1
현희,1
코인,1
장진우,1
빨강,1
하양,1
레븐,1
퍼스널,1
스탭,1
식욕,1
경력,1
담이,1
게유,1
꽃구경,1
근거리,1
빙의,1
홀릭,1
방이,1
삼엄,1
김순,1
탕진,1
짠물,1
보리,1
달밤,1
중곡역,1
토성면,1
절토,1
내서,1
바닐라,1
양군,1
골대,1
실수,1
구매처,1
이건가요,1
스트릿,1
바이바이,1
행동,1
자메이카,1
카풀,1
웨건,1
안산,1
스페셜,1
문지,1
폐인,1
문어숙회,1
알코올,1
유무,1
고성군,1
만추,1
걸루,1
구례,1
스킨로션,1
일가견,1
농기구,1
스마일,1
자국,1
도나스,1
추측,1
성수,1
드랑,1
명태식해,1
산업,1
새것,1
중강,1
평촌,1
잔액,1
이세근,1
시름,1
겨울바람,1
숙모,1
디테일,1
파파라치,1
여러해살이,1
의정부,1
삐비,1
주문항,1
아커,1
웨이,1
에티오피아,1
성장,1
홍수,1
라틴,1
참맛,1
사춘기,1
사물함,1
일손,1
우덕,1
피디,1
샌들,1
총장,1
보리차,1
부채살,1
수금,1
인스턴트,1
산소,1
찬양,1
억새,1
박두,1
군자동,1
자장면,1
공급,1
위도,1
이브,1
색색,1
본적,1
대책,1
최욱재,1
교대,1
정밀,1
퇴원,1
삼합,1
배드,1
가림,1
돈벌레,1
새천년,1
불상사,1
잡생각,1
만세,1
선발,1
쓰리,1
업둥이,1
곰팡,1
프레,1
분포,1
뒷산,1
향신료,1
담임,1
하남,1
달집,1
후릿그물,1
회덮밥,1
투숙객,1
저탄장,1
인내,1
군자역,1
수삼,1
볼케이노,1
기념물,1
곰돌이,1
스모크,1
성사,1
폭포,1
대이작도,1
우둔,1
우풍,1
스케치,1
여대,1
청포,1
빨래방,1
밸런스,1
연이,1
돌프,1
전율,1
배추김치,1
큰소리,1
케나,1
잉꼬,1
취항,1
동수,1
그라운드,1
떡갈비,1
애비,1
가슴살,1
측면,1
까까,1
리안,1
오심,1
라텔,1
태양열,1
세수,1
오마주,1
섭섭,1
밑줄,1
석양,1
군락,1
동명동,1
가든,1
정미소,1
차창,1
서종,1
다이나,1
파스,1
분임,1
서식,1
오류,1
하가,1
연예,1
섬유,1
농사,1
합성,1
손끝,1
페페,1
안판,1
데님,1
도의,1
마나,1
향도,1
비너스,1
유니도,1
피스,1
입식,1
돌체,1
관내,1
조망대,1
횡단보도,1
송죽,1
이이,1
자청,1
변기,1
허브,1
팬티,1
크로,1
토양,1
헨젤,1
낙엽,1
페디큐어,1
연습장,1
구본,1
육안,1
강의,1
저안,1
한번,1
출퇴근,1
문도,1
박사,1
난이도,1
옆면,1
어름,1
농구장,1
용궁,1
극찬,1
이동후,1
인색,1
상팔자,1
스폴딩,1
율무차,1
서질,1
탄신일,1
개발자,1
벼락,1
팟타이,1
선책,1
석쇠,1
음성,1
바캉스,1
순창,1
웰컴,1
터짐,1
스투어,1
시우,1
메꽃,1
아쥬,1
메트리,1
아울렛,1
데일,1
미동,1
설비,1
반성,1
나장,1
내방,1
델피노,1
팔덕,1
죽항,1
질서,1
소강,1
연비,1
금연,1
유로,1
복구,1
모시,1
대미,1
성분,1
지하상가,1
칵테일,1
영장,1
데이,1
버팔로,1
신전,1
소금물,1
여윳돈,1
배전,1
문안,1
컬트,1
꽃새우,1
춤사위,1
세분,1
태도,1
상행,1
월정사,1
광각,1
볼링,1
탈의,1
커밍,1
미러,1
장위,1
보리암,1
행렬,1
타래,1
원투,1
광양,1
저마다,1
인제군,1
갤럭시,1
월차,1
판때기,1
스타터,1
비오,1
여니,1
여지,1
옥황상제,1
베른,1
청바지,1
레오,1
티아라,1
농림,1
구구,1
가터,1
각인,1
단차,1
송평,1
천만다행,1
상질,1
리수,1
차림,1
시체놀이,1
건조물,1
화화,1
타려,1
타거,1
잇몸,1
설렁탕,1
싸이트,1
펭귄,1
선초,1
중곡동,1
통감자,1
미니카,1
얄개,1
설마,1
은행나무,1
천근만근,1
소지,1
커플스,1
빠다,1
야구공,1
피망,1
친정집,1
휴암,1
자판기,1
타기,1
경매,1
백도라지,1
돌기,1
센타,1
소고,1
협회,1
방사유,1
얼룩,1
보조,1
화단,1
일장,1
비나리,1
사륜,1
앵두,1
인민,1
함마,1
귀염둥이,1
이크,1
귀신,1
축복,1
테레비,1
스토어,1
애증,1
백반,1
월정리,1
화일리,1
아르바이트,1
마크라메,1
중원,1
인더,1
탕거리,1
상식선,1
염원,1
집터,1
글쎄,1
승격,1
내발,1
공존,1
약정,1
예배,1
문밖출입,1
처남,1
뒷전,1
하프,1
상대사,1
피우,1
메일,1
둘짼,1
마무,1
목포,1
안동국,1
알맹이,1
모래성,1
만둣국,1
스프,1
숙명,1
강사진,1
벌목,1
마한,1
파카,1
버블티,1
너울,1
정로,1
귀애,1
리그,1
허위,1
업종,1
친목도모,1
웅녀,1
찬바람,1
강송,1
모래시계,1
공룡능선,1
대식가,1
시골집,1
기인,1
박공지붕,1
골프장,1
살얼음,1
빈손,1
소환,1
데이터,1
실외,1
귀뚜라미,1
도야지,1
요목,1
발매,1
영접,1
까르보,1
등골,1
근진,1
강서,1
자다,1
울엄마,1
품바,1
웨지,1
코코넛,1
부흥,1
오륙도,1
교통비,1
아준,1
관상,1
철분,1
프렌치토스트,1
입음,1
군사분계선,1
화지,1
유추,1
연청,1
아들내미,1
연날리기,1
아이젠,1
사리,1
이시즈,1
치열,1
재능,1
게찜,1
삽입,1
상동,1
콜린퍼스,1
깃발,1
니다,1
생성,1
카타,1
양털,1
포말,1
천정,1
팜파스,1
페퍼민트,1
암막,1
지윤,1
노비,1
구스,1
단잠,1
한산,1
남직,1
돼지머리,1
오야,1
뙤약볕,1
엔젤,1
중앙난방,1
계모,1
도식,1
날벌레,1
번국,1
기겁,1
아몬드,1
다스,1
전쟁,1
거리낌,1
스피커폰,1
교체,1
오염,1
감기약,1
하린,1
농활,1
대망,1
가위바위보,1
돌전,1
중부,1
트로피카나,1
해경,1
송산역,1
코레이,1
포화,1
봉고,1
뱅크,1
고동,1
마세,1
호주,1
역사,1
술값,1
항목,1
하림,1
고지,1
휴양소,1
봄맞이,1
만재도,1
단부,1
예열,1
방위대,1
혈투,1
닥종이,1
글라스,1
앞집,1
기본스,1
오동통,1
검색창,1
열성,1
해지,1
저저,1
미어,1
피장,1
요녀석,1
실시간,1
외지인,1
장찌개,1
꽂이,1
출시,1
광나루,1
라탄,1
복은,1
영양사,1
레이스,1
중화요리,1
개학,1
마찰,1
겐가,1
갈림길,1
절망,1
신데,1
판장,1
메탈,1
피시,1
손색,1
인생관,1
서다,1
클리닉,1
계장,1
케이쿠,1
찰떡궁합,1
무서움,1
구칭,1
추진,1
저기압,1
승부,1
보기,1
핫트랙스,1
두장옌,1
수순,1
무파마,1
중력,1
프라이즈,1
꽁무니,1
충인,1
가입,1
파라,1
경내,1
용인,1
미니버스,1
바깥공기,1
분과,1
헤라,1
예수,1
누굴까요,1
두국,1
포스티노,1
향수,1
평양냉면,1
부실,1
앙양,1
터전,1
다단,1
견이,1
강화도,1
안성기,1
사야,1
하회,1
견인,1
인사이트,1
필독,1
부착,1
조상,1
암수,1
필사,1
노소,1
색주,1
령정,1
전북,1
트렁크,1
충원,1
로제,1
청간정,1
침낭,1
차거,1
석박,1
해기,1
발비,1
수행,1
최고봉,1
어가,1
어본,1
테크,1
등금,1
육각형,1
압구정역,1
맥도널드,1
모래벽,1
지분,1
피카츄,1
에이스,1
나기,1
쓴맛,1
체가,1
음수,1
충분,1
따개,1
노릇,1
해원,1
플래카드,1
복행,1
정암리,1
평창동,1
불닭,1
고깃배,1
어미,1
서야,1
기포,1
군침,1
오브,1
정판,1
바다코끼리,1
송산,1
여권,1
시바,1
공모,1
새참,1
초도항,1
민물,1
종착지,1
바랄,1
저작,1
닷컴,1
중마동,1
논두렁,1
천연기념물,1
저건,1
담장,1
고춧가루,1
즉석요리,1
감퇴,1
구라미,1
기미,1
신시,1
체전,1
캐릭,1
입성,1
진출,1
문표,1
어드메,1
치신,1
신당,1
웨이브,1
댄스,1
러닝,1
페어,1
댓바람,1
용접면,1
복합,1
반팔,1
대포동,1
채집,1
호소,1
서보,1
이인,1
생리,1
청봉,1
그놈,1
모니터,1
노트북,1
갈일,1
지배,1
목숨,1
일용,1
흔들바위,1
공병,1
핫플레이트,1
치미,1
가치관,1
연행,1
한반도,1
숙박료,1
비유,1
더더리,1
드레싱,1
양평군,1
달력,1
잔디밭,1
보라카이,1
인전,1
직결,1
이스,1
분발,1
아지랑이,1
올릴라,1
산등성이,1
크리스탈,1
유행어,1
폭등,1
유명세,1
밝기,1
사공,1
구급,1
비디오,1
아동,1
올립,1
저어,1
고유,1
성직자,1
김창래,1
버스표,1
효소,1
심바,1
모시조개,1
초가,1
수신호,1
남장,1
서리,1
춘천시,1
난지,1
출두,1
초기,1
길지,1
졸도,1
조음,1
점토,1
대추,1
야메,1
파산,1
초창기,1
근성,1
태종,1
교집합,1
낭비,1
성남,1
도색,1
캐리어,1
양지,1
책장,1
실속,1
권역,1
물차,1
완주,1
우랑,1
쾌재,1
모레이,1
발급,1
지우개,1
성왕,1
개미,1
환웅,1
등식,1
조선소,1
텀블러,1
시은,1
음악회,1
눈씨,1
장치,1
토크,1
레베,1
보리밥,1
미루,1
농약,1
동행인,1
차림새,1
대포,1
추지,1
하이파이브,1
카니발,1
메인,1
경도,1
덕목,1
만보,1
이득,1
육식,1
양치,1
맨몸,1
절임,1
홈런,1
제피,1
재지,1
스피드,1
팝콘,1
호우,1
슬러그,1
담소,1
찹쌀,1
면수,1
속초항,1
언저리,1
와이드,1
솔나무,1
총각김치,1
물음,1
신형,1
과언,1
알로하,1
춥다,1
콘서트,1
중소기업,1
목걸이,1
장갑,1
자율,1
닭똥집,1
교수,1
동명항,1
총평,1
회비,1
광나루역,1
원대리,1
소맥,1
막지,1
라심,1
도화,1
요술,1
다솜,1
벗나무,1
해시,1
남현,1
래도,1
상체,1
타피,1
삼척항,1
직행버스,1
붕붕이,1
접이식,1
이디야,1
삼보,1
메멜,1
반반무마니,1
호조,1
입촌,1
일정표,1
도로포장,1
차단,1
현미,1
농구,1
유산,1
매서,1
피팅,1
쥐포,1
합창,1
장만,1
김서,1
결의,1
포식자,1
배차,1
열일,1
연각,1
골드,1
머치,1
개인기,1
해상,1
베이글,1
생정,1
태극기,1
각개,1
열대야,1
철학,1
취나물,1
라포,1
헤드,1
퓨어,1
직역,1
운반,1
카델,1
대안,1
아찌,1
나인데,1
이천,1
아라,1
한곡,1
장편,1
독차지,1
관제탑,1
송경,1
강점,1
시합,1
개막식,1
주랑,1
온풍기,1
승화,1
매실나무,1
개포,1
시카,1
티엠,1
지천,1
뚜레,1
어린이대공원역,1
고아,1
용변,1
본식,1
폐쇄,1
군산,1
텐트촌,1
첨가,1
중순,1
은박,1
마켓,1
존경,1
소릴,1
파재,1
티격,1
호떡집,1
엔시,1
렛츠,1
올리브유,1
야구장,1
소자,1
입욕,1
청두,1
최고점,1
환불,1
외제,1
새댁,1
얘길,1
최소,1
전무,1
라임,1
지그재그,1
치즐,1
흡족,1
경청,1
제일,1
근육통,1
보름,1
소계,1
영기,1
출격,1
동식물,1
내자,1
해바라기,1
승차,1
가노,1
하차,1
조대,1
일발,1
여해,1
보양,1
대한,1
롯데마트,1
겁쟁이,1
타실,1
전요,1
어울림,1
집안일,1
자녀,1
세끼,1
이맘때,1
군더더기,1
반달,1
일금,1
금상첨화,1
작렬,1
옛길,1
가여,1
영등포,1
통삼,1
지로,1
강변역,1
치명,1
그랜드,1
명심,1
징조,1
소감,1
이모님,1
수저통,1
성토,1
영주,1
자색,1
조이,1
비욘,1
청동기,1
물살,1
단편,1
두발,1
등극,1
시일,1
이동해,1
오공,1
특근,1
망치,1
방울토마토,1
고모부님,1
독보,1
고포,1
생색,1
식탁보,1
체감,1
서유기,1
망대,1
대문,1
감행,1
계단식,1
극단,1
출금,1
미래,1
로변,1
밧데리,1
품질,1
초극,1
고등,1
매년,1
논길,1
프린트,1
비려,1
구어,1
경쟁,1
코엑스,1
페인트,1
이해인,1
임산부,1
역활,1
중구,1
하닌,1
에너자이저,1
헌팅,1
스타드,1
하러,1
해리,1
파인,1
타이트,1
클로즈,1
키아누리브스,1
구랑,1
누군지,1
돌덩어리,1
근모,1
파트너,1
배추,1
종갓집,1
히로,1
탈곡,1
답인,1
보성,1
리미,1
과식,1
닭고기,1
복채,1
금값,1
심취,1
대전역,1
훈련,1
꽃게,1
하비,1
내음,1
외빈,1
총각,1
깃털,1
비막,1
미각,1
오잉,1
천만,1
래브라도,1
원분,1
낯가림,1
나인,1
필자,1
빈자리,1
저걸,1
추노,1
큰아이,1
국유지,1
몸풀기,1
병아리,1
저급,1
상대방,1
앵글,1
물그릇,1
침해,1
부녀,1
적정선,1
광장동,1
개집,1
허접,1
짐작,1
지하철,1
코피,1
다와,1
성원,1
내노,1
지체,1
아래층,1
마왕,1
이점,1
황제,1
물엿,1
인척,1
옆길,1
귀밑머리,1
온리,1
해풍,1
반환,1
포켓,1
절주,1
어렵,1
뒷다리,1
눈썹,1
보유,1
암석해안,1
저위,1
한커우,1
통찜,1
그레이,1
중앙동,1
적당,1
육감,1
오이,1
녹원,1
호출,1
륜차,1
요맘때,1
소름,1
활력,1
가혹,1
진상,1
구요,1
버팀목,1
무아지경,1
마리나,1
홍대,1
성형,1
가람,1
세영,1
지방도,1
하이킹,1
속안,1
색도,1
지진,1
사상,1
윤일,1
쓸모,1
권유,1
태양광,1
모래땅,1
대청소,1
마차,1
탈취,1
밤늦,1
진언,1
연중,1
포켓몬스터,1
만일,1
인가,1
해용,1
웨스트,1
타이머,1
하드,1
약재,1
필드,1
용돈,1
이유일,1
필름,1
대학교,1
발버둥,1
사면,1
액츄얼리,1
단자,1
크리,1
예년,1
말경,1
뚝섬유원지역,1
기가,1
추구,1
닭튀김,1
진항,1
도루묵,1
엉덩방아,1
바닷길,1
도가,1
스톱,1
부처,1
스탠딩,1
마포,1
결례,1
지표면,1
샹양,1
배다리,1
기암절벽,1
벌판,1
내실,1
소용,1
보드게임,1
풀이,1
음각,1
술맛,1
대전,1
계란말이,1
냉동,1
계령,1
해요,1
먼데,1
탄산수,1
방석,1
입암,1
건강미,1
도면,1
캐릭터,1
거진,1
출수,1
혹서,1
삼배,1
피부색,1
수성,1
반도체,1
말썽,1
수락산역,1
지주,1
출연진,1
혹한,1
청구,1
타깃,1
식겁,1
파고,1
나그네,1
조류,1
요네,1
누님,1
윈드브레이커,1
셔츠,1
국은,1
도라지,1
지표,1
큰물,1
화조,1
일전,1
연우,1
땅바닥,1
부리기,1
갯바위,1
망막,1
영위,1
지폐,1
식성,1
난전,1
방송국,1
메꽃과,1
동넨,1
프리미엄,1
패티,1
맘마,1
경기장,1
레드락,1
모션,1
은동,1
점박이,1
토목,1
서요,1
주연,1
화장지,1
주둔,1
용량,1
낭패,1
잔주름,1
실종,1
민가,1
동방,1
괴물,1
마실,1
통신,1
오가피,1
난간,1
염색,1
착하,1
휴게실,1
수수,1
제도,1
사릉,1
추정,1
적당량,1
엠블럼,1
간지,1
지시,1
설해,1
페트,1
어매,1
점퍼,1
부수,1
프랜차이즈,1
한낮,1
줄다리기,1
스랑,1
포장도로,1
십수,1
벽돌,1
한잠,1
기브스,1
전갈,1
시바견,1
티끌,1
홀리,1
잉어과,1
압구정,1
당선,1
오븐,1
야밤,1
운명,1
카시트,1
연수,1
직지,1
조련,1
낙지볶음,1
묘미,1
통채,1
시속,1
발렌타인데이,1
불문,1
구가,1
콧바람,1
낼모레,1
안장,1
대매,1
수십,1
유기질,1
나루미,1
결별,1
클래식,1
말이,1
탕수육,1
대자,1
티몬,1
러브,1
신상,1
파비앙,1
촌구석,1
양가,1
계곡물,1
리즌,1
읍내,1
하이볼,1
말해요,1
한파,1
대동,1
개소,1
경광,1
따구,1
벚꽃,1
범람,1
입체,1
양이,1
뚜껑,1
빌딩,1
큰맘,1
일주일,1
용시,1
기물,1
정동,1
장난기,1
아랑곳,1
받침,1
자규,1
인디,1
보문사,1
두통,1
안달,1
기상나팔,1
회두,1
엑시트,1
마스,1
닭꼬치,1
세서,1
기중,1
가요제,1
순례자,1
아고고,1
삽질,1
박장대소,1
배씨,1
찐빵,1
숨바꼭질,1
삼정,1
요로,1
명당,1
민망,1
순두부찌개,1
보토,1
연맹,1
별것,1
숙회,1
적한,1
동트기,1
독감,1
포호,1
함유,1
놀자,1
공학,1
반대쪽,1
장안,1
봄바람,1
몇몇,1
곰배,1
트렌드,1
카피,1
찹쌀떡,1
만치,1
묵국,1
핵심,1
멉니까,1
슬라이스,1
바람막이,1
모래톱,1
항가,1
삼계탕,1
아차산역,1
초여름,1
신혼집,1
히니,1
동당,1
문전,1
군소리,1
살도,1
늦가을,1
신행,1
기획사,1
혹한기,1
포스트잇,1
재정,1
딸애,1
뉘역,1
습기,1
명작,1
일곱,1
미상궁,1
흑마,1
오일장,1
홍일점,1
연연,1
공작소,1
디디,1
복수,1
우장,1
분위긴데,1
더락,1
월세,1
구정화,1
심곡,1
기아,1
멋쟁이,1
찍자,1
보드만,1
시동,1
레어,1
최상,1
뚝배기,1
대실,1
세아,1
보람,1
코드,1
당도,1
매각,1
물안경,1
배제,1
쥐치,1
양정,1
연설,1
모밀,1
눈치,1
최종,1
조갯살,1
태만,1
산지,1
수렵,1
찰나,1
한역,1
선조,1
피로감,1
문인,1
라운드,1
이상시,1
기념일,1
불망기,1
석국,1
햄버거,1
여행사,1
가평리,1
스토,1
테스트,1
장염,1
리퍼블릭,1
잠실,1
여타,1
일분,1
패트릭스웨이지,1
고릴,1
판면,1
분수,1
금지령,1
페리어,1
유적,1
신신당부,1
젊음,1
교복,1
직업,1
키친,1
콩가루,1
다트,1
불음,1
이중생활,1
분식집,1
에스키모,1
등살,1
관광공사,1
경고,1
건대,1
녹음실,1
레게,1
막창,1
개고생,1
원샷,1
밤거리,1
생계,1
인식,1
김현지,1
금호,1
모름,1
유인,1
플레어,1
야생,1
조각가,1
막판,1
인트,1
부정,1
차다,1
바라바,1
자끄,1
검은색,1
울분,1
신록,1
패킹,1
소불고기,1
프로모션,1
사실주의,1
사바리,1
은솔,1
빗줄기,1
제부,1
리해,1
사감,1
처참,1
조오,1
축산,1
위원장,1
지장수,1
교회,1
체조,1
휠라,1
독립,1
아스팔트,1
작음,1
루피,1
항이,1
귀가,1
설악면,1
라볶이,1
측편,1
릭스,1
관동,1
자갈,1
슈퍼맨,1
적가리,1
닐란,1
꽈배기,1
침범,1
민지,1
특정,1
우수,1
포도밭,1
세이,1
수립,1
리알,1
도가니,1
담배꽁초,1
하루하루,1
약전,1
표기,1
동의서,1
봉화대,1
구의동,1
오다,1
숟갈,1
시리얼,1
온새미,1
김슨,1
태강,1
개편,1
퇴장,1
법흥,1
원가,1
와플,1
초저녁,1
지식,1
통잠,1
컨테이너,1
열림,1
지갑,1
넘버,1
레인보우,1
각설이,1
시리즈,1
리코타,1
방하,1
내의,1
사태,1
사조,1
미꾸라지,1
투광기,1
농민,1
발리,1
닭전골,1
흑미,1
맹이,1
무얼,1
면봉,1
판금,1
멀미약,1
노래자랑,1
포털,1
포터,1
베이스,1
청국장,1
준이,1
가래떡,1
인문,1
무릉도원,1
머그,1
속단,1
제재,1
피노,1
변지,1
장바구니,1
베베,1
날파리,1
산농,1
식대,1
이효석,1
분해,1
비올,1
마질,1
증거,1
번영,1
후반,1
향집,1
여주,1
컬리,1
심비,1
음색,1
참말,1
석아,1
기숙사,1
저녁상,1
삘기,1
밍군,1
야반도주,1
테이스티,1
깃대,1
흡연실,1
베이컨,1
아픔,1
고얌,1
리모컨,1
어글리,1
썰매,1
구회,1
가시나,1
화일,1
도어,1
암초,1
캐모마일,1
정과,1
청장년,1
보너스,1
떡꼬치,1
절친,1
위원,1
연금,1
지난달,1
기름보일러,1
자부,1
장미,1
개신,1
국민,1
중후,1
소울메이트,1
쪽빛,1
각대,1
육질,1
새언니,1
물소리,1
밭길,1
깔깔이,1
모터보트,1
호화,1
왼발,1
아침잠,1
수식,1
촉감,1
냉기,1
생크림,1
비율,1
애호박,1
스마,1
노로,1
본론,1
후보,1
세속,1
빨판,1
수미,1
해석,1
여요,1
마직,1
초롱,1
베락,1
가전,1
엄만,1
누룽지,1
버릇,1
청담동,1
가젯,1
오일,1
귀중품,1
여행자,1
세현,1
송구영신,1
안족,1
낙지젓,1
경축,1
토막,1
장변,1
왕겨,1
꽁짜,1
베트남,1
엠마,1
덜덜이,1
판단,1
오구,1
스키나,1
애완,1
짠맛,1
신나고,1
상품권,1
일러스트,1
간곡,1
외각,1
본당,1
양방향,1
신령,1
엘레,1
엘사,1
보급,1
서정,1
플레이어,1
상향,1
파이피,1
라오스,1
진실,1
전액,1
무심결,1
빡세,1
화양동,1
가옥,1
앨범,1
후진,1
현서,1
두동,1
메밀밭,1
송정,1
우사리,1
저놈,1
지지,1
신토불이,1
등명,1
스푼,1
시너지,1
잔교리,1
팡이,1
입간판,1
맘모스,1
수납,1
동경,1
일색,1
종료,1
코치,1
나당,1
마음가짐,1
보조석,1
신진대사,1
리플,1
분무기,1
리무,1
레인지,1
말장난,1
거북,1
밭일,1
스타렉스,1
식지,1
긴치마,1
술기운,1
영종도,1
비아,1
하나님,1
온라인,1
편지,1
한옥마을,1
멀티,1
속수무책,1
눈높이,1
오세득,1
즉흥곡,1
트레일러,1
지발,1
빈스,1
부들,1
근황,1
단어,1
마요네즈,1
주도,1
연주,1
현정,1
후원,1
웨트슈트,1
니스트,1
야가,1
라디오,1
은혜,1
세울,1
등석,1
소실,1
엑스칼리버,1
돌입,1
파절,1
심곡리,1
초록빛,1
산거,1
예서,1
리즈,1
흰목물떼새,1
숙녀,1
세근,1
소규모,1
자이,1
봉이,1
불볕더위,1
건조실,1
띄어쓰기,1
판재,1
납치,1
느타리버섯,1
암달,1
피신,1
패딩,1
선전물,1
출입증,1
앞판,1
코펠,1
통영,1
제습,1
주견,1
성취,1
실루엣,1
도깨비,1
독수리,1
자비,1
다이소,1
기자,1
우바,1
하체,1
막둥이,1
이직,1
별점,1
훈제,1
주재홍,1
가뭄,1
최후,1
폭설,1
수퍼,1
명가,1
포커스,1
소설,1
밤하늘,1
프론트,1
케첩,1
몬지,1
함박,1
서빙,1
남근,1
안무,1
집시,1
아궁,1
수목,1
강서구,1
창란젓,1
순천,1
부여,1
동백꽃,1
일봉,1
운동화,1
송이골,1
잔돈,1
국책,1
애매,1
바지락조개,1
엄마야,1
마산,1
차편,1
합가,1
재구,1
예능,1
촛대바위,1
햇쌀,1
랜지,1
기색,1
오리발,1
파일,1
배속,1
비바,1
광주,1
인권,1
삭신,1
장보기,1
흡수,1
생면,1
깍두기,1
항공권,1
하남리,1
모찌,1
심속,1
막이,1
민폐,1
왜곡,1
시포,1
흥정,1
중식,1
찬도,1
자장,1
가원,1
단시간,1
카프리,1
시구절,1
장정,1
열혈,1
베이커리,1
공무원,1
아이콘,1
망태기,1
보리밭,1
비행장,1
미투,1
원본,1
렐라,1
우리나라,1
녹물,1
추경,1
연면,1
집게,1
오죽헌,1
회식,1
열대어,1
갠데,1
산해진미,1
초록색,1
가딩,1
위드,1
충돌,1
방구,1
숙성,1
방도,1
거대,1
개뿔,1
소프트,1
요장,1
중무장,1
예린,1
문밖,1
지붕,1
중독자,1
고백,1
디럭스,1
기념탑,1
안내소,1
송어,1
스웨이트,1
자맥질,1
점수,1
북진,1
옥씨,1
신속,1
다면,1
황학동,1
낙안,1
일대,1
퇴촌,1
끄라,1
운적,1
구교리,1
오뚜기,1
원골,1
반함,1
비피,1
서윤하,1
티파니,1
운전자,1
어수선,1
일부분,1
만나,1
창피,1
꽃미남,1
만찬,1
매주,1
농촌,1
와일드,1
대쪽,1
곰팡이,1
애착,1
남동생,1
입속,1
꼬락,1
평탄,1
명분,1
쥴라,1
미용실,1
남동쪽,1
자필,1
밀도,1
용호리,1
국민의례,1
위성,1
방문기,1
안젤라,1
호일,1
연남동,1
정길,1
필요시,1
호야,1
소통,1
개방,1
발굴,1
아부,1
천도복숭아,1
전기밥솥,1
카나페,1
목요일,1
편구,1
털기,1
건축물,1
출발지,1
원추,1
놀러,1
소머리,1
올핸,1
고갯길,1
휴업,1
한통,1
진라면,1
김포,1
우와,1
후에,1
케라,1
황송,1
냉이,1
성능,1
환기,1
엔젤리,1
배식,1
미년,1
의보,1
호호,1
가디건,1
제거,1
웨이크,1
은어,1
법원,1
서책,1
관절,1
가평군,1
광고판,1
라이프,1
해군,1
꿍이,1
자식,1
파멸,1
체게바라,1
상술,1
운동복,1
특강,1
선셋,1
거래처,1
배관공,1
그해,1
애호가,1
발호,1
각방,1
새치기,1
프리모,1
상남면,1
게살,1
쉐이크,1
박지,1
도훈,1
이해력,1
외국인,1
컴맹,1
용도지역,1
심도,1
북어구이,1
형수님,1
블로,1
감자밭,1
악수,1
익음,1
기억력,1
고저,1
내리,1
반가움,1
가진항,1
빨간색,1
지켜줘,1
등지,1
환희,1
트랜드,1
위층,1
근본,1
절충,1
양념치킨,1
개국,1
세용,1
새순,1
성별,1
당면,1
등사,1
윤길,1
가워,1
유영,1
상하,1
왕만두,1
개천절,1
대면,1
학꽁치,1
생토,1
택부지,1
엠버,1
발사믹,1
응시,1
눈싸움,1
박멸,1
이즈음,1
울창,1
나뭇가지,1
연두색,1
레트리버,1
현대,1
명란젓,1
세프,1
가로수,1
우씨,1
적합,1
파견,1
스노우,1
군포시,1
스펀지,1
사은품,1
템플스테이,1
근화동,1
거금,1
리터,1
카스,1
스테이,1
유쾌,1
현천,1
판델,1
찔레꽃,1
섭죽,1
탄력,1
코미,1
습관,1
레트,1
가늠,1
재충전,1
골목길,1
앤본,1
나카토,1
호루라기,1
윤달,1
용역,1
선택지,1
허난설헌,1
생명력,1
배웅,1
고가,1
장미꽃,1
명동,1
음향,1
인어,1
레디,1
보단,1
문화재,1
단지,1
맛살,1
불친절,1
세심,1
가보,1
원은,1
겉면,1
당부,1
효리,1
엊그제,1
양발,1
기집,1
오함,1
산보,1
반응,1
파밀리아,1
동내,1
홍어,1
웃옷,1
남산,1
스탈,1
재작년,1
아이언맨,1
수박화채,1
금상,1
비중,1
갈빗살,1
출하,1
호응,1
광진구,1
그리스,1
더미,1
불금,1
호다,1
주중,1
율곡,1
되새김,1
급수,1
속출,1
감자조림,1
머시기,1
유실,1
노래방,1
포탈,1
씨앗,1
오레,1
자야,1
빈양,1
이퀄,1
우왕좌왕,1
유키,1
선선,1
간섭,1
러그,1
풍랑,1
구의역,1
공군,1
베누스,1
디즈니,1
농부,1
소셜,1
납품,1
킬로,1
노매,1
니스,1
청량,1
이년차,1
사업비,1
새우탕,1
발효,1
금포,1
선구자,1
홍삼,1
마늘빵,1
마음씨,1
콜럼,1
존중,1
기고,1
포데기,1
이동상,1
시청,1
리포,1
바께쓰,1
금성,1
서울특별시,1
냉동실,1
뭡니까,1
자작나무,1
상관,1
단계,1
신사임당,1
고스트,1
상업시설,1
대충,1
도선,1
훗날,1
로고,1
목재,1
페시,1
부나,1
정자각,1
무심,1
급식,1
점령,1
신박,1
출전,1
서면,1
양강,1
능동,1
구정면,1
아밀라아제,1
사료,1
경진,1
타이거,1
능사,1
신당역,1
똥배,1
수록,1
방울꽃,1
에스프레소,1
트루,1
광개토대왕,1
잔차,1
동남쪽,1
관동팔경,1
동유,1
갈비찜,1
쿠사리,1
주안나,1
논개,1
자면,1
모란,1
홈피,1
소갈,1
가스램프,1
어용,1
노랭이,1
유부남,1
활성,1
블라우스,1
경구,1
거립니다,1
기차역,1
촌놈,1
평창군,1
환승,1
쿠키,1
들판,1
양옆,1
깡패,1
빈속,1
삭제,1
시월,1
마지막손,1
눈빛,1
리스,1
몬스터,1
세면기,1
리씨,1
담쟁이넝쿨,1
연방,1
센치,1
후기리,1
정동일,1
폭포수,1
슬라이딩,1
이프랑,1
도합,1
에너지원,1
경사도,1
노랑,1
개그맨,1
권리,1
수색,1
밥공기,1
서윤,1
낚시채비,1
허벅지,1
숙면,1
돌섬,1
처지,1
바질,1
등판,1
오우,1
아보카도,1
비온다,1
삼차원,1
로컬,1
대나무,1
밀이,1
얄개들,1
본고장,1
육류,1
그레고리,1
꼬우,1
트레이너,1
타도,1
충혼비,1
엘리트,1
산속,1
태가,1
집수리,1
시인,1
충고,1
양띠,1
거버,1
원초,1
마우스,1
안성,1
물풀,1
초시,1
염려,1
둥잉,1
비가비,1
터라구,1
차리,1
옥식,1
유념,1
분위,1
건조기,1
조신,1
허비,1
눈요기,1
융통,1
야토,1
손도장,1
주전자,1
수제비,1
가선,1
순댓국,1
스침,1
설명서,1
삼식,1
제스,1
카리,1
노송,1
관음보살,1
목수,1
복덩이,1
복자,1
씀바귀,1
모가지,1
적정,1
오자,1
토르,1
수채화,1
크레이지,1
직업병,1
주어,1
퇴근길,1
압박,1
네스프레소,1
참선,1
도자기,1
비프,1
변인근,1
매직,1
호두,1
조회,1
지로도,1
조정,1
프롬,1
신바람,1
첨언,1
산돌,1
인스,1
애국,1
음로,1
알사,1
선탠,1
무박,1
찰떡,1
강과,1
도음,1
회포,1
복기,1
목구멍,1
먹이,1
비취,1
이동전,1
반비례,1
수장,1
현목,1
리아,1
붙박이장,1
견해,1
전용선,1
민속촌,1
플랜,1
패리스,1
김춘희,1
보당,1
후면,1
고교,1
체인,1
알갱이,1
도로공사,1
나무젓가락,1
우드,1
그만큼,1
방로,1
연배,1
고등학교,1
생닭,1
유령,1
교항리,1
광개토,1
삼춘,1
가보세요,1
소갈비,1
초년생,1
앞발,1
사망,1
허세,1
일박,1
렌트카,1
고두현,1
기로,1
의향,1
풀기,1
심야,1
직선형,1
궁상,1
패커,1
자생,1
닭장차,1
매출,1
배랑,1
시흥,1
따리,1
특산물,1
고기구이,1
대관령면,1
영비,1
그새,1
동의,1
박영만,1
외관상,1
페파민트,1
아악,1
최애,1
시베리아,1
충실,1
라이센스,1
거더,1
경미,1
승우,1
음청,1
은박지,1
이석,1
애국가,1
통발,1
날아라,1
품절,1
검정,1
사업,1
필터,1
부대찌개,1
백합,1
무척,1
여길,1
도섭,1
등기,1
헬스,1
농지,1
아라비안,1
비계,1
단골손님,1
오디오,1
나스,1
요과,1
국방,1
진흙,1
덮밥,1
컨트롤,1
내장,1
인기척,1
초겨울,1
중학교,1
브라운,1
물고랑,1
마인드,1
새소리,1
아카시아,1
저서,1
독거,1
부로,1
근래,1
플러스,1
수중,1
본동,1
식이,1
버섯전골,1
참돔,1
장등,1
충청도,1
악몽,1
아티스트,1
힘줄,1
관영,1
호러,1
절간,1
레귤러,1
불심,1
홍차,1
단비,1
자도,1
대다수,1
선단,1
엘린,1
두피,1
양수,1
머스마,1
용어,1
평리,1
전송,1
황룡,1
매몰,1
마니아,1
경전,1
쪽파,1
사가,1
친언니,1
수년,1
망정,1
취재,1
건평,1
전진리,1
화투,1
확인서,1
신나,1
최북단,1
묘기,1
어처,1
썸머,1
양심,1
다림,1
입증,1
숙종,1
히트,1
소지품,1
파킹,1
찜질방,1
테이블보,1
자양동,1
모험,1
육포,1
가을동화,1
볼품,1
출토,1
여말,1
남원,1
차고,1
수유,1
세스,1
계원,1
저녁거리,1
이발,1
야마,1
체육관,1
다과,1
어죽,1
풀스,1
제프,1
나초,1
화기,1
버전,1
공동,1
극도,1
소포,1
블룸,1
부두,1
핸들,1
대사,1
방치,1
竹島,1
팔꿈치,1
농담,1
몰리,1
질감,1
수민,1
생일날,1
효린,1
구염,1
오부,1
스위트,1
해캄,1
구마,1
강풍,1
계산대,1
부합,1
해년,1
판도,1
분량,1
오만,1
지장,1
복지리,1
게으름,1
밀물,1
불면증,1
노천탕,1
형광,1
양푼,1
디자이너,1
카행,1
품건,1
비경,1
늦더위,1
진국,1
태열,1
독박,1
자긴,1
막장,1
특주,1
이면수,1
처치,1
중구난방,1
기력,1
초밥,1
로니,1
겨드랑이,1
소화기,1
휴식처,1
전사,1
사계절,1
동이,1
대조,1
폭풍우,1
무선,1
베스,1
요약,1
날림,1
말투,1
타래과,1
항해,1
말길,1
주기도,1
방태산,1
달래,1
본능,1
제눈에,1
디카로,1
헤어,1
대용,1
후드,1
사모님,1
콩알,1
초병,1
포스터,1
상자,1
니즈,1
비닐,1
들꽃,1
도리,1
수분,1
해설,1
선체,1
와방,1
유자차,1
대성공,1
고무,1
임기,1
매뉴얼,1
건더기,1
케리어,1
하공,1
독선,1
학년,1
둥굴레,1
회복,1
성화,1
하지연,1
호가,1
장담,1
충동,1
후후,1
유명산,1
와이키키해변,1
털갈이,1
우연,1
인물사진,1
연식,1
빗살,1
꾸지,1
눈살,1
경상도,1
게시판,1
콩나물시루,1
아수라장,1
울이,1
한곳,1
티타임,1
금물,1
영랑호,1
유연제,1
교통사고,1
염부,1
박제,1
아비,1
산토리니,1
결부,1
바바,1
좌절,1
민규,1
대리비,1
홈즈,1
약과,1
발행,1
기차표,1
솔향기,1
사나이,1
태명,1
소유자,1
시설물,1
목사,1
해전,1
해방,1
난민촌,1
젤라,1
폭주족,1
민족,1
시련,1
재단,1
제서,1
볼살,1
선소,1
외할머니,1
병사,1
무리수,1
대차,1
발수건,1
법도,1
정이,1
숫자,1
의무,1
손자,1
노크,1
목욕실,1
길치,1
혜화동,1
세차,1
감자시루떡,1
지유,1
여보,1
동과,1
제게,1
작은방,1
돋보기,1
지근,1
모스카토,1
캐논,1
파도풀,1
꽃단장,1
중광,1
물주,1
레벨,1
가지나물,1
유튜브,1
요걸로,1
노곤,1
북방,1
거스틴,1
지목,1
마더,1
육각정,1
윤아,1
터키,1
내륙,1
심리,1
파나,1
수유실,1
결합,1
한줌,1
자원,1
마석,1
저편,1
부운,1
새벽잠,1
밤비,1
점심상,1
파월,1
풀가동,1
취업,1
피쉬,1
박진감,1
새우만두,1
참판,1
욕지,1
갈대숲,1
인라인스케이트,1
풍경화,1
이젤,1
민속자료,1
지역민,1
구영,1
계시,1
운동장,1
아야진,1
스탓,1
홍산,1
태비,1
입원,1
단디,1
와구,1
파머,1
체인점,1
시금치나물,1
아바,1
외옹,1
한인,1
프렌드,1
미사리,1
파커,1
역경,1
탄수화물,1
일축,1
레토르트,1
코코,1
쌍호,1
카라,1
윤기,1
대기업,1
꽃말,1
에이드,1
강문,1
심호흡,1
밀접,1
가지구이,1
단축,1
각설,1
세콤,1
크림치즈,1
유모차,1
프렛,1
손세탁,1
양물,1
가추,1
변상,1
판쵸,1
공영주,1
카카오톡,1
로또,1
찰스,1
뜻밖,1
서거,1
보헤미안,1
물때,1
얼음물,1
특선,1
면류,1
증축,1
운송,1
스웰,1
호숫가,1
몸치,1
비눗방울,1
이케아,1
소고리,1
갈치,1
조성,1
요란,1
마요,1
언니네,1
푸시,1
욕구불만,1
동쪽,1
고양이,1
단기간,1
최상위,1
방인,1
대학원생,1
말문,1
무계획,1
숨길,1
하이든,1
리뉴,1
별채,1
자화상,1
석류,1
하수구,1
위반,1
디셔,1
합국,1
이력,1
잡설,1
맑음,1
채끝살,1
수역,1
만삭,1
쓰임,1
화덕,1
용법,1
옆머리,1
입학,1
상처,1
이달,1
부라부라,1
가우디,1
부유층,1
다반사,1
회집,1
밥심,1
몽돌,1
개불,1
터무니,1
가마,1
울띠,1
복물,1
경희,1
감수,1
커피타임,1
총출동,1
히어로,1
자매,1
기국,1
속물,1
최첨단,1
야박,1
야린,1
반문,1
거진항,1
닭기름,1
풍요,1
통상,1
카페모카,1
영어,1
향후,1
네즈,1
멜론,1
아랑,1
노년,1
계류,1
발만,1
백치,1
출몰,1
시부모,1
화목,1
사무,1
키조개,1
불발,1
사그라다,1
콘트롤,1
장화,1
니로,1
피로회,1
스콜,1
신관,1
전개,1
눈가,1
가내수공업,1
대간,1
검색어,1
전방,1
자두,1
데칼코마니,1
노천,1
응급,1
동우,1
자의,1
그라피,1
피맥,1
극사실주의,1
경승지,1
호흡,1
잡기,1
엑셀,1
군요,1
움직임,1
수학여행,1
죽도항,1
작전,1
목이,1
특산품,1
하심,1
부끄,1
버세,1
지그,1
우한,1
여명,1
여거,1
슈프림,1
생기,1
대웅전,1
회한,1
계산법,1
사이클,1
극치,1
냉수,1
준용,1
폐교,1
청소기,1
오월,1
기지,1
선녀,1
곡괭이,1
강탈,1
뿌리,1
애마,1
비보,1
문서,1
엑스포,1
턱살,1
아줌마,1
남진,1
지윤아,1
오대산,1
보들,1
팔뚝,1
장본,1
플레인,1
현하,1
시팡,1
머리띠,1
장사항,1
문길,1
무중력,1
실습,1
난입,1
입가,1
스티로폼,1
사진사,1
가심,1
상기,1
장용,1
조각품,1
태세,1
바르다,1
와이퍼,1
바다위,1
두드러기,1
사투,1
충족,1
블럭,1
저항,1
연계,1
재건,1
정란,1
개판,1
이하,1
해송,1
온지,1
민다,1
화재,1
호프집,1
카운트다운,1
약국,1
세로,1
감귤,1
위락,1
시금치,1
추우,1
동죽,1
산모,1
빨랫감,1
고프,1
화이트보드,1
치마,1
수요,1
입덧,1
유준,1
큐브,1
보스케,1
점원,1
정문,1
이모부,1
입양,1
구령,1
단배,1
싱거,1
아시나,1
센티,1
헝그리,1
영월,1
응모,1
가을철,1
촌년,1
아웅,1
마물,1
고난,1
한기,1
굿모닝,1
쿨러,1
국수란,1
레일,1
키미,1
나비,1
향토,1
분계선,1
반한,1
찐만두,1
김혜남,1
프렌치,1
김복렬,1
도미노,1
전원주,1
협상,1
그리기,1
열풍,1
심부름,1
채반,1
대목,1
내용물,1
바라기,1
응아,1
화채,1
델리,1
검문,1
할튼,1
복수초,1
타코,1
부도,1
원체,1
월동,1
영진,1
알탕,1
약수터,1
식품,1
웰시,1
효도,1
고층,1
복돼지,1
담당자,1
남동,1
山景,1
에누리,1
안양,1
먼가,1
차장,1
해소,1
유리컵,1
단짝,1
양동이,1
녹초,1
냉수대,1
오른발,1
동교,1
민간인,1
박물,1
족발,1
경험자,1
영이,1
미취학,1
글러브,1
걸리,1
번창,1
협찬,1
효능,1
부엌칼,1
토파즈,1
자용,1
리투,1
걸요,1
아린,1
체비,1
실랑이,1
신선,1
불법,1
디스크,1
소속,1
조경,1
마시,1
일절,1
착시,1
판매업,1
흑색,1
오매불망,1
물미역,1
타의,1
일기장,1
휴무일,1
인프라,1
영규,1
제방,1
연극,1
분홍색,1
나바,1
야구,1
승선,1
별루,1
해양수산부,1
처러,1
예준,1
노고,1
석기,1
여과,1
건진,1
군네,1
찌게,1
보이,1
데세,1
시회,1
바치,1
방서,1
끝물,1
닥스훈트,1
티파티,1
루앤,1
바느질,1
몸무게,1
태국,1
사보,1
나열,1
왕돈,1
페리도트,1
불장,1
분화,1
똥구리,1
라이선스,1
롯데호텔,1
석탄,1
위기,1
나이스,1
보쌈김치,1
요고,1
숨결,1
장어,1
김홍천,1
스트리트,1
불모지,1
뽀로로,1
가마솥,1
봉가,1
특산,1
카푸치노,1
심장,1
발포,1
에어,1
애니메이션,1
역할,1
엔진오일,1
살코기,1
매미,1
보임,1
안자,1
육군,1
세력,1
개막,1
능률,1
국립,1
신중현,1
산사,1
표준어,1
콘체르토,1
일생,1
드리마,1
성견,1
렌트,1
적재적소,1
횃불,1
여깁니다,1
울상,1
여근,1
부당,1
외진,1
호록,1
갯벌,1
토기,1
콧노래,1
서훈,1
저온,1
밥통,1
대도,1
프뢸,1
이해도,1
용접,1
고인류학,1
철색,1
진풍경,1
개봉,1
분답,1
배채,1
오미자차,1
동백나무,1
탐스,1
진돗개,1
벽난로,1
자크,1
뭉치,1
쫄면,1
구박,1
이담,1
산초,1
러시아,1
평자,1
호기심,1
첫말,1
해당화,1
청하,1
군함,1
주파,1
행인,1
물나라,1
트래킹,1
통섭,1
칠레,1
코기,1
최갑수,1
오이소박이,1
얼라,1
어중,1
우쿨렐레,1
난무,1
아이쿠,1
클랜,1
금전,1
문화사,1
도스,1
퀴즈,1
유입,1
멸종,1
인양,1
글쓰기,1
자름,1
슬로우,1
동식,1
변호사,1
군포,1
