word,counted
바다,288
해수욕장,230
해변,214
서핑,176
여행,158
파도,155
현남면,155
남애항,145
남애리,139
하나,126
가족,119
동해,113
여름,110
리해,108
수욕장,107
추천,103
아이,101
펜션,99
전화,95
저희,90
처음,89
느낌,88
바위,88
근처,88
바닷가,88
자리,87
가능,86
모습,84
숙소,82
준비,81
날씨,80
모래,79
지도,79
출발,78
강릉,76
장소,74
사장,73
민박,71
친구,70
이용,69
수심,69
횟집,68
맛집,67
바람,66
상세,65
거리,65
마음,65
구경,65
하루,64
마지막,63
물고기,62
휴가,59
샤워,58
물놀이,58
스노,56
카페,55
어디,55
풍경,55
가격,54
포스팅,54
새벽,54
전망대,54
비치,54
쿨링,53
맥주,52
조개,52
유명,52
서프,51
음식,51
장비,50
이동,50
포인트,50
예약,50
점심,50
고기,50
주변,49
서울,49
방문,49
주말,48
식사,48
안전,48
소개,47
스쿠버,47
기분,47
촬영,47
분위기,47
파라솔,46
한잔,46
다이빙,46
바닥,45
일출,45
최고,45
하늘,45
행복,45
안녕,45
보드,44
식당,44
기대,44
속초,44
텐트,44
사랑,43
동안,43
엄마,43
이름,43
아빠,42
작년,42
강습,42
수영,42
명소,42
커피,42
물놀,41
화장실,41
여긴,41
테이블,41
사용,41
체험,40
여름휴가,40
입구,40
숙박,40
검색,40
아래,40
튜브,40
시설,39
주문진,39
공간,38
동해안,38
기억,38
죽도,38
사이,37
마무리,37
물회,37
리조트,37
참고,37
해수욕,37
나름,37
강원,37
시장,36
선택,36
뭔가,36
생선,36
낚시,36
관심,36
혼자,36
성수기,36
바베큐,35
여유,35
재미,35
강사,35
등대,35
블로그,35
자연,35
완전,35
기본,34
방파제,34
오전,34
마을,34
단위,34
대여,33
오후,33
필요,33
이야기,33
만족,33
개인,33
오징어,33
운영,32
놀이,32
서퍼,32
오픈,32
바닷물,32
교육,32
플레이스,32
국내,32
얼마,32
추억,32
슈트,31
걱정,31
오랜만,31
마리,31
주차,31
계획,31
소리,31
반찬,31
매운탕,31
고민,30
저장,30
휴게소,30
내부,30
하조대,30
하우스,29
우린,29
어죽,29
팝업,29
도로,29
감사,29
가지,29
휴휴,29
입수,29
산책,28
저기,28
남자,28
폴더,28
전날,28
정리,28
인구,28
워크,28
이게,27
이건,27
얼굴,27
코스,27
내년,27
겨울,27
요기,27
그늘막,27
이것,27
캠핑,27
어른,27
정보,27
테라스,27
친절,26
고래,26
남편,26
모래사장,26
에어컨,26
요즘,26
여자,26
수영장,26
스노클링,26
힐링,26
나라,26
텐데,26
덕분,25
포기,25
항구,25
스카이,25
다리,25
강추,25
영상,25
인테리어,25
거기,25
하와이,25
강아지,25
주차장,25
라면,24
결정,24
걸로,24
마루,24
게스트,24
언니,24
휴가철,24
진행,24
백사장,24
오빠,24
편의점,24
투어,23
본격,23
조금,23
감상,23
초보,23
고고,23
꿀맛,23
순간,23
지역,23
매력,23
추가,23
아들,23
카메라,23
그릇,23
타임,23
이거,23
메뉴판,23
상태,22
설치,22
머리,22
계곡,22
계단,22
개장,22
예전,22
가게,22
가운데,22
후기,22
건물,22
해변가,22
일정,22
서피,22
구름,22
보트,22
말씀,22
이제,21
워터,21
배달,21
당일,21
서비스,21
커플,21
구명조끼,21
국물,21
사냥,21
토요일,21
소주,21
돌고래,21
등등,21
오른쪽,21
성게,21
대기,21
결국,21
그때,21
냄새,21
중간,21
지금,20
한참,20
부분,20
가을,20
누구,20
연습,20
이후,20
가슴,20
일요일,20
막국수,20
클럽,20
야외,20
마련,20
그림,20
모양,20
건지,20
연인,19
부부,19
대박,19
구입,19
건데,19
휴식,19
이유,19
경치,19
낙산,19
만큼,19
다행,19
한국,19
굿모닝,19
아쉬움,19
여행지,19
나중,19
문의,19
편안,19
갯바위,19
고속도로,19
시야,19
관리,19
시즌,19
안내,18
부탁,18
왼쪽,18
네이버,18
그곳,18
동네,18
언제,18
전경,18
호텔,18
동반,18
동영상,18
포함,18
여기저기,18
요금,18
소나무,18
영화,18
침대,18
다이버,18
나무,18
문제,18
녀석,18
의자,18
가자미,17
둘째,17
전복,17
미안,17
종일,17
발견,17
김치,17
전망,17
수온,17
세상,17
자연산,17
대신,17
태풍,17
공기,17
비교,17
이쪽,17
처녀,17
장점,17
식구,17
다양,17
고생,17
대부분,16
경험,16
홈페이지,16
성인,16
더위,16
인근,16
인생,16
멍게,16
피서객,16
운전,16
자랑,16
무료,16
밑반찬,16
입장,16
해산물,16
갯마을,16
내일,16
확인,16
정신,16
군데,16
종류,16
아기,16
어제,16
수트,15
지인,15
스킨,15
냉장고,15
자유,15
수건,15
목적지,15
이때,15
첫날,15
중요,15
관계,15
자기,15
이웃,15
배낚시,15
여러분,15
버거,15
건가,15
유리,15
수영복,15
청소,15
모듬,15
부족,15
전체,15
양념,15
고추,15
공사,15
위험,15
스타,15
손님,15
어린이,15
삼겹살,15
구이,15
가재,15
주인,14
스팟,14
미역,14
신발,14
레저,14
운동,14
낙산사,14
스파,14
무엇,14
신랑,14
월요일,14
평일,14
완료,14
미터,14
시골,14
무릎,14
깊이,14
광어,14
체크,14
파티,14
음악,14
주방,14
저번,14
표정,14
사이즈,14
슈퍼,14
경포대,14
한쪽,14
연휴,14
바닷속,14
성공,14
신경,14
포장,14
크기,14
실패,14
번호,13
패스,13
사고,13
애견,13
정비,13
수평선,13
버스,13
평소,13
투명,13
요건,13
렌탈,13
핸드폰,13
자체,13
수상,13
얘기,13
센터,13
판매,13
할머니,13
간식,13
구비,13
문어,13
필수,13
예정,13
현서,13
인분,13
대표,13
정자,13
등장,13
휴가지,13
도깨비,13
피곤,13
불편,13
동생,13
입맛,13
허리,13
치킨,13
선물,13
약속,13
어촌,13
해안,12
이론,12
지난주,12
새우,12
라떼,12
조개탕,12
해외,12
생활,12
수제,12
노래,12
방향,12
뭔지,12
래쉬,12
특별,12
중앙,12
당일치기,12
취향,12
기사문,12
이국,12
장난,12
각종,12
대비,12
온도,12
체력,12
이틀,12
아메리카노,12
지점,12
나이,12
해결,12
애창,12
전문,12
우측,12
단체,12
스타일,12
회도,12
야채,12
프로,12
먹방,12
설명,12
동산,12
피자,12
국도,12
야영장,12
착용,12
햇빛,11
패들링,11
대구,11
세팅,11
개별,11
취사,11
진심,11
금요일,11
연결,11
천국,11
스포츠,11
접시,11
보통,11
가드,11
소식,11
터미널,11
거실,11
조카,11
완벽,11
고고씽,11
첫째,11
경매,11
회덮밥,11
후회,11
곳곳,11
조건,11
음료,11
정식,11
햄버거,11
조심,11
아무것,11
갈매기,11
어린아이,11
온수,11
직원,11
일상,11
양양가,11
다이브,11
활어,11
수산,11
외관,11
상상,11
본인,11
삼척,11
원래,11
애기,11
우럭,11
여름철,11
송이,11
반대,11
여성,11
감자,11
중심,11
수업,11
계속,10
차이,10
모델,10
조망,10
축제,10
제주도,10
구매,10
열정,10
바다낚시,10
트레이너,10
실내,10
셀카,10
활동,10
법수치,10
재료,10
일반,10
수중,10
산회,10
무리,10
옛날,10
감성,10
엄지,10
식탁,10
지경,10
해장,10
고속도,10
대로,10
기간,10
이해,10
앞바다,10
앞쪽,10
주일,10
햇살,10
누군가,10
나머지,10
객실,10
수육,10
양쪽,10
캠프,10
장호항,10
요리,10
방법,10
만남,10
모임,10
미역국,10
계절,10
그늘,10
인정,10
스파펜,10
난리,10
초장,10
목적,10
선상,10
라인,10
자격증,10
피부,10
듯이,10
사실,10
제일,10
영국,10
규모,10
춘천,9
기록,9
샐러드,9
면적,9
제공,9
기름,9
세트,9
와중,9
폭염,9
아가,9
비빔밥,9
의지,9
스쿨,9
양파,9
거북,9
환영,9
저거,9
박스,9
부산,9
고성,9
도전,9
밥집,9
해양,9
긴장,9
그것,9
비밀,9
예술,9
사무실,9
삼매경,9
음식점,9
수준,9
회사,9
마당,9
안쪽,9
비용,9
구조,9
물질,9
홍합,9
작성,9
닭강정,9
예상,9
비주얼,9
실력,9
돗자리,9
기회,9
바퀴,9
장면,9
주위,9
세꼬,9
해안가,9
벽면,9
푸드,9
용품,9
시기,9
배경,9
저흰,9
피서,9
감동,9
구역,9
경우,9
그쪽,9
복귀,9
수산물,9
지난번,9
창문,9
나물,9
옥수수,9
메카,9
건강,9
조명,9
세척,9
아이스크림,9
컵라면,9
쓰레기,9
해삼,9
상황,9
모래찜질,9
사온,9
안주,9
도움,9
평상,9
신기,9
끝자락,9
먹거리,9
화상,9
반복,9
기초,9
사항,8
그건,8
예보,8
현실,8
실망,8
직전,8
감탄,8
구간,8
깨알,8
스키,8
정성,8
잡이,8
귀요미,8
색깔,8
댓글,8
특이,8
젓갈,8
사이트,8
리필,8
컨디션,8
당황,8
구분,8
어드밴스,8
식감,8
차량,8
데크,8
흡입,8
마스터,8
볼거리,8
한입,8
코앞,8
좌측,8
풀장,8
카톡,8
분리,8
목격,8
음료수,8
아무,8
단점,8
내음,8
양식,8
높이,8
대세,8
포구,8
샴푸,8
리뷰,8
인심,8
매장,8
요것,8
욕실,8
꿀잠,8
공유,8
언덕,8
완성,8
겁니다,8
최적,8
즐거움,8
비빔,8
낭만,8
자신,8
그날,8
현장,8
부담,8
젊은이,8
지로,8
생물,8
현남,8
얼음,8
기념,8
이것저것,8
순두부,8
기상,8
게임,8
어초,8
주세요,8
개통,8
목표,8
편리,8
과정,8
운치,8
육수,8
거북바위,8
유일,8
크림,8
방수,8
개월,8
인상,8
지정,8
작업,8
팔봉,8
연락처,7
그동안,7
파크,7
인도,7
환상,7
이젠,7
전용,7
투척,7
아이스,7
파도타기,7
무침,7
해장국,7
길이,7
행사,7
관광,7
인원,7
모두,7
손가락,7
출항,7
유료,7
도식,7
탈의실,7
웨이트,7
고추장,7
누가,7
클릭,7
가까이,7
어딘가,7
외부,7
주민,7
인기,7
제한,7
그거,7
참여,7
센스,7
요거,7
평창,7
부력,7
전기,7
블로거,7
무시,7
벤치,7
마트,7
연락,7
남쪽,7
방송,7
한눈,7
그게,7
바가지,7
창가,7
일기,7
마스크,7
평화,7
식후,7
접근,7
다짐,7
북쪽,7
오랫만,7
약간,7
내용,7
지불,7
까페,7
손질,7
여명,7
드라이브,7
치즈,7
주소,7
필터,7
적응,7
바우,7
장판,7
어성전,7
장관,7
아저씨,7
한숨,7
속도,7
선생,7
출수,7
최대,7
구름다리,7
트럭,7
면옥,7
상차림,7
홍천,7
기사,7
경기도,7
해돋이,7
지방,7
야영,7
소요,7
영업,7
발목,7
안목,7
세계,7
과자,7
학교,7
수면,7
드라이,7
관광지,7
광진리,7
입실,7
장사,7
안남,7
연안,7
마스코트,7
결론,7
감자떡,7
전진,7
가요,7
방안,7
관광객,7
은근,7
강릉시,7
감기,7
인증,7
탐방,7
칵테일,6
민들조개,6
신청,6
이걸,6
집중,6
소스,6
손맛,6
껍질,6
해녀,6
모델링,6
대한,6
냄비,6
시댁,6
동호회,6
비수기,6
해초,6
천막,6
내린천,6
일본,6
폭풍,6
체감,6
소라,6
공식,6
자극,6
제철,6
부표,6
출입,6
무더위,6
라이,6
참기름,6
타이밍,6
고객,6
어머니,6
미니,6
안심,6
해감,6
부모,6
옥상,6
소고기,6
숯불,6
무지개,6
꽁치,6
맞은편,6
주의,6
취침,6
일행,6
개시,6
조림,6
먹구름,6
애길,6
역시,6
어선,6
아래쪽,6
출근,6
친정,6
밤바다,6
어깨,6
바디,6
금지,6
최대한,6
어려움,6
편의,6
별도,6
번지,6
제품,6
픽업,6
요게,6
부동산,6
전이,6
구조물,6
화질,6
설정,6
폭죽,6
땡볕,6
진입,6
칭찬,6
돼지,6
국수,6
발리,6
성비,6
당시,6
숟가락,6
구용,6
색감,6
변이,6
김정미,6
뚝배기,6
바루,6
도시,6
반대편,6
표지판,6
건조,6
영동,6
변화,6
걸까,6
군사,6
아파트,6
보관,6
모드,6
언급,6
꼬마,6
애정,6
대형,6
기술,6
회관,6
잠수,6
어머님,6
신축,6
며칠,6
불꽃놀이,6
열기,6
바닷바람,6
정체,6
불가,6
도시락,6
비누,6
인파,6
노력,6
요금표,6
소나기,6
환경,6
프로그램,6
시스템,6
소재지,6
보정,6
짬뽕,6
바지,6
컨셉,6
생일,6
차안,6
추위,6
강의,6
체크아웃,6
회원,6
소화,6
광진,6
흔적,6
메밀,6
피서지,6
결과,6
오메가,6
너머,6
형태,6
실습,6
날짜,6
간판,6
고향,6
공원,6
그릴,6
득템,6
철수,6
초대,6
옆쪽,6
안성맞춤,6
연속,6
막장,6
청정,6
도보,6
철조망,6
명절,6
가평,6
막내,5
철재,5
발길,5
해맞이,5
치맥,5
스텝,5
물치항,5
눈치,5
인용,5
말미잘,5
현수막,5
라인업,5
배려,5
경포,5
지리,5
구성,5
작가,5
영동고속도로,5
가이드,5
스노우,5
반려,5
시선,5
토스트,5
주문진읍,5
버디,5
소진,5
하강,5
인사,5
인지,5
일환,5
건조대,5
휴암,5
양념장,5
채소,5
신혼,5
가정,5
미세,5
동남아,5
티비,5
통과,5
종료,5
담당,5
호흡기,5
정면,5
위주,5
꽃집,5
웃음,5
탑승,5
소문,5
물결,5
오리,5
좌우,5
지경리,5
취미,5
발걸음,5
방해,5
갈만,5
가야지,5
에너지,5
와인,5
충전,5
사방,5
길가,5
교통,5
양배추,5
인연,5
비린내,5
작품,5
셀프,5
요원,5
해안선,5
일부,5
내고,5
인천,5
송이버섯,5
차원,5
아쿠아,5
가량,5
불고기,5
소원,5
작장,5
도중,5
저것,5
된장,5
모텔,5
스트레스,5
선선,5
금강산,5
주심,5
샤워기,5
해수,5
현북면,5
무렵,5
고정,5
단골집,5
명칭,5
잠자리,5
여사,5
활용,5
청결,5
수록,5
멀미,5
창밖,5
바깥,5
기약,5
모닝,5
풍선,5
파라다이스,5
퇴실,5
냉면,5
어치,5
수고,5
한마디,5
결과물,5
폐장,5
보라,5
바다색,5
장착,5
시절,5
금액,5
각자,5
호주,5
제주,5
출동,5
조식,5
해물,5
택시,5
가입,5
먼지,5
잠깐,5
오대산,5
자세,5
자녀,5
깻잎,5
도다리,5
회가,5
사업,5
핑장,5
핑크,5
낙산항,5
보호,5
동시,5
허벅지,5
저쪽,5
막바지,5
마늘,5
너희,5
신난,5
해제,5
이불,5
이맘때,5
에어,5
기타,5
조각,5
성지,5
실수,5
에메랄드,5
싱크대,5
대체,5
철제,5
연상,5
심장,5
우리나라,5
당신,5
낮잠,5
변경,5
주도,5
순삭,5
효과,5
카카오톡,5
지대,5
고요,5
법칙,5
특징,5
내심,5
주택,5
청양,5
볶음,5
소미,5
고급,5
불빛,5
대한민국,5
정확,5
무한,5
기운,5
주문진항,5
디자인,5
남친,5
스티커,5
매매,5
조합,5
선풍기,5
다발,5
온몸,5
안개,5
국민,4
부착,4
표시,4
동치미,4
부대,4
선배,4
사이드,4
계란,4
특산물,4
호수,4
관리자,4
경사,4
엄두,4
링크,4
고둥,4
모자,4
배정,4
외출,4
현관,4
공기통,4
솔밭,4
브이,4
가본,4
각방,4
핑계,4
회집,4
햇볕,4
기온,4
초등,4
두부조림,4
셋째,4
진정,4
쥔장,4
불판,4
도로변,4
외국,4
상담,4
하얀색,4
광고,4
반응,4
만끽,4
축하,4
인터넷,4
태양,4
형상,4
전세,4
조사,4
꺼리,4
기능,4
후식,4
원주,4
건축,4
전통,4
쌈장,4
댕이,4
레포츠,4
한철,4
조성,4
미소,4
택배,4
고고고,4
꼭대기,4
처리,4
해상,4
일품,4
통감자,4
버전,4
베란다,4
개수대,4
고개,4
실제,4
어마,4
어부,4
요번,4
치약,4
씨름,4
담날,4
오리발,4
허락,4
모시조개,4
공개,4
분과,4
시설물,4
바람막이,4
부추,4
아이디,4
바비큐,4
용인,4
수칙,4
발바닥,4
군소,4
신상,4
이튿날,4
레스토랑,4
상봉,4
산호,4
로드,4
비스,4
어회,4
친척,4
차선,4
식기,4
최선,4
횟감,4
초딩,4
북장,4
엘리베이터,4
체계,4
들깨,4
케어,4
스케줄,4
비키니,4
니즘,4
공장,4
일광욕,4
어르신,4
튀김,4
해무,4
진리,4
바이러스,4
길목,4
황태,4
서프보드,4
요새,4
기사문리,4
경기,4
사발,4
하트,4
특색,4
설악,4
정글,4
간격,4
컴백,4
위안,4
생명,4
신풍,4
페이스북,4
표현,4
수요일,4
사찰,4
우유,4
특성,4
귀차,4
황토,4
평균,4
피해,4
메밀전,4
깜놀,4
브런치,4
불가사리,4
칫솔,4
요긴,4
지느러미,4
뉴스,4
요청,4
신고,4
폭우,4
디렉터,4
연기,4
지구,4
입문,4
스킬,4
발전,4
고려,4
왼편,4
주제,4
사건,4
단장,4
좌석,4
이하,4
브리핑,4
시점,4
순두부찌개,4
내외,4
하이라이트,4
챙피,4
이벤트,4
유용,4
뒤쪽,4
특유,4
공수,4
취소,4
김밥,4
배우,4
갈비,4
가스층,4
충실,4
내요,4
머리카락,4
재촉,4
채집,4
외국인,4
여행객,4
스페셜,4
수리,4
마니,4
상단,4
생맥주,4
꼬맹이,4
가로,4
수기,4
극성,4
저격,4
우산,4
왁스,4
중순,4
물살,4
속살,4
수저,4
휴양지,4
좌식,4
사전,4
차례,4
조절,4
초반,4
광경,4
새해,4
정상,4
업그레이드,4
수경,4
오션,4
닭갈비,4
선정,4
포토,4
거울,4
군인,4
목장,4
맨발,4
가루,4
떡국,4
늦잠,4
심곡항,4
햇님,4
포식,4
여건,4
거주,4
영어,4
삼동,4
장마,4
세면대,4
슬픔,4
지형,4
무언가,4
입장료,4
조아,4
멤버,4
주인장,4
빨래,4
근무,4
설비,4
테크니컬,4
달팽이,4
리프트,4
제격,4
일용,4
바램,4
떡볶이,4
여섯,4
그걸,4
남매,4
강조,4
고양이,4
계령,4
워시,4
바지락,4
남녀,4
아침밥,4
즈음,4
매운맛,4
변신,4
쥬얼,4
베스트,4
볶음밥,4
소품,4
리치,4
포즈,4
소금,4
선크림,4
사모님,4
계산,4
고장,4
대관령,4
이모,4
영향,4
오닐,4
향기,4
포트,4
밤새,4
다섯,4
하룻밤,4
테라,4
공용,4
주전,4
쇼핑,4
취급,4
래미,4
나폴리,4
고소,4
오션스,4
초곡항,4
우울,4
세례,4
발자국,4
이마트,4
짜증,4
반면,4
별거,4
브레이크,4
입술,4
전국,4
체크인,4
콩가루,4
코로나,4
성격,4
시각,4
스폰지,4
그물,4
만석,4
상호,4
터널,4
경계,4
리스트,4
젓가락,4
확신,4
상승,4
해먹,4
헤어,4
웨이팅,4
유명세,4
임대,4
별미,4
막걸리,4
정원,4
인원수,4
방기,4
가리비,4
하와,4
자외선,3
동료,3
물품,3
소속,3
버너,3
답사,3
실화,3
앞마당,3
선구,3
게시물,3
오감,3
솔방울,3
한자,3
탱크,3
솜씨,3
플라스틱,3
정돈,3
대답,3
온돌방,3
풍광,3
쉐이크,3
주의보,3
일대,3
경관,3
타올,3
탐색,3
당도,3
찬물,3
기원,3
시내,3
원산지,3
초이스,3
지붕,3
일자,3
갓길,3
유혹,3
이외,3
동산리,3
방생,3
결재,3
다이어트,3
판단,3
상체,3
쥐포,3
청소기,3
광삼,3
코너,3
해안도,3
사계절,3
명당자리,3
태그,3
먼가,3
혜택,3
의도,3
비앤비,3
웨이크,3
긴팔,3
적극,3
맞음,3
입안,3
반바지,3
명물,3
공부,3
통화,3
방울,3
이용료,3
거두절미,3
크레이,3
만차,3
꼬우,3
수다,3
슬립,3
아버지,3
뒷모습,3
살코기,3
강변,3
물색,3
숫자,3
휴대,3
합류,3
원본,3
양도,3
일명,3
거의,3
여부,3
좌절,3
분주,3
자미,3
해송,3
글씨,3
무게,3
위쪽,3
어촌계,3
마린,3
기계,3
건축물,3
망상어,3
대접,3
지킴,3
그림자,3
공짜,3
리모,3
위생,3
변수,3
설탕,3
여정,3
고속버스,3
형성,3
가실,3
방식,3
실장,3
꼬미,3
타보,3
조개껍질,3
기세,3
전자레인지,3
식빵,3
로니,3
가늠,3
사인,3
홍게,3
리프,3
양양읍,3
최악,3
평온,3
대파,3
여비,3
상관,3
노을,3
단계,3
젊음,3
유행,3
태국,3
김병재,3
된장찌개,3
수족관,3
파랑,3
인물,3
매트,3
스펀지,3
한계,3
침구,3
무단,3
그램,3
막둥이,3
중국,3
청년,3
가스,3
적합,3
지하,3
어종,3
전기밥솥,3
자몽,3
필리핀,3
지식,3
일몰,3
주황색,3
시공,3
육아,3
전환,3
바구니,3
빨간색,3
양수,3
파악,3
금이,3
발가락,3
외로움,3
해파,3
밥맛,3
관람,3
초등학생,3
이자,3
내륙,3
순서,3
의미,3
낙지,3
화살표,3
음주,3
전문가,3
시대,3
문구,3
공연,3
야경,3
선사,3
제목,3
움짤,3
구리,3
결혼,3
도매,3
지기,3
수도,3
멸치,3
그루,3
대왕,3
석양,3
상주,3
올림픽,3
강된장,3
이곳저곳,3
정차,3
군락,3
버킷,3
콘도,3
폭죽놀이,3
무말랭이,3
꼬막,3
근교,3
보험,3
월세,3
결제,3
조개껍데기,3
벽화,3
호두과자,3
첫손,3
장난아,3
밤낚시,3
슈즈,3
상추,3
선장,3
상가,3
투하,3
입가심,3
해오름,3
절임,3
제조,3
강타,3
가방,3
입성,3
치악산,3
요깃거리,3
수조,3
보람,3
공주,3
이터,3
호흡,3
브랜드,3
하나하나,3
한적,3
해항,3
통일,3
대명,3
리터,3
과일,3
욕구,3
배송,3
축구,3
총평,3
장도,3
담소,3
두부,3
항이,3
청춘,3
한상,3
뜬금,3
전복죽,3
시외버스,3
흥분,3
해운대,3
새끼,3
옆집,3
활성,3
보도,3
후문,3
파노라마,3
매물,3
도정,3
린스,3
손바닥,3
한때,3
기쁨,3
모기,3
따위,3
샌들,3
오른편,3
가시,3
사망,3
동화,3
일박,3
용서,3
번식,3
어민,3
경포호,3
롯데,3
라니,3
상대,3
노출,3
군침,3
문자,3
사진가,3
최소,3
우정,3
술안주,3
남대천,3
승선,3
하공,3
만족도,3
커버,3
빙수,3
골뱅이,3
진항,3
소면,3
기차,3
수박,3
네비,3
허기,3
살얼음,3
차림,3
리코타,3
칼국수,3
조황,3
여친,3
오바,3
방황,3
주먹,3
골목,3
브라더,3
여보,3
나위,3
한계령,3
확률,3
포장마차,3
대전,3
카이,3
출처,3
방문객,3
명태,3
궁합,3
휴대폰,3
세월,3
무늬,3
창고,3
아지트,3
건어물,3
오렌지,3
잠시,3
러스,3
현지,3
프로젝트,3
걸까요,3
믿음,3
세탁기,3
추석,3
할인,3
장거리,3
블루,3
원포,3
당근,3
총각,3
빛깔,3
라운지,3
기절,3
답니다,3
회무,3
연어,3
솔비,3
오지,3
기승,3
발코니,3
생신,3
롱비치,3
만두,3
명성,3
걸음,3
실외,3
냉동,3
육지,3
인공,3
개념,3
수제비,3
거부,3
거품,3
남양주,3
하악,3
복이,3
준비물,3
폭발,3
디스커버리,3
주가,3
조리,3
사리,3
화분,3
서식지,3
경제,3
품목,3
개발,3
금진,3
탁트인,3
공격,3
라라,3
퀄리티,3
대화,3
간접,3
찜질,3
비바람,3
가치,3
바나나보트,3
한산,3
짜장면,3
휴무,3
기도,3
운행,3
파란색,3
식수대,3
최저,3
패키지,3
보증금,3
컬러,3
장만,3
촉감,3
패션,3
수원,3
동호,3
김정환,3
산봉우리,3
실전,3
파스타,3
재형,3
실물,3
퍼스,3
모녀,3
화보,3
관찰,3
주저,3
간장,3
첨부,3
역광,3
여행기,3
세끼,3
레슨,3
유지,3
밥상,3
정말,3
산호초,3
꽃게,3
역쉬,3
바닷가재,3
경계선,3
야유회,3
기업,3
질색,3
첨가,3
저게,3
개꿀,3
유유자적,3
밥도둑,3
표지,3
신흥,3
주말여행,3
와이프,3
한우,3
불꽃,3
오염,3
탈출,3
강현면,3
입소문,3
학원,3
휴게실,3
막간,3
신남,3
희망,3
추암,3
샤샤,3
아부지,3
딸래미,3
송지호,3
신공,3
별관,3
취득,3
텐데요,3
애항,3
귀여,3
할아버지,3
점령,3
마음속,3
버섯,3
하수구,3
무튼,3
행운,3
신데,3
중반,3
스토어,3
개방,3
물가,3
인덕션,3
드랑,3
황어,3
이사,3
스피커,3
센타,3
충분,3
김치찌개,3
전병,3
자전거,3
매호,3
미끼,3
벌레,3
메인,3
어항,3
감소,2
서방,2
올리,2
터치,2
담배,2
시범,2
김진근,2
스토리텔링,2
호응,2
초입,2
타입,2
분당,2
비씨,2
갤럭시,2
사워,2
정착,2
측면,2
설계,2
판장,2
매리,2
야호,2
꽃봉,2
오버,2
대회,2
곰팡이,2
렌즈,2
사시,2
블랙,2
변기,2
피크닉,2
입질,2
올여름,2
휴일,2
마시,2
동명항,2
안전선,2
군대,2
끼니,2
꼬락,2
질문,2
간적,2
경상도,2
기호,2
이걸로,2
남동생,2
스피드,2
로맨틱,2
양방향,2
이정표,2
상념,2
대지,2
부침개,2
저질,2
한옥,2
스탈,2
콘크리트,2
노래미,2
연탄,2
외할머니,2
절반,2
먹성,2
팔경,2
내주,2
대여료,2
아주머니,2
운전자,2
마이크,2
쿠폰,2
티셔츠,2
밸리,2
시내버스,2
이놈,2
감시,2
점프,2
산장,2
오토캠핑,2
한창,2
과음,2
강습소,2
호항,2
봉지,2
페이지,2
기스,2
문어회,2
장난감,2
리알,2
낚시터,2
시집,2
신식,2
땅콩,2
로망,2
한정,2
배합,2
꽃밥,2
포카리,2
반점,2
려고,2
여분,2
귀욤,2
육즙,2
천연,2
장가,2
메추리,2
물위,2
목줄,2
뮤지컬,2
다트,2
토일,2
대중교통,2
웨딩,2
왜가리,2
여소,2
농사,2
다면,2
목살,2
변도,2
손녀,2
물장구,2
멀리,2
착지,2
인제,2
숟갈,2
각도,2
뼈대,2
방방,2
설악산,2
장인어른,2
위탁,2
발휘,2
셔츠,2
감칠맛,2
공감,2
가든,2
메시지,2
팬티,2
조미료,2
분경,2
최소한,2
야지,2
제트,2
각광,2
태기,2
껍데기,2
고품격,2
황제,2
한낮,2
신비,2
가격대,2
나들이,2
빙의,2
진구,2
전부,2
징수,2
만월,2
최우수,2
서울특별시,2
자작나무,2
오롯,2
노하우,2
배추,2
냉동실,2
중단,2
지양,2
장날,2
입주,2
치열,2
다시마,2
원피스,2
간식거리,2
겨자,2
발톱,2
부실,2
맛깔,2
위드,2
자취,2
내서,2
글자,2
카카오,2
라이징,2
열심,2
무적,2
기븐,2
더리,2
연예인,2
갯지렁이,2
싸움,2
트리,2
난조,2
내기,2
포차,2
계좌,2
여주,2
서빙,2
건가요,2
참가,2
돌이,2
스쿠터,2
갈일,2
뭔들,2
의류,2
액션,2
상어,2
동해시,2
방사제,2
쇼파,2
토종닭,2
대중,2
설거지,2
빨강,2
고수,2
감자튀김,2
환복,2
로고,2
배추김치,2
마감,2
롤백,2
장남,2
동계,2
하당,2
대기표,2
귀염,2
벨트,2
임시,2
어용,2
기암괴석,2
후발대,2
정취,2
인제군,2
레스큐,2
탈락,2
로리,2
정박,2
쭈니,2
섭외,2
한방,2
삼촌,2
초콜릿,2
살만,2
패밀리,2
맨손,2
물개,2
월드,2
동호리,2
토마스,2
링클,2
능력,2
백인,2
눈빛,2
형언,2
안정,2
연이,2
전동,2
반나절,2
추정,2
회의,2
포스,2
키트,2
필자,2
수압,2
손등,2
극찬,2
인형,2
소유,2
농가,2
이퀄,2
목숨,2
문리,2
충격,2
버튼,2
퇴수,2
토지,2
바캉스,2
동선,2
더치커피,2
원조,2
골반,2
사업비,2
음성,2
욕조,2
파머,2
그걸로,2
바닐라,2
스터디,2
아리,2
용기,2
치타,2
주인공,2
경중,2
주관,2
머구리,2
부처,2
장인,2
송편,2
철장,2
고프,2
막판,2
정류장,2
개합,2
도서관,2
양말,2
울릉도,2
오색,2
칼라,2
단디,2
닭백숙,2
조끼,2
대게,2
바닷길,2
콩나물,2
괴암,2
만족감,2
마켓,2
무니,2
킹왕짱,2
비온뒤,2
좌판,2
손목,2
녀복,2
자원,2
고동,2
지요,2
대망,2
오프,2
집안,2
사당,2
라이트,2
팥빙수,2
주메뉴,2
정수기,2
첫해,2
염려,2
공중화장실,2
상경,2
선호,2
저건,2
이분,2
마블,2
통제,2
마운틴뷰,2
코딱지,2
타도,2
호강,2
참석,2
티맵,2
여수,2
업데이트,2
경비,2
화창,2
대인,2
쥬스,2
시중,2
애초,2
사투,2
바다위,2
전공,2
모금,2
가자미회,2
레인,2
케이크,2
액자,2
남여,2
휴양,2
커밍,2
준공,2
지옥,2
뒤죽박죽,2
오라기,2
망상,2
야구공,2
크리스마스,2
축복,2
낮술,2
묘목,2
장모님,2
이수,2
대처,2
컴퍼니,2
컴퓨터,2
먹이,2
선명,2
사위,2
호스,2
알람,2
장본,2
놀기,2
배낭,2
접수,2
사이사이,2
슈퍼마켓,2
오랫동안,2
기여,2
자분,2
밀가루,2
양평,2
역할,2
아가씨,2
무김치,2
화요일,2
오타,2
레시피,2
회로,2
서철,2
불안,2
작동,2
욕심,2
망원경,2
아내,2
이성근,2
스케이트보드,2
대구광역시,2
대교,2
노란색,2
이빙,2
원터치,2
발밑,2
개조,2
원룸,2
수중사진,2
현금,2
완비,2
지호,2
영혼,2
꽃다발,2
다운,2
이래,2
천장,2
식품,2
고깃집,2
신선,2
별루,2
장수,2
어둠,2
산악회,2
참가자미,2
동서,2
산길,2
물건,2
숙박비,2
테이크아웃,2
여길,2
산행,2
얼룩,2
반납,2
궁금증,2
아메,2
바위섬,2
사라,2
길거리,2
아일랜드,2
지속,2
블럼,2
생맥,2
몰디브,2
구석,2
찻집,2
나이스,2
승부,2
마인드,2
이색,2
손색,2
연못,2
편도,2
서해,2
곱창,2
얌전,2
데이트,2
민국,2
리회,2
도마,2
레몬,2
심플,2
오르막,2
나스,2
감정,2
만발,2
사정,2
선지,2
주행,2
아점,2
잔소리,2
뭉치,2
출연,2
선단,2
이준호,2
앞뒤,2
회장,2
작렬,2
경매장,2
병원,2
웍스,2
호두,2
보장,2
귀염둥이,2
순식간,2
명품,2
건데요,2
토탈,2
인력,2
제사,2
봉포,2
장장,2
장전,2
보물,2
즉흥,2
삼교리,2
업체,2
밥솥,2
자국,2
이동해,2
시험,2
동기,2
협회,2
매트리스,2
국밥,2
미래,2
목이버섯,2
머스,2
흐름,2
식용,2
중독,2
대사,2
거처,2
지용,2
소감,2
치국,2
송정,2
메추,2
옛길,2
진해,2
아버님,2
스푼,2
지상,2
빠름,2
갤러리,2
초점,2
숙성,2
후진,2
왕소금,2
정선,2
전봇대,2
가슴팍,2
국외,2
가수,2
테마,2
명당,2
거짓말,2
자리싸움,2
발생,2
분실,2
닭꼬치,2
안팎,2
보임,2
춥다,2
교환,2
엘레,2
단합,2
탄산,2
스마트,2
누룽지,2
의존,2
제부,2
기구,2
번뇌,2
나이트,2
탈의장,2
뭔데,2
남짓,2
인사말,2
탁자,2
한동안,2
사연,2
부천,2
디저트,2
출타,2
직접,2
향호리,2
천둥,2
선착장,2
대상,2
노원,2
먹물,2
애용,2
전속,2
용시,2
콜택시,2
화이트,2
용왕,2
타일,2
제작,2
훈련,2
조정,2
다시,2
원인,2
갈비탕,2
이전,2
유영,2
비기너,2
소소,2
북적,2
화덕,2
도구,2
생크림,2
자릿세,2
난무,2
유의,2
취기,2
두께,2
코코넛,2
무얼,2
블러,2
구름층,2
생선회,2
마미,2
출입구,2
위용,2
교동,2
젤라,2
암반,2
크레인,2
여도,2
혜자,2
누수,2
너울,2
어묵,2
조류,2
신세계,2
오산리,2
매콤,2
일전,2
용량,2
아드,2
야시장,2
성남,2
생김,2
헬로,2
지난달,2
절친,2
존경,2
출신,2
패들,2
응가,2
오름,2
갈증,2
달걀,2
진고개,2
단어,2
매실,2
캐논,2
뼛속,2
박물관,2
와사비,2
매년,2
해당,2
미련,2
구릿빛,2
박장,2
집어등,2
접니다,2
베네치아,2
눈쌀,2
빗소리,2
타워,2
깍두기,2
태극기,2
암석,2
배꼽,2
매일,2
리민,2
컨테이너,2
감영,2
스킵,2
관계자,2
작살,2
청국장,2
투자,2
비추,2
분간,2
소모,2
침구류,2
사색,2
동일,2
본부석,2
이성우,2
로사,2
닭고기,2
공략,2
식겁,2
배치,2
대추,2
후배,2
의심,2
목소리,2
정환,2
소녀,2
전용선,2
자칭,2
정효현,2
교리,2
요가,2
자랑거리,2
획득,2
미취학,2
기존,2
복장,2
호기심,2
어성전리,2
프리다이빙,2
분노,2
캐리어,2
상당,2
스냅,2
귀항,2
무기력,2
스토리,2
시부모,2
가동,2
증가,2
통유리,2
입점,2
고냥,2
북상,2
술자리,2
이미지,2
해시,2
수산항,2
개봉,2
내지,2
남성,2
우수,2
나기,2
랩스,2
낭비,2
소인,2
닭볶음탕,2
카운터,2
호로,2
학생,2
일러스트,2
식당가,2
차도,2
공휴일,2
자급자족,2
라운드,2
카약,2
가즈,2
차지,2
파토,2
운항,2
하루하루,2
잡지,2
바나나,2
증상,2
점검,2
라이센스,2
직장,2
유유,2
페인트,2
서술,2
취지,2
우동,2
마네킹,2
불행,2
클로,2
성황리,2
성황당,2
해파리,2
에폭시,2
들기름,2
수욕,2
임산부,2
탕수,2
백합,2
숙박업소,2
근육통,2
마니아,2
퇴근,2
고니,2
대구탕,2
일쑤,2
송창식,2
역대,2
마디,2
건새,2
거긴,2
장갑,2
식도락,2
트래킹,2
매화,2
문화,2
방면,2
참치,2
랜드마크,2
판교,2
잔교리,2
청어,2
체온,2
글램,2
크러쉬,2
아재,2
망고,2
찰나,2
캐노피,2
빈티지,2
해소,2
법당,2
대구시,2
노지,2
올수리,2
사나이,2
교체,2
숭어,2
최신,2
우스,2
헬멧,2
소울,2
리어,2
영진,2
포스트,2
도망,2
고등어,2
해경,2
슬로프,2
돌입,2
산책로,2
밧줄,2
부엌,2
케미스트리,2
복판,2
아드님,2
키친,2
아이폰,2
원정,2
풍등,2
화장대,2
입양,2
오잉,2
클리어,2
어따,2
레져,2
엊그제,2
파망,2
층고,2
수염,2
화면,2
빈스,2
소규모,2
난민촌,2
의사,2
공지,2
심비,2
명문,2
재작년,2
예의,2
쪽지,2
눈길,2
초짜,2
커피포트,2
구석구석,2
룰루,2
색상,2
방콕,2
원샷,2
딸기,2
완행열차,2
연두색,2
이버스,2
번호표,2
꼬꼬마,2
자동차,2
분포,2
킬러,2
드라마,2
불상사,2
내사,2
비행기,2
청송,2
조화,2
프리,2
분할,2
체어,2
윈드서핑,2
모란,2
노래방,2
시간대,2
브로우,2
승리,2
행선지,2
인간,2
씨알,2
덩어리,2
특산품,2
소장,2
독일,2
정치,2
클래스,2
향도,2
랄라,2
소형,2
극도,2
물안경,2
한강,2
치유,2
초고추장,2
신뢰,2
만약,2
난로,2
법수치리,2
개설,2
시도,2
설명도,2
관음보살,2
최애,2
침낭,2
둥이,2
국지,2
장식,2
백두대간,2
멍멍이,2
복어,2
중국집,2
골드,2
장국,2
경상,2
덮밥,2
보헤미안,2
패티,2
시간표,2
죄인,2
데코,2
동양화,2
한편,2
채비,2
얼음물,2
소프트,2
불만,2
망정,2
방학,2
초밥,2
제거,2
애벌레,2
합리,2
습관,2
환호,2
사유,2
단청,2
동전,2
예리,2
직행,2
셔터,2
탐지,2
자켓,2
세부,2
묘미,2
항아리,2
단순,2
가정집,2
무더기,2
코로나선,2
블라인드,2
케이드,2
이성,2
플러스,2
또래,2
다수,2
정감,2
양식장,2
조대,2
라이프,2
순수,2
용어,2
호랑이,2
의아,2
고통,2
빙구,2
차비,2
찌개,2
풍요,2
장애,2
재배,2
이상향,2
안찬호,2
배관,2
말자,2
아이스박스,2
고속,2
형제,2
연중무휴,2
입식,2
소주잔,2
공터,2
귀신,2
트레이닝,2
대길,2
편집,2
초코,2
코트,2
사투리,2
존재,2
선착순,2
이정식,2
망중,2
가원,2
등록,2
부근,2
보쌈,2
고독,2
독특,2
눈앞,2
레깅스,2
수석,2
아바,2
주부,2
철골,2
두려움,2
손양면,2
석호,2
뜰채,2
팔각정,2
오래간만,2
수협,2
아이러니,2
스테이지,2
히트,2
웰컴,2
주기,2
신호,2
도토리묵,2
수도꼭지,2
실시간,2
용도,2
모던,2
한량,2
밤게,2
모시,2
엑스포,2
단맛,2
회랑,2
사오,2
단신,2
블루투스,2
소용,2
결성,2
숙취,2
팔뚝,2
주문리,2
구두,2
환자,2
갠데,2
볼락,2
서해안,2
클링,2
소질,2
명목,2
쥐치,2
안인,2
맞춤,2
중구,2
밤마실,1
도배,1
마르테,1
눈가,1
비가,1
나인,1
미칭,1
중형,1
리식,1
친목도모,1
투수,1
스고,1
무생채,1
떡밥,1
트럼펫,1
앵두,1
만나,1
버블,1
평택,1
비행접시,1
층계,1
증명,1
승용차,1
스테이크,1
부과,1
구랑,1
애국,1
학년,1
브랜치,1
등받이,1
코다,1
제출,1
복도,1
얄개,1
몸보신,1
티타임,1
선방,1
누군지,1
토종,1
찰떡,1
구별,1
소득,1
배너,1
결심,1
딸랑이,1
척추,1
돌제,1
시골집,1
사시미,1
회전,1
재즈,1
메일,1
승패,1
만복,1
내리막길,1
게르치,1
부츠,1
화장,1
피클,1
어미,1
상징,1
깜둥이,1
내항,1
까망,1
국수사리,1
유튜브,1
익사,1
대차,1
꼴뚜기,1
토핑,1
초중,1
오키나와,1
초임,1
찬바람,1
애송이,1
니랑,1
강제,1
송도,1
포대,1
제각각,1
동산항,1
마사지,1
등산,1
수강,1
염증,1
체질,1
주목적,1
얼결,1
내시,1
횡단,1
민물,1
용평,1
세도,1
김고은,1
회마,1
스타드,1
강수,1
자가용,1
설경,1
광장,1
상남면,1
대동,1
사이다,1
금산,1
무언갈,1
떡칠,1
마르,1
양고,1
반차,1
사암,1
인조잔디,1
전원,1
시즈,1
육면체,1
레이지비,1
감자전,1
얼만지,1
사물함,1
물막,1
적함,1
프로필,1
수집,1
매니아,1
고실,1
하등,1
세균,1
유니콘,1
성화,1
폐렴,1
백성,1
회복,1
정중앙,1
르방,1
충동,1
시실리,1
제곱미터,1
산토리니,1
보살,1
물총,1
남음,1
사과나무,1
무리수,1
피쉬,1
휴게,1
현내면,1
우연,1
허탕,1
신설,1
설득,1
대창,1
만화,1
신선초,1
꼬까옷,1
왕복,1
객기,1
암쪽,1
루가,1
차양,1
잉꼬부부,1
집행부,1
지파,1
조립,1
후면,1
물류,1
연발,1
생후,1
리비,1
영감,1
상회,1
심보,1
천근만근,1
추진력,1
범종,1
키아누리브스,1
조직,1
색칠,1
방관,1
멘탈,1
블루베리,1
전설,1
갈대,1
에이엠,1
양심,1
모래성,1
천진,1
윤아,1
어귀,1
안성기,1
손자,1
하러,1
아수,1
비방,1
봉가,1
기저귀,1
고깃배,1
나옹,1
퇴장,1
살상,1
라희,1
명단,1
정화,1
패드,1
쓰래,1
아이러,1
신발장,1
색채,1
은빛,1
용객,1
해병,1
세르,1
진열대,1
사천진항,1
가심,1
급변,1
시체,1
유실수,1
양보,1
백수,1
롯데마트,1
약층,1
볼트,1
익스텐션,1
정전식,1
우발,1
따윈,1
층리,1
협의,1
인러,1
꽃실,1
어머님께,1
쿠바,1
어울림,1
이면수,1
마의,1
톨게이트,1
죽파,1
주유,1
상행선,1
궁상,1
고역,1
소집,1
지혜,1
발끝,1
눈비,1
노스쇼어,1
완도,1
시흥,1
장터,1
저걸,1
반원,1
깻잎장아찌,1
영비,1
태생,1
여니,1
대구경,1
응원전,1
정반대,1
조선소,1
산악,1
처남,1
신형,1
녹차,1
역방향,1
시배,1
고새,1
군더더기,1
가오,1
노인봉,1
얼음장,1
여덟,1
감독,1
청목,1
반질,1
저도,1
고질,1
제이,1
새소리,1
삼각,1
아주버님,1
누군가의,1
가공,1
김주현,1
상책,1
감성돔,1
고령,1
친언니,1
개미,1
뒷줄,1
질주,1
희개,1
견전,1
단명,1
대상지,1
된장국,1
꼴찌,1
시금치,1
내피,1
세코,1
체인점,1
무상,1
뚜기,1
착석,1
마비,1
이스트,1
치평,1
피카츄,1
승우,1
식해,1
스팅,1
통발,1
이민우,1
술상,1
야상,1
파이트,1
박승호,1
닛산,1
콩나물국,1
방울토마토,1
노다,1
부대찌개,1
새꼬,1
바스,1
출어,1
융통,1
비린,1
생략,1
코기,1
유쾌,1
외식,1
목욕탕,1
그래퍼,1
아가서,1
원어민,1
학기,1
펀치,1
엄수,1
수요,1
에이스,1
요일,1
이마,1
격상,1
상상력,1
돌다리,1
봉우리,1
덮치기,1
옵션,1
구수,1
양손,1
삐리,1
탐사대,1
과천,1
캠핑카,1
춘자,1
이안류,1
신호등,1
친환경,1
타잉,1
지진,1
하태,1
정상부,1
갖가지,1
인솔,1
킬로,1
연차,1
마킹,1
안숙,1
만보,1
찌기,1
보호자,1
바요,1
비트코인,1
경의,1
애니,1
대실,1
득남,1
운동복,1
바람둥이,1
선봉,1
헬스,1
포착,1
예기,1
서치,1
확보,1
도약,1
왕래,1
양편,1
회백색,1
도모,1
종업원,1
완행,1
대문,1
남양주시,1
해수면,1
주크,1
워밍업,1
하느님,1
좌표,1
기서,1
콘센트,1
부대시설,1
강둑,1
담갈색,1
촌마을,1
돼지갈비,1
자본주의,1
스마트폰,1
예용,1
증대,1
쭌이,1
젤리,1
순차,1
외남,1
중복,1
게딱지,1
죽인,1
날파리,1
초래,1
검사,1
보고,1
생방송,1
블렉,1
언더,1
돌섬,1
차악,1
아띠랑,1
한계선,1
국가,1
피비,1
만성,1
미세먼지,1
로컬,1
텃밭,1
일과,1
안정숙,1
흙탕물,1
얼떨결,1
왕만두,1
해염,1
정돈데,1
유아,1
갯봄맞이,1
다람,1
료가,1
급부상,1
베이커리,1
연계,1
삼거리,1
구조대,1
거길,1
백종원,1
지남,1
차치,1
고교,1
미스테리,1
중문,1
인적,1
분양,1
꽃바구니,1
노릇,1
설겆이,1
나발,1
믹스,1
인구리,1
초가,1
퍼짐,1
대국,1
어딘가엔,1
견과,1
답방,1
깃발,1
진짜,1
흥미,1
기암,1
생활력,1
염탐,1
사천,1
무안,1
경과보고,1
현목,1
만리장성,1
기견,1
브로콜리,1
자부심,1
깨소금,1
찬스,1
강남,1
필름,1
농반진반,1
침체기,1
마논,1
보호수,1
와이트,1
신이,1
청호동,1
용장,1
신생아,1
상도,1
고등학교,1
안성,1
물풀,1
절대,1
케이블카,1
트라이,1
아동,1
자태,1
노소,1
앵두나무,1
차고,1
지명,1
뒷문,1
차출,1
격년,1
망설임,1
한려,1
금상첨화,1
즉석식품,1
버섯전골,1
백숙,1
직선거리,1
메르스,1
조카님,1
웃음거리,1
애견인,1
지작,1
화이팅,1
시급,1
다야,1
와이어,1
온천수,1
백수가,1
라스트,1
홈런,1
사공,1
뭉크,1
연주자,1
설명서,1
수련,1
핑구,1
향신료,1
예사,1
천연기념물,1
기진맥진,1
토인,1
커텐,1
오예,1
시동,1
슬러시,1
점이,1
갈색,1
수술,1
다이나믹,1
매립,1
장님,1
엄습,1
주유소,1
종소리,1
로스팅,1
집편,1
나태,1
종아리,1
초방,1
병도,1
내색,1
근심,1
대구찌개,1
전어,1
크리스탈,1
사격,1
케이스,1
보름달,1
예담,1
눈요기,1
사무소,1
답글,1
소떡,1
기지,1
케이트,1
분류,1
실속,1
우공,1
자심,1
상행,1
역경,1
요령,1
노다지,1
상업,1
반절,1
몰골,1
지체,1
강정,1
배터리,1
불상,1
실행,1
여신,1
숲길,1
소름,1
화니,1
시합,1
지배,1
디쉬,1
어탕,1
탈진,1
테이블보,1
실검,1
전실,1
반팔,1
교훈,1
직업인,1
찬도,1
샤베트,1
허니,1
계장,1
해풍,1
주전부리,1
도시민,1
오차,1
흑역사,1
대학,1
사가,1
일원,1
봉사,1
미러,1
탈수,1
병창,1
짐작,1
심봉,1
병태,1
레오,1
집사,1
피난,1
포인터,1
한샘,1
캐주얼,1
가람,1
인감,1
단양,1
독도,1
약동,1
공중,1
플래너,1
득량만,1
숫가락,1
조윤아,1
산맥,1
두리,1
집들이,1
보강,1
눈썹,1
고성군,1
통칭,1
미키,1
책임,1
여길로,1
탐사,1
산소,1
반배,1
식초,1
오호,1
데모,1
가재미,1
구림,1
회하,1
절정,1
실망감,1
하심,1
하양,1
부자,1
질풍노도,1
홍보,1
행복감,1
정체불명,1
갈고,1
샤인,1
여요,1
바리,1
달걀노른자,1
바늘,1
풀이,1
이을,1
게시,1
요리사,1
감흥,1
망대,1
분부,1
스트라이드,1
요걸,1
도토리,1
이열치열,1
두드러기,1
케케,1
소비,1
회칼,1
큰소리,1
주물,1
상원사,1
십중팔구,1
조도,1
곰돌이,1
이엘,1
팔만사천,1
제너럴,1
투숙객,1
대포항,1
실밥,1
실업,1
명태회,1
부코,1
하슬,1
이내,1
방심,1
튀김옷,1
수의사,1
받침대,1
난관,1
무인도,1
복근,1
원활,1
물냉면,1
입용,1
림프,1
비렌,1
양질,1
한느,1
빵모자,1
역류,1
경유,1
그라피,1
선전,1
선창,1
봉점,1
노곤,1
봉투,1
동물,1
아람,1
아까,1
캡틴,1
댓바람,1
와방,1
타파,1
웰시,1
사냥터,1
사골,1
지송,1
메트리,1
위나,1
준호,1
하동균,1
흡족,1
음보,1
쉬야,1
고갱,1
출장,1
일반인,1
파란,1
분합,1
허개,1
지하수,1
밸런스,1
어포,1
한글,1
공기탱크,1
대청봉,1
우중,1
샛길,1
치계,1
포크,1
청사,1
댕댕이,1
조오련,1
남발,1
칼럼니스트,1
반스,1
수산청,1
녹색,1
레식,1
몸집,1
이쯤,1
남문,1
정거장,1
전골,1
시속,1
근육,1
김치전,1
체증,1
나시,1
산나물밥,1
정복,1
구찌,1
실업자,1
디스플레이,1
오아시스,1
라우,1
조감,1
델피노,1
평탄면,1
뭔가요,1
화천,1
저울,1
포테이토칩,1
다물,1
에비뉴,1
뽐뿌,1
전역,1
쏘세지,1
제습기,1
의정부,1
로션,1
에프,1
진드기,1
콧구멍,1
카시트,1
제몸을,1
콤프,1
예술가,1
어로,1
둘쨋,1
미래숲,1
스스,1
강사진,1
예행연습,1
바알,1
혼비백산,1
황무지,1
발품,1
건축가,1
맨발바닥,1
신진,1
개구리,1
딜리버리,1
기증,1
도라지,1
태백산,1
직후,1
케익,1
홍대,1
미술가,1
굴뚝,1
루비,1
내생,1
도래,1
바이크,1
은실이,1
창시,1
띠미,1
팔목,1
구덩이,1
드립,1
의뢰,1
갈구,1
연우,1
강남역,1
검은색,1
의외,1
소바,1
카모,1
범벅,1
스탭,1
입금,1
대원,1
오른손,1
정연아,1
결실,1
차트,1
적당량,1
패트롤,1
하드,1
싱글,1
초소,1
몸채,1
산모,1
해수욕객,1
장식품,1
설립,1
상층부,1
장사항,1
구봉,1
그레이,1
건너편,1
농이,1
특대,1
활력,1
본식,1
강의실,1
경품,1
군산,1
사슴,1
배산임수,1
유무,1
원수,1
매너,1
자작,1
호출,1
야영객,1
고화질,1
박남,1
순위,1
유도,1
지탱,1
향호,1
동대,1
따님,1
소독,1
마누라,1
장호,1
뒤통수,1
처절,1
무사,1
오락,1
깜디,1
만무,1
당구장,1
원단,1
촌계,1
중광정,1
가로수길,1
헬로키티,1
호비,1
비로,1
대역,1
수위,1
현관문,1
방파,1
취재,1
진격,1
경직,1
지령,1
사춘기,1
대미,1
프랜차이즈,1
일손,1
과다,1
만득,1
산사,1
파재,1
수관,1
박수,1
실에,1
펌프,1
박두,1
본의,1
빗줄,1
부룩,1
기전,1
모처,1
우강,1
거절,1
대용,1
뎅이,1
전중,1
게이드,1
정강,1
호박잎,1
오동통,1
재킷,1
발자욱,1
완장,1
테이크,1
상자,1
수확량,1
명색,1
전신,1
올겨울,1
모래무지,1
순대,1
형아,1
문아,1
고영,1
흰색,1
물치,1
오빤,1
샤아,1
가득,1
연지,1
뿌셔뿌셔,1
렌터카,1
우두머리,1
보노보노,1
나포리,1
래유,1
이얌,1
수돗물,1
반장,1
서당,1
파나마,1
자유자재,1
대임,1
담양,1
데스크,1
약품,1
망침,1
얼굴색,1
탄성,1
체리,1
장칼,1
세븐,1
용납,1
아범,1
러지,1
족장,1
귀가,1
찰떡궁합,1
소맥,1
전파,1
휴식처,1
다영,1
물량,1
꽃병,1
유가,1
퇴직,1
강경준,1
위층,1
욕망,1
내비,1
애리,1
물닭,1
패러글라이딩,1
어딘들,1
누적,1
디자이너,1
냉동식품,1
정숙,1
안주용,1
공놀이,1
원망,1
자긴,1
축적,1
평가,1
오래전,1
농협,1
백색,1
심서,1
울음보,1
피부과,1
졸음,1
확장,1
고랭,1
구층석탑,1
페퍼로니,1
점지,1
게회,1
영천,1
뻥튀기,1
후일담,1
사과,1
테트라,1
백반,1
교실,1
업무,1
애증,1
순백,1
정수리,1
자장면,1
김사수,1
삼성,1
층집,1
메밀국수,1
딸내미,1
시그,1
등반,1
탕거리,1
놀이터,1
방치,1
본능,1
거미,1
약건,1
플래스,1
화장품,1
핫도그,1
바카,1
대동여지도,1
핀란드,1
천호,1
크다,1
라디오,1
비진도,1
난당,1
반사,1
수능,1
핸들,1
캐미,1
비상,1
디피,1
단독,1
윤후,1
산동,1
호불호,1
너구리,1
당구대,1
사진첩,1
크런치,1
리듬,1
차바,1
선수,1
날개,1
장아찌,1
들통,1
페소,1
민트,1
베니,1
각층,1
대머리,1
모래밭,1
화기,1
자매결연,1
바이,1
압력,1
육포,1
참조,1
프리덤,1
이뿌니,1
공동,1
내친김,1
숨통,1
예비,1
불나방,1
의의,1
관음,1
티켓,1
합창,1
통밀,1
수묵화,1
챠트,1
본래,1
날림,1
케잌,1
모험,1
급조,1
노원구,1
말차,1
준석,1
지천,1
밑줄,1
래서,1
명부,1
명명,1
세수,1
열혈,1
레이지,1
우릴,1
예감,1
취식,1
근래,1
묵언,1
요소,1
구들,1
옷감,1
연료,1
주량,1
선우,1
검새,1
피타,1
비빔면,1
가장자리,1
강원랜드,1
추장,1
묘적,1
비닐봉지,1
뒷면,1
부유물,1
피크,1
노심초사,1
변리,1
누드,1
주당,1
이티,1
목욕,1
휘닉스,1
천지,1
레셔,1
순천,1
대강,1
허허,1
필터링,1
편차,1
민우,1
버프,1
프리티,1
개모,1
조망대,1
참담,1
참맛,1
대디,1
입욕,1
폭탄,1
피스,1
라이브,1
스커트,1
관리인,1
연중,1
정선군,1
프립,1
차창,1
다라,1
열일,1
물보라,1
드레스,1
골칫거리,1
염분,1
판넬,1
샌가,1
저급,1
사근,1
인일,1
미흡,1
대천,1
방학기,1
해랑,1
조깅,1
바보,1
한곡,1
다은,1
대요,1
변형,1
유레카,1
어젯밤,1
대백과,1
메트,1
부리,1
페인팅,1
변인,1
아지매,1
단잠,1
사물,1
구스,1
한나절,1
요량,1
여독,1
무장,1
헌팅,1
가스레인지,1
유네,1
결승전,1
붕붕이,1
보금자리,1
국판,1
꽃길,1
단골손님,1
악기,1
소금구이,1
너자,1
피일,1
중광정리,1
벌금,1
돼지머리,1
가랑,1
남녀노소,1
고사리,1
라이브러리,1
수색,1
벤쳐,1
매해,1
편격,1
짝퉁,1
스파클,1
절망,1
익스트림,1
풍랑,1
비진,1
유래,1
왕초,1
오락실,1
출발점,1
뙤약볕,1
매튜스,1
반년,1
디어,1
수역,1
석유난로,1
세근,1
손동작,1
동백,1
브러시,1
창단,1
체격,1
설빙,1
대니,1
구나,1
서울숲,1
채취,1
성과,1
수식어,1
캠프파이어,1
우려,1
기장,1
조덕배,1
산골,1
모카,1
미네랄,1
모둠,1
메이드,1
단기,1
압착,1
견이,1
한수,1
단속,1
무인,1
중앙고속도로,1
일남,1
줄무늬,1
양영,1
변연,1
정주영,1
하차,1
조난,1
주제곡,1
포레스트,1
마개,1
쉐프,1
닭죽,1
산지,1
내츄럴,1
소라게,1
스웨트,1
진신,1
지장,1
밀물,1
이탈리아,1
돌덩이,1
벽걸이,1
소지품,1
인자,1
레이,1
계원,1
계기,1
출입금,1
운명,1
한판,1
리트리버,1
증거물,1
바라,1
소금쟁이,1
문양,1
메기,1
너모,1
의무,1
카리스마,1
한주,1
기금,1
가지나물,1
비품,1
성대,1
소음,1
멤버십,1
돌멩이,1
번개,1
부두,1
불리,1
채소밭,1
철딱서니,1
시바,1
위피,1
구룡,1
예악,1
우왕,1
봄철,1
마가렛,1
이용표,1
테리,1
유니크,1
위풍당당,1
살파,1
전무,1
요약,1
천하무적,1
진포,1
굴곡,1
드라이어,1
자이언티,1
되풀이,1
발산,1
아트,1
쓰레기봉투,1
형광,1
생동감,1
모레,1
브레드,1
통합,1
영희,1
시암,1
보라색,1
물맛,1
물기,1
족구,1
월화,1
비경,1
불공,1
취업,1
부이,1
가격표,1
본전,1
돌피,1
라벨라,1
자전거길,1
능동,1
기준일,1
바질,1
생전,1
실루엣,1
시행,1
내면,1
쇼부,1
양해,1
할무니,1
애미,1
동자승,1
개그,1
밀착,1
잠옷,1
앞줄,1
초겨울,1
중학교,1
사원,1
군용,1
뭘까,1
대장,1
귀성,1
내품,1
불이문,1
교류,1
현대식,1
분명,1
시물,1
어업,1
무척,1
조간대,1
미녀,1
머위,1
아메리칸,1
양옆,1
와이파이,1
닝장,1
왕국,1
백목,1
연식,1
여운,1
진눈깨비,1
청진동,1
어획,1
신중,1
핸드,1
새벽잠,1
알라,1
크린,1
고비,1
빠삐코,1
후라이드,1
삼단,1
리락쿠마,1
수채화,1
재탕,1
겸사,1
모음,1
수령,1
패션쇼,1
뱃머리,1
분열,1
계단식,1
오모,1
족대,1
내게,1
주점,1
암웨이,1
호스텔,1
캐니언,1
제육볶음,1
연사,1
중층,1
새초,1
카드,1
아울,1
급우,1
근거리,1
방이,1
가시고기,1
오뎅,1
반숙,1
제때,1
매요,1
바탕,1
이브,1
색색,1
중충,1
목장갑,1
달도,1
구멍,1
난롯불,1
오구,1
일렬,1
무제,1
필라테스,1
노선,1
문신,1
문어숙회,1
진티,1
우회전,1
가로본능,1
자락,1
매니저,1
애호,1
할머님,1
유기,1
간사,1
추측,1
음각,1
미가,1
이순대,1
현식,1
십상,1
한데,1
유적지,1
시전,1
연서,1
동쪽,1
다대기,1
주전자,1
보상,1
로커,1
콜리,1
파주,1
미쉘,1
체크포인트,1
새것,1
미나기,1
커먼스,1
중강,1
미사,1
이기대,1
지포,1
비옷,1
한가,1
덩이,1
확대,1
열공,1
완두콩,1
요엘,1
몸매,1
낙찰,1
드라,1
감나무,1
오드리,1
쩌쪽,1
샤브샤브,1
레고,1
해성,1
부류,1
완행버스,1
포도주,1
내용물,1
스타킹,1
무대,1
효소,1
지사,1
산업,1
리버티,1
박정보,1
방구석,1
복숭아,1
여행사진,1
형부,1
저스틴,1
유원지,1
회사원,1
해루,1
주먹밥,1
오트,1
표면,1
몬티스,1
따리,1
통증,1
재연,1
열흘,1
양다리,1
안내도,1
우의,1
눈보라,1
커트라인,1
실용,1
더블,1
건모,1
상다리,1
성동구,1
하늬,1
이마이,1
개짱,1
밀크티,1
선실,1
처가,1
편성,1
금지령,1
리니,1
복권,1
개배,1
사당역,1
미회,1
마카로니,1
아울렛,1
큰아이,1
부속,1
치아,1
미들,1
크로스,1
시트,1
곤란,1
취항,1
악화,1
백장,1
탈의,1
매치,1
언어,1
픽셀,1
탐험,1
외갓집,1
올드,1
타시,1
세니,1
인기척,1
확인서,1
어스,1
예측,1
연면적,1
한기,1
프라이빗,1
온지,1
휘비,1
방사상,1
허가,1
요란,1
다중,1
모래톱,1
시더,1
산객,1
개최,1
곡괭이,1
아줌마,1
오래,1
선녀,1
누디,1
전달,1
이메일,1
임연수,1
고기잡이,1
냉수,1
증발,1
아랑,1
파트너,1
구유,1
인식,1
미니미,1
합승,1
강구,1
말랭이,1
전개,1
어기,1
포계,1
물선,1
만사,1
허물,1
남항진,1
열매,1
침체,1
불가마,1
초청,1
운송,1
이케아,1
아야진,1
송한,1
생굴,1
시금치나물,1
틸리히,1
감도,1
유출,1
신선놀음,1
고등,1
정모,1
문길,1
우니,1
허약,1
배신,1
바당,1
리얼,1
밴드,1
주실,1
보조,1
스튜어트,1
정돈지,1
우드,1
여행길,1
유모차,1
표류,1
고와,1
가희,1
넙치,1
리버,1
공존,1
서던,1
칠흑,1
옆방,1
집단,1
모이,1
망원,1
수익,1
큰아버지,1
말투,1
조선,1
모지리,1
퍼즐,1
고것,1
동대구,1
마루방,1
동경,1
관세음보살,1
웨어,1
국자,1
급증,1
경리,1
우뢰,1
복습,1
스프레이,1
태즈,1
일민,1
치과,1
제도,1
블리,1
나침반,1
특급,1
난방,1
남용,1
어석,1
남해,1
해장술,1
통성명,1
살균,1
클린,1
삼리,1
목요일,1
효율,1
안승철,1
씨래,1
홍련,1
스테이,1
가시나,1
원촌,1
난입,1
회수,1
하행,1
말국,1
헤드,1
연말,1
수용,1
본론,1
정암,1
역장,1
초저녁,1
짐승,1
록스,1
식혜,1
소라고둥,1
빗방울,1
천수관음,1
가문,1
사요,1
공모전,1
속성,1
모터보트,1
왼발,1
팔작지붕,1
두라,1
언니네,1
죽전,1
스파크,1
영월,1
다지기,1
대장정,1
사치,1
노가리,1
이랑,1
초기,1
소년,1
분석,1
자려,1
유의미,1
오른발,1
민간인,1
면발,1
구만,1
자용,1
까닭,1
지공,1
샘플러,1
세계인,1
영호리,1
뱃속,1
귀환,1
이달우,1
주무,1
새우볶음,1
성연,1
상식,1
입암리,1
종이봉투,1
인주,1
영광,1
직장인,1
무결,1
화관,1
아령,1
운동장,1
간조,1
라스,1
안마,1
브라더스,1
렌트카,1
바위틈,1
트렌드,1
사기,1
함유량,1
다정,1
아시아,1
식탐,1
정준,1
가작,1
진열,1
쪽파,1
부니,1
광곽,1
허세,1
개인택시,1
악취,1
무한리필,1
일산,1
뒤편,1
음청,1
애국가,1
옷걸이,1
초록,1
한구석,1
쿠르트,1
그대,1
소기,1
와이키키,1
호환,1
물장난,1
애신,1
원정대,1
바닷소리,1
개불,1
보니타,1
가디,1
잠수복,1
보관함,1
캠페인,1
트립,1
동자,1
울상,1
뽀로로,1
울엄마,1
라탄,1
뜻밖,1
몸무게,1
원공,1
나열,1
로체,1
도처,1
스타일링,1
물거품,1
응원,1
밥벌이,1
가마,1
바둑,1
자매,1
창우,1
돌출,1
이드,1
소파,1
감압,1
전원주택,1
꼬리,1
맑음,1
코코아,1
가성,1
사이더,1
스무디,1
종목,1
회포,1
일곱,1
태우,1
리펀,1
부원장,1
토마토,1
쏘닉,1
구박,1
장기간,1
부루,1
장신,1
보이,1
어매,1
잘름,1
코시,1
방풍림,1
그리기,1
진풍경,1
베개,1
구호,1
펜스,1
동거리,1
도예,1
타요,1
평점,1
두부구이,1
열무,1
전변,1
잠정,1
강태공,1
조감도,1
힐즈,1
비치발리볼,1
귀경,1
식단,1
어학원,1
텔레포트,1
종인,1
리도,1
강현,1
내게도,1
네트,1
덕소,1
예년,1
통영,1
수신호,1
엄니,1
주성치,1
스틴,1
농산물,1
박현식,1
개이,1
가위바위보,1
번국,1
콩지,1
생파,1
쓸모,1
현수,1
지보,1
아행,1
뽕나무,1
출구,1
강풍,1
망자,1
탁구장,1
쭈쭈,1
혼미,1
선잠,1
악세사리,1
하필,1
이진,1
무박,1
첨보,1
표고,1
거트,1
부지런,1
마늘빵,1
과금,1
치바,1
던킨,1
검색창,1
리쉬,1
자연광,1
리기,1
귀향,1
꽂이,1
괴석,1
레이스,1
입간판,1
아들내미,1
평창군,1
담양군,1
용천리,1
상심,1
팽이,1
눈동자,1
두상,1
속한,1
축문,1
묵도,1
트리트,1
지숙,1
서다,1
철사,1
체결,1
모그,1
열의,1
팔각,1
동갑내기,1
응급,1
층루,1
회상,1
혜림,1
새싹,1
스로,1
보사노바,1
짠지,1
부비,1
클래식,1
영양가,1
남항,1
색판,1
견주,1
서양화,1
명경,1
창난,1
강비,1
크루,1
대조,1
간지,1
이틀날,1
대통령,1
맥가이버,1
콧바람,1
파슬리,1
때깔,1
고무,1
플라워,1
프리미엄,1
아련,1
다윗,1
게으름,1
초야,1
거진,1
서초,1
수행,1
화조,1
마실,1
행진곡,1
안보,1
직판장,1
풍물,1
터닝,1
돌진,1
편견,1
休憩,1
문막,1
방갈로,1
대구선,1
디폴트,1
이영,1
배나무,1
미달,1
복원,1
재출발,1
측정,1
알파,1
선곡,1
쓰임새,1
스톱,1
못난이,1
지와,1
방석,1
바람개비,1
안대영,1
지원,1
다람쥐,1
나절,1
무주,1
낙조,1
격주,1
구요,1
열씨,1
이주환,1
희소식,1
학명,1
바단,1
케이,1
침샘,1
물이랑,1
파워,1
대낮,1
예쁘다,1
경고문,1
남일,1
리카,1
체형,1
마운틴,1
피노키오,1
돌변,1
김병만,1
자재,1
겨를,1
이즈,1
본지,1
정암리,1
착장,1
예수,1
합창단,1
땡초,1
이여,1
압축,1
차돌박이,1
자부,1
효과음,1
접신,1
대포,1
스릴감,1
문제점,1
짜치,1
휴지,1
인부,1
침식,1
보라카이,1
무계획,1
공사장,1
길건,1
해동,1
손녀딸,1
우마,1
터전,1
시월,1
신토,1
양행,1
모양새,1
오브,1
행패,1
첨언,1
공모,1
영이,1
카인,1
만시,1
아픔,1
생명체,1
부림,1
실시,1
복실,1
사사,1
코브라,1
냉장,1
피트,1
유리창,1
발처,1
구청,1
말미,1
식중독,1
색주,1
굴법당,1
규칙,1
뷔페,1
진어,1
품속,1
알바,1
청봉,1
감각,1
카페테리아,1
레베,1
잉글리시,1
수익금,1
토리,1
경위,1
육개장,1
우도,1
수풀,1
복수,1
지침,1
다대포,1
변의,1
태미,1
별칭,1
만세,1
체류,1
호노,1
고단,1
챙이,1
공포심,1
자다,1
롤러코스터,1
페이스,1
한목,1
엔게디,1
만안,1
청녀,1
잠간,1
유스,1
대위,1
노예,1
강력,1
말리부,1
실신,1
데이터,1
새라,1
나나,1
좌충우돌,1
나무판,1
칸쿤,1
비즈니스,1
하반기,1
선글라스,1
호우,1
수납장,1
격투기,1
남해군,1
박재희,1
먹자,1
알로하,1
긍정,1
전라도,1
목걸이,1
내몸처럼,1
자율,1
나용,1
장기,1
양치,1
제자,1
머니,1
내외분,1
얼스,1
명상,1
집결,1
마나님,1
듀스,1
교주,1
비보라,1
시발,1
스릴,1
캡쳐,1
간사이,1
잔디밭,1
국립,1
퍼센트,1
타바스코,1
권서,1
고자,1
몸풀기,1
합동,1
인접,1
삼실,1
갱년기,1
망망대해,1
지척,1
컬렉션,1
해저,1
저기압,1
이름표,1
졸업,1
사대부,1
썰물,1
클레오파트라,1
투표,1
채널,1
협조,1
연곡,1
엄지손가락,1
실감,1
몇일,1
목뒤,1
취하,1
여용,1
서식,1
전자,1
주스,1
이추,1
건식,1
회중,1
만선,1
하이트,1
아이스티,1
영역,1
백업,1
외지인,1
앤하,1
작별,1
지름신,1
하층부,1
안전벨트,1
보류,1
민정,1
스님,1
특수,1
넛츠,1
다각도,1
해피,1
미역볶음,1
유진,1
부녀회,1
향연,1
일탈,1
소금강,1
테이,1
조기,1
민서,1
산딸기,1
어린인가,1
참부,1
자발,1
버드,1
보관소,1
무채,1
곰탕,1
계란탕,1
완성도,1
작심삼일,1
진동,1
막내아들,1
대리,1
녹초,1
퍼펙트,1
공통,1
손끝,1
계서,1
시보드,1
등껍질,1
내방,1
메리트,1
버즈,1
당장,1
정렬,1
옆면,1
장작,1
황금연휴,1
정작,1
저안,1
파식,1
초승달,1
흥정,1
손창호,1
진보,1
미관상,1
엔진,1
정동진,1
이유식,1
갈남항,1
이태,1
코오롱,1
배구,1
위시,1
에스컬레이터,1
파파,1
고기밥,1
발란스,1
퇴사,1
용화,1
핫바,1
패딩,1
교대,1
국적,1
고기패,1
헤이,1
해프닝,1
신흥사,1
나와,1
보톡스,1
코르셋,1
엘리,1
백옥,1
걸스,1
애비,1
모래바람,1
모래알,1
면도기,1
사야,1
대백,1
몽골,1
인내,1
강동,1
연애,1
닭새우,1
리더,1
육안,1
장작불,1
주류,1
기철,1
책정,1
정색,1
그레이드,1
바울,1
담지,1
버팔로,1
복인,1
한당,1
월정사,1
투영,1
카오스,1
아바이,1
기해,1
소심,1
명화,1
천만,1
경쟁,1
투더,1
교육장,1
거지,1
장엄,1
로그인,1
노가다,1
온기,1
체면,1
넘버원,1
안락,1
영하,1
경신,1
보수,1
경추,1
시리,1
월리,1
사문,1
공평,1
귀찌,1
분재,1
윤수,1
미시령,1
새알,1
의리,1
자격,1
부진,1
산전,1
조준,1
코다리,1
조예,1
군요,1
문자연,1
주름,1
생채기,1
렌트,1
나무집,1
신입,1
웨이,1
다슬기,1
연출,1
발부,1
해바라기,1
승차,1
살수,1
의문점,1
철거,1
삼총사,1
옥수수튀김,1
매실나무,1
재민,1
파타고니아,1
베스,1
출격,1
스틱,1
임신,1
라임,1
지키,1
사이판,1
주요,1
보답,1
일정표,1
침실,1
차단,1
후레쉬,1
아라,1
야구장,1
소자,1
정기,1
양구,1
인터뷰,1
나염,1
겁쟁이,1
입자,1
천재,1
곁다리,1
홋카이도,1
정지,1
분점,1
돌도다리,1
사다리,1
옹심,1
시비,1
장생,1
예외,1
체육,1
구와,1
기언,1
여와,1
바깥쪽,1
외고,1
샌드위치,1
비탈길,1
소호,1
기념품,1
종합,1
알로에,1
초당,1
레모네이드,1
인공어,1
비어,1
흠집,1
이당,1
밀림,1
비염,1
최초,1
장치,1
골리앗,1
상추쌈,1
모기약,1
격자무늬,1
혼합,1
부위,1
보카,1
설렁탕,1
보유,1
레크,1
일터,1
치아라,1
애청자,1
마법,1
차후,1
치어,1
별똥별,1
위아,1
친애,1
섭취,1
함정,1
밧데리,1
동향,1
행위,1
완공,1
애프터스쿨,1
모자이크,1
대학생,1
분다,1
기승전결,1
게리,1
빠빠,1
기상청,1
직진,1
장미꽃,1
멸종,1
푸른색,1
성곽,1
클라스,1
갈남,1
가분,1
지라,1
냉정,1
좌회전,1
주병진,1
감생,1
꿈결,1
브라이언,1
인코스,1
암가,1
짠맛,1
본당,1
정법,1
지수,1
김소월,1
의상대,1
평생,1
레이디,1
미백,1
베트남,1
꽁짜,1
봉평면,1
양팔,1
상시,1
자판,1
지영,1
유성우,1
아진,1
그리움,1
더치,1
테리어,1
불볕더위,1
가로수,1
솜사탕,1
자요,1
속리산,1
비람,1
슈퍼스타,1
탈해,1
태릉,1
티저,1
목과,1
작성자,1
통로,1
옆모습,1
무맛,1
꼬끄,1
촛불,1
신과,1
쇼핑몰,1
베이스,1
묵사발,1
시행착오,1
보슬비,1
리미,1
물병,1
개울물,1
요놈,1
군것질,1
비몽사몽,1
지지,1
크러스트,1
족족,1
토막,1
애플파이,1
이노,1
캡처,1
고잉,1
여행자,1
컨벤션,1
매미,1
요구르트,1
서포터,1
감자만두,1
푯말,1
스크림,1
안방,1
최장,1
김정규,1
견동,1
유년,1
행세,1
노로,1
어딨나,1
촌분,1
주방식,1
짜도,1
덜렁,1
아침잠,1
머릿속,1
부도,1
백로,1
술고래,1
반지,1
동서고속도로,1
하광정리,1
슬로우,1
시티,1
새우튀김,1
커피숍,1
새우깡,1
초교,1
골목대장,1
오니,1
희생,1
수수료,1
꼽사리,1
스펀,1
항인,1
여름밤,1
커뮤니티,1
르메르,1
마직,1
김진수,1
둘레,1
소시지,1
친밀,1
횟수,1
택일,1
발판,1
준서,1
이효석,1
베베,1
선택지,1
세대,1
눈물,1
플로라,1
급여,1
멀미약,1
기겁,1
이네,1
봄이,1
윤택,1
무산,1
귀농,1
수여식,1
후반,1
도편,1
표방,1
골절,1
일회용품,1
모루,1
단방,1
농축,1
아참,1
유통,1
이자카야,1
다라니,1
물감,1
시멘트,1
애플,1
민간,1
생기,1
국세청,1
가오리,1
신행,1
그리스,1
컬링,1
인절미,1
국민가요,1
여타,1
잠실,1
도미,1
큰딸,1
테스트,1
제눈,1
종종,1
외관상,1
해빈,1
누보,1
기념일,1
이이,1
큰사위,1
동심,1
방출,1
새송이,1
이용한,1
깁스,1
항의,1
플리즈,1
정반,1
앙금,1
엔딩,1
보통날,1
복치,1
미만,1
일체,1
담배꽁초,1
세이,1
잔머리,1
동중,1
고위,1
슈퍼맨,1
빨랫줄,1
절벽,1
영보,1
케이블,1
배웅,1
만삭,1
생명력,1
얘길,1
청남,1
진과,1
봉평,1
글귀,1
약수,1
초절임,1
올림,1
가사,1
불금,1
링링,1
팝송,1
찬성,1
익스프레스,1
야생,1
배틀,1
약문,1
줄기,1
막창,1
코팅,1
명시,1
경고,1
손톱,1
웨일,1
명견,1
표준,1
절대복종,1
직업,1
제물,1
알콜,1
제제,1
납치,1
아이스커피,1
사러가,1
모닥불,1
적용,1
촬영소,1
전갱이,1
스탠드업,1
판다,1
방자고기,1
본곳,1
김수철,1
국수집,1
연연,1
오일장,1
몇몇,1
인과,1
인디,1
시드니,1
밀리터리,1
참이슬,1
빌딩,1
스키아,1
사슬,1
스탠다드,1
학습,1
인용구,1
토박이,1
중천,1
지비,1
만치,1
추리닝,1
현명,1
국산,1
인구항,1
유머러스,1
오세용,1
알과,1
독립,1
뚜껑,1
소양,1
윤정,1
위엄,1
농수산물,1
포효,1
비기,1
웃풍,1
대물,1
랜드,1
고우,1
고마,1
속초시,1
며느리,1
호안,1
이지만,1
사실주의,1
파마,1
스파이크,1
지형지물,1
명호리,1
찐빵,1
비지찌개,1
따구,1
손피,1
심야,1
개미지옥,1
레더,1
안달,1
구야,1
금금,1
선주,1
버그,1
사비,1
처지,1
지고,1
가변,1
매끝,1
빈틈,1
투입,1
은행,1
영민,1
면목,1
예고,1
어두움,1
배고픔,1
군청,1
갓김치,1
명은,1
경강,1
페일,1
장보고,1
난이도,1
해미,1
마운트,1
장어,1
요고,1
냉탕,1
콧등,1
주한,1
자바,1
미국식,1
책자,1
구축,1
전남,1
드라이버,1
잡어,1
방한,1
이장익,1
가위,1
연수구,1
산소통,1
콧노래,1
갯벌,1
면허,1
시샘,1
팔찌,1
잔디,1
위기,1
산란,1
수국,1
패턴,1
만일,1
초창기,1
랜턴,1
소환,1
맥반석,1
금년,1
배위,1
절복,1
뮤직,1
기재,1
광양,1
불량,1
란다,1
광속,1
무중력,1
노랑,1
절규,1
동도,1
고르기,1
스테이플러,1
천지훈,1
끝물,1
내리막,1
허허벌판,1
동굴,1
먼저,1
총싸움,1
모니,1
해발,1
다랑,1
내일모레,1
낭독,1
러시아,1
목정,1
바스키아,1
스톱워치,1
몰카,1
물미역,1
슬리퍼,1
악어,1
아구,1
혼동,1
아발론,1
로퍼,1
레일,1
하네스,1
비번,1
통행,1
보석,1
헝그리,1
플랫,1
다회,1
개밥,1
친절한,1
나락,1
인산인해,1
입천장,1
고기잡이배,1
족발,1
가세,1
열중,1
동교,1
직사각,1
벨류,1
베드,1
래시,1
파란빛,1
해양수산부,1
야구,1
나바,1
신학자,1
탄생,1
언젠가,1
삼계탕,1
유머,1
동문회,1
조재,1
박만,1
이데이,1
달성,1
로케이션,1
신장개업,1
쿠션,1
처참,1
확성기,1
허수,1
봉서,1
도량,1
김장,1
지하철,1
버링,1
보충,1
허사,1
고랑,1
도심,1
속편,1
체조,1
전문점,1
비뇨기과,1
중도,1
보좌,1
데드,1
위실,1
푹신,1
무궁,1
야근,1
안전제일,1
하모니,1
지중해,1
운용,1
당구,1
브라운,1
니스,1
선재길,1
나뭇잎,1
방중,1
귀갓길,1
아이디어,1
코인,1
이랜드,1
공항,1
연세,1
개칭,1
장모,1
산티,1
요만큼,1
불발,1
체크무늬,1
조인,1
프렌치,1
자괴감,1
안감,1
부슬,1
프라,1
감귤,1
세로,1
퇴적물,1
약국,1
충만,1
개두,1
팬케이크,1
바르다,1
크류,1
개판,1
야자수,1
실비,1
업로드,1
산위,1
물체,1
죽도항,1
체고,1
수돗가,1
자정,1
유령,1
권리,1
유턴,1
부가,1
프리덴,1
맘속,1
중앙로,1
방가,1
후유증,1
보너스,1
피장,1
진가,1
근해,1
작전,1
나약,1
위도,1
도통,1
탕수육,1
크로스컨트리,1
피맥,1
테트라포드,1
퍼티,1
폐교,1
유소년,1
사체,1
혼잡,1
디지털,1
회심,1
가전,1
황정숙,1
목이,1
영수증,1
망은,1
양이,1
왕년,1
비법,1
강문,1
코알라,1
커피나무,1
택지,1
클라우드,1
지지대,1
고춧가루,1
구슬땀,1
기잡이,1
수질,1
태블릿,1
고마움,1
불독,1
보존,1
도넛,1
재생,1
안내문,1
엉터리,1
대학원생,1
방인,1
항일,1
상처,1
이달,1
정처,1
게르마늄,1
산가,1
모형,1
프리카,1
비극,1
하천,1
샐러리,1
전기보일러,1
요즈음,1
권미,1
단축,1
윤락가,1
여가,1
입가,1
자식,1
맨밥,1
문항,1
덤프트럭,1
창건,1
계정,1
장후,1
언밸런스,1
보소,1
정미,1
약석,1
낙매,1
문서,1
비보,1
남해안,1
관건,1
갈치,1
아농,1
물때,1
사이클링,1
삿포로,1
특선,1
호후,1
구함,1
로또,1
미디어,1
변상,1
마중,1
카버,1
원통,1
메가,1
징어,1
유흥,1
전주,1
보성,1
물수건,1
분기,1
으뜸,1
기점,1
시무,1
생쥐,1
집착,1
모험담,1
홈피,1
창출,1
오유,1
소동,1
판부,1
전용기,1
주남,1
구애,1
우함,1
충전기,1
사나나,1
알보,1
봄날,1
홍대앞,1
네이비,1
감촉,1
들판,1
카페인,1
단거,1
분비,1
몬스터,1
발동,1
견학,1
환불,1
엔트리,1
먹잇감,1
스파르타,1
초토,1
사료,1
삼둥이,1
명란젓,1
식회,1
블링,1
신세,1
마찬가지,1
파장,1
상하,1
소불고기,1
식전,1
동작,1
업도,1
석상,1
일마,1
저분,1
교무실,1
아이언맨,1
쓰리콤,1
살구나무,1
후라이팬,1
수진,1
육박,1
민이,1
태기산,1
부스,1
오뉴월,1
보트맨,1
개리,1
프레서,1
폴린,1
화장지,1
타원,1
수이리,1
모기장,1
활약,1
자이언트,1
대합,1
홍반,1
수확,1
종점,1
히든,1
조업,1
별점,1
반반,1
착각,1
수퍼,1
오죽헌,1
부탄가스,1
만도,1
전적,1
똥오줌,1
문밖,1
깔끔이,1
잔금,1
볼파크,1
광주,1
외항,1
다이소,1
북풍,1
배부,1
킬라,1
가디건,1
전매특허,1
사용료,1
목금,1
앞모습,1
부여,1
라이더,1
황홀경,1
건강식,1
넓이,1
물탕,1
안경,1
가자미조림,1
처자,1
루다,1
외모,1
발담,1
발효,1
목재,1
우디,1
오징어순대,1
마음씨,1
내도,1
점사,1
라이언,1
프라이,1
애교,1
스터,1
오토,1
용암,1
물이끼,1
손발,1
정진,1
박마루,1
일어,1
훗날,1
각설,1
블루문,1
간이,1
모스카토,1
여의도,1
동상이몽,1
아이템,1
대쪽,1
쪼금,1
나지,1
블로,1
격타,1
멘붕,1
이의,1
호평,1
턴데,1
기고,1
옆구리,1
김형철,1
기관,1
어획고,1
숙회,1
애막,1
공떡,1
인명구조,1
라피,1
가래,1
제자리,1
선진,1
대나무,1
버섯나물,1
깔깔이,1
공과,1
호박,1
동상,1
립니,1
무덤,1
포도,1
의상,1
배당,1
홈패션,1
코칭,1
요트,1
오산,1
페트병,1
과거,1
스튜디오,1
주세,1
농장,1
올림푸스,1
삼각김밥,1
로코,1
풀밭,1
생가,1
피아노,1
요로,1
본네트,1
장안,1
에리얼,1
당현,1
후손,1
키핑,1
철판,1
사직,1
대입,1
시판,1
푸디,1
고리,1
입후,1
이기,1
손주,1
클라,1
무비,1
사도,1
욕일,1
초여름,1
나이키,1
소금물,1
습식,1
자책,1
대략,1
이치노미야,1
원칙,1
수세미,1
멋쟁이,1
일수,1
최상,1
손길,1
등극,1
울딸,1
전염,1
코드,1
종합운동장역,1
카봇,1
교량,1
하와이안,1
암벽,1
지푸라기,1
미원,1
볼일,1
악수,1
똑똑이,1
경보,1
전반,1
교복,1
걷기,1
성립,1
시냇물,1
하계휴가,1
포켓,1
군밤,1
에티켓,1
드릴,1
울초,1
갈비뼈,1
분수,1
순찰,1
선포,1
화재,1
속출,1
끄트머리,1
호기,1
스승님,1
덕평,1
경과,1
우천,1
총무,1
지당,1
결혼식,1
인터체인지,1
보단,1
전술,1
寂光,1
최종,1
미스터,1
품절,1
이크,1
명령,1
입출,1
령도,1
리디,1
소란,1
침착,1
순경,1
카라반,1
한아름,1
인회,1
구명동의,1
왕바위,1
나란,1
광어회,1
스팅어,1
초전,1
북새통,1
부정,1
절도,1
마이,1
홍합탕,1
사이버,1
알티마,1
빙고,1
가도,1
빌립,1
추석날,1
트레,1
오르막길,1
집념,1
장염,1
냉장실,1
레니,1
영웅,1
후보,1
환기,1
연면,1
놀람,1
흑백,1
강요,1
트론,1
코리아,1
고딩,1
모토,1
물밑,1
반영,1
잡초,1
잉글리쉬,1
변동호,1
신녀,1
부지,1
형식,1
사케,1
스팀,1
휴양림,1
어서,1
친목계,1
중급,1
쿠키,1
빠가사리,1
스키타,1
성수일,1
변덕,1
간극,1
할망구,1
별명,1
음질,1
청량,1
중성,1
조용필,1
연등,1
복리,1
월드컵,1
간간,1
기계음,1
산재,1
방도,1
사친,1
버치,1
건면,1
과장,1
광전,1
어한기,1
드론,1
추경,1
무통,1
리시,1
남이섬,1
카오산,1
가뭄,1
인건비,1
김경남,1
오형근,1
누군가요,1
난파선,1
카프리,1
유니클로,1
드릅,1
민폐,1
풍월,1
모찌,1
포테이토,1
흡수,1
바운스,1
선장실,1
여백,1
비행장,1
하일라이트,1
급양,1
조라,1
다마스,1
삭제,1
리스,1
노량진,1
알림판,1
막스,1
다운로드,1
극한,1
고저,1
전시,1
예금주,1
익음,1
경동,1
크리스토퍼,1
인군,1
유동,1
콧물,1
거제,1
카스,1
하륜,1
落梅,1
거금,1
음용,1
재개,1
더멋,1
상품,1
그인,1
조개찜,1
홀리데이,1
방지,1
한식,1
이윤우,1
학꽁치,1
라로사,1
김율,1
지평선,1
곰치,1
등급,1
철책,1
이부자리,1
교재,1
자면,1
반집,1
흑인,1
감탄사,1
미국,1
세일러,1
이빨,1
나공,1
파블,1
침대위,1
망구,1
도합,1
스카,1
학부형,1
지각,1
지구인,1
민족,1
외투,1
두서,1
단어장,1
둔치,1
사은품,1
빠꾸,1
소매,1
이식,1
외옹치항,1
해진,1
석식,1
강습생,1
나뭇가지,1
주온,1
무식,1
선인장,1
고학년,1
농도,1
오프닝,1
초콜렛,1
기만,1
페스티벌,1
사각,1
푸름,1
일지,1
위성,1
금연,1
대리인,1
수료,1
신의,1
포용,1
게도,1
점수,1
재원,1
흙먼지,1
반회,1
더하기,1
신지,1
소양댐,1
초심,1
집도,1
방문기,1
소게,1
고무보트,1
이박,1
월산,1
대벌레,1
소통,1
샤랄,1
단풍,1
포화,1
할미,1
로테이션,1
도달,1
지마,1
소금기,1
골프공,1
후계자,1
레드,1
오케이,1
중계동,1
오두막집,1
양변기,1
일념,1
무진,1
팥죽,1
출발지,1
어처구니,1
초행길,1
나뽕,1
우와,1
가네,1
게찜,1
새끼손톱,1
식은땀,1
통일전망대,1
진미,1
상점,1
임시방편,1
하산,1
온실,1
무실동,1
후덕,1
연무,1
만찬,1
단돈,1
밤샘,1
설가,1
발음,1
수편,1
재채기,1
중식,1
선셋,1
거래처,1
큰방,1
염주,1
가메,1
개취,1
고백,1
잠결,1
차야,1
대자,1
땐데,1
크릴새우,1
채식,1
난다,1
점심때,1
남북,1
성취감,1
출현,1
승리자,1
스티커사진,1
내구,1
약소,1
뉘앙스,1
김포,1
쌍둥이,1
향토음식,1
자비,1
영양,1
쿼트,1
상비,1
나사,1
피신,1
포항,1
자물쇠,1
한웅,1
한국인,1
방탄,1
타월,1
출혈,1
갈매기살,1
현상,1
지급,1
태양초,1
점포,1
안내소,1
가습,1
데리야키,1
신데렐라,1
전업,1
레트,1
일석,1
성공리,1
윤상,1
린트,1
안함,1
항길,1
안가,1
옷차림,1
길점,1
매점,1
장휴,1
단행,1
수정안,1
폴리,1
토토,1
시추에이션,1
아도,1
탁주,1
연잎,1
리오니,1
노굿,1
활기,1
광정,1
무형,1
에이,1
먹통,1
경원,1
과도,1
치즈케이크,1
