word,counted
서핑,391
해변,385
바다,305
파도,285
현북면,246
보드,173
여행,164
하나,162
서프,159
지도,153
강습,151
서퍼,150
해수욕장,147
기사문리,145
여름,144
전화,143
일출,136
처음,124
날씨,122
주말,120
상세,119
휴게소,118
서울,117
맛집,114
하조대,113
느낌,107
동해,107
출발,107
추천,104
사장,104
예약,103
준비,103
기사문항,102
마음,101
장소,101
하우스,101
친구,101
명소,100
기사,97
하루,96
모습,93
맥주,92
게스트,92
카페,91
새벽,89
가격,89
죽도,87
비치,85
바람,85
저희,84
근처,83
연습,82
가능,82
초보,77
분위기,76
숙소,75
기분,75
동안,75
구경,74
하늘,73
식사,73
자리,73
운영,72
안녕,71
이용,71
바닷가,69
포스팅,68
최고,68
강사,67
강릉,67
유명,66
가족,66
고기,66
속초,64
점심,64
겨울,64
마지막,64
한잔,64
이동,63
등대,63
플레이스,63
샤워,63
관심,62
풍경,62
친절,62
횟집,61
식당,61
조도,61
소개,61
바위,61
음식,60
오전,60
슈트,60
오후,60
커피,58
교육,58
나라,58
문길,58
어디,58
운동,57
아이,57
아래,56
행복,56
이야기,55
수평선,55
오랜만,55
렌탈,54
주변,54
시설,54
이름,53
팝업,53
숙박,53
안전,52
장비,52
수트,52
구름,52
저장,52
폴더,52
입구,51
감사,51
휴가,51
거리,51
방문,51
혼자,50
패들,50
기대,50
여유,49
형제,49
사이,49
가지,49
강원,48
캠핑,48
블로그,48
촬영,47
리조트,47
선택,47
입수,46
설명,46
기억,46
검색,45
얼마,45
토요일,45
소리,45
가을,45
중간,44
참고,44
공간,44
뭔가,44
요즘,44
치킨,44
계획,43
주차장,43
사랑,43
만족,43
네이버,43
테이블,43
종일,43
후기,43
송이,42
지역,42
언니,42
필요,42
체험,42
나중,42
걱정,42
자유,42
대여,41
나름,41
화장실,41
물놀이,41
내부,41
판매,41
방파제,41
퍼스,41
영상,40
사용,40
작년,40
패들링,40
버스,40
포인트,40
이거,39
고민,39
이유,39
얼굴,39
매력,39
순간,39
기본,39
파티,39
타임,38
개인,38
바닷물,38
모양,38
웨이브,37
이후,37
인구,37
텐트,37
재미,37
상태,37
체력,37
주차,36
추억,36
모래,36
완전,36
덕분,36
이게,36
마리,36
여자,35
진행,35
확인,35
경험,35
내요,35
스포츠,35
요리,35
오메가,34
예전,34
오픈,34
추가,34
동생,34
입문,34
수영,34
여름휴가,34
남자,34
편의점,34
정보,34
물회,33
이것,33
고고,33
성수기,33
제공,33
힐링,33
머리,33
건물,32
동해안,32
오른쪽,32
조금,32
자연,32
오프,32
성공,32
반찬,32
테이크,31
모래사장,31
전날,31
오빠,31
마무리,31
정리,31
일정,31
용품,31
이건,31
피자,31
서피,31
항구,30
단체,30
거기,30
대박,30
산책,30
자세,30
텐데,30
한국,30
국내,30
인증,30
일요일,30
다양,30
왼쪽,29
무료,29
헝그리,29
도전,29
정신,29
해결,29
만큼,29
상황,29
음료,29
가운데,28
중요,28
등등,28
프로,28
필수,28
바닥,28
지금,28
캣츠,28
오징어,28
라면,28
사이즈,28
터미널,27
마을,27
물놀,27
부분,27
바베큐,27
엄마,27
카메라,27
운전,27
이론,27
이때,27
기회,27
평일,27
국도,27
감상,27
방법,27
보통,27
감동,27
관리,27
일상,27
시장,26
경우,26
갯바위,26
커플,26
공기,26
기념,26
요기,26
우린,26
무엇,26
걸로,26
태양,26
가게,26
포함,26
김치,25
인생,25
테라스,25
구입,25
실력,25
패키지,25
메뉴판,25
일반,25
어제,25
매운탕,25
세상,25
스타일,25
코스,25
국물,24
지상,24
안쪽,24
모텔,24
얘기,24
발견,24
다행,24
중심,24
낭만,24
대부분,24
그때,24
입맛,24
동영상,24
주문진,24
그릇,24
본격,24
닭강정,23
인테리어,23
휴식,23
영국,23
다리,23
행사,23
건지,23
인기,23
대표,23
방향,23
연휴,23
구매,23
여긴,23
피곤,23
계곡,23
모두,22
부산,22
막국수,22
한참,22
그림,22
설치,22
포기,22
라이,22
고생,22
첫날,22
대기,22
군데,22
펜션,22
안내,22
결국,22
서비스,22
사고,22
파스타,21
스팟,21
이국,21
야외,21
금요일,21
그날,21
말씀,21
소주,21
꿀맛,21
밑반찬,21
불편,21
양념,21
대신,21
에어컨,21
취미,21
도로,21
해변가,21
셀카,21
인사,21
치즈,21
수건,20
잔교리,20
지인,20
천국,20
여기저기,20
주의,20
선생,20
낚시,20
부탁,20
각종,20
전용,20
태풍,20
인근,20
전국,20
마린,20
그것,20
해산물,20
둘째,20
저기,20
여행지,20
대로,20
신경,20
영업,20
건강,20
정식,20
무인,19
계속,19
이제,19
앞바다,19
내일,19
음악,19
전문,19
여러분,19
부족,19
흡입,19
취향,19
휴가철,19
영동,19
무릎,19
구비,19
그곳,19
평소,19
고장,19
샴푸,19
주소,19
삼겹살,19
중앙,19
편안,19
밥집,19
내년,19
픽업,19
시즌,19
누가,19
자랑,18
복귀,18
역시,18
백사장,18
수업,18
미니,18
연락,18
업체,18
할인,18
포토,18
실내,18
당일치기,18
노래,18
고속도로,18
당일,18
사실,18
라인업,18
전체,18
위험,18
자체,18
어선,18
스타,17
자기,17
난리,17
영향,17
종류,17
현장,17
소스,17
월요일,17
물고기,17
탈의실,17
기상,17
강아지,17
이웃,17
계절,17
회사,17
감자,17
제품,17
생활,17
트레이너,17
저번,17
편리,17
장판,17
예정,17
예상,17
약속,17
크림,17
먹거리,16
마련,16
겁니다,16
레저,16
손님,16
여명,16
대회,16
조건,16
인상,16
동작,16
가평,16
퍼스널,16
목적,16
코어,16
수심,16
와중,16
동네,16
안주,16
파라솔,16
이색,16
번호,16
고성,16
침대,16
사이트,16
주재홍,16
투어,16
작가,16
의자,16
과자,16
건데,16
낙산사,16
특별,16
더위,16
고속도,16
무리,16
시기,16
인원,16
관광,15
각자,15
바디,15
조개,15
누구,15
세트,15
소식,15
현남면,15
와인,15
규모,15
가드,15
사문,15
칵테일,15
직원,15
양양가,15
고추,15
비용,15
완료,15
기온,15
만끽,15
간판,15
추위,15
가슴,15
비교,15
다이빙,15
상품,15
모닝,15
결정,15
홈페이지,15
링크,15
냉장고,15
선물,15
부부,15
산나물밥,15
햇빛,15
생선,15
장난,15
창문,15
이해,15
야영장,15
재료,14
칭찬,14
실패,14
설악산,14
열정,14
구이,14
발리,14
활어,14
서프보드,14
일행,14
외국,14
젊음,14
버거,14
차이,14
박스,14
지정,14
문리,14
완벽,14
연결,14
놀이,14
몬스터,14
토레,14
후회,14
폭풍,14
워터,14
문제,14
제한,14
리스트,14
자신,14
변화,14
문항,14
기초,14
반복,14
해안,14
소요,14
기름,14
강추,14
관계,14
취소,14
멤버,14
주인,14
시골,14
황태,14
햇살,14
문어,14
경치,14
앞쪽,14
금지,14
카치아,14
대비,14
메카,14
송정,14
양양읍,14
표정,13
만석,13
아저씨,13
내용,13
해수욕,13
일기,13
센터,13
변경,13
나무,13
그동안,13
건가,13
세팅,13
개월,13
문의,13
수제,13
미안,13
육수,13
체크,13
어깨,13
감성,13
호텔,13
균형,13
감자튀김,13
신청,13
관광객,13
이벤트,13
기록,13
타이밍,13
크기,13
트레이닝,13
국수,13
의미,13
먹방,13
아빠,13
아메리카노,13
피서객,13
옥수수,13
선크림,13
사항,13
남편,13
폭염,13
원래,13
외관,13
갈매기,13
이젠,13
속도,13
광어,13
이것저것,13
본인,13
고급,13
그늘,13
포구,13
요청,12
언제,12
전망대,12
주일,12
아쉬움,12
리뷰,12
여성,12
수준,12
조합,12
피비,12
자연산,12
현지,12
리필,12
해장국,12
가스층,12
콜라,12
대한민국,12
목적지,12
튀김,12
햇볕,12
허리,12
간식,12
남애,12
등장,12
파라다이스,12
택시,12
차량,12
무튼,12
예술,12
핸드폰,12
나머지,12
센스,12
포장,12
이불,12
장착,12
어촌,12
지난주,12
떡볶이,12
동서,12
매장,12
나이,12
망고,12
꽁치,12
개장,12
듯이,12
감각,12
유지,12
토마토,12
편의,12
돼지,12
예보,12
보호,12
마스코트,12
환경,12
스키,12
그거,12
피부,12
교통,12
핑장,12
화요일,11
노력,11
민박,11
구분,11
전망,11
경매,11
착용,11
바닷바람,11
수육,11
게임,11
해양,11
선호,11
실습,11
반납,11
래쉬,11
주제,11
성지,11
출처,11
주위,11
집중,11
아무것,11
모듬,11
젊은이,11
해맞이,11
주민,11
이틀,11
화이트,11
드라이브,11
문화,11
한쪽,11
비수기,11
사이드,11
무한,11
스노우,11
온몸,11
모임,11
휴휴,11
스쿨,11
건너편,11
춘천,11
직전,11
높이,11
방해,11
동산,11
클럽,11
과정,11
여사,11
저거,11
상상,11
그룹,11
막걸리,11
수온,11
워시,11
슈퍼,11
구성,11
음식점,11
나물,11
홍천,11
전경,11
토리,11
새우,11
유일,11
시절,11
수영복,11
엑스,10
퇴근,10
디자인,10
피서,10
체온,10
결과,10
스테이,10
어른,10
보관,10
피크,10
비기너,10
티비,10
부담,10
제주도,10
구간,10
고려,10
해녀,10
짬뽕,10
지방,10
우럭,10
스쿠버,10
서해,10
행운,10
비주얼,10
다이어트,10
고수,10
한숨,10
수다,10
지난번,10
비밀,10
이걸,10
당황,10
배경,10
전기,10
환영,10
해돋이,10
즐거움,10
이모,10
장점,10
도미,10
댓글,10
냄새,10
가방,10
효과,10
안정,10
아들,10
어부,10
버섯,10
코코,10
조심,10
영화,10
파도타기,10
고고씽,10
해외,10
푸쉬,10
소화,10
호수,10
튜브,10
무렵,10
짜증,10
멍게,10
공유,10
녀석,10
경기,10
애국,10
우측,10
스케줄,10
하광정리,10
추석,10
투척,10
자전거,10
훈련,10
회도,10
소고기,10
군사,10
소나무,10
장마,10
인분,10
방송,10
객실,10
패스,10
최초,10
식감,10
동시,9
야영,9
클릭,9
향기,9
홍보,9
제주,9
현실,9
샌드위치,9
최적,9
계령,9
아이템,9
컨디션,9
수산,9
시그,9
볶음,9
평화,9
버킷,9
밤바다,9
무게,9
한상,9
기약,9
성비,9
요건,9
흥미,9
쥬얼,9
물치,9
햄버거,9
퀄리티,9
대형,9
한계,9
며칠,9
해삼,9
지번,9
마니,9
왕복,9
뭔지,9
야경,9
전쟁,9
프리,9
돗자리,9
홍합,9
장갑,9
생맥주,9
스티커,9
본점,9
보람,9
해먹,9
단위,9
해물,9
마트,9
철수,9
따위,9
이쪽,9
연인,9
모델,9
조류,9
온리,9
갈비,9
비빔밥,9
칼국수,9
오션,9
수상,9
협회,9
회덮밥,9
계단,9
체크아웃,9
리얼,9
활동,9
실전,9
단점,9
발목,9
시도,9
카보,9
부상,9
페스티벌,9
서빙,9
무침,9
내린천,9
입장,9
두부,9
대포항,9
횟감,9
당시,9
공원,9
구름층,9
산나물,9
환상,9
고객,9
브랜드,8
슈즈,8
남대천,8
아점,8
셀프,8
액션,8
진리,8
자극,8
고속,8
리포,8
장면,8
야채,8
절경,8
장사,8
스케이트보드,8
마스터,8
우동,8
설정,8
남친,8
발생,8
카레,8
전문가,8
사온,8
입장료,8
전복,8
선정,8
가요,8
삼형제,8
정체,8
조준,8
고요,8
리쉬,8
완성,8
네비,8
수중,8
뒤쪽,8
강릉시,8
남애항,8
표현,8
키친,8
성인,8
핫도그,8
경포대,8
소금,8
북쪽,8
놀이터,8
한입,8
카풀,8
목살,8
가시,8
트립,8
도시,8
보트,8
다짐,8
라인,8
오노,8
소수,8
프로그램,8
목표,8
스트레스,8
맞은편,8
탐방,8
시스템,8
비누,8
실제,8
한국관광공사,8
도시락,8
법수치,8
불빛,8
긴장,8
요거,8
동호,8
오토캠핑,8
티셔츠,8
최신,8
다섯,8
즈음,8
탱크,8
정확,8
온도,8
물품,8
레포츠,8
벽화,8
포도,8
아이폰,8
누군가,8
귀가,8
인정,8
중고,8
기간,8
결론,8
숙취,8
문자,8
하륜,8
주의보,8
육지,8
요원,8
미세먼지,8
손양면,8
개시,8
모자,8
축제,8
지점,8
대구,8
드라,8
인터넷,8
소문,8
까스,8
조명,8
오랫만,8
각광,8
부력,8
출입,8
발걸음,8
마니아,8
조절,8
계란,8
명칭,8
허락,7
공용,7
정류장,7
요번,7
후라이드,7
조사,7
영하,7
개통,7
프론트,7
조형물,7
성격,7
욕실,7
수리,7
대체,7
먼지,7
왁스,7
소진,7
심플,7
개국,7
연어,7
단골,7
작성,7
취침,7
진열,7
돼지고기,7
전통,7
닭볶음탕,7
천막,7
쉐이크,7
강남,7
시청,7
우유,7
요금,7
핑계,7
하와이,7
참가,7
핑크,7
선선,7
최선,7
한방,7
푸드,7
소원,7
곳곳,7
스케이트,7
신발,7
발전,7
운치,7
마찬가지,7
연예인,7
별도,7
조성,7
신랑,7
욕심,7
수요,7
도움,7
세계,7
더덕구이,7
주문진항,7
만세,7
출동,7
다이버,7
단계,7
조아,7
선수,7
기운,7
이미지,7
홍게,7
붕가,7
오색,7
골목,7
엄두,7
구용,7
청소,7
연출,7
내기,7
공감,7
작업,7
베드,7
지식,7
조각,7
건어물,7
기계,7
부모,7
조선,7
일본,7
휴무,7
조식,7
볶음밥,7
정상,7
하와이안,7
체육,7
속초시,7
가성,7
함정,7
중독,7
송이버섯,7
침구,7
마늘,7
주류,7
고향,7
차례,7
라떼,7
운행,7
청결,7
상대,7
슬립,7
타올,7
원주,7
스틱,7
멸치,7
이분,7
첫째,7
그걸,7
새끼,7
데이트,7
발길,7
방지,7
해장,7
치약,7
출항,7
긴팔,7
중급,7
안개,7
청정,7
호프,7
배려,7
종합,7
부근,7
쇼핑,7
강제,7
닭발,7
레벨,7
라이프,7
자동차,7
공연,7
카버,7
목요일,7
버블,7
바닷속,7
방수,7
보드만,7
구조,7
양파,7
전시,7
고갈,6
미터,6
허벅지,6
생략,6
청춘,6
스릴,6
개방,6
실감,6
루카,6
게시물,6
하룻밤,6
좌우,6
정성,6
소떡,6
정감,6
고추장,6
유행,6
장관,6
카드,6
마무,6
하단,6
차트,6
업그레이드,6
모둠,6
어딜,6
생명,6
비린내,6
계란찜,6
기구,6
신기,6
경계,6
소면,6
동물,6
출장,6
자동,6
오라버니,6
대세,6
공짜,6
파트,6
별미,6
남쪽,6
영양,6
근육,6
적응,6
그램,6
파크,6
그게,6
기타,6
스웰,6
공식,6
밸런스,6
연무,6
두께,6
웨이팅,6
된장,6
어항,6
은근,6
당신,6
고속버스,6
얼음,6
부스,6
컵라면,6
실망,6
눈물,6
불판,6
아가,6
포트,6
경기도,6
제작,6
매너,6
피해,6
위로,6
신세계,6
전부,6
요령,6
입실,6
디저트,6
그늘막,6
컴백,6
취사,6
성게,6
형태,6
불고기,6
조언,6
음료수,6
조타,6
간장,6
관광지,6
세대,6
아쿠아,6
간지,6
구석,6
금액,6
결제,6
낙산,6
수요일,6
에너지,6
바비큐,6
카운터,6
컨셉,6
피로,6
린스,6
단무지,6
출근,6
메밀전,6
좌측,6
브레이크,6
어종,6
삼척,6
가입,6
한적,6
파랑,6
스킨,6
플레이,6
거북이,6
설악,6
먹구름,6
일몰,6
약간,6
생일,6
강된장,6
순서,6
광경,6
아무,6
결심,6
페퍼로니,6
출신,6
상봉,6
동행,6
조업,6
글러브,6
표시,6
신상,6
흔적,6
결혼,6
쓰레기,6
피트,6
뉴스,6
필터,6
가량,6
연속,6
인심,6
볼거리,6
작품,6
용어,6
역사,6
주년,6
김치찌개,6
터널,6
선글라스,6
입금,6
지리,6
용기,6
탑승,6
백반,6
여행기,6
정자,6
고개,6
손길,6
이마트,6
도로변,6
일제,6
시선,6
고통,6
바다낚시,6
마감,6
접근,6
부츠,6
구역,6
주방,6
가자미,6
소품,6
웃음,6
드레,6
퇴수,6
일부,6
코리아,6
만선,6
피서지,6
레슨,6
할머니,6
무인도,6
유혹,6
산책로,6
머스,6
귀항,5
이태,5
윈드,5
끝자락,5
치맥,5
노선,5
카라반,5
아이스박스,5
반바지,5
드라마,5
요일,5
손가락,5
농협,5
정돈,5
정면,5
단풍,5
독일,5
신비,5
우산,5
작성자,5
소맥,5
노출,5
휴가지,5
능력,5
화장,5
시간표,5
조리,5
브로이,5
사건,5
과일,5
맞춤,5
클렌징,5
출각,5
국수집,5
주간,5
학교,5
청국장,5
양해,5
기절,5
아이스,5
구리,5
배정,5
피쉬,5
주관,5
진심,5
반대편,5
쿨링,5
목소리,5
공영,5
아래쪽,5
그중,5
번개,5
상담,5
소재지,5
판단,5
당첨,5
온수,5
기쁨,5
공신,5
대왕,5
모드,5
땡볕,5
상관,5
문제점,5
협찬,5
헤어,5
오기,5
남녀노소,5
세월,5
합리,5
지하,5
수십,5
오대산,5
랩스,5
베리,5
애정,5
운동장,5
도구,5
수욕장,5
차안,5
덩어리,5
부표,5
제철,5
도치,5
해소,5
다이브,5
최종,5
코스트,5
주궁,5
종료,5
접시,5
이마,5
해파,5
신고,5
캠퍼,5
오이,5
경관,5
버터,5
방면,5
나뽕,5
사진가,5
평창,5
조각구름,5
레스토랑,5
애국가,5
연일,5
처리,5
상차림,5
참여,5
열기,5
정착,5
블루,5
아이스크림,5
러지,5
장칼,5
챠트,5
배달,5
코드,5
양죽,5
무시,5
당장,5
홀릭,5
독립,5
분점,5
모터,5
국가,5
연장,5
배럴,5
충전,5
소비,5
만남,5
네온,5
막창,5
다트,5
계산,5
현남,5
대화,5
물길,5
새우튀김,5
득템,5
문어숙회,5
봉포,5
접수,5
파머,5
실신,5
엄지,5
낮잠,5
고양이,5
방영,5
감기,5
로드,5
의지,5
쉼터,5
한눈,5
담날,5
베이스,5
보충,5
이곳저곳,5
초밥,5
우울,5
모자이크,5
기능,5
코앞,5
겨울철,5
제육볶음,5
동산항,5
이태원,5
최대,5
장날,5
일곱,5
초입,5
화질,5
한창,5
대게,5
파워,5
도중,5
저질,5
어딘가,5
뚝배기,5
조림,5
창밖,5
셔틀버스,5
경계선,5
일품,5
리식,5
사전,5
애기,5
모터보트,5
냉동,5
솜씨,5
쌈장,5
바깥,5
선사,5
골든,5
준비물,5
가본,5
예감,5
개꿀,5
판장,5
체크인,5
답니다,5
어촌계,5
밤새,5
애견,5
여행객,5
구석구석,5
활용,5
약수,5
동호리,5
주최,5
개성,5
고구마,5
매일,5
리어,5
각도,5
색깔,5
고성군,5
곰돌이,5
예매,5
방전,5
클린,5
어둠,5
난봉,5
블로거,5
비빔,5
방식,5
이전,5
샤워기,5
코로나,5
봉지,5
옛날,5
사과,5
천지,5
걸까요,5
거울,5
다운,5
카카오,5
번국,5
랜드,5
클리어,5
미션,5
걸까,5
더덕,5
조이,5
변신,5
분주,5
전진,5
여름철,5
후배,5
실화,5
창피,5
인식,5
아줌마,5
귀요미,5
까페,5
수영장,5
외국인,5
참기름,5
시외버스,5
공부,5
셔터,5
휴양지,5
비키니,5
에어,5
반대,5
바이크,5
주인장,5
사계절,5
디제이,5
점심때,5
유의,5
그녀,4
도정,4
반팔,4
무제한,4
탄생,4
사업,4
한산,4
거부,4
강습생,4
명절,4
투명,4
재활,4
울릉도,4
와이파이,4
광고,4
화면,4
우등,4
인간,4
이기,4
기미,4
해방,4
조화,4
아야진,4
치열,4
연락처,4
풍랑,4
택배,4
손질,4
어머님,4
생김새,4
핑후,4
바지,4
갈만,4
호주,4
진동,4
종이,4
댕이,4
가슴살,4
개수대,4
순두부,4
대략,4
케이크,4
진용,4
신남,4
길잡이,4
진정,4
피드백,4
우여곡절,4
해상,4
백화점,4
약수터,4
어치,4
순삭,4
오해,4
잠자리,4
전공,4
스펀지,4
회로,4
동료,4
갈릭,4
남애리,4
언젠간,4
농장,4
거품,4
광란,4
방어,4
사발,4
초코,4
요새,4
이걸로,4
야식,4
마당,4
닭고기,4
만조,4
정치,4
고사리,4
데크,4
근해,4
양쪽,4
대관령,4
돌솥,4
책임,4
온돌방,4
발휘,4
창해,4
개별,4
하트,4
인구리,4
젓갈,4
이하,4
우연,4
참석,4
천장,4
기존,4
명물,4
과음,4
비바람,4
상가,4
눈치,4
묘미,4
초등,4
예외,4
시점,4
주기,4
반려,4
특이,4
빈티지,4
식후,4
입술,4
회관,4
집어등,4
차원,4
구멍,4
해외여행,4
계장,4
시험,4
지름신,4
기술,4
불가,4
영혼,4
저것,4
노란색,4
과거,4
누룽지,4
선장,4
편집,4
남성,4
점프,4
수산물,4
병맥주,4
영동고속도로,4
기암절벽,4
수도,4
정암,4
패기,4
의식,4
메밀,4
번호표,4
수단,4
전신,4
원샷,4
여비,4
예측,4
주심,4
컬러,4
코디,4
첨부,4
해당,4
티켓,4
참가자,4
오산리,4
생애,4
다시,4
평균,4
섭취,4
신난,4
수면,4
대중,4
색감,4
회원,4
구획,4
보금자리,4
쾌감,4
지기,4
동일,4
낮술,4
제조,4
오프쇼어,4
인천,4
영원,4
가도,4
관광공사,4
손맛,4
초반,4
아내,4
녹초,4
필름,4
미로,4
질문,4
정예,4
프리미엄,4
규칙,4
주유소,4
실시간,4
머구리,4
순식간,4
후유증,4
육개장,4
블랙,4
보온,4
샐러드,4
미국,4
자신감,4
인명,4
레깅스,4
겸비,4
스키장,4
길목,4
골프,4
요것,4
깊이,4
누나,4
특색,4
열풍,4
미세,4
내음,4
감탄,4
새해,4
스카이,4
출구,4
감칠맛,4
돼지갈비,4
하심,4
압축,4
제거,4
주세요,4
농촌,4
나용,4
팔찌,4
횟수,4
주먹밥,4
무식,4
주택,4
통제,4
동반,4
상당,4
렌즈,4
건조,4
해운대,4
진항,4
반전,4
요놈,4
유리,4
일전,4
명품,4
목걸이,4
잠수,4
조망,4
경유,4
세꼬,4
밤하늘,4
통채,4
언덕,4
웨이크,4
라운지,4
인용,4
귀신,4
사물함,4
이드,4
감당,4
해초,4
발란스,4
세척,4
어머니,4
동남아,4
홍대,4
소니,4
기원,4
돈가스,4
바탕,4
스페셜,4
노을,4
체증,4
껍질,4
지붕,4
장어,4
양재동,4
순위,4
미스터리,4
휴계소,4
소규모,4
우회전,4
로제,4
발가락,4
강조,4
어린이,4
북한,4
로컬,4
에폭시,4
습관,4
정취,4
경품,4
실장,4
일자,4
갈비탕,4
제트,4
바퀴,4
아기,4
오우,4
보유,4
남녀,4
스노클링,4
활기,4
꼬리,4
기세,4
사유,4
여지,4
고깃집,4
가실,4
글씨,4
삼매경,4
번지,4
림프,4
동호회,4
수족관,4
트렁크,4
벤치,4
하얀색,4
광어회,4
외부,4
앞뒤,4
시티,4
공복,4
젓가락,4
깡패,4
명함,4
주전,4
분식,4
복어,4
물보라,4
지갑,4
한계령,4
전자,4
형광,4
창고,4
세부,4
워크,4
휴양림,4
물개,4
배낚시,4
휴대폰,4
모레,4
서면,4
꿀잠,4
동명항,4
웍스,4
수고,4
양보,4
해수욕객,4
동참,4
상징,4
수원,4
업소,4
민족,4
자격증,4
이놈,4
여관,4
식회,4
역광,4
소모,4
국밥,4
단순,4
삼팔선,4
모던,4
청초호,4
교통사고,4
이추,4
주전부리,4
백과,4
스트레칭,4
석양,4
길이,4
손등,4
스테이크,4
형성,4
어묵,4
비추,4
빨간색,4
돌출,4
침낭,4
중식,4
그건,4
대답,4
시내,4
수정,4
시대,4
취급,4
내림,4
박물관,4
저흰,4
형식,4
가까이,4
스노,4
전반,4
영광,4
자분,4
초소,4
강문,4
닭도리탕,4
황금연휴,4
악세사리,4
작정,4
사정,4
도보,4
공장,4
양송이,4
땅콩,4
초스피드,4
액티비티,4
가루,4
정동진,3
개최,3
프라이빗,3
게딱지,3
요가,3
유후,3
등짝,3
오래,3
발바닥,3
자두,3
고기잡이,3
외옹,3
여행길,3
난방,3
항아리,3
제외,3
씨름,3
어린아이,3
윈드서핑,3
건립,3
정비,3
첫차,3
초심자,3
케이드,3
특성,3
사천,3
테스트,3
새것,3
통화,3
서치,3
콘도,3
아픔,3
스텝,3
뒷모습,3
문구,3
차도,3
깃발,3
여사장,3
거북,3
현우,3
찬물,3
적막,3
진입,3
고우,3
생수,3
면적,3
포스트,3
독특,3
밴드,3
멀티,3
레오,3
직업,3
매니아,3
풍광,3
고정,3
노곤,3
필수품,3
보고,3
코치,3
온라인,3
메이크업,3
오만,3
한옥,3
갤러리,3
브라이언,3
롯데,3
일본식,3
선풍기,3
애완,3
평생,3
안내판,3
세칭,3
니즘,3
스타트,3
백숙,3
재난,3
더블,3
한시,3
바구니,3
문파,3
스냅,3
파괴,3
이자카야,3
육질,3
금토,3
토스트,3
여정,3
미나리,3
결과물,3
컨테이너,3
스푼,3
미남,3
예능,3
직후,3
지명,3
무장,3
트럭,3
발달,3
한수,3
판초,3
챙피,3
충돌,3
대망,3
시내버스,3
페인팅,3
구여,3
목욕,3
철조망,3
이용권,3
표지,3
중광정리,3
뱃살,3
간직,3
로망,3
가수,3
흐름,3
군것질,3
지수,3
애용,3
오징어순대,3
학습,3
흰색,3
대용,3
지출,3
국산,3
폭발,3
내비,3
물질,3
긍정,3
헬로,3
엑셀,3
작전,3
근래,3
통돌,3
폭우,3
미녀,3
야근,3
가스,3
달성,3
오더,3
출연,3
파노라마,3
참돔,3
공수,3
가위,3
앞사람,3
산소통,3
고등학교,3
인양,3
바나나보트,3
폭탄,3
현금,3
개선,3
걷기,3
검정,3
동상,3
사망,3
확정,3
열중,3
사무실,3
구조물,3
갖가지,3
멀미,3
암초,3
플라스틱,3
버너,3
경주,3
의상,3
군청,3
생맥,3
라잉,3
형상,3
칠리소스,3
퇴실,3
핫바,3
일명,3
뜻밖,3
호강,3
원통,3
기도,3
마운트,3
대명,3
물결,3
승차,3
조인,3
휴전,3
부동산,3
기념품,3
합류,3
경비,3
중문,3
비극,3
예사,3
프리다이빙,3
라이트,3
국립,3
김밥,3
덤프,3
스탠드업,3
어민,3
토마토소스,3
타도,3
순차,3
무지개,3
무더위,3
보정,3
상처,3
세탁기,3
우릴,3
요소,3
멘붕,3
인연,3
복지,3
남북,3
요리사,3
깍두기,3
대쪽,3
캘리포니아,3
속눈썹,3
전직,3
일인,3
유용,3
복장,3
움짤,3
들판,3
별거,3
고고고,3
단양,3
회식,3
안내도,3
강정,3
물론,3
김치전,3
명사,3
콧바람,3
물가,3
고래,3
웰컴,3
다면,3
성립,3
선두,3
여섯,3
유적,3
근육통,3
명승지,3
청년,3
환불,3
예의,3
부각,3
바나나,3
필리핀,3
호불호,3
코카,3
대학교,3
역대,3
침착,3
하루하루,3
요로,3
확신,3
숙회,3
유럽,3
매운맛,3
오른편,3
버디,3
존재,3
한때,3
매트,3
순대,3
박수,3
엉덩이,3
산골,3
현대,3
폭스바겐,3
타투,3
영덕,3
리터,3
환복,3
하차,3
비앤비,3
당면,3
현지인,3
눈길,3
스파클,3
꼭대기,3
야밤,3
소통,3
지경,3
오토바이,3
리스,3
동계,3
수록,3
캠프,3
임시,3
허니,3
내장,3
설탕,3
삭제,3
식구,3
해오름,3
쿠키,3
식초,3
별명,3
초대,3
포스,3
필자,3
군인,3
활성,3
어딘지,3
흰둥이,3
선배,3
주중,3
주부,3
전환,3
소세지,3
반응,3
한식,3
술집,3
휴일,3
리프트,3
바리,3
주자,3
재현,3
게장,3
스폰지,3
목욕탕,3
수저,3
레드,3
강사진,3
잠결,3
동원,3
현상,3
칩스,3
광정,3
토지,3
회가,3
매점,3
명란,3
바알,3
매주,3
깨알,3
배치,3
세기,3
움직임,3
동화,3
빨래,3
삼치,3
레져,3
타월,3
신체,3
몸살,3
범벅,3
담배,3
과장,3
본의,3
우리나라,3
파일,3
한판,3
핑전,3
도깨비,3
포항,3
소나기,3
축하,3
특징,3
톨게이트,3
인도,3
수칙,3
숙박업소,3
등록,3
학원,3
스토어,3
프레임,3
바우,3
파고,3
비경,3
따윈,3
정종,3
캡쳐,3
유학,3
후식,3
점검,3
초급,3
수기,3
오리,3
할아버지,3
평가,3
리트리버,3
술안주,3
특산,3
의류,3
소지품,3
최윤화,3
아주머니,3
작동,3
바라,3
장보고,3
교통편,3
그분,3
무제,3
지속,3
베스트,3
후드,3
시범,3
밀크티,3
알람,3
만약,3
시상,3
가치,3
올드,3
렛츠,3
첫걸음,3
강습료,3
빛깔,3
루트,3
스킬,3
시크,3
태극기,3
흥부,3
복숭아,3
양식,3
얼음장,3
정윤,3
숯불,3
샤브샤브,3
극성,3
남한,3
삼촌,3
페이스북,3
수민,3
윤기,3
자료,3
패턴,3
스토리,3
브런치,3
와우,3
미소,3
주저,3
티맵,3
카누,3
주먹,3
전어,3
개념,3
사나이,3
이득,3
신나,3
상승,3
보전,3
메인,3
허세,3
신년,3
공개,3
안양,3
재배,3
비상,3
교체,3
일산,3
정문,3
수박,3
안심,3
직장인,3
요란,3
전자동,3
달력,3
흡족,3
화장품,3
한주,3
법수치리,3
중순,3
기대감,3
새우깡,3
건배,3
숟가락,3
감격,3
룰루,3
친척,3
소울,3
유유자적,3
송림,3
투입,3
츤데레,3
심정,3
여럿,3
요게,3
이래,3
주점,3
수산항,3
버스표,3
제일,3
플랜,3
캐슬,3
미인,3
그라피,3
드라이,3
칠리,3
천재,3
극복,3
게스,3
녀복,3
남짓,3
전원,3
기종,3
프라이즈,3
동치미,3
후추,3
근력,3
해제,3
창가,3
저게,3
내외,3
금진,3
탁트인,3
절반,3
래시,3
인어,3
직판장,3
교동,3
체형,3
인위,3
인접,3
곰탕,3
베란다,3
요트,3
시업,3
마켓,3
케어,3
차별,3
보험,3
장만,3
싱글,3
상체,3
미역,3
친오빠,3
상단,3
정기,3
내고,3
파전,3
촌년,3
테트라,3
명태,3
대한,3
미래,3
냉면,3
휴전선,3
배꼽,3
코코넛,3
즉흥,3
방황,3
이동해,3
신분,3
수월,3
행위,3
아치,3
버팔로,3
빠빠,3
짜장면,3
아웃,3
화분,3
기름기,3
해안선,3
믿음,3
돌진,3
장작,3
금연,3
사당,3
보드게임,3
패딩,3
에스컬레이터,3
스피커,3
사리,3
불교,3
가격대,3
주전자,3
한스,3
시골집,3
밀크,3
상호,3
쭈구리,3
수령,3
전형,3
스스로,3
몸매,3
베이스캠프,3
짐작,3
오뎅,3
함지박,3
겨자,3
호출,3
도선,3
다이나믹,3
천골,3
대전,3
피클,3
지원,3
뒷면,3
아이스티,3
공터,3
주스,3
무아지경,3
찌개,3
자태,3
옆쪽,3
바보,3
아지트,3
풀림,3
상급자,3
캐리어,3
화보,3
페북,3
걸음,3
아바이,3
포켓,3
잠시,3
사진관,3
제격,3
마성,3
사우나,3
우정,3
포장마차,3
무지,3
려고,3
심장,3
재질,3
교회,3
렌트,3
동산리,3
노즈,3
어성전리,3
면옥,3
양행,3
직장,3
그네,3
단독,3
허기,3
꼬치,3
포즈,3
응원,3
요정,3
매매,3
미끼,3
보이,3
안성맞춤,3
식단,3
스튜,3
저녁때,3
상운,3
군더더기,3
강현면,3
목숨,3
수전,3
최상급,3
애자,3
임대,3
장창,3
모양새,3
대국,3
기럭지,3
고등어,3
푸싱,3
침구류,2
염원,2
저격,2
개울,2
정자각,2
의정부,2
드립,2
코브라,2
너희,2
기승,2
수천,2
남문,2
월드,2
어물,2
광명,2
다크,2
일치,2
경찰,2
목금,2
기진맥진,2
거트,2
에메랄드,2
하이라이트,2
데일리,2
연중,2
엑스포,2
태그,2
애호가,2
추어탕,2
방기,2
잔각,2
유턴,2
관광버스,2
공파,2
스리,2
한국인,2
갈남항,2
팔다리,2
부추,2
방콕,2
쌍둥이,2
신박,2
침해,2
네온사인,2
사회,2
간격,2
양지,2
출현,2
연습용,2
소소,2
가로,2
라스트,2
포켓몬,2
발코니,2
아래층,2
서로,2
자부,2
파리,2
타지,2
폭식,2
탈수,2
적극,2
초진,2
회의,2
대학,2
정강이,2
군침,2
꼬깔콘,2
신혼,2
상경,2
캐츠,2
유적지,2
고백,2
수협,2
중자,2
김천사,2
만점,2
도심,2
듀얼,2
지구,2
살얼음,2
뒷정리,2
상어,2
쿼트,2
역류,2
서양식,2
솔밭,2
그걸로,2
껍데기,2
길가,2
입안,2
장호항,2
연동,2
커뮤니티,2
두꺼비,2
골반,2
전자레인지,2
전주,2
감리,2
별개,2
상인,2
이선,2
자정,2
행군,2
샘플,2
지대,2
민폐,2
범골,2
토탈,2
똥폼,2
워킹,2
복원,2
참판,2
지진,2
맨발,2
출어,2
대나,2
행정,2
소연,2
차림,2
최소한,2
좌절,2
궁합,2
반영,2
빨강,2
드릅,2
래미,2
꼽사리,2
매달,2
냠냠,2
초딩,2
조국,2
창리,2
아침상,2
게요,2
육각정,2
엔진,2
강의,2
카트,2
바지선,2
설원,2
휘리,2
월드컵,2
헤엄,2
파이프,2
기자,2
꽃샘추위,2
옥돔,2
부지,2
본연,2
보너스,2
돌이,2
오리발,2
변수,2
빵집,2
팔뚝,2
머드,2
바캉스,2
자판기,2
정호,2
입기,2
드론,2
정작,2
인형,2
리향,2
브릿지,2
렐라,2
지불,2
배우,2
저쪽,2
반성,2
우왕,2
출고,2
건가요,2
배낭,2
코피,2
천진,2
햇님,2
무사,2
세련,2
타의,2
소유,2
오프라인,2
트로피,2
갈림길,2
빗방울,2
플레인,2
마디,2
타령,2
언어,2
꽃새우,2
호두,2
계정,2
의외,2
치알,2
처절,2
김포,2
예비,2
프라,2
손색,2
아버지,2
토이,2
임무,2
파이,2
실천,2
입속,2
하나하나,2
강의실,2
지라,2
훼손,2
이사,2
영수증,2
래스,2
루어,2
실과,2
그간,2
잿빛,2
푸켓,2
해수,2
비약,2
오리지날,2
주식,2
나시,2
관건,2
신형,2
머루,2
수채화,2
옷깃,2
출발지,2
다대기,2
기인,2
메가,2
자몽,2
한성,2
수비대,2
위안,2
폭풍우,2
망상,2
두려움,2
각오,2
굼벵이,2
미모,2
비와,2
라이즈,2
행선지,2
대처,2
심취,2
디스플레이,2
오아시스,2
추진,2
파킹,2
비타민,2
영접,2
회상,2
강행,2
아일랜드,2
기암괴석,2
오심,2
소짜,2
트래킹,2
포지션,2
플래너,2
기념비,2
솔로,2
처녀,2
아름,2
원두막,2
캐리,2
이외,2
정신줄,2
동순,2
이세근,2
충격,2
메밀꽃,2
안목,2
절정,2
개칭,2
요키,2
결혼기념일,2
잡종지,2
휴양,2
먼동,2
스노보드,2
자식,2
어반,2
앵글,2
공항,2
해안도,2
토종닭,2
소라,2
원피스,2
게살,2
가위바위보,2
전이,2
자카야,2
잔치국수,2
지하철,2
쥬스,2
다카야마,2
조개탕,2
성화,2
오브,2
크랩,2
연계,2
커먼스,2
용량,2
확대,2
제안,2
발찌,2
저곳,2
트리,2
파타고니아,2
분기,2
블럭,2
핸드릭스,2
알바,2
로션,2
밥값,2
라세,2
문신,2
헛개나무,2
야자수,2
매니저,2
밀집,2
약선,2
이은영,2
부대시설,2
이너,2
디테일,2
오른손,2
평상시,2
화이팅,2
사당역,2
바텐더,2
도달,2
하드,2
굴레,2
초익공,2
에스,2
사투,2
목장,2
전방,2
짱아,2
공중,2
복합,2
부지런,2
로리,2
미니바,2
옥상,2
집들이,2
식탁,2
기념행사,2
브이,2
보훈,2
인승,2
패션,2
야영객,2
서서,2
전시관,2
콘센트,2
초저녁,2
연중무휴,2
참치,2
유공자,2
대중교통,2
일체,2
잉여,2
숙지,2
양평,2
토속,2
원목,2
패드,2
부앙,2
윤정섭,2
채택,2
방생,2
선착장,2
배송,2
역동,2
민낯,2
야반도주,2
식기,2
구나,2
설계,2
후미,2
주목,2
천둥,2
확산,2
정수기,2
방향제,2
족족,2
체계,2
자외선,2
취기,2
대량,2
통일,2
본래,2
교정,2
공포증,2
군중,2
동기,2
물살,2
변의,2
낚시터,2
옵션,2
맥주잔,2
물위,2
사연,2
해파리,2
큰일,2
스팀,2
망치,2
침체,2
지목,2
커리,2
싸움,2
정지,2
탄산,2
쟁반,2
내맘대로,2
모험,2
미노,2
글라스,2
날림,2
식상,2
입질,2
루나,2
나감,2
설해,2
두산,2
소음,2
페러,2
족보,2
유쾌,2
꼬라지,2
미어,2
하네,2
막바지,2
타보,2
산봉우리,2
가보세요,2
합격,2
둘레,2
외관상,2
대치리,2
게시판,2
수치,2
면발,2
생산,2
발췌,2
이름표,2
구속,2
존경,2
보소,2
모델링,2
몸풀기,2
해바라기,2
크런치,2
물장구,2
자루,2
시드니,2
회집,2
기업,2
콜택시,2
부이,2
어마,2
빌딩,2
뚜껑,2
베이지,2
블랑,2
막장,2
수질,2
구릿빛,2
벚꽃,2
제차,2
야구,2
천만,2
대상,2
디디,2
돌고래,2
타이,2
주재소,2
적성,2
초등학생,2
영어,2
메기,2
식도,2
전갱이,2
대안,2
고포,2
시상식,2
주행,2
사격,2
통닭,2
거지,2
사모님,2
클로즈,2
여인,2
초이스,2
라이더,2
무단,2
네영,2
깨달음,2
돌입,2
신호등,2
유태종,2
토대,2
상의,2
이슬,2
칼로리,2
콧물,2
부위,2
인피니티,2
뚝섬,2
월출,2
정선,2
밧데리,2
결재,2
서철,2
금강산,2
산더미,2
기반,2
민물,2
버전,2
부대찌개,2
결승,2
별똥별,2
뮌헨,2
초점,2
늦잠,2
수용,2
꼬모,2
이상훈,2
타워,2
총칼,2
죽변항,2
오디,2
아바,2
눈앞,2
공존,2
국장,2
울산,2
보름,2
앞부분,2
헤어드라이어,2
시계,2
화상,2
선명,2
쇼핑몰,2
담당,2
그라인더,2
집안일,2
북위,2
알콜,2
미역무침,2
레몬,2
성향,2
서론,2
메리,2
티티,2
웃음꽃,2
특유,2
천사,2
영등포,2
감탄사,2
우려,2
오골계,2
선창,2
국민,2
몇일,2
크루즈,2
삼발,2
음각,2
닭곰탕,2
노하우,2
트렌디,2
등산,2
토핑,2
타자,2
귀차,2
티슈,2
대식가,2
육성,2
외옹치항,2
신청자,2
입점,2
패널,2
한곳,2
파란색,2
요걸로,2
진토,2
집사,2
반점,2
눈빛,2
한글,2
박수진,2
콘도미니엄,2
내항,2
후반,2
표방,2
국군,2
어스름,2
독채,2
런닝,2
원조,2
커피숍,2
근무,2
부락,2
굴도리,2
가심,2
대추,2
어려움,2
동선,2
쇼파,2
하자,2
유발,2
음식물,2
잠수복,2
연상,2
성능,2
무얼,2
못난이,2
청양,2
회전,2
디너,2
크리,2
동대문구,2
수입,2
극단,2
벌초,2
기지,2
성취,2
등심,2
오류,2
발포,2
구요,2
발표,2
노학동,2
씨앗,2
암호,2
누가누,2
프레,2
이터,2
아몬드,2
양일,2
열차,2
개발,2
사양,2
빠꾸,2
초초,2
유료,2
불금,2
공동,2
속살,2
와사비,2
날짜,2
감자조림,2
강력,2
언저리,2
해피,2
마실,2
오름,2
호루라기,2
퍼포먼스,2
진작,2
때깔,2
민정,2
거망,2
능이버섯,2
후문,2
대관,2
마크,2
소금강,2
타이틀,2
장마당,2
채점,2
지에스,2
명지리,2
연기,2
봄나물,2
라라,2
재회,2
토닉,2
압박,2
스프,2
레모네이드,2
가든,2
포니,2
초당,2
소재,2
관음,2
숙종,2
출수,2
주도,2
하이에나,2
스파게티,2
손발,2
이정표,2
크루,2
콜라겐,2
체육학,2
핸들,2
물치항,2
영랑동,2
잠깐,2
관람,2
아가씨,2
바루,2
침몰,2
귀농,2
팥빵,2
벽면,2
염두,2
버드,2
분전,2
반년,2
기차,2
카스,2
머그,2
침실,2
참관,2
찬바람,2
별론데,2
정상부,2
외갓집,2
구룡령,2
회전율,2
들깨,2
개운,2
함박,2
편도,2
고집,2
올여름,2
반면,2
지척,2
울진,2
예선,2
갤럭시,2
군민,2
헌화,2
무말랭이,2
동승자,2
제이준,2
광탈,2
해전,2
광주,2
딱지,2
라운드,2
나위,2
원망,2
해안가,2
지부,2
측정,2
북조선,2
수거,2
귀한,2
만족도,2
요래,2
밀착,2
장아찌,2
경청,2
날개,2
도요타,2
제비,2
최소,2
한낮,2
노예,2
견적,2
데이,2
아파트,2
잔고,2
내임,2
도착지,2
엔조,2
개고생,2
한강,2
슬러시,2
노랑,2
장표,2
위기,2
잔디,2
감자탕,2
말랑,2
똑딱이,2
노래방,2
시간대,2
스낵,2
조우,2
나이스,2
팻말,2
전문점,2
뜨개질,2
나루,2
비안,2
선상,2
크루저,2
거긴,2
게철,2
사천면,2
계발,2
입항,2
줄가자미,2
화각,2
변이,2
아보카도,2
가짓수,2
선용,2
물건,2
트윈,2
자석,2
폐장,2
과외,2
전복죽,2
끼니,2
단맛,2
매물,2
생전,2
가리비,2
스탠드,2
무척,2
의의,2
고대선,2
자니,2
최상,2
모타,2
인수,2
거주,2
본다이비치,2
차지,2
게이,2
박상민,2
유통,2
길거리,2
시행,2
족집게,2
실루엣,2
아구,2
업무,2
보호수,2
집결,2
기금,2
만차,2
커피포트,2
친형,2
하조,2
내게는,2
쥔장,2
태안,2
출격,2
매미,2
고가,2
건더기,2
자미,2
핸드,2
담주,2
관찰,2
경로,2
안타,2
홍련,2
맨투맨,2
핑이,2
챙이,2
마스크,2
평온,2
강남역,2
만타,2
항거,2
나발,2
나인,2
빙수,2
소환,2
패밀리,2
욕창,2
번성,2
대서,2
일쑤,2
카리스마,2
망원경,2
도동,2
요긴,2
페디,2
지름,2
어구,2
담기,2
감흥,2
개조,2
감자떡,2
양호,2
엄나무,2
코팅,2
악수,2
발등,2
도변,2
비숑,2
보름날,2
털보,2
만반,2
산채,2
심해,2
혜택,2
봉인,2
도청,2
경보,2
좌석,2
자작나무,2
화로,2
침고,2
조작,2
우대,2
조양동,2
입고,2
가즈,2
출력,2
덕평,2
교대,2
깜놀,2
내손,2
지요,2
업종,2
어따,2
식수대,2
거의,2
출사,2
숲길,2
연구소,2
고무줄,2
누적,2
헬멧,2
불친절,2
갈비뼈,2
에이,2
유명세,2
자전거길,2
항일,2
자이언트,2
면역력,2
엘리베이터,2
임팩트,2
복습,2
문해,2
매표소,2
사망자,2
광대,2
채소,2
조교,2
플래시,2
초상권,2
갯벌,2
식혜,2
내친김,2
철망,2
사투리,2
청초,2
브로콜리,2
불법,2
막지,2
사인,2
지변,2
페인트,2
자작,2
추동,2
인더,2
테크,2
노포,2
데자뷰,2
초록,2
양념장,2
헬스,2
제자리,2
여왕,2
헤드,2
구경거리,2
수납,2
완수,2
현황,2
주가,2
뒤편,2
명승,2
최애,2
뽐뿌,2
문준,2
설겆이,2
자켓,2
이대로,2
왕만두,2
우주,2
완비,2
올라운드,2
지렁이,2
야간,2
지킴,2
버릇,2
대진항,2
카톡,2
공략,2
허탕,2
여주,2
술자리,2
열대,2
연령,2
아담,2
사무소,2
일환,2
한기,2
블루투스,2
기모,2
영월,2
올림픽,2
텃밭,2
잠실역,2
초기,2
영웅,2
담소,2
스탠스,2
봉이,2
희망,2
초짜,2
실사,2
대포동,2
향수,2
종주,2
젤리,2
제약,2
학생,2
걸루,2
종합운동장역,2
산맥,2
타일러,2
전액,2
주요,2
군대,2
캡슐,2
잔소리,2
전후,2
야지,2
데코,2
병원,2
분계선,2
플러스,2
제정,2
잔해,2
최대한,2
콜맨,2
따름,2
계곡물,2
무언가,2
보쌈,2
피리어드,2
수강,2
어성전,2
벌레,2
침수,2
참견,2
분위,2
스피드,2
파인애플,2
플로,2
닭다리,2
세서,2
정부,2
어르신,2
면허,2
와이드,2
전병,2
수염,2
옻닭,2
공기통,2
스펙,2
안성,2
쌀밥,2
구두,2
자연환경,2
조린,2
방토,2
이리,2
한몫,2
만류,2
불만,2
나이키,2
킬로,2
해경,2
아찌,2
머신,2
차종,2
우선권,2
판쵸,2
철판,2
직행,2
달리기,2
늦여름,2
행랑,2
동의,2
습기,2
마인드,2
바요,2
에티켓,2
네온싸인,2
민물고기,2
메뉴인,2
찍자,2
반나절,2
립니,2
저자,2
가본적,2
샌달,2
명란젓,2
브리즈,2
패러글라이딩,2
현북,2
전선,2
스트림,2
투하,2
식이,2
플라밍고,2
사기,2
시식,2
갈등,2
오프로드,2
동아,2
통과,2
나비,2
모래찜질,2
월평동,2
방앗간,2
된장찌개,2
반반,2
음주,2
책정,2
양주,2
기고,2
입성,2
라이브,2
어성,2
동이,2
수백,2
투숙객,2
장거리,2
참새,2
최북단,2
대진표,2
가여,2
합세,2
검증,2
광합성,2
진짜,2
울타리,2
입상,2
개구리,2
먹자골목,2
한달전,2
혼다,2
황사,2
기압,2
상영,2
일사,2
초여름,2
살길,2
미료,2
보헤미안,2
도토리묵,2
손짓,2
먹이,2
수퍼,2
마음속,2
슬리퍼,2
오타,2
부상자,2
끝단,2
고질병,2
동명동,2
담벼락,2
거치대,2
루프,2
두병,2
숭어,2
스파르타,2
소년,2
푸시,2
연말,2
지옥,2
퍼지,2
무겁,2
저마다,2
호스트,2
주문리,2
원이,2
비법,2
진포,2
소지,2
주문진읍,2
목록,2
막내,2
써니,2
소녀,2
남부,2
공사,2
백사이드,2
품절,2
물색,2
샤샤,2
꽃게,2
심곡항,2
프로젝트,2
원투,2
칫솔,2
훗날,2
외모,2
리버스,2
난로,2
구박,2
해체,2
사방,2
세수,2
추암,2
페이지,2
팔경,2
시각,2
은행,2
선착순,2
환승,2
한마디,2
소프트,2
댕댕이,2
보라,2
포착,2
보일러,2
표지판,2
불문,2
지배,2
용평,2
클래스,2
해뜨기,2
순간순간,2
불량,2
마중,2
내공,2
공통,2
특제,2
풍년,2
전우,2
영역,2
기전,2
개미,2
송죽,2
버피,2
위주,2
물집,2
오버,2
쉐프,2
오랫동안,2
아재,2
원룸,2
논화리,2
전면,2
시중,2
절병통,2
생신,2
시트콤,2
들꽃,2
빌라,2
사이다,2
시속,2
전적,2
유니크,2
고프,2
실행,2
개러지,2
이용한,2
야영지,2
파우,2
수확,2
구미,2
애교,2
장치,2
주둔,2
레이스,2
폭죽,2
피스,2
신호,2
신풍,2
입소문,2
파인더,2
신공,2
순수,2
부두,2
선행,2
아부지,2
인치,2
찰밥,2
주유,2
너트,2
우수,2
손바닥,2
고라니,2
종점,2
고로케,2
인성,2
기차표,1
배롱나무꽃,1
차고,1
조계종,1
필독,1
발자국,1
시댁,1
저서,1
귀향,1
카라멜,1
나스,1
소유자,1
자려,1
뭘로,1
조선소,1
가마터,1
자자,1
걸림돌,1
블레스,1
하태,1
등신,1
고충,1
함대,1
땀띠,1
야속,1
잡채,1
앵커링,1
대조영,1
비루,1
아오,1
억겁,1
아침밥,1
차표,1
노안,1
시련,1
젤라,1
브레인,1
커스텀,1
새날,1
맴맴,1
습지,1
광장,1
스크램블,1
안습,1
아양,1
부리,1
사단,1
기관지,1
애터,1
제피,1
매진,1
모가지,1
접대,1
다림,1
노천,1
골짜기,1
풀타임,1
금빛,1
밍크고래,1
반신반의,1
쿠엘,1
구축,1
장애물,1
명실상부,1
더우,1
여의,1
통한,1
액세서리,1
이열치열,1
우쿠,1
샐리,1
러닝,1
만치,1
감자전,1
생간,1
시흥,1
돌발,1
성구,1
루까,1
중생,1
진국,1
알맹이,1
발원,1
날자,1
아티스트,1
바스,1
태연,1
윤구,1
전세,1
엘보,1
모래성,1
사야,1
케잌,1
텀블러,1
안남,1
육포,1
배색,1
메로나,1
풀장,1
황토,1
성남,1
백미,1
김일성,1
꼴찌,1
블록,1
할리스,1
진출,1
혈서,1
실외,1
반입,1
강좌,1
피타,1
하임,1
레이팅,1
풀라,1
승용차,1
운동전,1
투숙,1
대왕암,1
일연,1
건호,1
피칸,1
비너스,1
지칭,1
질주,1
산골짜기,1
한동안,1
조립,1
맨몸,1
누린내,1
내만,1
엘지,1
이희원,1
특산물,1
환호성,1
쪽잠,1
노원,1
負傷,1
스위밍,1
구어,1
제육,1
해리포터,1
레시피,1
고루포기산,1
용산,1
상자,1
휘발성,1
통행료,1
참관자,1
체시,1
여용,1
항시,1
조율,1
부득,1
도리,1
흉물,1
창호,1
열심,1
하이웨이,1
장국,1
과언,1
카바,1
디카로,1
래프트,1
관통,1
밀복,1
사심,1
야소교,1
두째,1
행적,1
하프,1
알단,1
팀원,1
메들리,1
드라이빙,1
귀환,1
캐릭,1
썸머,1
전생,1
마합,1
노포역,1
황금,1
카이,1
자가용,1
입음,1
항해,1
현수막,1
추천요,1
취사도구,1
모바일,1
고깃배,1
설득,1
근접,1
일본풍,1
주공,1
고성토,1
거니깐,1
레이첼,1
브래드,1
노루,1
개벽,1
유감,1
교환권,1
달팽이관,1
플러그,1
정회,1
제천,1
참전,1
현금가,1
피살자,1
에밀레종,1
주개,1
이호,1
원해,1
감독,1
지문,1
저녁거리,1
조영,1
신논현,1
셰이크,1
北面,1
익제,1
브리핑,1
양심,1
협의,1
사와,1
과수원,1
직출,1
저걸,1
윤진,1
새신랑,1
해안국,1
소림,1
종우,1
특가,1
탄자,1
국제공항,1
교통비,1
박규,1
부어,1
속초항,1
비랑,1
모래밭,1
컨트롤,1
영화배우,1
화기,1
킬로미터,1
역방향,1
클라이밍,1
풍작,1
이니셜,1
그루브,1
카빙,1
앞발,1
시회,1
비컨,1
킹크,1
호사,1
뇌섹녀,1
인조잔디,1
씽크,1
駐在,1
지개,1
그놈,1
비방,1
제리,1
방풍,1
최낙민,1
사후,1
타자나,1
채용,1
손자,1
카탈로그,1
구술,1
실속,1
노트북,1
우주인,1
러프,1
한반도,1
콩나물,1
뒷마당,1
빙시,1
연창리,1
롬복,1
더미,1
디아,1
초우,1
풍경화,1
퓨저,1
속상,1
초승달,1
불상,1
우모,1
크로켓,1
진주,1
청봉,1
대충,1
견과,1
농심,1
미수다,1
서이,1
갈래,1
감안,1
발현,1
리즈너,1
지유,1
명성,1
초롱꽃,1
쪽빛,1
상현,1
자부심,1
봉봉,1
유투,1
등내,1
빗장,1
스위치,1
화성,1
서초구,1
녹음,1
봉포항,1
친화,1
襄陽,1
싸이클,1
올게,1
충동,1
세차,1
히라,1
혜원,1
김창옥,1
성황,1
석잠,1
토시,1
비원,1
액슬,1
코웨이,1
태은,1
종소리,1
구상,1
기둥,1
말곡리,1
증명,1
혜자,1
발수건,1
표창장,1
기본요금,1
오예,1
기피,1
구엘,1
돌김,1
하마,1
충무김밥,1
용은,1
뭔데,1
분류,1
제게,1
고추장찌개,1
스트롬,1
신청서,1
중복,1
자손만대,1
휴식기,1
보름달,1
체코어,1
자본주의,1
양감,1
파우더,1
유사품,1
대행,1
황교,1
회귀,1
미지,1
지혜,1
기곤,1
쌍용,1
빗속,1
티타임,1
향찬,1
금물,1
파출소,1
시가,1
게임기,1
회포,1
상사병,1
김라희,1
압축기,1
인파,1
랄라,1
미소녀,1
이동한,1
블랭크스,1
렌디,1
제출,1
비온다,1
인대,1
닛산,1
궁상,1
인디언,1
해미,1
고양,1
동로,1
개스,1
극열,1
결합,1
저속,1
사이드슬립,1
풀스,1
우체통,1
남발,1
산악,1
낙산항,1
오이장아찌,1
포춘,1
산란기,1
거와,1
노인,1
걸가,1
호기,1
콘크리트,1
좌회전,1
진우,1
살거리,1
국인,1
트라슈,1
리조,1
농담,1
신자,1
등반,1
우치,1
매스컴,1
하남시,1
통합,1
참가자미,1
양수,1
뒷문,1
평양냉면,1
배민,1
보양,1
참조,1
타임즈,1
데스크,1
가지가지,1
테일,1
증정,1
오토,1
인삼,1
내곡리,1
의회,1
대사,1
하수,1
방치,1
만화,1
고유,1
친목도모,1
신촌,1
한학자,1
하이,1
재고,1
아버님,1
너울,1
파카,1
강과,1
불의,1
홈런,1
아이캔,1
전국일주,1
왕온,1
이용법,1
피시방,1
류승수,1
전천후,1
이야길,1
묘기,1
스탠다드,1
급체,1
컨텐츠,1
가라,1
교류,1
레인,1
뻥튀기,1
난주,1
버니,1
빗물,1
격려,1
합의,1
르노삼성,1
떡꼬치,1
구별,1
봄기운,1
해일,1
싱기,1
샛강,1
토종,1
분기점,1
산촌,1
월요병,1
성간,1
몸보신,1
모래바람,1
풀숲,1
영등포역,1
구수,1
펌핑,1
친환경,1
단박,1
한당,1
그레,1
능경봉,1
바다위,1
급부상,1
어달항,1
싸가,1
모시조개,1
일주,1
스틸러,1
시샘,1
오지,1
자주,1
트랜,1
사이사이,1
핵심,1
박기,1
애박,1
조직,1
충분,1
선인장,1
둔갑,1
작은방,1
아동,1
서리,1
해넘이,1
엘리,1
급변,1
나태,1
위패,1
라디오,1
성업,1
그물,1
장안동,1
바깥쪽,1
개수,1
친동생,1
혁신,1
상점,1
논밭,1
프론,1
일박,1
양딸,1
사유지,1
차서,1
현내면,1
비룡,1
급속도,1
개구장이,1
북방,1
형용,1
유튜브,1
대개,1
슈도,1
생강,1
쾌유,1
자유영,1
짐칸,1
시라네,1
죽향,1
원인,1
자도,1
대양,1
식도락,1
힙스터,1
텐션,1
철로,1
아웃런,1
삼족,1
두입,1
어림,1
노부부,1
마우이섬,1
브라,1
소위,1
여덟,1
이맘,1
스쿼시,1
거머,1
전률,1
최첨단,1
경장,1
중앙고속도로,1
다슬기,1
백만,1
첨가,1
스토리지,1
벤쳐,1
담음,1
삼숙,1
워너,1
최상층,1
작자,1
대하,1
신뢰,1
크롤,1
두덩,1
관음보살,1
본식,1
死者,1
익스트림,1
활주,1
진원,1
서른,1
시세,1
에드워드,1
찰리,1
목조,1
태양열,1
예절,1
시나몬,1
섭섭,1
무뚝뚝,1
명부,1
상수도,1
개체,1
폭격,1
명문,1
잠자리채,1
김숙,1
파스,1
텔레토비,1
허허,1
기한,1
비빔면,1
누군지,1
섬유,1
방진,1
개털,1
도널드,1
버스터,1
에코,1
덩치,1
전시물,1
진격,1
도예가,1
개설,1
매듭,1
딸기,1
모노,1
사세,1
니다,1
희생정신,1
서로서로,1
수돗물,1
복직,1
각지,1
몸짱,1
얘길,1
알짜배기,1
요걸,1
매직,1
만행,1
셀프서비스,1
원장,1
고재철,1
자수,1
물체,1
최강,1
장식,1
인맥,1
탄성,1
다라,1
태안군,1
순례,1
이심전심,1
하강,1
앉은뱅이,1
크렐레,1
출송,1
정강,1
교복,1
타파,1
조운,1
봉행,1
몸뚱이,1
심심풀이,1
하리,1
로케,1
설거지,1
마리가,1
디쉬,1
불꽃놀이,1
시합,1
오버랩,1
기점,1
잡회,1
동탄,1
노다지,1
그쪽,1
스승,1
푸산,1
오션스,1
난장판,1
할로윈,1
거실,1
명색,1
배불,1
실례,1
의기소침,1
滿水,1
견동,1
신망,1
젠틀,1
미흡,1
제목,1
중개사,1
보로,1
우레탄,1
낙엽,1
귀촌,1
함축,1
화약,1
확성기,1
냉수,1
상행,1
소프트아이스크림,1
토출,1
警察,1
개수작,1
미러,1
마산,1
관심사,1
이윤철,1
뽀샵,1
스케일,1
연락도,1
마지노선,1
안짝,1
서문,1
궁둥이,1
전북,1
레몬스쿼시,1
규리,1
원서,1
엉망진창,1
공놀이,1
전골,1
사요,1
점퍼,1
소멸,1
솔가,1
당혹,1
롯데월드,1
염색,1
승연,1
쏘세지,1
콧방귀,1
낙서,1
용천,1
태형,1
다발,1
다대포,1
두근거림,1
유족,1
설비,1
계산법,1
대조,1
삐까리,1
배수구,1
스킴,1
휴관,1
무라사키,1
의장,1
연청,1
구황,1
토너먼트,1
다재다능,1
훈장,1
선입감,1
주안역,1
주하,1
하슬,1
픽처,1
이모티콘,1
검은색,1
홍초,1
도둑,1
둥둥,1
미끄럼,1
형형색색,1
앵커,1
차창,1
생과일주스,1
정독,1
존엄,1
두한,1
동방,1
일안,1
윤철,1
앞치마,1
갈천,1
학살,1
팔자,1
마니커,1
실패기,1
방문수,1
김광영,1
공력,1
참사,1
요세,1
잔슨,1
도라에몽,1
별칭,1
현대인,1
노역,1
단풍철,1
북부,1
희생자,1
홍홍,1
마블,1
에스프레소,1
준호,1
갑천,1
증손,1
스트링,1
고량,1
프레시,1
지주,1
박하,1
풍치,1
백라이트,1
큰형,1
공방전,1
식빵,1
삭신,1
비단,1
트윈스,1
쓰리,1
무급,1
이루리,1
군데군데,1
역활,1
분포,1
피부색,1
수능,1
티맥스,1
느끼,1
고준희,1
萬歲,1
김레,1
번데기,1
자씨,1
공인,1
제이,1
야산,1
미라,1
가지색,1
죽음,1
슬로프,1
두말,1
보경,1
정과,1
오실,1
저체온증,1
재산,1
숫자,1
항의,1
수량,1
크레용팝,1
얼굴상,1
난내,1
소셜,1
믹스,1
병풍,1
총각,1
국토,1
막심,1
상일,1
장용,1
저용,1
사용량,1
설경,1
강태공,1
그림자,1
구명조끼,1
옥션,1
체어,1
무언갈,1
잠신,1
피오,1
당초,1
중수,1
초빙,1
김익,1
만무,1
컴포트,1
아아,1
지인상,1
랭킹,1
구독,1
복주머니,1
대변,1
레지,1
불고,1
탈바꿈,1
청어,1
풍접초,1
세염,1
까탈,1
스진,1
자칭,1
금테,1
시골길,1
싶어요,1
참나물,1
판매대,1
반달,1
새벽노을,1
뒷날,1
초심,1
방송국,1
이맘때,1
말자,1
모나미,1
쇄석,1
대들보,1
프라이버시,1
포드,1
독보,1
연구,1
광택,1
저속도,1
면옥치리,1
땀방울,1
오마니,1
지산,1
장벽,1
롯데마트,1
아크,1
랜덤,1
관중,1
담력,1
과천,1
개떡,1
노익장,1
수압,1
천안,1
재규어,1
저해,1
금값,1
신현진,1
공급,1
반경,1
치지,1
김기완,1
개다리,1
졸리,1
지프,1
미리,1
캠핑카,1
환호,1
울로,1
이영주,1
한열,1
케이스,1
별일,1
다래,1
최우선,1
닭개장,1
페이,1
카약,1
고릴라,1
버럭,1
섞박지,1
태도,1
전수식,1
야생화,1
금상첨화,1
무상관,1
부엌,1
진공청소기,1
미식가,1
양대,1
후면,1
잡고기,1
제호,1
만종,1
상징물,1
유괘,1
성천,1
새벽바람,1
해시,1
보드카,1
두껍,1
수락산,1
가출,1
솔향기,1
안락,1
보우러,1
무생채,1
콜라보,1
쇼코,1
증가,1
베네딕트,1
해때기,1
마을버스,1
스매싱,1
암자,1
모도,1
한려수도,1
은경,1
동백,1
대짜,1
붕붕이,1
변축,1
매부리,1
단결,1
휘슬,1
백두산,1
하찌,1
원두커피,1
요양,1
선방,1
사시미,1
축사,1
체질,1
이정식,1
한편,1
이홍근,1
전설,1
혹한,1
치거,1
가자,1
역쉬,1
산호,1
일흔,1
따니,1
카테고리,1
명단,1
파랑새,1
이튿날,1
외근,1
수호신,1
시민,1
대수,1
피래,1
발레리나,1
교시,1
저녁노을,1
뮤지엄,1
정육,1
오피스텔,1
보고서,1
죽왕면,1
미역국,1
학명,1
상수동,1
江陵,1
守備,1
리마,1
데님,1
정수리,1
미러볼,1
연개소문,1
휴암,1
집개,1
도용,1
부작용,1
타이드,1
뜀박질,1
생리대,1
배추,1
중경상,1
개망초,1
경포,1
완조,1
쭌이,1
황부,1
파이브,1
화장대,1
참외,1
합창,1
중력,1
도넛,1
정지혜,1
상회,1
안간힘,1
스테이지,1
몸값,1
지휘,1
가득,1
하우징,1
서해안,1
안동소주,1
팟타이,1
종업원,1
이영자,1
오산항,1
픽스,1
우르,1
시청각,1
치료,1
재한,1
적발,1
여념,1
부활절,1
파악,1
중심선,1
코베아,1
곤충,1
통나무,1
피지,1
살충제,1
순두부찌개,1
괴기,1
잠원동,1
불당,1
하남,1
브레드,1
탁구,1
관리인,1
형언,1
린지,1
시문,1
구색,1
헤드뱅잉,1
촬영장,1
단잠,1
글로벌,1
스모크,1
인공,1
메추,1
月出,1
마로,1
명주,1
상계,1
암막,1
태권,1
무술,1
뭔진,1
인제군,1
계산대,1
양실,1
돌림,1
기환,1
유등,1
연초,1
재능,1
촛불,1
엔지니어링,1
공격,1
클리닉,1
노지,1
순이,1
칠보산,1
돌탑,1
퇴직,1
후일,1
메탈,1
찰옥수수,1
판넬,1
생동감,1
반고,1
굴욕감,1
옻나무,1
방침,1
문제시,1
본명,1
박탈,1
수집,1
팬티,1
어시,1
바우처,1
야야,1
엘리트,1
도원결의,1
유래,1
폭시,1
값어치,1
대교,1
풍선,1
선전,1
옐로우,1
로스터,1
풍찬노숙,1
점령,1
진학,1
갓길,1
시용,1
사냥,1
야마하,1
마술,1
인당,1
안마기,1
부산광역시,1
면면,1
왈든,1
착지,1
부양,1
정릉천,1
첨단,1
상대사,1
너비,1
티끌,1
발수,1
순사,1
안장,1
교훈,1
허니콤,1
대강,1
재래,1
도시민,1
수점,1
중부,1
오국,1
경부선,1
심신,1
영장,1
오렌지,1
본업,1
망대,1
김종성,1
투출,1
핏기,1
요곳,1
달빛,1
은갱,1
원활,1
멕시코,1
위탁,1
삽입,1
링컨,1
단속,1
판별,1
질감,1
맥도날드,1
옷가,1
마주,1
고품질,1
어포,1
초로,1
폭스,1
니파,1
최상위,1
필스,1
한국식,1
아련,1
접시꽃,1
눈치코치,1
비운,1
추돌,1
어류,1
정중앙,1
혼맥,1
타면,1
급조,1
식염수,1
무선,1
문어회,1
주의자,1
자막,1
꼬우,1
이당,1
감기약,1
천민,1
짝퉁,1
산장,1
애증,1
메밀국수,1
여새,1
병나발,1
아지매,1
북새통,1
사물,1
레일바이크,1
어린이집,1
자치,1
디셔,1
스케이팅,1
술친구,1
할런,1
장뇌삼,1
연장선,1
전유물,1
골인,1
물막,1
스위트룸,1
송용,1
나리,1
극비리,1
옥신각신,1
충렬사,1
바위산,1
부배,1
번호판,1
고무,1
얼레지,1
나잇,1
사자,1
미선,1
해풍,1
이본느,1
교사,1
속세,1
예약자,1
가서도,1
동분서주,1
홀더,1
불화로,1
확장,1
감금,1
아이덴티티,1
디디디,1
압력,1
농악,1
피비린내,1
피티,1
탐방기,1
상전,1
산수국,1
쿠션,1
범위,1
마찰,1
대피,1
피난민,1
남가,1
축적,1
지렁,1
우승,1
백색,1
옆길,1
올리,1
수린,1
베이비,1
저기압,1
회오리,1
안전선,1
비수,1
메라,1
제빙기,1
소방서,1
이즈,1
간수,1
증발,1
서약서,1
자리싸움,1
우박,1
겨울옷,1
양귀,1
밤이슬,1
캘리 ,1
삼교리,1
티라미수,1
연고,1
단골손님,1
밀어,1
목동,1
의기양양,1
민트,1
개량,1
성시,1
손녀,1
콩국수,1
단팥빵,1
유격,1
배관,1
최면,1
세일,1
절약,1
환갑,1
러키,1
패킹,1
어딜까,1
웨딩,1
타로,1
피쳐,1
앞집,1
만산,1
철물,1
아참,1
선지,1
손실,1
동급,1
박자,1
뼈다귀,1
번짼가,1
건데도,1
크러쉬,1
무늬,1
감지,1
허탈,1
연탄,1
잔뼈,1
정수,1
일보,1
이징,1
뒷다리,1
초콜릿,1
눈썹,1
참상,1
장난감,1
오침,1
피난,1
유익,1
슬픔,1
설악항,1
성형,1
아졸,1
고창,1
진진,1
활력,1
인어공주,1
대상포진,1
실체,1
태동,1
개구쟁이,1
찬도,1
정거장,1
반장,1
한남동,1
맛보기,1
플룸,1
출석,1
복후,1
눈썰미,1
샌드,1
황제,1
목격,1
삼포,1
파울라너,1
작열,1
지체,1
샤핑,1
이탈리안,1
성원,1
명언,1
생태,1
할만,1
비포,1
신도림,1
특정,1
범절,1
기념관,1
바세린,1
논의,1
친형제,1
소름,1
재촉,1
기루,1
델피노,1
착안,1
질서,1
승려,1
레이싱,1
장원,1
發砲,1
기념사업,1
연비,1
캬라멜,1
염분,1
바깥양반,1
기러기,1
펌프,1
실에,1
정정,1
순국열사,1
기석,1
삼일절,1
피시,1
승리,1
미학,1
원츄,1
꼬마,1
본부,1
정마,1
박사,1
오도방정,1
회장,1
부수,1
팬츠,1
물미역,1
직매장,1
신용산역,1
은둔,1
중앙동,1
디지털,1
불게,1
전개,1
일한,1
보산,1
대원,1
굴뚝,1
에프,1
백탁,1
대결,1
공가,1
잡음,1
이쯤,1
스커트,1
주식회사,1
액땜,1
리스카,1
타르트,1
개더링,1
향호,1
들기름,1
키파,1
시트라,1
서명,1
구성원,1
크라이슬러,1
녹색,1
포크,1
원카드,1
피살,1
지능,1
보보,1
두리,1
내서,1
보강,1
토마스,1
마차,1
석민,1
기획,1
바이바이,1
원모,1
향상,1
붕어,1
사무,1
현동,1
조형,1
폐인,1
물메기,1
카야마,1
에버,1
파라,1
오드,1
허무,1
타이머,1
인바디,1
튀김옷,1
기록원,1
실용음악,1
즉석,1
참자,1
다육,1
카치,1
독도,1
실수,1
반절,1
하행,1
파파라치,1
견본,1
신차,1
배문,1
취임,1
재교,1
탐사,1
사면,1
서기,1
사업장,1
북동풍,1
일능,1
실망감,1
수객,1
시미,1
상파,1
약재,1
엔지니어,1
라운,1
모초,1
이성윤,1
손해,1
난지도,1
지조,1
기우,1
인가,1
행동,1
高唱,1
돼지발,1
키니,1
수학,1
봄날,1
응답,1
쌤통,1
년차,1
수리비,1
알몸,1
인산인해,1
유전,1
양질,1
카푸치노,1
대만,1
미사리,1
평촌,1
포식,1
화이트보드,1
피사체,1
리쪼,1
겔러,1
도루묵,1
하와,1
중노동,1
언덕바지,1
링클,1
상륙,1
문무,1
확립,1
좌상,1
페어링,1
철새,1
소용,1
레프,1
해운대구,1
수관,1
해요,1
준결승,1
맞음,1
경력,1
확률,1
갯지렁이,1
중량,1
변명,1
땅값,1
량서,1
탕진,1
농기구,1
시름,1
소독,1
워너비,1
면민,1
실향민,1
포일,1
소나타,1
손님맞이,1
샌들,1
감자만두,1
컨도,1
라텍스,1
쌀국수,1
리모,1
나포,1
독버섯,1
내사,1
박보검,1
코끼리,1
원천,1
황금색,1
모녀,1
오상현,1
군수,1
기스,1
의무,1
골격,1
하역,1
지장,1
방음,1
비품,1
옥계항,1
쌍무지개,1
성대,1
기기,1
구애,1
돌멩이,1
하공,1
나들목,1
동동,1
바이킹,1
앞머리,1
판중,1
임료,1
펑키,1
문한,1
아메리칸,1
빛줄기,1
우태,1
정석,1
시시,1
난민촌,1
분다,1
대접,1
식별,1
호가,1
글씨체,1
다이내믹,1
미노스,1
아토,1
연식,1
여운,1
한철,1
온돌,1
원액,1
신기루,1
골모,1
멘토,1
동리,1
까불이,1
스윗,1
꽃다발,1
名所,1
비율,1
미니언,1
엉클,1
양반,1
운반,1
증거물,1
휘트,1
프레이,1
가미,1
무사고,1
에용,1
막판,1
정보통,1
회랑,1
월화,1
열혈남,1
태구,1
가구,1
메이트,1
문종,1
영구,1
맥줏집,1
아이라인,1
오롯,1
레이,1
유속,1
부산물,1
장어구이,1
에듀,1
현격,1
주바,1
운명,1
크로스,1
우바,1
학년,1
鎭壓,1
자초,1
종헌관,1
발행,1
유일한,1
관망,1
손톱자국,1
김종대,1
확인서,1
캐스팅,1
수상자,1
스펜서,1
초겨울,1
군용,1
뭘까,1
육회,1
자두나무,1
수제비,1
현대식,1
합산,1
초시,1
조경기,1
김준영,1
커버,1
앞면,1
건조기,1
잠옷,1
망정,1
부니,1
위지,1
모노톤,1
바위틈,1
트렌드,1
문기,1
이건가,1
은총,1
정찰,1
착수,1
농번기,1
베이직,1
산하,1
선별,1
움막,1
청순,1
독려,1
어린양,1
가랑,1
엄지발가락,1
사질,1
재서,1
내용물,1
가격표,1
텔레비,1
하이트,1
바비,1
스페인어,1
동문,1
시작점,1
외출,1
기파,1
로꼬,1
모음,1
대선,1
쿠폰,1
카리,1
추우,1
다락방,1
봉주르,1
극도,1
족대,1
이메일,1
조신,1
흙일,1
맛보,1
골뱅이,1
지원이,1
태훈,1
괄시,1
소영,1
부스러기,1
둥이,1
미더덕,1
본전,1
짠지,1
전대,1
횡재,1
옥장,1
주희,1
살코기,1
전략,1
사살,1
리빙,1
배달부,1
드기,1
황도,1
어젠,1
애미,1
잔업,1
흥남,1
불성,1
상한,1
냉풍기,1
바닐라,1
던트,1
유사,1
자락,1
이석범,1
단추,1
주사,1
원시림,1
스피치,1
묵호항,1
살사,1
향토음식,1
식수,1
전달,1
머리카락,1
호정,1
청시,1
한복,1
열라면,1
안산,1
필라테스,1
일렬,1
서지,1
시멘트,1
대수리,1
주영,1
未年,1
쥐포,1
숙식,1
전통문화,1
인덕션,1
버트라,1
생활신조,1
지적,1
스물,1
커튼,1
대중목욕탕,1
극찬,1
은색,1
강색,1
설레,1
쓰루,1
터짐,1
꽃구경,1
관음상,1
이순대,1
토성면,1
글자,1
다큐,1
허기진,1
계란밥,1
개의,1
야대,1
등치,1
세미,1
벽지,1
멘탈,1
벤틀리,1
구남,1
예방,1
장아,1
뭔들,1
연접,1
동쪽,1
새내기,1
토리실,1
숨쉬기,1
미온수,1
한가,1
방한,1
필립스,1
고대,1
만신창이,1
석두봉,1
보리차,1
가라아게,1
통수,1
망라,1
추측,1
스텐,1
영금,1
천정,1
싱글즈,1
미사,1
스마일,1
삼창,1
안일,1
무에,1
빨대,1
타치,1
컬쳐,1
교촌,1
스마트폰,1
시스,1
요서,1
유림,1
게러,1
사설,1
안배,1
반신욕,1
뗏목,1
통안,1
혼연일체,1
호세,1
등산객,1
연대,1
병사,1
레이터,1
납덩이,1
집집,1
유원지,1
뒷길,1
맥주병,1
하품,1
북로,1
사상자,1
특화,1
발산,1
주말여행,1
위쪽,1
구룡,1
초절,1
야심,1
승무,1
삼천포,1
가정집,1
오매불망,1
겨드랑이,1
오호리,1
폐업,1
전사,1
청포도,1
러브,1
굴곡,1
인자,1
잠비,1
궁상각치우,1
최신형,1
런지,1
크로,1
측면,1
잡생각,1
서진,1
각정,1
부침개,1
우도,1
호위,1
줄기,1
도수,1
시당,1
제주특별자치도,1
유무,1
피딩,1
반진,1
소모품,1
바바,1
출퇴근,1
암흑,1
상다리,1
전구,1
트리플,1
형부,1
신념,1
바램,1
오곡,1
직접,1
뒤태,1
도르래,1
동전,1
내역,1
심화,1
자존심,1
머핀,1
포터,1
잉글리쉬,1
약석,1
미어캣,1
텐데요,1
실용,1
꼬맹이,1
마릿수,1
상실,1
국제,1
애타,1
라스,1
본토,1
넘사벽,1
피해자,1
양념치킨,1
리버,1
사시,1
신음,1
정점,1
노숙,1
작품집,1
최고조,1
인도네시아,1
배수관,1
의도,1
조동혁,1
키조개,1
생정보,1
비빔국수,1
오키나와,1
하투,1
맨홀,1
그지,1
한약재,1
버세,1
재물,1
하디,1
효율,1
테이스티,1
오세옥,1
레슬링,1
습득,1
월포,1
무기,1
강문동,1
약단,1
식민지,1
요지,1
위원,1
상광정리,1
건대,1
라이더즈,1
호흡,1
종목,1
할무이,1
트레이서,1
레드불,1
기녀,1
요약,1
스튜어트,1
단호박,1
보컬,1
민효린,1
다빈,1
유모차,1
드리,1
동네방네,1
팥빙수,1
모태,1
강변,1
돌밭,1
라탄,1
열매,1
설고,1
칠흑,1
중압감,1
마카오,1
초청,1
미군,1
초창기,1
스티로폼,1
밀리,1
사격장,1
짠물,1
발장구,1
스크린,1
랜드마크,1
지색,1
호프집,1
산회,1
발권,1
파열,1
승지,1
관할,1
렘보,1
상민,1
벤트,1
찌르레기,1
특혜,1
유어,1
주미,1
정착지,1
전시장,1
합정역,1
삼리,1
공정,1
원일전리,1
당사자,1
일러스트,1
기동,1
대가리,1
군용차,1
블리,1
삼재,1
선점,1
씨알,1
시커,1
마이컴,1
개당,1
투표,1
삼각대,1
특집,1
꼬야,1
도망,1
구장,1
중심지,1
경력자,1
단밤,1
짠맛,1
노후,1
푸디,1
로고,1
조개류,1
생활상,1
행락객,1
결행,1
앨범,1
봇물,1
추첨,1
무러,1
사도,1
풍기,1
친지,1
낙원,1
자카르타,1
노모,1
자이로,1
계승,1
브로우,1
간만,1
마요네즈,1
황혼,1
심비,1
플라이,1
동그랑땡,1
남이,1
와플,1
연구원,1
지와,1
플로어,1
이준,1
이임,1
저녁상,1
감개무량,1
궤적,1
김금미,1
그을음,1
속성,1
행이,1
예영,1
결승전,1
등유,1
환화,1
피노,1
동호인,1
도난,1
징표,1
오리지널,1
이매,1
시르,1
박동수,1
짱깨,1
석호,1
참석자,1
퍼즐,1
밸리,1
속옷,1
잠수기,1
달고,1
벌꿀,1
간점,1
서문리,1
작물,1
사려,1
수명,1
대상어,1
이케아,1
또래,1
웰시,1
부시리,1
차야,1
필두,1
예하,1
뱃속,1
일시,1
홈파티,1
위스키,1
힌트,1
상식,1
쿨러,1
동살,1
구슬,1
반값,1
액자,1
단전,1
유준,1
육상,1
제향,1
울음,1
커뮤니케이션,1
지뢰,1
심부름,1
독자,1
레그,1
하하,1
자랑거리,1
원숭이,1
봄소식,1
겨레,1
진풍경,1
주차료,1
바리스타,1
부원장,1
내지,1
꺄오,1
산닭,1
서버,1
중학,1
산초,1
안팎,1
긴급,1
공공,1
구령,1
눈꽃,1
북분리,1
리비에라,1
이천희,1
개인택시,1
잔교,1
격양,1
고조,1
무한리필,1
유유,1
東海,1
뚝섬역,1
건디,1
기적,1
옷걸이,1
식장,1
그대,1
실물,1
지누,1
은하,1
장탕,1
바둑,1
쓰레기통,1
강구항,1
대장간,1
화요,1
소홀,1
대장정,1
각양각색,1
크림소스,1
요염,1
오리고기,1
모닝커피,1
재우,1
노가리,1
남치,1
지부장,1
축문,1
분석,1
완맥,1
윈드서,1
망태기,1
민간인,1
스포츠조선,1
무채,1
번창,1
서훈,1
비치발리볼,1
산림,1
한우,1
연천,1
양품,1
풍요,1
대꾸,1
피렌체,1
위급,1
본느,1
해안로,1
미덕,1
공직,1
가로등,1
등원,1
하수구,1
그기,1
이력,1
시현,1
도인,1
코코아,1
고로,1
수대,1
자매,1
쓰기,1
스파크,1
머플러,1
가지구이,1
스캔,1
조대,1
도매가,1
떨림,1
형체,1
와구,1
지향,1
인거,1
독립문,1
共力,1
줄거리,1
유출,1
탄수화물,1
신선놀음,1
덤블,1
스크랩,1
옹심,1
코레,1
망원,1
건비,1
자언,1
탄진,1
종과,1
숄더,1
노루귀,1
카프레,1
처처,1
단면,1
귀여,1
의학,1
두부구이,1
본능,1
청하,1
가동,1
금전,1
아드레날린,1
유입,1
향교,1
웅덩이,1
해당화,1
호기심,1
일후,1
기술력,1
대문자,1
플레시,1
북면,1
전시실,1
달차,1
애니메이션,1
노우,1
이향,1
보관함,1
계좌,1
오래간만,1
캠페인,1
연유,1
신이,1
신반포,1
순정,1
물때,1
미술사,1
명파,1
신갈,1
백김치,1
블랙박스,1
대천,1
줄리안,1
천고,1
예년,1
총평,1
글래스,1
수신호,1
주메뉴,1
분해,1
오염,1
스니,1
마가타,1
생파,1
아날로그,1
외할머님,1
마세,1
인항,1
와이프,1
전등,1
마른목,1
방안,1
몰트,1
가지각색,1
덕소,1
잠복,1
결집,1
천선,1
노년,1
스로,1
너머,1
곤욕,1
서포트,1
주파,1
블루벨트,1
저지,1
차장,1
손놀림,1
즉석밥,1
서울숲,1
혼란,1
敎徒,1
뉴욕,1
모래땅,1
오거리,1
떨기,1
돌체,1
타블렛,1
밥도둑,1
스탠딩,1
나지,1
서울역,1
열성,1
반소매,1
조제,1
수달,1
육각,1
베이,1
우창,1
불청객,1
소주잔,1
얌전,1
창공,1
카다,1
이틀날,1
노고,1
임명,1
목말,1
대가,1
추전,1
말발굽,1
이해도,1
잔챙이,1
시야,1
아웃도어,1
물경단,1
메꽃,1
케익,1
만취,1
크리스피,1
불길,1
하낫,1
무서움,1
호떡,1
유대감,1
승부,1
보기,1
꽁무니,1
간당,1
조항,1
그로테스크,1
파기,1
귀중품,1
차선,1
여부,1
스톱,1
굴욕,1
여신,1
긴지,1
메모판,1
난간,1
캐비,1
분발,1
궐기,1
여망,1
올리비아,1
모금,1
오가피,1
피드,1
대통령,1
러스,1
뒤죽박죽,1
주전골,1
우비,1
시바견,1
마레,1
요오,1
공학,1
목재,1
빵이,1
압도,1
봉숭아,1
점박이,1
매뉴얼,1
게으름,1
알파인,1
준마,1
캐릭터,1
해수부,1
서초,1
드로버,1
해골,1
수포,1
활성도,1
연수,1
문턱,1
매국,1
난관,1
적대감,1
약시,1
부비,1
멕시카나,1
원동기,1
도가,1
스쿼드,1
원터치,1
현산,1
지퍼,1
유수,1
창욱,1
복학,1
보약,1
확보,1
홍필,1
재출발,1
양푼,1
트라우마,1
사자바위,1
도장,1
바닷길,1
선곡,1
송천,1
종인,1
오정현,1
시스터,1
트래,1
와여,1
이사이,1
개복치,1
롱비치,1
손잡이,1
위임,1
낙조,1
이소라,1
치치,1
데스,1
컴퓨터,1
문회,1
샤르망,1
청역,1
가면,1
침샘,1
긴장감,1
축복,1
외식업,1
포도당,1
거치,1
뽀뽀,1
정두,1
헬퍼,1
경사면,1
가정,1
여성부,1
옥계면,1
겨를,1
흑미,1
하의,1
특강,1
정동진역,1
던스,1
쥐띠,1
제어,1
홍천강,1
창업,1
부실,1
타이러,1
한차례,1
지회,1
냉장,1
맹신,1
발처,1
인애,1
지방도,1
마운틴,1
대분,1
에베레스트,1
획득,1
디스크,1
쓰키,1
카니발,1
재창,1
화잉,1
보라카이,1
무계획,1
유즈드,1
해동,1
오반,1
방문객,1
땡초,1
스프링,1
청호반새,1
스즈키,1
말사,1
왜경,1
패스트푸드,1
첫머리,1
에이트,1
꾹저구,1
정경숙,1
模樣,1
똥싸개,1
행패,1
황홀,1
흙길,1
리진,1
커밍아웃,1
영토,1
저작,1
수혁,1
이용학,1
논두렁,1
할부,1
마귀,1
배급,1
오열,1
포천,1
다용,1
지면,1
피치,1
우마차,1
누사,1
문하,1
호소,1
색주,1
평창동,1
쇼룸,1
판위,1
징역,1
단장,1
아드,1
스팸,1
친견,1
행낭,1
문화원,1
궁전,1
이인,1
충열,1
철저,1
카페테리아,1
층수,1
거길,1
익살,1
토크,1
단조,1
가서,1
골프장,1
무광,1
불경기,1
자다,1
수프,1
양말,1
초헌관,1
파운드케이크,1
돌파,1
광안리,1
밥솥,1
중상,1
창립식,1
테이크아웃,1
사합,1
목포,1
칠만,1
진부,1
진출로,1
꺼리,1
대성,1
보석,1
체포,1
우승자,1
비마,1
리페,1
해리,1
궁금증,1
서울대,1
통감자,1
미니카,1
리들,1
유스,1
보따리,1
도톰,1
묵념,1
센타,1
매호,1
草木,1
양국,1
구지,1
데이터,1
웨이트,1
김장회,1
타이슨,1
에이컨,1
이여,1
김우근,1
볼펜,1
성역,1
양야,1
밤바,1
아이돌,1
쥐날,1
호드기,1
먹자,1
조각상,1
트친,1
혼방,1
알로하,1
윗면,1
전라도,1
귀국,1
송지호,1
장기,1
비즈니스,1
시령,1
주병진,1
다나오,1
허위,1
발송,1
만리,1
여의도,1
용인,1
크래프트,1
출반,1
파식대,1
강냉이,1
의리,1
엘모,1
산딸기,1
문부,1
괘방산,1
로그,1
고속철도,1
시발,1
통째,1
직구,1
시카고,1
야호,1
문철수,1
지외,1
김석희,1
수투,1
노멀,1
밥상,1
제헌,1
파주,1
어시장,1
연곡,1
샤카,1
비전문가,1
차임,1
근방,1
협조,1
셋째,1
살짝,1
머슬,1
졸업,1
괴석,1
코오롱,1
채널,1
대청봉,1
박준규,1
바닷가재,1
난조,1
스쿱,1
제로,1
로보트,1
복제,1
장병,1
시보드,1
박원병,1
손끝,1
가공,1
피도,1
티즈,1
저수지,1
분임,1
체중,1
멜빈,1
서식,1
물고,1
고곤,1
구피,1
위성,1
골목골목,1
제이슨,1
장사항,1
비기,1
처벌,1
로봇,1
뼈대,1
이슬비,1
공구,1
퍼펙트,1
테레,1
경제,1
민서,1
위생,1
글로브,1
입마개,1
스님,1
참숯,1
특수,1
경찰서,1
성주,1
부녀회,1
김밥천국,1
향연,1
기해,1
고분군,1
참복,1
부산시,1
돕니다,1
웰빙,1
살맛,1
역삼,1
초월,1
양리,1
우체부,1
양수산,1
우월,1
창립,1
보관소,1
칸칸,1
일체유심조,1
사용법,1
프리랜서,1
고퀄,1
감자볶음,1
다락,1
심호,1
코크,1
변기,1
팔당,1
오일펜스,1
점인,1
염소,1
옛말,1
물난리,1
동한,1
색이,1
메리트,1
불명,1
충실,1
감정,1
실현,1
사상,1
먹장구름,1
전승,1
라다,1
선책,1
여서,1
익일,1
돌풍,1
그립,1
셔틀,1
경하,1
순조,1
선라이즈,1
적도,1
보상,1
삼부자,1
모곡,1
회무,1
전서,1
대낮,1
기생충,1
미용인,1
봄철,1
비둘기색,1
안부,1
정비사,1
상남면,1
이재한,1
새집,1
행비,1
체지방,1
미팅,1
신데,1
보구,1
서클,1
송한,1
단골집,1
연애,1
술잔,1
자임,1
폭포,1
너럭바위,1
특공,1
기상도,1
넷플릭스,1
따로국밥,1
배추김치,1
애비,1
남단,1
브라질,1
배드,1
마들렌,1
태하,1
플렉스,1
강수진,1
고풍,1
붕장어,1
삼종,1
가니,1
목격자,1
김재한,1
초상,1
자구,1
인절미,1
장작불,1
시럽,1
성적표,1
발전기,1
앤틱,1
만족감,1
레스큐,1
결성,1
권광식,1
백종원,1
회색빛,1
송정동,1
테이프,1
레토르트,1
만수,1
군포,1
비석,1
리멤버,1
고조할머니,1
샤인,1
김영준,1
옷장,1
침치,1
환장,1
바에,1
서민,1
서재,1
로그인,1
메이즈,1
이천,1
동창,1
샤라포바,1
시트,1
서스펜션,1
미침,1
넘버원,1
여우,1
래프팅,1
오므라이스,1
송호,1
투더,1
경쟁,1
시리,1
미시령,1
전수,1
정복,1
분경,1
윤성,1
달걀찜,1
유자,1
떠돌이,1
군요,1
신작로,1
주름,1
퉁가리,1
정회원,1
월리,1
화제,1
이산가족,1
야서,1
저걸로,1
운전대,1
호준,1
스타보드,1
보도,1
사업주,1
배불뚝이,1
이이,1
발부,1
직영,1
우중,1
새틴,1
천상,1
비행,1
제대,1
滿月,1
냉방,1
철거,1
트위스트,1
당산역,1
폐쇄,1
입욕,1
소릴,1
마약,1
렌트카,1
헛걸음,1
지영,1
교수,1
장대비,1
돌고기,1
쪽지,1
라심,1
보스,1
보답,1
애국정신,1
태백,1
관계자,1
차단,1
금리,1
화답,1
잔치,1
토론회,1
소자,1
트래버스,1
웅아,1
조크,1
인터뷰,1
북명,1
신입,1
이모님,1
비하인드,1
스페이스,1
우드,1
량가,1
기아,1
교각,1
자이너,1
시비,1
따리,1
창조,1
퇴장,1
탕면,1
미코,1
오송,1
이승대,1
만두,1
소정,1
머루주,1
혼합,1
종사자,1
구기,1
전재,1
대학생,1
유니폼,1
양시,1
유가족,1
온달,1
매출,1
원도,1
알로에,1
사브,1
매입,1
스타리,1
캘리,1
플랭크,1
현관,1
순국선열,1
반대쪽,1
젊은,1
리슈,1
종다리,1
장농,1
대상자,1
비염,1
장박,1
기진,1
추모제,1
월일,1
머스켓,1
알짐,1
폭설,1
마법,1
디자이너,1
차후,1
안구,1
보물,1
스페인,1
송월,1
전력,1
무진장,1
아틀란티스,1
이학봉,1
부활,1
붉은색,1
슬림,1
세끼,1
의견,1
명심,1
소감,1
매혹,1
혁명,1
케인,1
훈련소,1
원희,1
직진,1
푸른색,1
프로필,1
공현진,1
가분,1
카세,1
서경숙,1
종이컵,1
전시회,1
아름드리,1
설렁탕,1
레크,1
갱이,1
소카,1
유메,1
유전자,1
머시,1
레아,1
리시,1
시판,1
키핑,1
도우,1
탈해,1
정안,1
두꺼비집,1
아치형,1
양팔,1
부별,1
라켓,1
장도,1
은혜,1
공깃밥,1
역부족,1
유지방,1
일가,1
내물,1
올겨울,1
연주,1
정시,1
하늘색,1
허브,1
일원,1
억울,1
장삿속,1
란디,1
오케이,1
후퇴,1
진땀,1
구마,1
승객,1
희로,1
달걀,1
훼철,1
고비치,1
수도꼭지,1
영오,1
법도,1
상대원,1
마음가짐,1
대절,1
장구,1
협정,1
요구,1
자요,1
울트라,1
점멸,1
가이드,1
갈증,1
렉서스,1
이비치,1
대용량,1
물뽕,1
도입,1
동반자,1
금요,1
시행착오,1
이순재,1
대석,1
자연인,1
스트릿,1
세간살이,1
바깥다리,1
기방,1
살도,1
구실,1
연가,1
쇼부,1
삼계탕,1
베기,1
옆모습,1
서림,1
우기,1
비몽사몽,1
깽이,1
조개껍데기,1
인체,1
하로,1
하반기,1
존슨,1
지용,1
지연,1
바통,1
소월,1
천연,1
심술,1
절단,1
스크림,1
말구,1
동해시,1
최장,1
신명,1
지지,1
걸이,1
밀치,1
마리코,1
그랑블루,1
애호박,1
흉내,1
기념식,1
이집트,1
생크림,1
수립,1
디도,1
우가,1
스프레이,1
스도,1
블러,1
머릿속,1
호화,1
피톤치드,1
뱃놀이,1
오륙도,1
부도,1
처마,1
가야지,1
파이어,1
두름,1
부설,1
어학연수,1
송탄,1
해탈,1
갈색,1
오니,1
희생,1
모야,1
죠이,1
임병익,1
소아과,1
베이컨,1
금낭화,1
아람,1
주장,1
웨지,1
스마,1
입문서,1
영지,1
보딩,1
덕우리,1
산새,1
면봉,1
마미,1
암석,1
교구,1
군부대,1
발판,1
상급,1
겉모습,1
웹캠,1
나쵸,1
도도,1
낙지,1
감바,1
고안,1
김지나,1
후진,1
송곳,1
선편,1
눈높이,1
처서,1
네마,1
보병,1
분야,1
아프리카,1
번영,1
슬라이더,1
생기,1
입찰가,1
리코타,1
시리즈,1
거두절미,1
박동,1
대치동,1
네이키드,1
아노,1
자영업,1
언닌데,1
각선미,1
무어,1
냉각,1
중독성,1
김수,1
안중,1
동동주,1
서행,1
꼭지,1
팔봉,1
토박이,1
텍스,1
엑기스,1
마사토,1
머구,1
오존층,1
신광현,1
저주,1
개울가,1
세이,1
귓전,1
어거지,1
예쁘다,1
수차례,1
우선시,1
때기,1
先烈,1
가을밤,1
스턴,1
옥시,1
감시,1
여타,1
헬리,1
박력,1
실어,1
쥐눈이콩,1
실격,1
앙금,1
렌지,1
나이트,1
페이스,1
홍당무,1
파마,1
대포,1
담반,1
사러가,1
아이스커피,1
치어,1
제조원,1
태권도,1
리알,1
여인천하,1
스티거,1
천인,1
가의,1
쉐보레,1
루미큐브,1
보고문,1
신진대사,1
현명,1
옆집,1
정답,1
핸섬,1
교감,1
만신창,1
라사압소,1
흥분,1
당부,1
잠금장치,1
이성용,1
베테랑,1
리언,1
판매처,1
이주해,1
생미역,1
일반인,1
색소폰,1
가려,1
배웅,1
만삭,1
참혹,1
수사,1
스큐,1
레게,1
조준희,1
장찌개,1
화정,1
후리기,1
동심,1
주훈,1
자차,1
산지,1
네버엔딩,1
절벽,1
청학,1
홍창,1
야생,1
크리스마스,1
산포,1
윗자리,1
국화,1
육즙,1
시서,1
남문리,1
등배,1
완장,1
하절기,1
가르침,1
모기,1
서적,1
시큰둥이,1
해군,1
개식,1
오일장,1
특위,1
아반떼,1
경비정,1
인디,1
국제여객,1
잘못,1
풍속,1
항공,1
어획량,1
입체,1
착석,1
죠기,1
장통,1
원효,1
프랜즈,1
월세,1
이형주,1
통증,1
인구항,1
유머러스,1
오세용,1
명명,1
거북섬,1
물안경,1
현판,1
당도,1
순두,1
커브,1
성행,1
모닥불,1
올림픽대로,1
부천,1
직거래,1
뒷맛,1
간과,1
난보,1
장담,1
이안류,1
개떼,1
양구,1
싸구려,1
문진,1
귀리,1
화씨,1
폭행,1
마스,1
외삼촌,1
천고마비,1
방언,1
여력,1
춥다,1
답사,1
칼리,1
교환,1
퍼레이드,1
과즙,1
스마트,1
펑크,1
석수,1
현기증,1
토기,1
향불,1
발령,1
라샤,1
스티치,1
갑연,1
제사상,1
포르쉐,1
조폭,1
체육인,1
선주,1
분면,1
핑수,1
위력,1
그이,1
기슭,1
네요,1
숙련자,1
각별,1
자갈,1
백운택,1
주병,1
어드벤처,1
뷰리,1
진가,1
이장,1
정류소,1
콧노래,1
발각,1
변파,1
윤명,1
추모비,1
리회,1
터득,1
민국,1
강촌,1
금호동,1
사라,1
점호,1
기산,1
뾰로롱,1
퀴즈,1
포켓볼,1
할머님,1
예고,1
어두움,1
링가,1
요곤,1
플루트,1
구절,1
개짱,1
준이,1
죠타,1
언젠가,1
복근,1
만발,1
돌격,1
굿원,1
뭉치,1
아비시니안,1
모모,1
문굿,1
구세주,1
곤두박질,1
증진,1
고취,1
오비,1
아스팔트,1
오티,1
룸스,1
우쿨렐레,1
떨이,1
랜턴,1
판매점,1
밀가루,1
조력,1
동굴,1
호동,1
코멘트,1
크리미,1
원거,1
부비동,1
낭독,1
산사,1
덩이,1
현찰,1
신선도,1
부촌,1
논지,1
감회,1
뒷이야기,1
주소지,1
주네,1
高大,1
가원,1
욕구,1
이얌,1
원효대사,1
코기,1
다함,1
김양식,1
하산,1
올께,1
동절기,1
저항,1
부당,1
강변역,1
레이서,1
스트리트,1
이응렬,1
시연,1
요고,1
진로,1
두루치기,1
공노,1
욕장,1
자고,1
광각,1
깻잎,1
찌게,1
신선,1
진서,1
강팀,1
족발,1
구르,1
서장,1
어록,1
송재형,1
확충,1
먼가,1
몬스,1
찬가,1
귀청,1
별루,1
회국,1
백수,1
초량,1
수혈,1
배출,1
더더,1
프로스트,1
영이,1
걸리,1
영문,1
기후,1
인영,1
증명서,1
원통형,1
엄선,1
수평,1
조대하,1
민소매,1
똥강아지,1
소련,1
외식,1
이직,1
아악,1
봉우리,1
미용,1
주안,1
탈환,1
펀치,1
달맞이,1
연수원,1
인프라,1
개밥,1
반죽,1
모래털기,1
努力,1
불안,1
근교,1
희열,1
바구리,1
부천시,1
푹신,1
무궁,1
두통,1
하모니,1
진압,1
타코,1
이빙,1
유머,1
발밑,1
나귀,1
십상,1
동지,1
바람자루,1
반자동,1
집합소,1
악어,1
민들레,1
올스타,1
오익환,1
소속,1
만금,1
인중,1
향토,1
인더스트리얼,1
맹이,1
레일,1
동판,1
종정도,1
도순,1
고난,1
학동,1
최저,1
역할,1
가을철,1
게이트,1
현직,1
부처,1
점표,1
오잉,1
조합장,1
장식물,1
여름날,1
베지,1
야합,1
여수,1
스포츠형,1
총상,1
은빛,1
개판,1
브라운,1
새해맞이,1
니스,1
오빤,1
오월,1
나자,1
청소기,1
아이디어,1
김창환,1
징글,1
일주일,1
김남혁,1
若干,1
툴레,1
포커스,1
경외,1
여가,1
솔드,1
마테,1
별천지,1
반상,1
꽈리고추,1
북청,1
김진혁,1
섭전,1
거절,1
선언문,1
외곽,1
울지마,1
찍새,1
강탈,1
마모,1
안감,1
야구공,1
라크로스,1
어죽,1
피래미,1
철길,1
부채,1
팀장,1
소각,1
퀵실버,1
진파,1
선입견,1
손상,1
단절,1
부끄,1
사철,1
비치파라솔,1
철칙,1
암석해안,1
무교,1
심향,1
개그맨,1
함유,1
초항,1
부기,1
실로,1
이용기,1
쾌속,1
폭죽놀이,1
잔도,1
천포,1
동박,1
머슬카,1
업로드,1
보여,1
아낙,1
스코리아,1
프라이스,1
꺽지,1
절임,1
현란,1
홍콩,1
탕수육,1
삽당령,1
증언,1
라이버,1
문종석,1
해송,1
가닥,1
步兵,1
조리법,1
역량,1
회색,1
비구름,1
언급,1
모형,1
위한,1
집착,1
하천,1
라드,1
운동량,1
요즈음,1
김여사,1
징어,1
광진,1
서산,1
왕년,1
평야,1
검단산,1
사찰,1
집약,1
꿀벌,1
위장,1
노프,1
적인,1
손목,1
스카페,1
적용,1
푸조,1
배위,1
멕시칸,1
어황,1
쟁이,1
닉네임,1
월산,1
휴대,1
르네상스,1
리뉴,1
교과서,1
카마로,1
당구,1
양재,1
양이,1
말문,1
발열,1
카페모카,1
머시기,1
버스비,1
후반부,1
호스,1
훌치기,1
뿔소라,1
지은이,1
돌돔,1
원차,1
탁구장,1
면류,1
쇼오,1
탄면,1
서면역,1
함박웃음,1
로또,1
미디어,1
지하보도,1
점수,1
일취월장,1
혈당,1
두릅,1
모의,1
일로,1
건전,1
하대원,1
불면,1
콜렛,1
클라우드,1
해무,1
항정살,1
성당,1
인허가,1
몰골,1
무스,1
양택,1
자공,1
커리큘럼,1
먹스,1
뎅이,1
운임,1
불독,1
독사진,1
단축,1
공지,1
화물차,1
김정수,1
주황색,1
섬진강,1
심은지,1
부슬비,1
증손자,1
펭귄과,1
태국,1
말썽,1
일어,1
모라,1
출전,1
허풍,1
점사,1
서야,1
프라이,1
점포,1
선박,1
장성,1
친분,1
옹기,1
제압,1
오금,1
푸르,1
빙과,1
남포동,1
금강,1
실형,1
간이,1
따귀,1
오늘날,1
모집,1
선자령,1
하남리,1
여파,1
개인기,1
식자재,1
햄버그,1
몸싸움,1
조개껍질,1
블로,1
분노,1
입찰,1
끝판,1
재은,1
광과,1
차시,1
갈겨니,1
양옆,1
답지,1
물안개,1
기질,1
초장,1
용자,1
강화,1
델몬트,1
송희,1
연두색,1
이자,1
포말,1
연창,1
클로즈업,1
해고,1
석방,1
롤러,1
포티,1
진행자,1
맛과,1
원본,1
바다색,1
검은콩,1
아귀,1
모란,1
생쥐,1
포획,1
디카,1
발동,1
일경,1
직찍,1
스태프,1
흡연,1
관여,1
요물,1
시영,1
종대,1
마죽,1
내륙,1
시력,1
말림,1
칠판,1
남양주,1
돌핀,1
으뜸,1
블렌더,1
장맛,1
어깻죽지,1
앞장,1
일념,1
라디,1
복분자주,1
이주,1
혼쭐,1
펜듈럼,1
칠성,1
중계동,1
의아,1
샌디,1
곤지암,1
입길,1
주동,1
리셋,1
놀러,1
체스트,1
고야,1
페니,1
갈음,1
사둔,1
환기,1
진미,1
차비,1
임시방편,1
선셋,1
림보,1
팬케이크,1
스톤,1
재재,1
터리,1
멀리,1
운전자,1
온실,1
원료,1
만찬,1
김창원,1
밤샘,1
꿍이,1
드래그,1
발음,1
광순,1
산천어,1
클렌,1
가해,1
닭백숙,1
세면도구,1
피망,1
다이소,1
하체,1
합숙,1
막둥이,1
착각,1
낚싯대,1
동해항,1
용도,1
전국구,1
돌때,1
초록색,1
쁘띠,1
낙관,1
외장,1
숙성,1
장형,1
초조,1
광화문,1
분량,1
능이,1
벤츠,1
북풍,1
방학,1
도마뱀,1
사용료,1
당나라,1
아포,1
뫼비우스,1
남평,1
애프터,1
백두대간,1
모해,1
사갈,1
종아리,1
연평해전,1
냄비,1
특공대,1
테이스트,1
바이러스,1
열쇠고리,1
채취,1
한옥민,1
킬라,1
찬사,1
보검,1
인원수,1
차내,1
인회,1
산천,1
찌낚시,1
스나,1
미스터,1
인지,1
우거지,1
가스난로,1
바게트,1
교량,1
수세식,1
위도,1
탈점,1
오산,1
조전,1
거봉,1
스폰서,1
분실물,1
항이,1
쥐치,1
선어,1
홀짝,1
할애,1
아비가일,1
혜정,1
우유부단,1
외가댁,1
증거,1
디벨로,1
인트,1
나이롱,1
부정,1
금만,1
오이지,1
봉고,1
中心,1
침범,1
필딩,1
앞다리,1
포도밭,1
스피,1
동민,1
간단,1
단청,1
영자,1
김남학,1
멍멍이,1
변화무쌍,1
처갓집,1
고냉지,1
화진포,1
자책,1
차일,1
소생,1
채비,1
밤낚시,1
오세관,1
사색,1
대구포,1
이데올로기,1
엉겁결,1
캠프파이어,1
금정,1
신시,1
체육관,1
응상,1
호두과자,1
진국이,1
산해,1
호박,1
저어기,1
전분,1
원진,1
폭주,1
비명,1
청국장찌개,1
케이블카,1
다이,1
초한,1
싸이월드,1
함박꽃,1
확정시,1
매생,1
점령지,1
자리매김,1
양앙,1
이정도,1
개소,1
게여,1
안짱다리,1
핫초코,1
향토사,1
진수성찬,1
장떡,1
저분,1
재작년,1
클라스,1
광복,1
사라다,1
저모,1
체제,1
루루,1
딴판,1
식간,1
여건,1
자게,1
불어,1
연호,1
펭귄,1
화재,1
비둘기,1
끄트머리,1
인도양,1
스승님,1
일마,1
강풍,1
객기,1
심사,1
동두천,1
카로,1
검색창,1
수진,1
춘식,1
악착,1
영랑,1
월급,1
절충,1
신세,1
예민,1
용가리,1
등사,1
전기장판,1
백경,1
개천절,1
구호,1
문장,1
暴行,1
삼양,1
방동리,1
베트남,1
옹심이,1
시래기,1
몸짓,1
보물찾기,1
한탄,1
국력,1
파츠,1
분여,1
이타이,1
리프,1
찰나,1
변장,1
순환,1
호로,1
사이클,1
틴트,1
몸뚱아리,1
오징어포,1
각봉,1
꼭데,1
거미,1
증상,1
전투,1
히어로,1
방어회,1
문화재,1
전술,1
밍크,1
전멸,1
혼신,1
세심,1
직관,1
볼일,1
리커버리,1
파제,1
創造,1
색상,1
플래그,1
경북,1
신신당부,1
장리,1
색칠,1
샤르,1
레이즈,1
컨설팅,1
인물,1
그릴,1
금주,1
벌금형,1
기념사,1
무었인지,1
황선,1
피날레,1
김진하,1
기성,1
빈값,1
스랑,1
연등,1
응봉,1
일만,1
냉국,1
금포,1
나몰라패밀리,1
글로리,1
폭력,1
청량,1
출경,1
겸손,1
평택,1
건데요,1
함성,1
바인딩,1
흑인,1
치마,1
랑카스,1
죽도리,1
숭이,1
분향,1
경이,1
찜질방,1
카페인,1
접수처,1
부문,1
애간장,1
폭포수,1
소개팅,1
투데이,1
공백기,1
자투리,1
저작물,1
권함,1
러버,1
왕관,1
전영,1
독립선언서,1
耶蘇,1
중단,1
서울특별시,1
고깔모자,1
비굴,1
간식거리,1
배통,1
수상스키,1
暴民,1
납품,1
베이커리,1
열혈,1
장정,1
카프리,1
문전,1
아웃사이더,1
삼척항,1
야유회,1
자서,1
천차만별,1
곧곧,1
뭡니까,1
明珠,1
농부,1
베누스,1
황소,1
어서,1
횡성,1
격파,1
남풍,1
작지,1
존중,1
덮밥,1
섭외,1
무심,1
한윤성,1
외투,1
체고,1
말복,1
한라,1
뭘까요,1
킹왕짱,1
호른,1
치수,1
잠수부,1
청주,1
지동,1
영진,1
아시안,1
양방향,1
거대,1
열대야,1
글라이딩,1
치도,1
짝꿍,1
엽당,1
이별,1
시승,1
실력자,1
눈썹달,1
강릉항,1
미쉐린,1
챔피언,1
포옹,1
사계,1
근본,1
후자,1
경안,1
요기조기,1
그인,1
대잔치,1
소망,1
재충전,1
나팔,1
봉평,1
가늠,1
미묘,1
오래전,1
실시,1
초절임,1
빛살,1
링링,1
데브리,1
가이,1
야탑,1
재개,1
호응,1
효리,1
드라이버,1
광도,1
통풍,1
타사,1
타운,1
다니엘,1
사은품,1
핀스,1
소매,1
기표,1
퍼즈,1
우씨,1
티칭,1
먹보,1
근심,1
저녁땐,1
바위섬,1
유산소,1
정박,1
코칭,1
대진,1
갈비찜,1
나물밥,1
동유,1
둔치,1
사고뭉치,1
도너츠,1
금융,1
초곡항,1
찬밥,1
스핑,1
무니,1
다운로드,1
과시,1
내리,1
피닝,1
예금주,1
전지,1
책장,1
유동,1
터치,1
오스트레일리아,1
타입,1
주체,1
지처,1
팔봉산,1
거제,1
비카,1
애묘,1
송어,1
생선회,1
주인공,1
안내소,1
이용해,1
풀떼기,1
떡국,1
욕조,1
어수선,1
스크래치,1
레트,1
다이어리,1
지형,1
둥가,1
안함,1
구교리,1
요리법,1
항길,1
용띠,1
천행,1
매안,1
선덕,1
숙달,1
임도,1
폭민,1
버튼,1
진라면,1
세니아,1
달걀귀신,1
조미료,1
북동쪽,1
외길,1
요점,1
조산,1
얼룩,1
엽이,1
거금,1
양은,1
영숙,1
설질,1
만월,1
남조선,1
퓨어,1
기재,1
광진리,1
신포,1
옥동,1
산밤,1
죠니,1
신지,1
청포,1
경매장,1
밀도,1
정가,1
곰팡이,1
나비아,1
분간,1
핸즈,1
김광래,1
큰방,1
여로,1
스트라이프,1
반딧불이,1
수정안,1
선미,1
안면도,1
해운정,1
진답,1
와일드,1
장시간,1
후리,1
잇몸,1
포세이돈,1
방문기,1
팔도,1
솔방울,1
장터,1
입자,1
황락,1
공수전,1
서막,1
경찰관,1
팽이버섯,1
잠재,1
국민의례,1
육사,1
삼박자,1
네오프렌,1
심판,1
수조,1
깁니다,1
거니,1
이중,1
송도,1
나들이,1
우유사,1
추경,1
정차,1
어딘,1
다운타운,1
판대기,1
피플,1
테니스,1
시청역,1
세유,1
훈제,1
풍미,1
형재,1
초콜렛,1
칼질,1
기만,1
계기판,1
차인,1
롭스,1
통장,1
조짐,1
라이스,1
적립,1
산해진미,1
파절,1
세정제,1
퓨전,1
전담,1
무색,1
바운스,1
청평,1
서프라이즈,1
유정,1
시거,1
프로페셔널,1
대주주,1
중무장,1
민형사,1
뱃고동,1
한소,1
개뿔,1
매품,1
의심,1
가딩,1
코펠,1
엿새,1
양경,1
뉘앙스,1
작시,1
기수,1
직업병,1
레이어드,1
기념탑,1
드로잉,1
라벤더,1
연근,1
단백질,1
분산,1
폴라,1
은어,1
위판,1
면허증,1
괴력,1
헌충,1
자취,1
맥타비쉬,1
더그,1
노르,1
당지기,1
몸통,1
아헌관,1
나사,1
테러,1
한웅,1
노무,1
하거,1
차편,1
업장,1
유부,1
포차,1
상팔자,1
사춘기,1
습도,1
시벌,1
창하,1
주눅,1
마운틴뷰,1
원원,1
서울클럽,1
명은,1
자년,1
