word,counted
바다,426
여행,327
해수욕장,288
현북면,258
하나,217
해변,207
등대,203
동해,203
전망대,179
파도,177
여름,175
날씨,173
하광정리,168
풍경,163
소나무,157
바람,156
정자,152
모습,152
하륜,146
느낌,145
속초,144
구경,143
바위,138
근처,138
카페,138
가족,130
하늘,128
일출,126
아이,126
계단,124
마음,124
조준,123
자리,121
기분,121
유명,118
주변,117
이름,117
지도,115
추천,115
비치,115
바닷가,115
입구,111
조선,109
스카이,107
워크,106
전화,105
아래,104
주차장,103
저희,102
경치,100
가능,100
주차,99
서핑,99
출발,99
숙소,99
커피,96
이용,96
자연,94
처음,94
준비,94
장소,93
절경,93
거리,92
겨울,91
사이,90
여유,90
이동,88
상세,88
분위기,87
강릉,87
맛집,86
친구,85
포스팅,84
이야기,84
공신,84
모래,83
나무,82
펜션,81
점심,80
코스,79
검색,79
마지막,79
동안,78
어디,78
기억,78
공간,77
서울,77
서피,76
절벽,76
방문,76
예약,75
소리,73
개국,72
관광,72
산책,71
사랑,70
추억,68
지역,67
참고,66
그림,66
행복,65
명소,65
기암절벽,65
해안,65
가격,65
모래사장,64
감상,64
하루,63
애국가,63
하조,62
휴가,62
최고,61
힐링,61
시설,61
계획,61
물놀이,60
캠핑,60
테이블,59
낙산사,58
음식,58
촬영,58
고기,58
구름,58
무인,57
한잔,56
기대,56
개인,56
얼마,55
엄마,55
안녕,55
주말,55
식사,54
여행지,54
강원,54
동해안,54
맥주,53
휴게소,53
기암괴석,53
화장실,53
요즘,53
지정,53
내부,52
바닥,52
오후,52
놀이,52
가을,52
바닷물,52
필요,51
새벽,51
저기,51
관심,51
예전,51
배경,50
가지,50
중간,50
무료,49
식당,49
아빠,49
나름,49
오른쪽,48
플레이스,48
막국수,47
보호수,47
시장,47
만족,47
운영,46
이유,46
오랜만,46
백사장,45
한참,45
얼굴,44
지금,44
저장,44
뭔가,44
돌고래,44
팝업,44
설치,44
만큼,44
샤워,43
사장,43
수영,43
아들,43
노송,43
관광객,43
고민,43
출입,42
선택,42
가슴,42
왼쪽,42
추가,42
혼자,41
도로,41
다리,41
덕분,40
일정,40
머리,40
소개,40
후기,40
폴더,40
거기,40
순간,40
안내,40
설악산,40
인근,39
무엇,39
걸로,39
해수욕,39
고려,39
명칭,39
한눈,39
마무리,39
이것,39
건물,39
입장료,39
성수기,38
오전,38
사용,38
은거,38
관광지,38
요기,38
조금,37
관리,37
수심,37
해변가,37
방향,37
바베큐,37
음료,36
나중,36
고속도로,36
휴휴,36
바닷바람,36
기본,36
상태,36
경관,36
나라,36
아쉬움,36
전망,35
여름휴가,35
규모,35
걱정,35
모양,34
낙산,34
국내,34
우린,34
의자,34
방파제,34
고고,34
평일,34
공기,34
호텔,34
종류,33
안전,33
죽도,33
마을,33
부족,33
이후,33
명승,33
세상,33
버스,33
이국,32
이건,32
한국,32
텐데,32
친절,32
처녀,32
곳곳,32
육각정,32
데크,31
불편,31
야외,31
완전,31
결국,31
군사,31
유리,31
건지,31
남편,31
휴식,31
투명,31
위험,31
인증,31
볼거리,31
양양가,31
이게,31
총각,31
블로그,31
침대,31
패스,31
편의점,31
둘째,31
횟집,30
그곳,30
실내,30
재미,30
카메라,30
부분,30
그릇,30
여긴,30
편안,30
주문진,30
건강,30
반찬,30
피비,30
설명,30
감사,30
숙박,30
낭만,29
셀카,29
영상,29
장관,29
마리,29
계곡,29
물고기,29
등장,29
정리,29
발견,29
포토,29
의미,29
포기,29
금지,29
자체,29
송이,28
그것,28
결정,28
그때,28
햇살,28
대부분,28
튜브,28
서퍼,28
타임,28
피자,28
가운데,28
이거,28
오징어,28
필수,28
전날,28
운치,27
등등,27
명승지,27
기념,27
운동,27
조식,27
보통,27
암석해안,27
전체,27
여자,27
본격,27
송림,27
작년,27
감탄,27
남자,27
풍광,27
확인,27
주위,27
스타,27
파라솔,26
우측,26
체험,26
유래,26
리조트,26
물놀,26
누구,26
포장,26
전설,26
수령,26
시대,26
기록,26
당일치기,26
테라스,25
경사,25
중앙,25
인테리어,25
예쁘다,25
대표,25
오픈,25
어른,25
옛날,25
조명,25
판매,25
인생,25
집안,25
커플,25
바위섬,25
부부,24
동영상,24
태풍,24
가게,24
매력,24
수평선,24
냉장고,24
남쪽,24
강습,24
피곤,24
얘기,24
기회,24
경우,24
단위,24
자기,24
특별,23
대로,23
국도,23
목적지,23
안내소,23
오빠,23
자랑,23
여기저기,23
일상,23
운전,23
네이버,23
비교,23
신랑,23
인기,23
예술,23
입맛,23
건립,22
자유,22
언제,22
대신,22
포인트,22
파티,22
냄새,22
예정,22
김치,22
보드,22
오색,22
국물,22
숙종,22
터미널,22
물회,22
노래,22
직원,22
라면,22
정상,22
안쪽,22
체력,22
평화,22
예상,22
마련,21
해먹,21
말씀,21
발길,21
에어컨,21
태양,21
맞은편,21
공사,21
입장,21
성공,21
거실,21
그루,21
보호,21
산책로,21
드라이브,21
조심,21
주방,21
생선,21
평소,21
기상,21
조개,21
정보,21
어딜,21
카라반,21
현판,21
구이,20
외국,20
난리,20
내년,20
영업,20
체크아웃,20
웍스,20
주소,20
매운탕,20
대박,20
대쪽,20
세월,20
선물,20
다양,20
비빔,20
남애항,20
동네,20
홈페이지,20
한쪽,20
명물,20
갈매기,20
동반,20
아메리카노,20
대여,20
개장,19
감성,19
다행,19
양념,19
삼겹살,19
애국,19
아기,19
첫날,19
정신,19
신비,19
누가,19
센터,19
반대편,19
언니,19
어제,19
아저씨,19
기암,19
사실,19
낚시,19
군데,19
구역,19
부담,19
수건,18
텐트,18
부산,18
일반,18
도시,18
스파,18
춘천,18
전경,18
정종,18
이세근,18
고생,18
제공,18
부모,18
군부대,18
조성,18
동생,18
연인,18
해돋이,18
상대,18
체크인,18
표현,18
기간,18
문제,18
전용,18
캠핑카,18
중요,18
음악,18
색깔,18
외관,18
수준,18
수영장,18
참판,18
휴가철,18
단체,17
고성,17
메뉴판,17
동계,17
바다색,17
에메랄드,17
개월,17
북쪽,17
첫째,17
수육,17
구입,17
손님,17
연휴,17
장난,17
수산,17
해안가,17
접근,17
건데,17
토요일,17
복원,17
피서객,17
오션,17
구매,17
신경,17
하계,17
뒤쪽,17
글자,17
개방,16
역시,16
둘레길,16
식구,16
제트,16
강아지,16
쇼파,16
이제,16
후회,16
진행,16
편리,16
나이,16
돌출,16
수제,16
앞쪽,16
감자,16
조망,16
장면,16
국가,16
꿀맛,16
개통,16
안내도,16
하우스,16
너머,16
전국,16
조대,16
여러분,16
라떼,16
벤치,16
간식,16
창문,16
은근,16
왕건,16
할머니,16
새해,16
완벽,16
소요,16
반복,16
문화재,16
요금,16
언덕,16
일요일,16
드라마,16
일몰,16
특이,16
연결,16
수영복,16
미안,15
연출,15
퇴실,15
아무것,15
대기,15
메밀전,15
발걸음,15
지난번,15
도정,15
홍천,15
경승,15
반대,15
온수,15
어둠,15
비용,15
좌측,15
표정,15
이때,15
환경,15
이쪽,15
무렵,15
음식점,15
불빛,15
스트레스,15
고속,15
튀김,15
단풍,15
공원,15
천국,15
도전,15
강추,15
환상,15
이벤트,15
해당,15
역사,15
그날,15
설악,14
완성,14
인상,14
비수기,14
팔경,14
금요일,14
제한,14
차량,14
방송,14
구비,14
무리,14
장점,14
최초,14
신기,14
전자레인지,14
현지,14
워터,14
만석,14
만끽,14
장비,14
암석,14
가까이,14
계절,14
마트,14
축제,14
이젠,14
할인,14
센스,14
먹거리,14
월요일,14
미터,14
지인,14
키즈,14
시절,14
와중,14
감동,14
이웃,14
일품,14
접시,14
고속도,14
인터넷,14
태조,14
분전,14
막걸리,14
휴암,14
행사,14
보트,13
닭강정,13
길목,13
선사,13
장엄,13
문신,13
버터,13
터널,13
산수,13
사항,13
정상부,13
도구,13
입실,13
차이,13
상상,13
아이스,13
티라미수,13
결혼,13
메밀,13
하얀색,13
아래쪽,13
원래,13
육수,13
구름다리,13
야채,13
그릴,13
꼭대기,13
고추,13
소식,13
방법,13
별도,13
구조,13
기운,13
탐방,13
코로나,13
아무,13
모두,13
저번,13
시즌,13
문화,13
치킨,13
갈비,13
주인,13
지점,13
간판,13
군인,13
네비,13
만년,13
재료,13
버거,13
당시,13
탁트인,13
자신,13
택시,13
대관령,13
실망,13
건너편,13
포즈,13
녀석,13
부근,13
며칠,13
부탁,13
전기,12
소원,12
경승지,12
폭풍,12
생명력,12
사고,12
안내판,12
기약,12
더위,12
새우,12
어린이,12
조화,12
포함,12
남대천,12
이틀,12
조형물,12
지붕,12
소스,12
사이즈,12
요건,12
구간,12
동남아,12
작전,12
샴푸,12
온도,12
하임,12
요리,12
생활,12
온몸,12
영화,12
사찰,12
마당,12
고양이,12
피스,12
내린천,12
화면,12
그동안,12
우체통,12
투어,12
건가,12
불가,12
에코,12
입수,12
불안,12
기사문항,12
고요,12
해수,12
시선,12
속도,12
햇빛,12
야영장,12
바퀴,12
서비스,12
대가,12
기온,12
침실,12
욕실,12
식기,12
해송,12
전이,12
식초,12
이걸,12
실패,12
객실,11
성인,11
해체,11
리뷰,11
사유지,11
대청봉,11
라운지,11
웃음,11
도움,11
평상,11
크로,11
대한민국,11
그늘막,11
신발,11
치즈,11
미소,11
자료,11
철조망,11
이곳저곳,11
파크,11
수고,11
완료,11
표지판,11
헬로,11
기사,11
고개,11
도보,11
동상,11
걸음,11
해결,11
휴양림,11
바깥,11
관람,11
내일,11
핸드폰,11
동호,11
저곳,11
민박,11
피서지,11
스타일,11
경계,11
과일,11
시골,11
조각상,11
전통,11
계속,11
시기,11
애견,11
본인,11
기존,11
겁니다,11
하룻밤,11
박물관,11
듯이,11
작가,11
고고씽,11
벼슬,11
삼척,11
와상,11
글씨,10
옥수수,10
당일,10
가드,10
마찬가지,10
욕조,10
형태,10
각종,10
최대,10
취향,10
한방,10
돼지,10
짜증,10
자동차,10
웨이팅,10
인분,10
음각,10
발자국,10
흔적,10
용품,10
주의,10
잠시,10
로비,10
방기,10
목적,10
이것저것,10
색감,10
광어,10
크기,10
쿨링,10
제주도,10
수록,10
편의,10
마늘,10
청유,10
통과,10
물결,10
요원,10
통제,10
비바람,10
오른편,10
여정,10
뒷모습,10
동시,10
주인장,10
중심,10
식감,10
비경,10
추위,10
그늘,10
욕심,10
인구,10
훼손,10
렌지,10
대포항,10
강현면,10
정식,10
하트,10
국수,10
변경,10
타이밍,10
쥬얼,10
금액,10
피로,10
클럽,10
와이프,10
밑반찬,10
슬리퍼,10
의지,10
인원,10
먹방,10
약수,10
초입,10
겨자,10
스노,10
아파트,10
중순,10
사온,10
그램,9
지난주,9
창가,9
어르신,9
길가,9
누군가,9
지기,9
평창,9
감안,9
아웃,9
경포대,9
햇볕,9
걸까,9
노력,9
인파,9
번호,9
컨디션,9
휴양소,9
관음상,9
가도,9
외부,9
사이트,9
상황,9
나머지,9
조합,9
안주,9
모래밭,9
착각,9
기사문,9
망망대해,9
심신,9
변신,9
경험,9
밥솥,9
극성,9
그거,9
요거,9
제격,9
구석구석,9
일기,9
길이,9
구성,9
간직,9
주문진항,9
정비,9
휴무,9
제외,9
단점,9
갯바위,9
동서,9
목살,9
약간,9
쓰레기,9
여행기,9
해산물,9
친정,9
밤바다,9
동물,9
우주선,9
세트,9
지식,9
해외,9
안개,9
셀프,9
코치,9
잠깐,9
미니,9
휴양지,9
진리,9
주전골,9
기원,9
사우나,9
명품,9
칼국수,9
게스트,9
관계,9
숯불,9
홍합,9
모금,9
장거리,9
삼매경,9
시내,9
인사,9
진입,9
금정,9
스키,9
내용,9
만두,9
우유,9
현남면,9
유지,9
쌈장,9
왼편,9
화요일,9
특유,9
그림자,9
흡입,9
물색,8
배치,8
자세,8
서해,8
슈퍼,8
제주,8
반려,8
신고,8
계령,8
뿌리,8
스릴,8
일행,8
초보,8
현실,8
양식,8
식탁,8
부스,8
컨셉,8
홍보,8
음료수,8
우럭,8
폐장,8
전쟁,8
취소,8
대왕,8
손양면,8
직전,8
링크,8
시외버스,8
한편,8
암벽,8
소품,8
예보,8
파랑,8
양양읍,8
높이,8
셔터,8
매트,8
한입,8
배달,8
어린아이,8
침구,8
성비,8
적응,8
어머님,8
그네,8
소망,8
망고,8
그쪽,8
세계,8
양쪽,8
대정자,8
출처,8
바보,8
약속,8
즈음,8
열정,8
탄성,8
젓가락,8
묘미,8
대비,8
작품,8
모듬,8
스토리,8
갈만,8
렌즈,8
마음속,8
선생,8
먹이,8
싱크대,8
노을,8
대무인,8
더블,8
생명,8
물건,8
고향,8
여름철,8
티비,8
냉면,8
빗방울,8
오랫만,8
미끄럼틀,8
코리아,8
보람,8
싱글,8
영동고속도로,8
연락,8
반팔,8
남애,8
외국인,8
종합,8
내외,8
전자,8
손가락,8
설탕,8
펜스,8
공동,8
현장,8
게임,8
정원,8
수기,8
종일,8
구조물,8
렌탈,8
세팅,8
바지,8
휴일,8
생일,8
커피숍,8
핑크,8
자전거,8
광경,8
비밀,8
창밖,8
휴가지,8
이정표,8
다섯,8
영향,8
카누,8
기도,8
가량,8
공항,8
지불,8
번지,8
부지런,8
추석,8
사방,8
돗자리,8
파괴,8
금강산,8
폭염,8
날짜,8
무언가,8
하모니,7
실화,7
물보라,7
구석,7
빛깔,7
위로,7
조리,7
재건,7
천장,7
햄버거,7
와인,7
눈앞,7
피해,7
콜라,7
가보세요,7
설정,7
글귀,7
국유지,7
육지,7
주일,7
흥분,7
필터,7
솔밭,7
지하,7
블루,7
짬뽕,7
샐러드,7
소주,7
커튼,7
눈물,7
브이,7
참여,7
가요,7
여행객,7
초등,7
순식간,7
성지,7
칭찬,7
진입로,7
걸까요,7
공부,7
탈의실,7
방수,7
둘레,7
테이크아웃,7
먼지,7
모텔,7
버섯,7
열무김치,7
슬라이드,7
왕만두,7
무튼,7
가스,7
시점,7
지방,7
병원,7
래쉬,7
문자,7
답니다,7
낮잠,7
온천,7
법수치,7
좌석,7
다짐,7
미시령,7
밥집,7
철수,7
포켓몬,7
교육,7
투자,7
팔각정,7
단독,7
아이스크림,7
고래,7
치약,7
일부,7
중광정리,7
심장,7
레스토랑,7
솔방울,7
연습,7
테이크,7
경인,7
철문,7
저거,7
종이컵,7
전시,7
바디,7
오대산,7
찬바람,7
청소,7
피서,7
한자,7
별거,7
단양,7
삼각대,7
소고기,7
방생,7
차례,7
연상,7
오기,7
암각,7
셋째,7
비빔밥,7
건너,7
신난,7
주전부리,7
수요일,7
레저,7
옥상,7
청결,7
우산,7
자연산,7
그게,7
경중,7
진심,7
초소,7
깊이,7
정자각,7
지라,7
마감,7
발리,7
백김치,7
면적,7
무한,7
연어,7
이불,7
미국,7
효과,7
라인,7
모닝,7
식후,7
새우튀김,7
기능,7
우리나라,7
계곡물,7
위쪽,7
해파,7
소소,7
공유지,7
이전,7
패밀리,7
초코,7
이모,7
왕복,7
아가,7
크림,7
문의,7
이용료,7
실제,6
페이지,6
해녀,6
비주얼,6
막내,6
대화,6
해맞이,6
자태,6
지오,6
포말,6
헌장,6
휴대폰,6
땡볕,6
선명,6
해방,6
된장,6
형성,6
칵테일,6
수산항,6
시각,6
최대한,6
가방,6
실력,6
배려,6
예감,6
베스트,6
비누,6
해풍,6
좌우,6
침구류,6
토스트,6
등산,6
원피스,6
물치항,6
볶음밥,6
오리,6
그걸,6
일대,6
흰색,6
목표,6
사계절,6
향기,6
정면,6
페스티벌,6
회사,6
하산,6
쇼핑,6
여섯,6
차비,6
영장,6
방학,6
즐거움,6
백과,6
시설물,6
베이커리,6
조절,6
개별,6
앞바다,6
갈래,6
사정,6
안내문,6
항구,6
신청,6
대상,6
지명,6
연속,6
소화,6
우수,6
산길,6
무더위,6
알콜,6
방울,6
인물,6
사업,6
분리,6
회로,6
클릭,6
푸드,6
거울,6
감탄사,6
취침,6
서리,6
계란,6
오르막,6
주차료,6
송지호,6
수업,6
빈자리,6
큰일,6
한우,6
소파,6
어마,6
간장,6
해당화,6
칫솔,6
신남,6
물가,6
벌레,6
골든,6
무시,6
모닝커피,6
군데군데,6
초기,6
뒤편,6
초록,6
스노클링,6
바위틈,6
안목,6
사이사이,6
허가,6
바다낚시,6
애정,6
인접,6
인연,6
소라,6
장난감,6
모자,6
목장,6
꼬띠에르,6
당황,6
주제,6
야경,6
수도,6
부엌,6
백만,6
판단,6
바나나,6
지구,6
보쌈,6
바우,6
방해,6
특성,6
시카고피자,6
남녀노소,6
까페,6
원두,6
입장권,6
브랜드,6
노출,6
계산,6
개념,6
끝자락,6
샌드위치,6
꿀잠,6
베이,6
오염,6
시리얼,6
인심,6
화강암,6
행운,6
진동,6
조각,6
연애,6
동행,6
엘마,6
보관,6
결과,6
기대감,6
시야,6
색상,6
형상,6
블리,6
카드,6
귀요미,6
미세,6
방문객,6
유료,6
매장,6
수십,6
해외여행,6
회원,6
과자,6
불고기,5
완공,5
지로도,5
강릉시,5
공용,5
돌진,5
아바이,5
제품,5
연기,5
사리,5
매점,5
동절기,5
위주,5
막바지,5
마켓,5
국립,5
내음,5
불교,5
아주머니,5
결론,5
화이트,5
내고,5
보소,5
폭죽,5
감각,5
장시간,5
어깨,5
지칭,5
평온,5
선정,5
정기,5
노래방,5
반납,5
배정,5
돼지갈비,5
머그잔,5
여행길,5
감기,5
홍게,5
석양,5
목재,5
댓글,5
소세지,5
지혜,5
정동진,5
지대,5
불상,5
어촌,5
회랑,5
낙서,5
대형,5
지척,5
근방,5
짜장면,5
육각,5
회덮밥,5
해안선,5
시스템,5
나들이,5
고급,5
청정,5
행동,5
케이블카,5
구명조끼,5
단골집,5
공유,5
사전,5
냄비,5
복귀,5
카카오,5
전부,5
토지,5
화창,5
방식,5
종이,5
리얼,5
채소,5
꼬맹이,5
방영,5
정류장,5
관직,5
아쿠아,5
지질,5
이미지,5
오이,5
저것,5
딸아이,5
정확,5
일반인,5
정취,5
쥐라기,5
어선,5
시댁,5
꽁치,5
옆쪽,5
담수,5
일본,5
기계,5
표시,5
브런치,5
스토어,5
블루베리,5
냉동,5
이마트,5
지형,5
밤새,5
개발,5
전시관,5
오메가,5
데이트,5
린스,5
휴양,5
그녀,5
실외,5
고장,5
픽업,5
스티커,5
프로그램,5
폭포,5
거트,5
한마디,5
감정,5
은빛,5
관광버스,5
블로거,5
야식,5
인지,5
순대,5
소문,5
하절기,5
건데요,5
드립,5
육룡,5
매운맛,5
치맥,5
건축물,5
장칼,5
활동,5
최북단,5
시그,5
스님,5
디자인,5
핵심,5
결제,5
허니,5
체크,5
상징,5
수욕장,5
인공,5
메밀국수,5
타워,5
공감,5
유행,5
소재,5
청초,5
만남,5
근무,5
컨테이너,5
요청,5
화덕,5
정감,5
방전,5
드라,5
업체,5
휴대,5
꼬우,5
학교,5
속초시,5
전병,5
여행자,5
걷기,5
문어,5
별개,5
활어,5
하늘색,5
스쿠버,5
기업,5
야영,5
아내,5
기쁨,5
한재,5
난간,5
아이폰,5
대게,5
엘리베이터,5
모드,5
조정,5
조기,5
시간대,5
야간,5
선녀,5
기구,5
아버지,5
보물,5
이해,5
발자취,5
단어,5
벚꽃,5
로드,5
백반,5
생태,5
유혹,5
장사,5
중생대,5
청량감,5
초이스,5
호기심,5
늦잠,5
패딩,5
오징어순대,5
봉포,5
고소공포증,5
단장,5
전면,5
애기,5
각광,5
해양,5
스포츠,5
정성,5
포크,5
푯말,5
에너지,5
탈출,5
해물,5
깻잎,5
무단,5
퇴근,5
대구,5
의도,5
숲길,5
물빛,5
핫도그,5
모기,5
비계,5
올림픽,5
한창,5
조미료,5
아버님,5
호강,5
점프,5
신년,5
임산부,5
역광,5
직진,5
주민,5
액자,5
코앞,5
국민,5
운행,5
거의,5
특색,5
아부지,5
로또,5
일자,5
아줌마,5
등록,5
조카,5
아이템,5
단골,5
목욕,5
족발,5
반점,5
건가요,5
옆집,5
파란색,5
팻말,5
광고,4
명성,4
무침,4
연꽃,4
바비큐,4
열무,4
실물,4
채취,4
렌트,4
그대,4
돌계단,4
피아노,4
광진,4
경포,4
아이스박스,4
방면,4
인간,4
공터,4
히터,4
도립,4
토마토,4
기름,4
기호,4
송이버섯,4
남친,4
유리잔,4
배드,4
사유,4
유리창,4
위안,4
황어,4
현수막,4
캐릭터,4
양파,4
지상,4
학생,4
자매,4
허리,4
립니,4
전복,4
정돈,4
캐리어,4
이래,4
통유리,4
태백산맥,4
코코넛,4
광정,4
케익,4
구도,4
원통,4
화재,4
제일,4
유적지,4
거품,4
기술,4
아보카도,4
태종대,4
해피,4
도달,4
여행가,4
시공,4
인용,4
정암,4
화질,4
일전,4
하이라이트,4
공영,4
단순,4
보충,4
과정,4
썸머,4
수트,4
멤버,4
정작,4
어메니티,4
바구니,4
물막,4
여벌,4
여지도,4
직접,4
농협,4
발아래,4
정류소,4
이사,4
차지,4
역할,4
어려움,4
요소,4
가입,4
우와,4
코로나선,4
봄날,4
밸리,4
안심,4
윤기,4
쉼터,4
씨앗,4
환영,4
부처,4
예용,4
지속,4
영혼,4
스프,4
신축,4
동산,4
엄지,4
딸래미,4
디저트,4
따위,4
단축,4
비린내,4
지리,4
수박,4
감흥,4
공장,4
선셋,4
추락,4
대도,4
다면,4
군락,4
해삼,4
확보,4
각도,4
돌탑,4
피크,4
공연,4
베드,4
최애,4
당장,4
카운터,4
한적,4
즉흥,4
단맛,4
까닭,4
주전자,4
상관,4
젊음,4
치유,4
클리어,4
인정,4
장날,4
모카,4
트레,4
된장찌개,4
신나,4
이론,4
코카,4
청양,4
심취,4
어성전,4
횟감,4
다이빙,4
오잉,4
보도,4
컬러,4
서프,4
대문,4
전원,4
강풍,4
육모정,4
여명,4
손질,4
어딘가,4
훈련,4
바가지,4
참조,4
식빵,4
지원,4
의상,4
훼철,4
라이,4
자극,4
강태공,4
입안,4
서쪽,4
루프,4
수익,4
육즙,4
여분,4
크리스마스,4
우체국,4
강정,4
실감,4
책임,4
하심,4
솔비,4
보수,4
수차례,4
선글라스,4
해운대,4
생수,4
하와이,4
골목,4
사이드,4
너비,4
회전율,4
수영도,4
타코,4
활용,4
비행접시,4
매표소,4
압도,4
물품,4
설사,4
실수,4
설거지,4
먼가,4
모양새,4
천골,4
소금,4
제안,4
문구,4
요게,4
전문점,4
틈새,4
상품,4
해발,4
고구마,4
소실,4
유용,4
엽서,4
특산물,4
절정,4
시도,4
승용차,4
프라이빗,4
하와,4
방안,4
홍련,4
굴도리,4
차안,4
비행기,4
어머니,4
마니,4
시부모,4
심미,4
한국관광공사,4
선선,4
마크,4
착용,4
초과,4
襄陽,4
사과,4
나용,4
타이머,4
연말,4
노선,4
수상,4
어촌계,4
도중,4
오랫동안,4
전통차,4
민속,4
담당,4
공짜,4
지로,4
번국,4
포켓,4
경유,4
뭔지,4
꼬마,4
조개껍데기,4
남매,4
교통,4
패킹,4
파마,4
동전,4
오래,4
신라,4
티라,4
학원,4
텐데요,4
유아,4
스페인,4
패션,4
애완,4
출장,4
노트북,4
긴팔,4
만약,4
열매,4
근접,4
림프,4
측면,4
머구리,4
스스로,4
취미,4
고객,4
타입,4
차선,4
철책,4
공주,4
강남,4
서로,4
가평,4
갈비탕,4
아바,4
천정,4
나르샤,4
도깨비,4
싸움,4
파주,4
침낭,4
돼지고기,4
찬스,4
희망,4
호박,4
신설,4
쿠폰,4
쉐이크,4
먼저,4
수다,4
케이크,4
자작나무,4
이순대,4
박스,4
황태,4
흔들의자,4
개꿀,4
초익공,4
식수대,4
킬로,4
어딘지,4
벽면,4
폭우,4
주의보,4
포트,4
인도,4
암자,4
복분자,4
젊은이,4
피부,4
게시물,4
독특,4
본능,4
의외,4
중광정,4
존재,4
미세먼지,4
불리,4
발전,4
고추장,4
명당,4
따윈,4
순위,4
잠자리,4
파노라마,4
창건,4
기절,4
초딩,4
대교,4
신선,4
갈릭,4
리필,4
외출,4
평가,4
위락,4
레몬,4
그분,4
양송이,4
당첨,4
떡볶이,4
중국,4
시카고,4
개수대,4
부추,4
이놈,4
아드님,4
말년,4
도로변,4
플레이,4
블랙,4
용기,4
근래,4
허기,4
따름,3
지방지,3
카시트,3
생애,3
반대쪽,3
모래바람,3
스테이크,3
차도,3
기적,3
비명,3
한때,3
요긴,3
남문,3
여럿,3
수족관,3
두부전골,3
자연환경,3
애완견,3
고가,3
해식,3
찜질방,3
석탑,3
무게,3
손목,3
대전,3
출연,3
목요일,3
잔디밭,3
누나,3
해감,3
도착지,3
의향,3
짐작,3
북부,3
여념,3
태조왕,3
가자미,3
매너,3
병맥주,3
작성,3
빠빠,3
한동안,3
관입,3
현관,3
오르막길,3
유의,3
세미나,3
마루,3
산장,3
담배,3
요것,3
은둔,3
책사,3
풍치,3
난방,3
체리,3
기력,3
장애,3
집들이,3
우회,3
한낮,3
나이스,3
벅스,3
뒷산,3
화보,3
남해,3
비닐,3
진국,3
긴장,3
쉬야,3
민간,3
최종,3
재난,3
주세,3
상자,3
늦더위,3
호사,3
후식,3
흐름,3
주전,3
무사,3
오산,3
절도,3
따님,3
양치,3
산속,3
종주,3
거북이,3
노랑,3
발코니,3
프로,3
오리지널,3
바닷길,3
평지,3
로망,3
끄트머리,3
파머,3
밤하늘,3
괴로움,3
개성,3
선택지,3
각석,3
야생,3
명절,3
컴퓨터,3
고정,3
시전,3
각자,3
극복,3
유럽,3
맨손,3
울창,3
산골,3
내서,3
초점,3
귀농,3
단지,3
탁자,3
표본,3
출입문,3
성격,3
후퇴,3
상가,3
라이트,3
주최,3
팔찌,3
이이,3
딸내미,3
방지,3
구룡령,3
숭어,3
생기,3
자아,3
퇴락,3
진정,3
흙길,3
어서,3
가로,3
장식,3
간첩,3
수저,3
퀄리티,3
클래식,3
기념품,3
부지,3
형식,3
캠프,3
백두산,3
愛國,3
다이어트,3
한상,3
포스,3
청량,3
초반,3
미역국,3
반바지,3
산소,3
청개구리,3
모델,3
미역,3
출신,3
구용,3
서면,3
바닷소리,3
거지,3
딱지,3
시외,3
컴백,3
빨강,3
직업,3
프라이,3
마디,3
안방,3
손맛,3
입간판,3
자격,3
불꽃놀이,3
콜택시,3
송정,3
뚜껑,3
소유,3
재촉,3
함정,3
서빙,3
지경,3
울산,3
껍질,3
바알,3
월드,3
공휴일,3
한파,3
차로,3
강사,3
우등,3
라미,3
탑승,3
바람결,3
전등,3
메추,3
매트리스,3
궁금,3
칼로리,3
기여,3
본곳,3
지지,3
자외선,3
길지,3
문진,3
모델링,3
난로,3
슈퍼맨,3
소독,3
두려움,3
합격,3
장사항,3
마스코트,3
해장,3
기념일,3
공지,3
발목,3
실행,3
눈치,3
건조,3
순찰,3
경고,3
담날,3
폭설,3
상승,3
상표,3
가이드,3
본당,3
선풍기,3
일본식,3
실천,3
출동,3
제작,3
갈림길,3
리알,3
먹구름,3
철망,3
풍선,3
내사,3
도우,3
다님,3
스냅,3
쪽빛,3
이방원,3
페인트,3
소양호,3
깜놀,3
세근,3
도용,3
웨딩,3
균형,3
액티비티,3
주목,3
종점,3
얼음,3
서해안,3
새해맞이,3
숟가락,3
담소,3
큰딸,3
청어,3
품절,3
압권,3
반나절,3
오버,3
세면도구,3
플레인,3
문항,3
카봉,3
두말,3
육개장,3
겨울날,3
애초,3
구여,3
샤워기,3
거긴,3
컵라면,3
중략,3
카페인,3
행정,3
손색,3
점검,3
스테이,3
남짓,3
절병통,3
물장구,3
출사,3
포카리,3
관음전,3
딸기,3
최소,3
커피포트,3
건식,3
눈길,3
약수터,3
하천,3
의식,3
체계,3
아이스티,3
태백,3
기점,3
프라이버시,3
호떡,3
절약,3
별칭,3
유격,3
으뜸,3
만세,3
바닷속,3
청소년,3
왕조,3
붕붕이,3
통일,3
식회,3
강문,3
작동,3
며느리,3
스마트폰,3
계회,3
수학여행,3
발바닥,3
풍미,3
아아,3
새끼,3
해리,3
장마,3
피맥,3
탕수육,3
명명,3
메밀꽃,3
소금강,3
다래,3
양보,3
삼촌,3
고백,3
인제군,3
가루,3
주유소,3
분리수거,3
결심,3
거대,3
등산로,3
대명,3
시식,3
물론,3
사철,3
양념장,3
곤충,3
프리덴,3
타월,3
파워,3
한숨,3
대위,3
해식애,3
공놀이,3
보일러,3
대리,3
순삭,3
저리,3
운전자,3
녹차,3
대여료,3
바위산,3
코크,3
고적,3
통일전망대,3
카약,3
이용객,3
온수풀,3
스킨,3
세련,3
물줄기,3
이하,3
야자수,3
군대,3
야자,3
여성,3
면발,3
서치,3
주년,3
이마,3
조아,3
작용,3
수압,3
센타,3
이드,3
주요,3
소음,3
슬픔,3
그간,3
쇼핑몰,3
협찬,3
리어,3
태관,3
한정,3
해설,3
코피,3
연령,3
코코,3
신선놀음,3
시크,3
코트,3
영광,3
방바닥,3
바캉스,3
스팟,3
핑장,3
공개,3
뷔페,3
만발,3
탈수기,3
초가을,3
구어,3
테크,3
최장,3
매매,3
둥이,3
오지,3
귀환,3
구분,3
고등어,3
친환경,3
안성맞춤,3
바지락,3
등반,3
진짜,3
찰떡,3
어깨동무,3
부페,3
알람,3
워시,3
그걸로,3
관찰,3
영문,3
사이다,3
가정,3
이걸로,3
천막,3
출입구,3
감격,3
범종,3
가구,3
파파,3
상기,3
득템,3
회전,3
초겨울,3
식품,3
정화,3
아침밥,3
아야진,3
서철,3
남부,3
여운,3
경내,3
한산,3
건축,3
냇가,3
봉사,3
묘사,3
커텐,3
사막,3
입산,3
라탄,3
뱃속,3
밤중,3
밴드,3
네일,3
사연,3
경상도,3
킹크,3
봉가,3
회도,3
양해,3
스위치,3
해장국,3
곰배령,3
휴무일,3
소녀,3
새우젓,3
오래간만,3
시판,3
동쪽,3
평타,3
스무디,3
폭발,3
호두과자,3
궁합,3
트래킹,3
고등학교,3
무척,3
모서리,3
부침개,3
투정,3
비룡,3
진상,3
플라스틱,3
숙면,3
반면,3
인천,3
출시,3
놀이터,3
가치,3
아점,3
채비,3
머리카락,3
루보,3
당신,3
경포호,3
시간표,3
메이플라워,3
우여곡절,3
사투리,3
흥미,3
초록색,3
슈즈,3
저쪽,3
부제,3
탄생,3
두산,3
호빵,3
선호,3
온기,3
마니아,3
선라이즈,3
물치,3
둔내,3
들꽃,3
베개,3
별루,3
축하,3
일환,3
수수,3
응원,3
무릎,3
빗소리,3
원위치,3
내게,3
프라이즈,3
어부,3
보고,3
강화,3
한계령,3
요새,3
야심,3
철거,3
누각,3
외식,3
연중무휴,3
내기,3
최적,3
벌금,3
바깥쪽,3
구멍,3
심플,3
발가락,3
형제,3
피쉬,3
연계,3
트리,3
경도,3
추암,3
아크릴,3
파도타기,3
차림,3
해소,3
라임,3
학년,3
만점,3
통로,3
풀스,3
최악,3
허락,3
스페셜,3
시계,3
감자전,3
기승,3
淸遊,3
해물탕,3
레이,3
산하,3
북적,3
아이러니,3
구니,3
소떡,3
유튜브,3
주기,3
운동장,3
감칠맛,3
데스크,3
우동,3
기전,3
거길,3
불이문,3
민족,3
참치,3
바닐라,3
기반,3
주막,3
사워,3
멜론,3
수요,3
멧돼지,3
회한,3
허브,3
산행,3
기타,3
왕자,3
송파,3
앙양,3
다림,3
동명항,3
일렬,3
메뉴인,3
경비,3
방어,3
다정,3
아드,3
포착,3
탐색,2
논문,2
석쇠,2
사바리,2
두부,2
부대시설,2
어수선,2
바요,2
지평선,2
특정,2
보장,2
이야길,2
그인,2
공급,2
외모,2
뽀대,2
일치,2
세부,2
잔해,2
업로드,2
훈련장,2
식수,2
견과,2
용량,2
등산객,2
스위밍,2
프로모션,2
독립,2
조회,2
프랑,2
성황당,2
타올,2
특이점,2
도토리묵,2
수입,2
주인공,2
트렁크,2
표현력,2
풍류,2
불화,2
건어물,2
목도리,2
최상,2
팜플렛,2
노곤,2
압력,2
원도,2
방출,2
독사진,2
수원,2
연이,2
우편,2
신우,2
관리인,2
사계,2
시내버스,2
가즈,2
칩스,2
텃밭,2
국토,2
부흥,2
휴게실,2
공포,2
연장,2
감시,2
우왕,2
향토,2
재윤,2
무대,2
황토,2
안마,2
청정기,2
권금,2
비어,2
매주,2
광각,2
해안도,2
전환,2
로프,2
우울,2
비구름,2
러블리,2
다비도프,2
논리,2
프로젝트,2
휴게,2
숫자,2
대국,2
낙지,2
출입금,2
아지트,2
오실,2
회가,2
후보,2
인어,2
예방,2
보름,2
철석,2
광진리,2
정신줄,2
이용한,2
취사,2
와우,2
담요,2
행각,2
애미,2
부둣가,2
방태산,2
친화,2
탄산수,2
안갯속,2
실습,2
거인,2
베지,2
댄스,2
자제,2
수량,2
갈비찜,2
실비,2
초행,2
목탁,2
징검다리,2
경향,2
복도,2
대만,2
대장,2
이색,2
원조,2
일지,2
무장,2
출구,2
팔자,2
광장,2
외돌개,2
협회,2
내품,2
동산항,2
순서,2
갈대,2
경고문,2
충만,2
대체,2
맞춤,2
활성,2
해일,2
출근,2
터리,2
약국,2
바램,2
공양,2
암반,2
통합,2
해파리,2
자녀,2
공식,2
출렁다리,2
관념,2
견학,2
리라,2
관망,2
가격대,2
허허,2
햇님,2
인원수,2
강일,2
송어,2
남발,2
사나이,2
만찬,2
여건,2
까스,2
톨게이트,2
다사다난,2
인위,2
고속버스,2
오래전,2
구체,2
붙박이,2
양행,2
도라,2
기겁,2
여름밤,2
장마철,2
데코,2
승리,2
영국,2
사자,2
솔로,2
진미,2
바스,2
다시,2
스킵,2
장쾌,2
산수화,2
한판,2
가리,2
모레,2
호실,2
라이프,2
하늘소,2
도모,2
원색,2
상어,2
복구,2
당근,2
연주,2
샌들,2
영하,2
남양주,2
가늠,2
이태원,2
공통,2
위생,2
국군,2
안착,2
경제,2
비터,2
조각품,2
주먹,2
나뭇잎,2
피크닉,2
현대식,2
공작소,2
만신창,2
맥주병,2
하윤,2
오롯,2
인디언,2
천지,2
수첩,2
비추,2
경품,2
부동산,2
가격표,2
대길,2
생전,2
아이디어,2
행기,2
파우더,2
거북바위,2
대추차,2
머스,2
다이나믹,2
레오,2
원산지,2
빨간색,2
법당,2
선수,2
메밀부침,2
브라운,2
그물,2
지역민,2
타인,2
사건,2
괴석,2
정차,2
호불호,2
글래스,2
레이스,2
준공,2
가야지,2
조율,2
제입맛에,2
슬로우,2
상업시설,2
상차림,2
바라,2
잠금장치,2
일만,2
숨쉬기,2
여보,2
배터리,2
말랑,2
새소리,2
청봉,2
기린면,2
장갑,2
아씨,2
무얼,2
동선,2
흘림,2
절기,2
마인드,2
다락방,2
덮밥,2
부채,2
상호,2
프레임,2
경로,2
간식거리,2
저길,2
오대양,2
프론트,2
수상스키,2
여시,2
샤인,2
양배추,2
수위,2
원두커피,2
대답,2
스타트,2
부녀,2
장구,2
백숙,2
트레이드,2
서울특별시,2
사무실,2
구려,2
도마,2
물소리,2
키친,2
무심,2
경기장,2
얼음장,2
핸드,2
로고,2
다트,2
회상,2
디피,2
양도,2
자발,2
심리,2
재질,2
머릿속,2
분식집,2
스탬프,2
등신,2
고소영,2
초의,2
부자,2
정박,2
벽화,2
자면,2
클라스,2
천진,2
관음보살,2
집중,2
애플,2
뭘까요,2
내외분,2
설화,2
호랑이,2
사생활,2
치마,2
문명,2
달걀,2
가짓수,2
육체,2
기초,2
강요,2
릴렉스,2
수산물,2
할아버지,2
장승,2
주말여행,2
감자튀김,2
드랑,2
결혼기념일,2
현지인,2
함흥냉면,2
티켓,2
나뭇가지,2
꽃길,2
슬라이더,2
토실,2
눈빛,2
안정,2
메르스,2
파인애플,2
스웨트,2
미스,2
겨울바람,2
북한,2
최신식,2
의상대,2
변기,2
멍게,2
환복,2
익살,2
관통,2
상도,2
개미,2
보전,2
구민,2
소면,2
한가,2
자물쇠,2
그리기,2
노란색,2
압승,2
스카,2
아비규환,2
계산대,2
장치,2
급경사,2
퇴장,2
비막,2
양야,2
쿠션,2
앞뒤,2
문양,2
열기,2
기거,2
욕망,2
파편,2
현빈,2
미스테리,2
치바,2
여리,2
그중,2
사냥,2
슬로건,2
순수,2
장찌개,2
심볼,2
윤여,2
메이즈,2
전후,2
바나나보트,2
습도,2
누드,2
동창,2
조사,2
사설,2
문리,2
물살,2
구름층,2
보이,2
평상시,2
단거리,2
감소,2
망지,2
볶음,2
파악,2
지갑,2
지난달,2
보름달,2
슬립,2
봉변,2
벽지,2
대학생,2
고스톱,2
피신,2
중자,2
포항,2
개신,2
설립,2
河崙,2
까불이,2
소나기,2
식별,2
의존,2
동치미,2
소풍,2
잎새,2
체어,2
허벅지,2
보드게임,2
추첨,2
중수,2
각인,2
신생,2
막대,2
명주,2
압박,2
골뱅이,2
예매,2
헤어,2
잠실,2
유령,2
사춘기,2
불볕더위,2
실루엣,2
적극,2
아수라장,2
페퍼로니,2
우주,2
이대로,2
트리트,2
물컵,2
제각각,2
건국,2
농어촌,2
한반도,2
행선지,2
촉감,2
너희,2
위층,2
파김치,2
마성,2
멕시코,2
쥐포,2
영양,2
청룡,2
수온,2
목소리,2
라스트,2
탄산,2
제목,2
일진,2
갓길,2
열창,2
추정,2
소아과,2
양옆,2
수백,2
빈티지,2
투숙,2
호기,2
호소,2
국제,2
냠냠,2
이튿날,2
명단,2
소진,2
장동건,2
모래땅,2
콧바람,2
강조,2
승자,2
최고봉,2
금진,2
문외한,2
선배,2
보유,2
무색,2
부여,2
가자,2
자나,2
장호항,2
소멸,2
책상,2
산포,2
상행,2
색연필,2
장바구니,2
물냉면,2
참가,2
안남,2
마린,2
보너스,2
노을빛,2
백두,2
덮개,2
어회,2
별미,2
장소라,2
쿠바,2
노블,2
수년,2
묶음,2
손잡이,2
수묵화,2
칠성,2
매니아,2
돌이,2
기성,2
왕새우,2
의류,2
자취,2
음미,2
규칙,2
열대어,2
순번,2
아동,2
연발,2
갓김치,2
축복,2
토치,2
중국집,2
생김,2
렐라,2
쥬스,2
저자,2
청년,2
초월,2
문중,2
가본,2
업소,2
코드,2
주둥,2
웅장,2
참나무,2
패키지,2
적조,2
올겨울,2
내리막,2
중년,2
꼬막,2
제겐,2
외옹,2
귀소,2
뉴스,2
미술관,2
유사,2
진도,2
절망,2
연화,2
중도,2
사회,2
모래알,2
도심,2
화장,2
랩스,2
신날,2
신자,2
로맨틱,2
개불,2
모니,2
애비,2
옹심,2
잠수,2
연차,2
라산,2
찌개,2
양앙,2
권장,2
물놀이장,2
케이블,2
와구,2
유치,2
정선,2
솔숲,2
민물,2
저격,2
머신,2
동심,2
유영,2
나비,2
안전제일,2
점퍼,2
폐쇄,2
어미,2
비몽사몽,2
화마,2
성전,2
산림,2
하네,2
열일,2
개구쟁이,2
구라,2
삼총사,2
시어머님,2
동호리,2
대환,2
삼척시,2
스캔,2
밤잠,2
욕구,2
효도,2
풍화,2
산림청,2
바버,2
하단,2
계기,2
펀딩,2
찜질,2
나들이객,2
호주,2
향도,2
풍요,2
쓰레기통,2
하네스,2
자청,2
브레이크,2
의문,2
발휘,2
장작,2
문우,2
전라,2
중독,2
팥빙수,2
윤군,2
보니타,2
소란,2
음식물,2
비번,2
고난,2
스탠드,2
독서,2
반도체,2
핫초코,2
상영,2
트레일러,2
문학,2
세기,2
김치찌개,2
무산,2
도장,2
트립,2
휴식처,2
회포,2
테마,2
레일,2
연유,2
꼭데,2
전기밥솥,2
댕댕이,2
성게,2
오리지날,2
초밥,2
케어,2
에어,2
하자,2
연락처,2
지번,2
무박,2
과거,2
편지,2
잡이,2
크루,2
저흰,2
성찰,2
대군,2
대각선,2
파리,2
지면,2
오토캠핑,2
단청,2
숨바꼭질,2
야호,2
통상,2
나무숲,2
발생,2
만차,2
반경,2
엉망진창,2
여지,2
전문,2
대사,2
작업,2
백색,2
양구,2
진가,2
베란다,2
트윈,2
재수,2
달력,2
교량,2
인디,2
저게,2
무계획,2
주택,2
복판,2
개시,2
오빤,2
메인,2
유니,2
소설,2
레베,2
버팔로,2
샴페인,2
잔소리,2
협곡,2
콘센트,2
스탠다드,2
식혜,2
화장대,2
아래층,2
운전대,2
조선소,2
디테일,2
황사,2
자두,2
전달,2
우애,2
스크린,2
디스,2
군청,2
전시물,2
솜씨,2
제휴,2
참기름,2
침식,2
황금,2
풀장,2
안지기,2
저건,2
월정사,2
기둥,2
커버,2
적격,2
목격,2
개천,2
대출,2
형형색색,2
담쟁이,2
매미,2
물김치,2
울산바위,2
카톡,2
종교,2
연중,2
요놈,2
손바닥,2
장미,2
정점,2
막장,2
물병,2
관음,2
우비,2
고기잡이,2
정거장,2
전라도,2
상환,2
책자,2
전신,2
권유,2
로스팅,2
스케일,2
무료입장,2
청초호,2
사면,2
불공,2
나위,2
데이,2
유형,2
감나무,2
풀이,2
지수,2
월화,2
교토,2
하투,2
갤러리,2
법전,2
포장마차,2
참외,2
수협,2
레이팅,2
저질,2
거북,2
휴계소,2
술잔,2
고명,2
유모차,2
국밥,2
후진,2
우드,2
노후,2
뽀뽀,2
강물,2
산림욕,2
소름,2
불가사리,2
중부,2
새꼬,2
선방,2
광란,2
인덕션,2
녹색,2
드리,2
단속,2
샘플,2
국적,2
잔디,2
오렌지,2
요트,2
서림,2
조도,2
경기도,2
집단,2
세로,2
권금성,2
이기,2
페일,2
서프보드,2
모티브,2
잔교리,2
이터,2
아담,2
교실,2
치국,2
이용권,2
주입기,2
구림,2
다인,2
여관,2
양평,2
이리,2
부피,2
수채화,2
허접,2
신선바위,2
무채색,2
망원,2
우정,2
빨래,2
전형,2
천하무적,2
가시,2
이득,2
산회,2
무늬,2
여인,2
배고픔,2
벨기에,2
옆길,2
각각,2
발밑,2
능력,2
선점,2
눈높이,2
고소,2
주류,2
사라,2
봉수대,2
앵글,2
장수풍뎅이,2
관세음보살,2
분주,2
외할아버지,2
나쵸,2
남진,2
보온,2
동자,2
보정,2
한계,2
메일,2
파스타,2
상대사,2
출전,2
근교,2
대중교통,2
듀오,2
미나리,2
오리고기,2
땀구멍,2
자락,2
도호부,2
포도,2
호스,2
아스팔트,2
트레이,2
철골,2
평생,2
태국,2
도로는,2
일명,2
단계,2
상비약,2
매일,2
전반,2
일산,2
해뜨기,2
고독,2
솔트,2
멘붕,2
배추,2
상추,2
후배,2
어금니,2
이지용,2
비상,2
요깃거리,2
기후,2
허허벌판,2
무선,2
표지,2
화물차,2
환불,2
남미,2
피카츄,2
합류,2
보존,2
스파르타,2
한식,2
노천탕,2
사료,2
몽환,2
출몰,2
청춘,2
가본적,2
속세,2
곰탕,2
들마루,2
예정일,2
열대,2
막간,2
정문,2
선박,2
리본,2
감회,2
결재,2
상의,2
늦여름,2
고수,2
움짤,2
교체,2
임시,2
오두막집,2
노이즈,2
경매,2
살짝,2
기모,2
열중,2
몬스터,2
환기,2
발동,2
지침,2
철폐,2
물질,2
세일,2
미닫이,2
춘천시,2
담벼락,2
랜드,2
외가,2
장착,2
코너,2
사색,2
원룸,2
우야,2
반반,2
결말,2
천만,2
야광,2
성남,2
두유,2
배속,2
제곱미터,2
시주,2
임신,2
짠맛,2
강바닥,2
꾸밈,2
운동화,2
촉박,2
양호,2
생략,2
불철주야,2
오륙,2
살얼음,2
매콤,2
넓이,2
자식,2
천연,2
안경,2
지밀,2
대첩,2
화분,2
스크래치,2
오바,2
묘적,2
용도,2
카버,2
에너자이저,2
남북,2
인산인해,2
편찬,2
장보기,2
조건,2
오늘날,2
푸른색,2
소변,2
영어,2
교환,2
여파,2
려고,2
효능,2
쉼표,2
겨울철,2
불법,2
마중,2
수정,2
개인택시,2
조림,2
임팩트,2
주간,2
산봉우리,2
자작,2
부실,2
콜맨,2
장조림,2
수제비,2
크림치즈,2
리스트,2
망상,2
번창,2
분노,2
레포츠,2
유일,2
주면,2
광주,2
천과,2
브로,2
시럽,2
얼스,2
청하,2
충전,2
신명,2
꽃등심,2
일석이조,2
차원,2
불친절,2
양산,2
목이버섯,2
동남쪽,2
온돌방,2
원주,2
토끼,2
배낭,2
단무지,2
칠레,2
발령,2
기차,2
선인,2
등대도,2
전세,2
오지랖,2
주스,2
원목,2
소용,2
모형,2
물거품,2
레져,2
각정,2
모던,2
필두,2
돌솥,2
덕평,2
그건,2
드라이,2
요령,2
상업,2
요정,2
건진,2
역동,2
집사람,2
지니,2
콩알,2
손끝,2
미술,2
매칭,2
드로잉,2
네모,2
오심,2
영조,2
상담,2
선곡,2
버스표,2
막무가내,2
분기점,2
개선,2
문연,2
동화,2
반사,2
경이,2
대조,2
봉지,2
오오,2
시당,2
비뉴,2
처리,2
포차,2
칠층석탑,2
나이프,2
타요,2
미션,2
방원,2
미래,2
순두부,2
물맛,2
대하드라마,2
용안,2
자동,2
내심,2
밥맛,2
경주,2
콧물,2
점멸,2
요금표,2
집어등,2
휴전선,2
쿠팡,2
밥상,2
산불,2
물안개,2
방풍림,2
관람객,2
치도,2
강제,2
바라기,2
여인숙,2
포스터,2
면옥,2
내지,2
점봉산,2
위협,2
정말,2
길라잡이,2
접이식,2
에이드,2
위엄,2
소양강,2
뎅이,2
말차,2
음주,2
내판,2
컨텐츠,2
펜슬,2
산양,2
캐논,2
마케팅,2
가스레인지,2
두국,2
침묵,2
빨대,2
층계,2
도서관,2
콘크리트,2
보금자리,2
역쉬,2
굴뚝,2
업고,2
식단,2
저세상,2
장수,2
식전,2
귀경,2
빙수,2
이추,2
사단,2
쥔장,2
금상,2
체감,2
손짓,2
가로등,2
반성,2
이동식,2
대나무,2
기념사업,2
국제공항,2
뒷면,2
회중,2
스탠딩,2
기행,2
절임,2
거짓말,2
섭취,2
공존,2
장건,2
지용,2
앤데,2
익스프레스,2
대서,2
물티슈,2
로컬,2
지배,2
즐겨찾기,2
경계선,2
보행,2
거두절미,1
좌절,1
즉석,1
관람료,1
스모킹,1
이외,1
오프,1
레인,1
풍물,1
손재주,1
조오,1
니트,1
피치,1
刻石,1
차문,1
착상,1
참깨,1
대접,1
결과물,1
도자기,1
비프,1
벙커,1
칠리소스,1
감돈,1
핫바,1
콘셉트,1
광합성,1
라파,1
와옥,1
특징,1
校理,1
치악산,1
스펀,1
신혼,1
간행,1
합의,1
성준,1
요호,1
대통령,1
강과,1
천수경,1
머리칼,1
송도,1
의정부,1
잡생각,1
동력선,1
코플,1
만수위,1
가위바위보,1
조방,1
뒤통수,1
입동,1
바야,1
저달,1
부르스,1
통행로,1
인도네시아,1
금방,1
가버,1
스컬,1
로케,1
궁예,1
맞음,1
평안,1
우로,1
방석,1
동력,1
명당자리,1
소용돌이,1
상대방,1
당뇨,1
양심,1
울림,1
유남,1
열심,1
이만큼,1
보리,1
고찰,1
인지상정,1
마레,1
군자,1
일쑤,1
내직,1
부채살,1
도배,1
이참,1
비타민,1
매진,1
캘리포니아,1
빈터,1
가실,1
흑기사,1
해수욕객,1
드라이빙,1
천수,1
무한도전,1
인맥,1
생동감,1
정수기,1
헌팅,1
요걸로,1
이용팔,1
레일바이크,1
올레,1
보라,1
잠투정,1
초곡,1
기부,1
속안,1
행주,1
일광욕,1
지평,1
초원,1
올리브,1
정민이,1
수란,1
원근,1
철벽,1
성향,1
울진,1
스케치북,1
한계리,1
고배,1
옹아,1
파란,1
좌선,1
서랍,1
반죽,1
라디오,1
긍정,1
송천,1
여과기,1
베스,1
재정,1
감개,1
백화점,1
불허,1
다개,1
생양,1
앞줄,1
산봉,1
바이스,1
전력,1
도가,1
소금구이,1
베베,1
핸들,1
땅바닥,1
이순신,1
간신,1
배반,1
오밤중,1
레이지비,1
씽크,1
내세,1
부호,1
고용,1
한그루,1
설계,1
풍동,1
길고,1
무아지경,1
요신,1
피난민,1
잡기,1
노트,1
러프,1
남음,1
경춘로,1
부포,1
위키,1
배부름,1
확산,1
꿀벌,1
한수,1
운전사,1
용화,1
붓기,1
너모,1
몸보신,1
토너먼트,1
작은방,1
구나,1
물위,1
원시인,1
동과,1
탄신일,1
마리나,1
과음,1
가효,1
애교,1
황홀,1
목걸이,1
축소,1
엄처,1
인척,1
왜곡,1
리듬,1
방갈로,1
폐부,1
운운,1
주세요,1
모바일,1
선구리,1
전구,1
도프,1
타보,1
녀복,1
가슴팍,1
국외,1
처분,1
그랜저,1
가수,1
헛걸음,1
주마,1
뿌셔뿌셔,1
중종,1
수유,1
애벌레,1
신사,1
소년,1
스파게티,1
교회,1
소율,1
사와라,1
관측자,1
치노,1
목장이,1
食堂,1
후사,1
화병,1
테이블보,1
테이,1
모험,1
해오름,1
오만,1
실파,1
콜롬비아,1
이유로,1
칼집,1
무하,1
달팽이,1
장기예보,1
카레,1
형아,1
프로방스,1
리리,1
장상,1
질라,1
엔비,1
타래과,1
말투,1
컨디,1
태열,1
입가심,1
관점,1
성리학,1
프라자,1
명함,1
방치,1
최상류,1
타이,1
확장,1
측정,1
이영자,1
개짓,1
외직,1
금덩어리,1
진수,1
인정사정,1
심사숙고,1
관음증,1
세배,1
초등학생,1
해리포터,1
이트맨,1
가매,1
부사,1
산로,1
테마파크,1
들안,1
오바이트,1
무에,1
셔틀버스,1
수분,1
절리,1
유자차,1
大海,1
이동한,1
버팀목,1
참전,1
아비,1
혼란,1
외편,1
재물,1
정중앙,1
막차,1
경순왕,1
대로변,1
박제,1
닭백숙,1
향초,1
노하우,1
이주신,1
스피커,1
웨이,1
산토리니,1
원인,1
삐비,1
로스트,1
돌잔치,1
상직,1
워커,1
회복,1
갈고리,1
독주,1
게장,1
스위트,1
숙박소,1
겉보기,1
질감,1
맥도날드,1
충동,1
흡연자,1
장담,1
코라,1
언더,1
모터,1
유니콘,1
한글,1
팬케익,1
마술,1
한가위,1
호비,1
소가,1
부양,1
지예,1
파파라치,1
숩니다,1
하학,1
비고,1
명량,1
소유자,1
볼스,1
독도,1
토리,1
장아찌,1
대번,1
무적,1
알지,1
소짜,1
월트,1
초순,1
앞부분,1
돈대,1
온양,1
공공시설,1
제육볶음,1
공덕,1
내부리,1
구제,1
점등,1
가시연,1
모과차,1
코팅,1
타임즈,1
수거,1
세탁실,1
탐사,1
맛소금,1
산리,1
입지,1
파워에이드,1
동부그룹,1
재녀,1
시련,1
일간,1
지구본,1
장인어른,1
그땐,1
분식,1
노약자,1
고성군,1
내게도,1
호라이즌,1
거두,1
해조,1
제값,1
슬링,1
거사,1
두부조림,1
내륙,1
터키,1
꽃말,1
병목,1
시엔,1
늦장,1
가든,1
시체,1
방침,1
독약,1
삼거리,1
크리에이티브,1
안내원,1
야시장,1
우사,1
떡실신,1
정언,1
디그,1
동희,1
전어,1
충절,1
김녕,1
우승,1
왜건,1
셀렉,1
시강,1
곤욕,1
개혁,1
대성공,1
푸른하늘,1
달료,1
각수,1
단우,1
연료,1
좌식,1
결합,1
고양,1
비전,1
부과,1
버프,1
애마,1
지렁이,1
주부,1
볼리비아,1
페인,1
놀이동산,1
엄살,1
제사,1
천만다행,1
기류,1
청바지,1
한약재,1
여요,1
하오안리,1
유스,1
모터사이클,1
쭈쭈,1
비방,1
관동,1
바리,1
적정,1
우연,1
터울,1
상번,1
티가나,1
인기리,1
대성전,1
살만,1
야양,1
막판,1
넘버링,1
스커트,1
스티,1
불당,1
용서,1
사천왕문,1
후문,1
형언,1
주변머리,1
단벌,1
그라운드,1
페리뇽,1
동료,1
보호구역,1
건축비,1
상권,1
순포,1
고집,1
무모,1
소피,1
지희,1
어께,1
분당,1
땅콩버터,1
밥통,1
부리,1
수해,1
놀이방,1
아참,1
캐치볼,1
나잇,1
원시,1
입전,1
게젓,1
순경,1
기독교,1
설악동,1
혹설,1
아트,1
통한,1
문패,1
충인,1
탁구,1
출발점,1
구스,1
휴지,1
함경도,1
팜파스,1
피난길,1
스릴감,1
수역,1
점시,1
현북,1
멘톨,1
소가족,1
도식,1
서식지,1
기백,1
용돈,1
하룬,1
하드,1
마흔,1
번달,1
확률,1
쟁반,1
면민,1
따분,1
용호,1
보호법,1
공연장,1
참소,1
무네,1
응답,1
나방,1
트친,1
알펜시아,1
언덕배기,1
연예인,1
해마,1
마차,1
사수,1
적개심,1
인가,1
레스,1
포켓몬스터,1
이엘,1
영춘,1
설명서,1
빵집,1
광교,1
태양광,1
벨트,1
오드,1
허무,1
브레드,1
풍랑,1
진료,1
정암리,1
애봉이,1
산더미,1
본래,1
저분,1
아이젠,1
새우잠,1
따개,1
단거,1
사진첩,1
사인,1
크런치,1
선봉장,1
재팬,1
닥달,1
대임,1
어린이집,1
소미,1
입추,1
이중환,1
소한,1
아이덴티티,1
앵두,1
학포,1
뒷전,1
외근,1
고지,1
전데,1
탕거리,1
잡귀,1
지분,1
뒷줄,1
테트라,1
앞장,1
인터,1
돌변,1
대학,1
슬로프,1
폐문,1
이즈,1
짝꿍,1
찰떡궁합,1
빨랫줄,1
공격,1
딸기코,1
대우,1
해동,1
감내,1
정자형,1
귀틀집,1
바깥공기,1
태종,1
절반,1
유행어,1
광지,1
산촌,1
졸음,1
갱장,1
앞집,1
글라스,1
석고상,1
배드민턴,1
억측,1
냉동식품,1
보티타,1
후추,1
개학,1
옆얼굴,1
동북,1
마키나,1
형체,1
나말,1
레츠고,1
내손,1
개학식,1
달인,1
서문,1
통째,1
지표,1
캡쳐,1
도라지,1
셔츠,1
입소문,1
만물상,1
하방,1
누굴,1
미간,1
발품,1
개구리,1
창립,1
은진,1
갤럭시,1
페루,1
복분,1
단풍나무,1
어성전리,1
가장,1
고목,1
무한궤도,1
접수대,1
엘베,1
사절,1
훈장,1
전골,1
근육,1
왁스,1
건조대,1
인수,1
군경,1
원대,1
유가,1
영조실록,1
레버,1
연봉,1
연이수,1
상판,1
난전,1
음력,1
엠씨,1
간대,1
누군지,1
나이다,1
자켓,1
조리대,1
빨간불,1
화로,1
용소,1
가파,1
비트,1
패티,1
정책,1
인단,1
하진부,1
입점,1
뭔일,1
모션,1
시세,1
목발,1
배불,1
부킹,1
듀스,1
밭길,1
젠틀,1
프라이어,1
이동간,1
황금빛,1
퇴사,1
장모님,1
보타,1
와이드,1
통행료,1
완주,1
주정,1
차판,1
별건,1
삼가,1
토종닭,1
피난,1
논길,1
시루떡,1
허브차,1
생살,1
정자동,1
활력,1
사치,1
깜짝쇼,1
허탈,1
실론,1
탈색,1
충실,1
데일리,1
주막집,1
도루묵,1
신달자,1
활엽,1
코발트색,1
페어링,1
몸짓,1
수납장,1
호우,1
지적,1
예견,1
국수집,1
태동,1
직장,1
미쁨,1
승정원일기,1
호출,1
용왕,1
라피아,1
캬라멜,1
바깥양반,1
퍼센트,1
종루,1
덕산,1
본부,1
성씨,1
하루하루,1
저니,1
회장,1
가죽,1
멘토,1
음량,1
롯데월드,1
여드름,1
프랜차이즈,1
선산,1
공가,1
지역주의,1
핑클,1
나미,1
오른손,1
저위,1
비중,1
일주,1
번잡,1
인생무상,1
극가,1
산모,1
액땜,1
기물,1
초특급,1
세도,1
소뼈,1
비디오,1
코스프레,1
상원사,1
서바이벌,1
기념탑,1
충분,1
을왕,1
전화기,1
출원,1
마녀,1
과소평가,1
누사,1
술상,1
오뎅,1
환호성,1
참가자미,1
미지,1
질대,1
단박,1
남순동자,1
슈도,1
반신반의,1
임무,1
간간,1
농원,1
산업,1
고등,1
자선,1
덕과,1
당거,1
용자,1
내진,1
길더,1
컨트롤러,1
오토,1
거주,1
카바나,1
손사래,1
김유정,1
남양주시,1
벼랑,1
모래찜질,1
정시,1
암막,1
질주,1
담군,1
반입,1
모니터,1
무상,1
남대,1
조타,1
친두,1
과언,1
엄만,1
쑥부쟁이,1
틸레,1
중소형,1
샤샤,1
아로마,1
피트,1
화성,1
원터치,1
경기,1
아프리카,1
카페테리아,1
철저,1
주유,1
맛김,1
국서,1
우후죽순,1
힙스터,1
카빙,1
이진,1
설날,1
안습,1
프랑스,1
빵이,1
장인,1
외할머니,1
킬러,1
수험,1
유해,1
월동,1
바이런베이,1
닷컴,1
자꾸,1
휘파람새,1
석상,1
옥션,1
꼬치,1
저작,1
수백만,1
구덩이,1
페이스북,1
첫차,1
화물,1
그래퍼,1
삼봉,1
스매싱,1
복실,1
겉절이,1
다용,1
무니,1
생명체,1
아픔,1
순백색,1
今來,1
임석,1
신문지,1
토깽이,1
행은,1
브릿지,1
갈일,1
다미,1
길잡이,1
웨이브,1
아달라,1
고깃배,1
수륙양용차,1
동편,1
찻집,1
마킹,1
조상,1
노대,1
손석희,1
플립,1
워킹,1
오산리,1
오키나와,1
성경,1
저만큼,1
진척,1
열병,1
피아,1
방파,1
식목일,1
슈페너,1
아무데,1
화두,1
제지,1
팀원,1
대회,1
조장혁,1
카바,1
인환,1
추신,1
페어,1
전통문화,1
발합,1
유력,1
향진,1
스쿠터,1
논공행상,1
휴가기,1
뮤직,1
종도,1
전자시계,1
내맘대로,1
탈착,1
신발장,1
마무,1
스파펜,1
유추,1
원대리,1
천사,1
화도,1
카이,1
강사진,1
어묵,1
정막,1
주관,1
시한부,1
시골집,1
패러,1
다친거,1
범상,1
개나리,1
외솔,1
구별,1
리그,1
토종,1
비이,1
너울,1
느그,1
혈맥,1
회마,1
신사동,1
거거,1
아메리칸,1
교통비,1
돌기,1
거점,1
만회,1
쥬시,1
김상중,1
번호판,1
송년회,1
물류,1
지이,1
버핏,1
은행나무,1
차창,1
내설악,1
빙판길,1
품관,1
신도,1
친정아버지,1
목록,1
신봉,1
위방,1
연륜,1
병력,1
인적,1
염장,1
박만,1
향수,1
보조,1
농촌,1
블록,1
하마,1
진이,1
예수,1
화단,1
피클,1
부대,1
스펜,1
엄습,1
미지수,1
퓨저,1
척아,1
고래상어,1
뭘까,1
판위,1
설맞이,1
케일,1
성찬,1
다일,1
출퇴근,1
조롱박,1
귀염둥이,1
조종,1
자심,1
전라남도,1
매가,1
징역,1
국공,1
레이저,1
여덟,1
둔자,1
몰두,1
하행선,1
친견,1
하느님,1
요함,1
주문진읍,1
직선거리,1
판도라,1
화이팅,1
조참,1
방광,1
갈색,1
폐업,1
삼진,1
기세,1
증산,1
府使,1
크레이터,1
패들,1
개동,1
녹즙,1
로얄,1
방조제,1
런던,1
무안,1
당첨금,1
베페,1
화암사,1
냉장,1
끈기,1
일용,1
同行,1
도꾸이,1
금빛,1
특허,1
드레싱,1
최단,1
발대식,1
선전물,1
병천,1
방류,1
녹음,1
언호,1
실속,1
올레길,1
화강,1
양지,1
나날,1
고화질,1
에다마메,1
사천진리,1
피부과,1
등짝,1
노땅,1
미진,1
리쉬,1
경하,1
내내,1
나서,1
서랍장,1
둔치,1
스푼,1
일곱,1
성패,1
탈수,1
옹이,1
스파클,1
수호천사,1
허풍쟁이,1
패디,1
반데기,1
시선집중,1
하우,1
뭉게구름,1
사진기,1
송편,1
영자,1
숫물,1
오계,1
인중,1
동의금,1
따구,1
석가,1
칩거,1
과시,1
우유니,1
이상형,1
강동구,1
경담,1
조니,1
화로구이,1
병따개,1
소이,1
궁극,1
산삼,1
매그넘,1
합성,1
參判,1
후미,1
성문,1
파스,1
향집,1
반투명,1
통조림,1
화룡,1
실각,1
임대,1
후일담,1
워너,1
혈기,1
권력,1
대하,1
비피,1
하소연,1
정체,1
통전,1
함백산,1
노부부,1
두리,1
옥토,1
신경과민,1
고깃집,1
연화법,1
날개,1
찌금,1
태양열,1
현존,1
울돌목,1
목공예,1
김유정역,1
가출,1
오뚝이,1
후면,1
기저귀,1
시실리,1
길옆,1
바진,1
신상,1
장본인,1
개복,1
엑스포,1
산호,1
니즘,1
고니,1
광나루,1
송광모,1
내리막길,1
촌락,1
후삼국,1
칼날,1
글쎄,1
빈정,1
꽃나무,1
문도,1
우물,1
코빅,1
이가,1
기틀,1
낭군,1
공유기,1
상심,1
혁명,1
설겆이,1
트위스트,1
평창군,1
아들내미,1
화관,1
배위,1
자장면,1
간당,1
꽃가루,1
호피,1
중화요리,1
자취방,1
대동,1
딸아,1
風物,1
슈크림,1
최강,1
잔나비,1
소주잔,1
대동여지도,1
사천면,1
나무껍질,1
미비,1
이니셜,1
선장,1
동창생,1
편집,1
코발트,1
독창,1
아울렛,1
체질,1
사시미,1
특공대,1
상류,1
화장품,1
도덕,1
시나몬,1
방충망,1
대본,1
서다,1
스틱,1
진공관,1
플로우,1
남대문,1
기별,1
하맹방,1
장대,1
임직원,1
물웅덩이,1
이쯤,1
잡음,1
에프,1
일종,1
양손,1
얌전,1
착오,1
델피노,1
자몽,1
바이브,1
씨름,1
미학,1
죠기,1
천변,1
모시,1
빗줄기,1
순둥이,1
캡사이신,1
스트롱,1
저혈,1
유크,1
겉옷,1
채광,1
주거,1
질서,1
밥도둑,1
대휴,1
리드,1
인어공주,1
대보,1
직후,1
뇌리,1
반의,1
할만,1
치열,1
타지,1
의뢰,1
이인임,1
마추픽추,1
편입,1
비행선,1
천상,1
어웨이,1
소방관,1
암사,1
사모,1
박자,1
족적,1
아날로그,1
선크림,1
인걸,1
생성,1
홍천군,1
스스,1
안선,1
제이슨,1
능이버섯,1
게찜,1
프런트,1
손실,1
공복,1
등허리,1
박사,1
군것질,1
목조,1
수니,1
분출,1
이익,1
공공,1
정통,1
복근,1
양표,1
찻상,1
큰형,1
큐라소,1
삼합,1
봉황,1
눈동자,1
생고기,1
찬연,1
예초기,1
복국,1
사마시,1
체결,1
폐교,1
혹자,1
로버,1
찰리,1
기러기,1
지킴이,1
고고고,1
보우,1
송죽,1
어젯밤,1
윤철,1
정독,1
내편,1
浴場,1
판도,1
회식,1
케나,1
서려,1
서점,1
밸런스,1
오미자,1
담부,1
계피,1
여비,1
음풍농월,1
하양,1
비오,1
챠니,1
우량아,1
흰둥이,1
겐가,1
퍼스,1
김정호,1
우명,1
하순,1
에콰도르,1
보로,1
조바심,1
마지노선,1
한여름,1
빨래방,1
성장,1
번화가,1
양고기,1
저마다,1
제철,1
팔각,1
구우,1
미러,1
여소,1
상당,1
냉수,1
꽁무니,1
상왕도리,1
청록,1
저녁노을,1
개인기,1
칠만,1
천수천안관세음보살,1
프리덤,1
안테나,1
반공,1
겨울빛,1
수호신,1
미르,1
숙박비,1
로맨스,1
외계인,1
무언갈,1
허탕,1
츄츄,1
이모저모,1
킹메이커,1
주력,1
마을버스,1
뮤지엄,1
전선,1
중국인,1
인구항,1
역무원,1
오디오,1
습지,1
횡재,1
가득,1
건배,1
메꽃,1
아시나,1
외국어,1
뒷정리,1
진부,1
삼발,1
금강문,1
일원,1
가내,1
삘기,1
조선일보,1
당연,1
선라,1
슈에,1
자국,1
진주,1
圖書,1
주살,1
소셜,1
벤트,1
육아,1
신공,1
병풍,1
포스트,1
울엄마,1
돌파,1
설경,1
계단통,1
선림원지,1
자치,1
변동,1
미트,1
이해인,1
접목,1
비스,1
신포,1
코스모스,1
모즈,1
냠냠이,1
프린트,1
여울,1
연근,1
자재,1
비밥,1
패러글라이딩,1
경악,1
에이,1
산발,1
군내,1
하루해,1
사골,1
흡족,1
돈가스,1
캐노피,1
얘길,1
크래프트,1
물체,1
용인,1
혼잣말,1
다라,1
모래시계,1
요란,1
스웨터,1
와플,1
교리,1
비례,1
비게,1
레드불,1
老松,1
국고,1
물통,1
수대,1
지천,1
티엠,1
사지,1
윤미,1
도수,1
디쉬,1
리릭,1
계약,1
과학,1
도분,1
패브릭,1
소두,1
만리,1
歲月,1
해시,1
보드카,1
서진,1
개최,1
미식가,1
도행,1
요술,1
착지,1
묘도,1
죽갓,1
산세,1
코스트코,1
조인,1
묵사발,1
마한,1
매니,1
행선,1
만단다,1
드레스,1
넷째,1
주저,1
플로,1
대틀,1
수염,1
도로포장,1
파바,1
왕당,1
정석,1
유유자적,1
우스,1
이디야,1
앞차,1
정도전,1
부인,1
씨방,1
기동성,1
도로공사,1
양수,1
산부인과,1
통감자,1
노인봉,1
죽음,1
식비,1
목감기,1
슈트,1
장송,1
화담,1
시아,1
여사장,1
면모,1
지부,1
뉴뉴,1
수미,1
고래기,1
협의,1
춘자,1
세은,1
철원,1
식칼,1
졸리,1
상행선,1
장터,1
소지,1
설마,1
기린,1
대란,1
사오,1
익스텐션,1
해살,1
만연,1
덕진,1
궁금증,1
통달,1
까탈,1
택리지,1
전단지,1
최종회,1
복사,1
촬영차,1
젤리,1
보리쌀,1
구탄,1
변성암,1
게딱지,1
도원,1
잠실역,1
위키백과,1
구조대,1
빈스,1
민트,1
복식호흡,1
안내대,1
길바닥,1
에오,1
동태,1
경영,1
고려인,1
대다라니,1
공인,1
탕도,1
푸들,1
집리,1
학부모,1
사무소,1
서성,1
백발,1
지킴,1
치세,1
海水,1
환호,1
종각,1
방음,1
응신,1
분실,1
보라카이,1
위장복,1
금상첨화,1
대구탕,1
삼각,1
편마암,1
타락,1
춘장,1
늦겨울,1
저지,1
군더더기,1
울릉도,1
해양경찰,1
형제간,1
옥주현,1
호변,1
중매인,1
학부,1
작심,1
튤립,1
모노레일,1
전과,1
쏜살,1
치명,1
예열,1
내장,1
케이스,1
同義禁,1
갑산,1
회의,1
스도,1
전진리,1
꺼리,1
외치,1
편식,1
이관,1
양몰이,1
퀴즈,1
양식장,1
환기구,1
도직,1
축협,1
거덜,1
돛단배,1
야영객,1
도약,1
쌈밥,1
마구잡이,1
드림,1
화력,1
대관,1
삽질,1
김종성,1
가도조,1
연륙교,1
토담,1
트램,1
유흥,1
랜덤,1
화현,1
다연,1
오마니,1
중화,1
강인,1
전향,1
가신,1
열흘,1
테일,1
어진,1
중문,1
이즈라,1
세이버,1
전복죽,1
게임방,1
신분증,1
코볼,1
지겁,1
거봉,1
스튜디오,1
동거리,1
말지,1
삼각김밥,1
맥앤치즈,1
풀밭,1
변방,1
생가,1
영랑호,1
공기통,1
하와이안,1
당분간,1
당진,1
멕시칸,1
킬로미터,1
사상,1
혼행,1
역대,1
비눗방울,1
포도밭,1
수립,1
어종,1
등에,1
광어회,1
도가니,1
일한,1
무족,1
캐스퍼,1
표기,1
온새미,1
화각,1
동양,1
연맹,1
가짜,1
독스,1
성묘,1
종사,1
무덤,1
변화무쌍,1
반증,1
이삿짐,1
스케치,1
레드,1
신하,1
화진포,1
프레스,1
왕성,1
삭제,1
날인,1
입양,1
기사문리,1
등극,1
전율,1
쾌감,1
엉망,1
개소,1
함유,1
무휴,1
다이,1
브라질,1
다운,1
눈총,1
망둥이,1
스릴러,1
매생,1
버디,1
카디,1
풀림,1
잔인,1
유면,1
이정도,1
배추김치,1
의금부,1
초전,1
부정,1
재작년,1
이양,1
결혼식,1
웅치,1
체중,1
대결,1
소꿉장난,1
시상식,1
사시,1
북리,1
미미,1
볼일,1
효리,1
찌도,1
거였,1
덩어리,1
시몬스,1
경보,1
조작,1
전투,1
자연지,1
유난희,1
맥반석,1
필리,1
날자,1
각대,1
계통,1
루루,1
차선책,1
어획,1
불안감,1
시민,1
나태,1
골목길,1
건거,1
수유실,1
경과,1
하의,1
우천,1
하가,1
교복,1
박달나무,1
인트,1
회오리,1
브루잉,1
분표,1
조산리,1
호반,1
이상시,1
적자,1
필리핀,1
제비,1
호미,1
재기,1
노예,1
바베,1
배후,1
실로폰,1
로보트,1
위력,1
오동통,1
민성,1
원망,1
시냇물,1
외수,1
옹심이,1
하계휴가,1
영도,1
건디,1
원샷,1
수호지,1
하평,1
가공,1
분여,1
모름,1
모밀,1
스낵,1
줄행랑,1
섭이,1
연곡면,1
자리다툼,1
선회,1
여친,1
굵기,1
안고,1
야드,1
머루,1
수속,1
염전,1
국자,1
플라이,1
조음,1
짐승,1
방하,1
플로어,1
대세,1
현관문,1
세제,1
지에스,1
요동,1
감독,1
사요,1
섭양,1
회색빛,1
제자리,1
이윤,1
청록색,1
빛무리,1
목책,1
전진,1
퇴곡리,1
간밤,1
외딴섬,1
핑기,1
나들목,1
장울,1
신문,1
간지,1
이면,1
보양음식,1
층고,1
위에,1
버릇,1
식용유,1
모터보트,1
담지,1
동아,1
입문,1
구박,1
高速,1
점프대,1
마물,1
하행,1
실인,1
잔설,1
수지,1
살균,1
콩국수,1
성립,1
뷰파인더,1
장호리,1
해암,1
에바,1
사이클,1
찰지,1
인석,1
연대,1
해학,1
캐모마일,1
발담,1
본론,1
클린,1
도다리,1
골짜기,1
대우건설,1
신생대,1
귀기,1
청둥오리,1
출력,1
성인병,1
기름기,1
바쉐,1
충남,1
사극,1
강문동,1
꾸미,1
실사,1
마요네즈,1
애자,1
귀곡,1
지름신,1
농장,1
승천,1
붕어빵,1
정원사,1
상향,1
증조,1
어스본,1
취지,1
행락객,1
고리,1
개중,1
변인근,1
간호사,1
무비,1
진단,1
사도,1
고자,1
개점휴업,1
간만,1
미나,1
멍멍이,1
천년,1
독기,1
역상,1
온종일,1
캠프파이어,1
흡연,1
심이,1
국화,1
군소,1
후손,1
어린애,1
현덕,1
숙취,1
아라,1
키야,1
늦가을,1
슬기,1
선자령,1
직장인,1
수납,1
씨알,1
서던,1
방진복,1
소수,1
잠옷,1
만고,1
특집,1
잠버릇,1
초상권,1
두꺼비,1
던킨도너츠,1
생신,1
도망,1
열기구,1
대에,1
나머진,1
중심지,1
평택항,1
일주문,1
특급,1
감옥,1
오일,1
삼림욕,1
프라이팬,1
육안,1
신영리,1
옥집,1
모임,1
긴장감,1
초저녁,1
복습,1
스프레이,1
자소,1
일러스트,1
제도,1
자주,1
콘도,1
수식어,1
매기,1
식작용,1
산천어,1
돌격,1
순화,1
박수근,1
소극,1
혼쭐,1
조하,1
정자로,1
무채,1
행방,1
상원,1
쓰레,1
시인들,1
장죽,1
무진,1
노바,1
반가,1
옷깃,1
이틀날,1
재주,1
주동,1
식량,1
각문,1
오뚜기,1
킹만,1
바게트,1
해아,1
분열,1
행진,1
일부분,1
또래,1
첫손,1
줌렌즈,1
눈살,1
우문현답,1
보호구,1
플리,1
맘속,1
꿍이,1
출발지,1
홈플러스,1
터스,1
성에,1
쌍벽,1
백두대간,1
도형,1
중생,1
배변,1
보헤미안,1
황홀경,1
인격,1
건강식,1
파정,1
촛대바위,1
바이러스,1
산딸기,1
일박,1
아카데미,1
도마뱀,1
수전증,1
학급,1
토이,1
기념식수,1
국그릇,1
려두,1
사운드라,1
초행길,1
나뽕,1
양산박,1
수주,1
재임,1
점성,1
라크,1
프티,1
사둔,1
가디건,1
제거,1
배회,1
엉덩이,1
꼭질,1
사용료,1
뱅스,1
스톤,1
탄력,1
구글,1
계란탕,1
자맥질,1
제빛,1
세봉,1
기질,1
할리우드,1
피바,1
레드카,1
커머스,1
특수,1
입자,1
소통,1
필요시,1
아름,1
리부,1
팽이버섯,1
임당,1
애순,1
출산,1
호루라기,1
중무장,1
둥가,1
플라잉,1
유진,1
복합,1
안함,1
배짱,1
색색,1
항길,1
천리,1
함성,1
모랫벌,1
래시,1
아랫동네,1
여름옷,1
노노,1
서천,1
북진,1
턱시도,1
보호자,1
더하기,1
확대,1
자동식,1
인무,1
카키,1
내야,1
신라면,1
영랑,1
기치,1
퍼펙트,1
사회생활,1
안면도,1
밍구스,1
새요,1
신의,1
포용,1
인제,1
자유인,1
흙먼지,1
내점,1
곰팡이,1
면상,1
사각,1
태클,1
베리,1
봉다리,1
무한대,1
할미,1
뱃사람,1
수조,1
큰애,1
차별,1
소금기,1
협시,1
가관,1
집도,1
이미치,1
양조,1
최욱재,1
신지,1
청간,1
호스트,1
합숙,1
스피디,1
확신,1
이방,1
모란,1
하필,1
말기,1
길손,1
연분홍,1
워렌,1
홈피,1
초장,1
샌가,1
만인,1
항이,1
탈도,1
뚝배기,1
초하,1
철탑,1
가동,1
트루,1
껌둥이,1
조침,1
하광,1
네이비,1
활쏘기,1
깡패,1
컬렉션,1
갱년기,1
로스,1
어깨춤,1
오락실,1
동맥,1
관여,1
연관,1
국방부,1
트랙,1
투게더,1
에스프레소,1
후예,1
구애,1
현대,1
막둥이,1
활약,1
자축,1
혹한,1
월급,1
가락,1
비앤비,1
살림살이,1
만년필,1
금새,1
일몰시,1
후라이팬,1
당면,1
신세,1
감질,1
깨알,1
道路,1
파장,1
소불고기,1
카로,1
캔디,1
공방,1
무용지물,1
삼둥이,1
명란젓,1
육박,1
스노우,1
수호,1
영역,1
타투,1
환대,1
오라비,1
고구려,1
오솔길,1
폴린,1
찔레꽃,1
만선,1
커플스,1
소재지,1
응시,1
정력,1
클레버,1
인만,1
노동자,1
사내,1
피아골,1
합리,1
蓮花,1
협조,1
투썸,1
준비물,1
여의도,1
모집,1
정정,1
숙연,1
항공권,1
서술,1
작업실,1
서준,1
움집,1
식자재,1
볼파크,1
봉투,1
다시마,1
광화문,1
별점,1
장땡,1
작별,1
최후,1
수퍼,1
서론,1
지리산,1
여니,1
오죽헌,1
사죽,1
선비,1
외장,1
응가,1
씬데,1
걸작,1
거치대,1
그래피,1
대청마루,1
하락,1
근덕면,1
일이,1
다방,1
연실,1
내도,1
라이언,1
출송,1
송월,1
석사,1
해산,1
지여,1
오일장,1
광복절,1
면온,1
졸업,1
화천,1
속국,1
종교인,1
보필,1
경유지,1
우암,1
양북,1
월천,1
보답,1
대파,1
상맹방,1
양군,1
끝판,1
아웃백,1
시청,1
리포,1
에브리,1
스파이더맨,1
융기,1
접안,1
가랏,1
시인,1
양돈업,1
일어,1
장작불,1
미스코리아,1
국민은행,1
차남,1
베이스캠프,1
여깁니다,1
남포동,1
갈대숲,1
선거,1
군수,1
초고추장,1
의무,1
사운드,1
탕아,1
강행,1
선대,1
여왕,1
고택,1
락지,1
집합,1
이동해,1
시나,1
신중,1
획득,1
천혜,1
무우,1
다이렉트,1
노브랜드,1
풀섶,1
투입,1
입술,1
쇠스랑,1
연도,1
다이내믹,1
리무진,1
샘플러,1
연식,1
한곳,1
착공,1
헌화,1
청국장,1
율암,1
막내딸,1
평방,1
친척,1
이탈리아,1
가칭,1
동명,1
기염,1
베이컨,1
차표,1
의림지,1
힘겨루기,1
운명,1
보리수,1
스텐,1
메이,1
부엌살림,1
眼前,1
순식,1
닭갈비,1
조사단,1
설피,1
워든,1
밀물,1
개봉,1
패드,1
돌멩이,1
길어,1
법도,1
번개,1
쪼끔,1
하공,1
제단,1
힐리,1
굿모닝,1
구마,1
장도,1
이기대,1
반편,1
존재감,1
독야청청,1
거려,1
진신,1
서프라이즈,1
고지대,1
부스러기,1
조짐,1
연접,1
케미,1
번식력,1
유후,1
뭔들,1
어젠,1
나래,1
무량,1
다이아몬드,1
증차,1
자니,1
간략,1
일렬종대,1
노폭,1
밀착,1
진달래,1
콘솔,1
서시,1
시행,1
월남,1
정권,1
이어폰,1
등외품,1
로니아,1
오판,1
버드와이저,1
토트백,1
어데,1
미채,1
옥장,1
미금역,1
홀몸,1
충혼비,1
성일,1
태가,1
건몸,1
민들조개,1
이기주의,1
교암리,1
시작점,1
리브레,1
금강사,1
산들바람,1
야구르트,1
주점,1
이롤,1
구조도,1
일러스트레이션,1
비자,1
하악,1
대중,1
숙경,1
후라이드,1
관관,1
요가,1
여행스케치,1
안경관,1
거북등,1
민자,1
잠재,1
소규모,1
화학,1
퇴색,1
바로,1
하구,1
매봉산,1
진부면,1
노친,1
임원,1
해탈문,1
메카,1
간접,1
사임당,1
쭈구리,1
니다,1
고심,1
네온사인,1
힌클,1
한강,1
계단식,1
쓰레기봉투,1
편육,1
계서,1
어운,1
애항,1
내시경,1
딸부자,1
왕생,1
빤쓰,1
부속,1
방울이,1
마나,1
루트,1
시트,1
자메이카,1
데우스,1
새털,1
그룹,1
우도,1
줄기,1
꽃새우,1
실용,1
가사,1
본점,1
리버티,1
에용,1
런지,1
형부,1
기린초,1
세대,1
내친김,1
상실,1
블랜딩,1
서비스업,1
눈코,1
친할머니,1
강준우,1
잉글리쉬,1
명예,1
신동면,1
분기,1
엘스,1
아르헨티나,1
구동,1
형광,1
격장,1
캐디,1
해초,1
해달,1
평탄,1
뭐야,1
자장가,1
프리맨,1
스물,1
쭈니,1
바랄,1
귀염,1
클렌징,1
극찬,1
설레,1
비쥬,1
콧노래,1
성우,1
군고구마,1
생사,1
대지,1
농가,1
안산,1
우산살,1
스케이트,1
문지,1
올드,1
로미,1
해국,1
큰아이,1
단테,1
교촌,1
허가제,1
플룸,1
다윗,1
우려,1
下直,1
시범,1
응어리,1
스펜서,1
부케,1
아랫길,1
가미,1
소맥,1
빈혈,1
명랑,1
기념품점,1
신호,1
중반,1
등장인물,1
척산,1
만신창이,1
연곡,1
발산,1
사또,1
일념,1
애서,1
구룡,1
바다지기,1
크로아티아,1
족구,1
새언니,1
향토음식,1
주책,1
숭늉,1
아그,1
후세,1
창고,1
맛깔,1
아재,1
내공,1
바도,1
이브,1
비율,1
바탕,1
잠바,1
스폿,1
비나이,1
시암,1
갑부,1
협박,1
아배,1
유니크,1
윤계상,1
위풍당당,1
여주인공,1
고랭지,1
울타리,1
경지,1
부사과,1
안배,1
수리,1
연사,1
달밤,1
뗏목,1
우의,1
스키점프,1
생맥주,1
꾸리,1
관솔,1
목장갑,1
슈리,1
이다,1
도민,1
양념간장,1
동이,1
가정집,1
브금,1
빙의,1
겨드랑이,1
부적,1
근거리,1
잔적,1
역활,1
꽃마차,1
천태만상,1
꽃구경,1
레트로,1
너와,1
여동생,1
호스텔,1
특화,1
수형,1
락스,1
울루,1
삼형제,1
카시오,1
기슭,1
입학,1
상광정리,1
해안로,1
입기,1
트레이닝,1
정적,1
혈압,1
황금연휴,1
이력,1
꼬리,1
맹방,1
눈초리,1
이동후,1
가성,1
프레셔스,1
주창,1
미끼,1
준수,1
라다,1
강가,1
꼬임,1
땅거미,1
핑계,1
궁촌,1
부서,1
타전,1
비랑,1
회집,1
일보,1
일망무제,1
사무직,1
불우,1
가르마,1
혜지,1
주축,1
솔잎,1
차이점,1
실타래,1
알프스,1
아구찜,1
물개,1
나열,1
카라,1
저하,1
세심,1
상운,1
낭떠러지,1
숨결,1
응달,1
이중문,1
배우,1
일설,1
금연,1
삼부자,1
단면,1
귀여,1
신비감,1
대야,1
몸무게,1
감당,1
명파,1
마의태자,1
광희,1
축소판,1
평영,1
애니메이션,1
가랑비,1
안전봉,1
분대,1
잠수복,1
반석,1
리향,1
컨트롤,1
목욕재계,1
페퍼민트,1
본거지,1
지저귀,1
풍경사진,1
송한,1
애드,1
놀토,1
강변,1
예측,1
연면적,1
블럭,1
유치원,1
어스,1
실버,1
그쯤,1
종착점,1
폐기,1
장호,1
자손,1
유명산,1
선순위,1
동년배,1
잇속,1
걸리,1
홍천읍,1
짠물,1
사발,1
관할,1
상징물,1
미두,1
선구,1
월차,1
물기둥,1
계란찜,1
노심초사,1
화목,1
콘트롤,1
현리,1
비빔국수,1
불토,1
태교,1
자구,1
대축제,1
대기표,1
승용,1
대간,1
돌담,1
김경미,1
가지구이,1
강남구,1
교차,1
복어,1
허물,1
이성,1
캡처,1
낙상,1
왕권,1
앞마당,1
착전,1
불가마,1
스크롤,1
보초,1
이케아,1
나비아,1
밀도,1
북분리,1
개폼,1
모태,1
경계인,1
상민,1
고와,1
특혜,1
설렁탕,1
사격장,1
밀리,1
향어,1
경찰,1
금고,1
사진사,1
강림,1
진보,1
기지,1
국산,1
냉커피,1
가을맞이,1
항아리,1
보컬,1
혼기,1
증후군,1
그누,1
두부구이,1
농지,1
기생충,1
와이키키,1
진에어,1
대낮,1
장군,1
직행,1
빙구,1
원주고,1
허세,1
텐트촌,1
개비,1
정처,1
자회사,1
분과,1
해담,1
렌트카,1
화목한,1
교항리,1
신나고,1
클리닝,1
등기,1
조깅,1
미취학,1
금종,1
체비,1
금색,1
원촌,1
고조,1
자형,1
무한리필,1
에스컬레이터,1
콜라겐,1
봉분,1
담쟁이넝쿨,1
좌대,1
심줄,1
조보아,1
법수,1
자신감,1
오프로드,1
출판,1
굴욕,1
도레미,1
대천,1
인기척,1
경동성,1
중학교,1
주체,1
플러스,1
쓰레기장,1
근반,1
구세주,1
내천,1
정오,1
환자,1
구두,1
강변역,1
허비,1
마사토,1
감자밭,1
텔레비전,1
사기,1
손가방,1
미정,1
단비,1
커스텀,1
요약,1
베이직,1
실크,1
식탐,1
등산길,1
용어,1
전송,1
강산,1
콜리,1
한밤중,1
보상,1
진열,1
패턴,1
분내,1
개관,1
광달거리,1
녹초,1
송시열,1
공업,1
왕발,1
차주,1
소방차,1
한아름,1
주옥,1
기획,1
총무,1
광대,1
암체,1
곳도,1
적도,1
理想,1
워라,1
금실,1
완구,1
믹스,1
하정,1
비빔면,1
답사,1
부성애,1
광범위,1
경상,1
각설,1
한라산,1
유입,1
향교,1
글쓰기,1
부채꼴,1
삼양,1
이유식,1
강의,1
모래벌판,1
투한,1
저녁때,1
셰프,1
원숭이,1
수라상,1
스트레칭,1
일시,1
선교장,1
영진,1
한양,1
대장정,1
착시,1
요염,1
찬란,1
레기,1
단양팔경,1
비와,1
고기밥,1
남치,1
분홍색,1
발톱,1
헤이,1
무김치,1
머리털,1
쓰리,1
재앙,1
혼잡,1
핏대,1
쿨러,1
쌍화탕,1
사통팔달,1
상식,1
戶曹,1
도봉구,1
괴암,1
입덧,1
청학동,1
주공,1
포부,1
세계인,1
봉안,1
깡통,1
육상,1
울음,1
코스로,1
영월,1
레트,1
다수,1
고교,1
춘교,1
안남미,1
모둠,1
날벼락,1
뿔소라,1
입시,1
깨달음,1
불꽃,1
눈망울,1
가을비,1
뜻밖,1
귀차,1
함박웃음,1
카카오톡,1
분분,1
키파,1
엘비,1
혈당,1
삼팔선,1
문한,1
사이판,1
장맛,1
심호흡,1
만개,1
상실감,1
클라우드,1
집서,1
성당,1
강상,1
고춧가루,1
연리지,1
봄봄,1
어려,1
이찬,1
교통량,1
최선,1
고마움,1
少年,1
뒷사람,1
방과,1
핫소스,1
세안,1
교원,1
직감,1
외풍,1
가이드북,1
즉석식품,1
티맵,1
프리,1
여름날,1
원적외선,1
억수,1
사명감,1
원판,1
남하,1
저항,1
휴전,1
충족,1
사투,1
단돈,1
강탈,1
각양각색,1
수조관,1
학문,1
소절,1
분간,1
대처,1
벽장,1
외곽,1
동북아시아,1
고둥,1
러버,1
장본,1
차고,1
애증,1
섭전,1
거절,1
컷백,1
일본인,1
솔드,1
이미,1
밀접,1
오리털,1
엑스,1
테레사,1
취약점,1
인터뷰,1
살코기,1
하부,1
자서,1
소자,1
망원경,1
유리문,1
랜턴,1
백내장,1
적용,1
푸조,1
세잔,1
소초,1
만삭,1
원추리나물,1
재능기부,1
얼티메이텀,1
체증,1
불량,1
신선도,1
밥그릇,1
아상,1
동굴,1
근진,1
신라도,1
코스란,1
장맛비,1
지요,1
머스캣,1
산사,1
스카이워커,1
산란,1
꼬미,1
액수,1
램프,1
김밥,1
청청,1
냉겨,1
공중화장실,1
무당개구리,1
언급,1
요리사,1
설법,1
비극,1
샐러리,1
부라부라,1
운동량,1
등명,1
도련,1
요즈음,1
플랫폼,1
망이,1
차단,1
비데,1
관계자,1
다반사,1
몰랑,1
비법,1
친화력,1
준의,1
야영지,1
유산,1
방동,1
라보니,1
운용,1
별채,1
당구,1
알림판,1
숨길,1
주인마님,1
말문,1
단기간,1
자분,1
헌혈,1
상처,1
난도,1
나폴리,1
급진,1
화답,1
니스,1
더덕,1
사마귀,1
행차,1
호화,1
옷장,1
김민규,1
오륙도,1
백로,1
첨부,1
己亥,1
동서고속도로,1
벌초,1
아인,1
이남,1
당사자,1
자욱,1
마미,1
패스트,1
도편,1
가이델,1
다니엘헤니,1
냇물,1
파리바,1
주방식,1
문파,1
일정량,1
스쿨,1
팔로우,1
클로즈,1
소시지,1
감자떡,1
저녁잠,1
리즈,1
친근감,1
타이트,1
환장,1
애호박,1
송파구,1
삼포,1
촌분,1
흉내,1
여탕,1
넘버,1
냉동고,1
허가증,1
필수품,1
공포감,1
군사력,1
감바,1
정부,1
사례,1
버시,1
긴소매,1
누룽지,1
수찬,1
박지,1
잔체,1
고슴도치,1
아가씨,1
지발,1
식겁,1
소모,1
클랑,1
느지,1
경쟁,1
분해,1
발표,1
언밸런스,1
진항,1
프라이드,1
무식,1
포털,1
야유회,1
약사,1
중독성,1
귀동냥,1
화광,1
미스터리,1
추노,1
원킬,1
컬리,1
보마,1
발판,1
조치,1
앞뜰,1
뒤집개,1
버크셔,1
신동해,1
치비,1
브룩스,1
굉음,1
남행,1
앨리스,1
조암,1
보급,1
타일,1
스웨이드,1
컷팅,1
무야,1
차기,1
간격,1
갈산동,1
체면,1
소랑,1
만족도,1
등대불,1
전교,1
식력,1
내게로,1
오월,1
청소기,1
루틴,1
버블,1
징글,1
남여,1
열대야,1
봉양,1
연세,1
태극기,1
해상,1
수용장,1
행나무,1
샤라,1
큰손,1
수마트라,1
메이스,1
이용기,1
태그,1
디지털,1
사진발,1
잡지,1
본연,1
절친,1
근모,1
둥어,1
암초,1
도어,1
영과,1
열감,1
인덕,1
자판기,1
코렛,1
오니,1
희생,1
모야,1
주운,1
포승읍,1
윤회,1
신부,1
부끄,1
살구,1
슈프림,1
진파,1
누이,1
증수,1
비포장도로,1
연포탕,1
명가,1
가상현실,1
장만,1
도꾸,1
움직임,1
거이,1
노가다,1
자정,1
일맥,1
탐구,1
선착장,1
한로,1
공정,1
대상지,1
명경대,1
합체,1
포테이토,1
폭탄,1
엣지,1
은영,1
문턱,1
스폰지,1
비들,1
바다위,1
만화,1
나스,1
홍법,1
사슴벌레,1
대설주의보,1
스케이트보드,1
앵무,1
구형,1
방송사,1
경전,1
식이,1
셀러,1
수중,1
뭘로,1
아카시아,1
윅스,1
누님,1
만둣국,1
영만,1
이근,1
변화,1
운무,1
제정신,1
진면목,1
고도,1
셰이크,1
고드름,1
폭풍우,1
저걸,1
웃음꽃,1
해골,1
서두,1
몸통,1
레시피,1
수칙,1
아미,1
측근,1
해상용왕,1
베들링턴테리어,1
수현,1
왕귀뚜라미,1
수색,1
조류,1
부대찌개,1
엄선,1
누고,1
검정,1
발매,1
붓질,1
무지갯빛,1
자요,1
수행,1
매출,1
총연장,1
입식,1
앙해,1
나무집,1
주성치,1
위용,1
롤리,1
텐션,1
마실,1
월리,1
운지,1
갖가지,1
사망,1
고래밥,1
치하,1
해서웨이,1
버섯전골,1
영양가,1
패들링,1
크릭,1
기절초풍,1
권세,1
얼떨결,1
주상,1
산기,1
육류,1
유대,1
밀이,1
헤이즐넛,1
유분,1
비온다,1
북태평양,1
한계선,1
암묵,1
물억새,1
돌섬,1
통나무,1
타도,1
자본주의,1
무언,1
옷걸이,1
뒷덜미,1
대개,1
요미,1
빈약,1
단편,1
교사,1
리아,1
갈레,1
독채,1
사위,1
이과,1
가면,1
불만,1
복자,1
팬케이크,1
전통주,1
질문,1
약자,1
히비스커스,1
지작,1
하수,1
과석,1
살판,1
국수사리,1
티몬,1
주특기,1
여진,1
안성,1
산물,1
폐가,1
대자,1
앞사람,1
온천수,1
장애물,1
공수,1
아티스트,1
계급,1
정경,1
독이,1
오만상,1
양말,1
낮술,1
파괴자,1
사탕,1
깁스,1
귀촌,1
외침,1
돌킹이,1
싸가,1
육전,1
나루,1
명사,1
주둥이,1
대양,1
순간순간,1
눈요기,1
가리비,1
티끌,1
게철,1
똥강아지,1
옛적,1
신간,1
방한,1
한몫,1
얼갈이,1
장하,1
덜렁,1
저온,1
여한,1
매료,1
파스텔,1
호떡집,1
철새,1
요른,1
티브이,1
터득,1
성국,1
민국,1
면허,1
목숨,1
속사,1
식부,1
동해고속도로,1
잡어,1
공포증,1
대목,1
성대모사,1
데니즈,1
소모량,1
찌게,1
오더,1
준이,1
안인,1
서부,1
미국식,1
리바,1
쫄면,1
구축,1
전남,1
옆방,1
해교,1
무지한,1
불평,1
수북,1
진사,1
민심,1
시초,1
웨건,1
욕장,1
유봉,1
공비,1
눈발,1
제행무상,1
교감,1
포구,1
이풍경,1
고을,1
마차진,1
장대비,1
함덕,1
정각,1
조준의,1
글라이드,1
면역력,1
날개옷,1
대리석,1
이성계,1
면목,1
달링,1
일품요리,1
퉁명,1
실명,1
취기,1
노디,1
전각,1
길거리,1
물길,1
통섭,1
은행,1
비선,1
다크,1
다슬기,1
푸파,1
삼색,1
전광,1
옥수수튀김,1
공포심,1
단짝,1
철분,1
간이식당,1
확충,1
아이디,1
고갈,1
시부,1
정규,1
강당,1
프리미엄,1
파란빛,1
한화,1
야구,1
산성,1
인프라,1
디니,1
양재천,1
질색,1
무법자,1
부시리,1
젓갈,1
봉우리,1
이스터섬,1
크루즈,1
소갈비,1
의기투합,1
걸요,1
유괘,1
확정,1
욕설,1
공룡,1
사라다,1
게으름,1
장려,1
좌회전,1
실종,1
한발,1
동그라미,1
물미역,1
손주,1
이람,1
필드,1
플랜,1
존경,1
오지마,1
라볶이,1
시늉,1
박수,1
수시,1
원평,1
지하수,1
대녀,1
복음,1
대가족,1
진압,1
다라기,1
분포,1
향이,1
델리,1
플랫,1
시언,1
공략,1
분계선,1
리멤버,1
키위,1
즉시,1
무전,1
정입,1
만금,1
담당자,1
직구,1
가을철,1
구포,1
칼자루,1
현금,1
바서,1
보석,1
질환,1
촌년,1
첩첩산중,1
복싱,1
모범,1
장항,1
촉진,1
금포,1
새우탕,1
글로리,1
사업비,1
금약,1
윗입술,1
링링,1
찹쌀,1
교부,1
산미,1
열쇠,1
건전,1
조수,1
파전,1
재배,1
정지,1
유부남,1
김나영,1
목욕탕,1
영동,1
명륜당,1
리스,1
배사,1
강타,1
시월,1
마야,1
분계,1
트롤리,1
쿠키,1
선바위,1
수채,1
아짐,1
기상특보,1
평수,1
궁사,1
페스트,1
계절감,1
곤혹,1
격파,1
지각,1
평형,1
최상층,1
남탕,1
몸살,1
풍상,1
이의,1
럭키,1
원한,1
일임,1
블루밍,1
허기진,1
피나무,1
생산,1
호미곶,1
쿠쿠,1
크러시,1
민폐,1
껍데기,1
경계병,1
찌꺼기,1
흑백,1
이베이,1
동지의금부사,1
시모,1
배치도,1
날갯짓,1
헤비급,1
우보,1
섭외,1
홋카이도,1
뜀뛰기,1
가유,1
건설,1
캐스트,1
일회용,1
연동,1
찬물,1
중단,1
음지,1
아마도,1
제작자,1
타령,1
배가,1
기습,1
구요,1
극한,1
저녁밥,1
바이크,1
익음,1
프라이드치킨,1
양머리,1
다변,1
산악회,1
발주자,1
마상,1
왜목,1
침침,1
덴마크,1
인권,1
외옹치항,1
모자이크,1
콧방귀,1
식욕,1
부끄부끄,1
개운,1
잔치,1
여담,1
일동,1
기숙사,1
기상청,1
시승,1
파동,1
새순,1
등급,1
발받침,1
신식,1
복덩이,1
하광정,1
분소,1
검토,1
태평양,1
적합,1
가로수,1
방학동,1
요하,1
황홀감,1
데코나,1
후발대,1
현혹,1
이빨,1
횡성,1
거립니다,1
침대위,1
창조,1
달째,1
구와,1
보랏빛,1
번외,1
반암,1
도합,1
사열,1
늑장,1
똥물,1
네임,1
공현진,1
생식,1
들풀,1
비지,1
웰리,1
근심,1
유실,1
하재,1
관음사,1
세상사,1
농도,1
외투,1
대진,1
복숭아,1
가비,1
퍼포먼스,1
담대,1
청조,1
샤랄,1
초도,1
프렌드,1
갯마을,1
관절,1
분산,1
장문,1
땐데,1
정유,1
所避,1
필라,1
전수,1
콜라보,1
호조,1
성취감,1
캐리,1
캘리,1
주문기,1
빗속,1
순신,1
보호관,1
동원,1
단백질,1
소양강댐,1
해가,1
동해시,1
선암,1
문암,1
삼치,1
승화,1
깃발,1
추도,1
뭇사람,1
쌍둥이,1
발치,1
잡목,1
반값,1
하려,1
명은,1
선발대,1
멜로디,1
업그레이드,1
사회인,1
딱따구리,1
고결,1
금래,1
게살,1
상반기,1
독녀,1
제다,1
이별,1
꽃잎,1
종량제,1
충격,1
중가,1
레슨,1
방방곡곡,1
재능,1
점포,1
막대기,1
일탈,1
연못,1
덩쿨,1
창피,1
수구레,1
활기,1
대기실,1
비행,1
매입,1
편도,1
레모네이드,1
실장,1
수면,1
초당,1
시추에이션,1
영일,1
그로기,1
제정,1
울대,1
명산,1
찾기,1
조산,1
사브,1
제프,1
벤치마킹,1
장판,1
지중,1
여주,1
진부령,1
스크류바,1
역경,1
변수,1
라프,1
제육,1
노무현,1
잠수함,1
이당,1
골조,1
라즈베리,1
수랑,1
세븐일레븐,1
낱말,1
탐방객,1
원본,1
꽃받침,1
파일,1
맛대가리,1
돌산,1
천교,1
청솔모,1
이보,1
련관,1
이스라,1
너흰,1
사쿠라,1
청평,1
누굽니까,1
여백,1
옆태,1
대일,1
보리밭,1
동지,1
중독자,1
신묘,1
로브스터,1
주봉,1
촌인,1
오리발,1
남이섬,1
숭어회,1
불감증,1
오봉산,1
코펠,1
박살,1
한차,1
사느냐,1
경종,1
새똥,1
라반,1
밭작물,1
아홉,1
윌리,1
예능,1
자네,1
하거,1
차편,1
니티,1
속지,1
어매,1
기타고,1
제습,1
틈바구니,1
우당,1
미망인,1
농사,1
에이프릴,1
게요,1
후후,1
변위,1
훈제,1
체육관,1
효녀,1
휘리,1
미용,1
자비,1
독수리,1
예진,1
더리,1
정준하,1
호상,1
배꼽,1
작렬,1
바늘,1
아진,1
하교,1
다목적,1
공중,1
부위,1
황병산,1
노봉,1
보드만,1
물이,1
서방,1
띠끄,1
변유,1
강원여객,1
바이,1
서적,1
돌판,1
매봉,1
의견,1
파니니,1
안의,1
라온,1
인제터널,1
회자,1
목련,1
사모님,1
인내심,1
사슬,1
타에,1
수질,1
정조,1
연가,1
견해,1
생물,1
중천,1
추석날,1
관찰사,1
카피,1
가습기,1
해군,1
시행착오,1
포르쉐,1
독감,1
버그,1
리정,1
강행군,1
분할,1
체기,1
세척,1
비키니,1
리스크,1
고덕동,1
라멘,1
갈대밭,1
땅덩어리,1
텔링,1
처마,1
송일국,1
발사,1
라메,1
수용,1
물보,1
식물,1
경비정,1
저긴,1
맥심,1
두통,1
화이트칼라,1
템플스테이,1
시드니,1
개국공,1
용시,1
사천진,1
비지찌개,1
오이김치,1
식도락,1
참관,1
클론,1
金剛,1
스크랩,1
허울,1
학굔가,1
사업자,1
협정,1
세미,1
근해,1
솜사탕,1
꽃게,1
울트라,1
오케이,1
오해,1
돌고,1
수줍음,1
알레르기,1
앞길,1
주도,1
도문,1
꿈결,1
우든,1
코다리,1
서남,1
의왕,1
상단,1
공깃밥,1
그리움,1
정회원,1
내면,1
갈증,1
민물낚시,1
기와,1
한도,1
에펠,1
승객,1
약과,1
분무기,1
차림표,1
검봉,1
역적,1
유치환,1
반감,1
실개천,1
패거리,1
잎채소,1
유인,1
판장,1
구족,1
서정,1
한회,1
천하,1
이웃집,1
세요,1
지막,1
케이프,1
족족,1
점심때,1
요곡,1
이모님,1
크루아상,1
무맛,1
비하인드,1
예불,1
가옥,1
촛불,1
사격,1
투척,1
롯데,1
도록,1
시경,1
무서움,1
서현,1
아자,1
이순원,1
열풍,1
폭포수,1
깍두기,1
교동,1
유자,1
서서,1
부진,1
행렬,1
베트남,1
탱화,1
하반기,1
책갈피,1
닭꼬치,1
유기농,1
개린,1
배틀,1
주객전도,1
이성용,1
행위,1
토닉,1
복전,1
정벌,1
설상가상,1
처인,1
율곡,1
맹구,1
생미역,1
찬성,1
세정제,1
주심,1
진흙,1
드가,1
일병,1
그레이,1
다량,1
주황색,1
소도구,1
막창,1
티타임,1
세다,1
저마,1
댕이,1
울라,1
輿地,1
문인,1
손톱,1
승전,1
자매결연,1
불음,1
증강현실,1
괴안,1
커서,1
아름드리,1
세면,1
고온,1
평균,1
방언,1
그리스,1
기관,1
겸인,1
별빛,1
자릴,1
요기조기,1
부남,1
동홍천,1
장미꽃,1
스탈,1
약수통,1
감자조림,1
외갓집,1
단호박,1
반응,1
디스코,1
술집,1
투자가,1
원반던지기,1
페이퍼,1
호수,1
전주,1
음질,1
아군,1
대잔치,1
봉평,1
수국,1
컨소시엄,1
오토바이,1
초절임,1
머시기,1
코디,1
급수,1
언저리,1
상운리,1
핑비,1
알밤,1
장내,1
가이,1
무랑,1
눈밭,1
조륜,1
번뇌,1
참석,1
캠프만,1
소양,1
이파,1
술안주,1
항의,1
민아,1
귀가,1
둔지,1
무릉,1
낚시터,1
히기,1
엔딩,1
동의서,1
능선,1
자장,1
지팡이,1
나이트,1
기금,1
점수,1
현기증,1
세꼬,1
부상,1
와니,1
잔망,1
산중,1
아랑곳,1
무후,1
생채,1
인력,1
선정비,1
시리즈,1
관경,1
예비,1
스마트,1
영수증,1
레인저,1
표고버섯,1
처갓집,1
복치,1
스팀,1
담배꽁초,1
도미,1
네온,1
자본,1
끼때,1
다비,1
산후,1
큰사위,1
내산,1
스탠더드,1
자차,1
쥬디,1
네버엔딩,1
학창,1
우표,1
한정식,1
청학,1
변도,1
단련,1
여타,1
고량주,1
먹성,1
구슬,1
저주,1
우진,1
동북아,1
플라,1
세이,1
범죄,1
공통점,1
피사체,1
시바,1
배송,1
시일,1
데카,1
물총,1
의령,1
조업,1
동자승,1
