word,counted
바다,268
속초,264
물치항,235
해변,232
강현면,229
여행,180
해수욕장,175
하나,159
동해,152
비치,135
전화,135
지도,112
준비,111
날씨,108
모습,108
가능,106
맛집,105
구경,104
자리,103
주말,103
여름,102
가족,101
센터,100
파도,97
장소,96
마켓,96
근처,94
상세,94
관심,89
서핑,89
거리,87
추천,87
가격,86
등대,86
느낌,85
서울,85
이용,84
처음,84
아이,83
마음,81
주차장,80
유명,79
지역,76
송이,75
설악산,74
저희,73
방문,72
커피,72
국물,71
기분,70
안녕,70
공간,69
운영,67
하루,67
겨울,67
고기,67
입구,66
음식,66
낙산사,66
어디,65
식당,65
주차,64
설악,64
소개,64
바닷가,63
점심,63
사장,62
친구,62
포스팅,60
판매,60
시설,60
동안,60
이동,58
주변,58
시장,58
낙산,58
모래,57
풍경,57
저장,57
대포항,57
강원,57
예약,56
플레이스,56
이름,55
바람,55
최고,55
가지,55
물치리,55
마지막,55
사이,55
체험,54
축제,54
폴더,53
자연,53
팝업,53
여유,52
사용,52
오후,52
행복,52
강릉,52
일출,51
규모,51
리조트,50
토요일,50
예정,49
하우스,49
분위기,49
숙소,48
김치,48
출발,48
마을,48
걱정,47
하늘,47
항구,47
생활,47
카페,47
일요일,46
먹거리,46
개인,46
식사,46
아파트,46
도로,46
기대,46
기본,46
오전,45
동해안,45
산책,45
둘째,45
계획,45
한잔,44
낚시,44
물치천,44
리버,44
아래,44
안전,43
공원,43
마리,43
도루묵,43
참고,43
다양,42
중간,42
추가,42
강선,42
일정,42
고속도로,41
사랑,41
펜션,41
정암리,41
소리,41
방파제,41
관광객,40
감사,40
진행,40
구입,40
기억,40
오랜만,39
휴가,39
필요,39
화장실,39
추억,39
생선,38
설치,38
정보,38
이야기,38
정암,38
확인,38
인근,38
특별,37
칼국수,37
볼거리,37
오픈,37
그릇,37
내부,37
엄마,36
지구,36
국도,36
냄새,36
포장,36
터미널,36
요즘,36
공기,36
이유,35
걸로,35
하조대,35
새벽,35
입맛,35
얼마,35
뭔가,35
나무,34
가을,34
관광,34
주택,34
건물,34
가게,34
선택,33
개통,33
마련,33
지금,33
검색,33
면적,33
소식,33
자기,33
동네,32
구이,32
기간,32
문호리,32
관광지,31
만족,31
촬영,31
대표,31
활어,31
마트,31
부분,31
모양,31
해맞이,31
예전,31
무료,31
친절,31
코스,30
후기,30
정리,30
미린,30
아빠,30
매력,30
안내,30
보드,30
강습,30
설명,30
고민,30
편리,30
버스,30
본격,29
인기,29
이건,29
테이블,29
서프,29
샤워,29
발견,29
놀이,29
지상,29
제공,29
국내,29
캠핑,29
나름,29
조금,29
호텔,29
환경,29
혼자,28
구매,28
경우,28
국수,28
힐링,28
바닥,28
서퍼,28
메뉴판,28
재미,28
셀러,28
순간,27
조개,27
제품,27
전용,27
차량,27
상태,27
보통,27
만큼,27
이거,27
고고,27
마무리,27
부부,26
관리,26
방법,26
영업,26
오징어,26
물고기,26
머리,26
분양,26
강현,26
인구,26
반찬,26
명소,26
지하,26
말씀,26
횟집,26
막국수,26
거기,26
이것,26
이게,26
네이버,26
물놀이,25
블로그,25
양양읍,25
도시,25
깍두기,25
소주,25
의자,25
그때,25
안쪽,25
세대,25
행사,25
갈매기,25
주소,25
연결,25
전날,25
대부분,25
중앙,25
무엇,25
조성,24
문화,24
중요,24
요금,24
베이커리,24
덕분,24
운전,24
양평,24
초보,24
허니,24
한우,24
나중,24
수제,24
숙박,24
남편,24
휴게소,24
종류,24
매운탕,24
편안,24
이후,24
물회,24
다리,24
대박,23
텐트,23
사항,23
속초시,23
디오,23
그곳,23
아들,23
설렁탕,23
고성,23
완전,23
동시,23
이제,23
저기,23
편의,23
연인,23
튀김,23
방향,23
타임,23
손님,22
배경,22
구성,22
번호,22
참여,22
운동,22
비교,22
건강,22
게스트,22
인생,22
연락,22
맥주,22
물놀,22
조망,22
교육,22
여자,22
장칼,22
요기,22
그것,22
서비스,22
모델,22
기회,22
일반,22
등등,22
경험,22
곳곳,22
박스,21
인접,21
공연,21
휴식,21
교통,21
세상,21
센타,21
부족,21
부동산,21
학교,21
전망대,21
사고,21
간식,21
작년,21
햇살,21
개장,21
양념,21
입주,21
접근,21
여름휴가,21
대신,21
시기,21
밑반찬,21
백사장,21
해변가,20
일상,20
얼굴,20
소요,20
바닷물,20
자랑,20
클릭,20
오션,20
그림,20
어린이,20
빵집,20
남자,20
버섯,20
단위,20
주방,20
인증,20
양양가,20
구조,20
주민,20
현장,20
계절,20
전경,20
접시,20
건지,20
계곡,20
왼쪽,20
이웃,19
시외버스,19
구간,19
성공,19
택배,19
불편,19
강아지,19
선물,19
한참,19
카메라,19
목적,19
음료,19
오른쪽,19
블록,19
간판,19
물건,19
북쪽,19
한국,19
함스,19
건너편,19
맞은편,19
전국,19
육수,19
언제,19
요리,19
토지,19
해결,19
전망,19
시식,19
포인트,19
농협,19
해수욕,19
구름,19
소품,19
주거,18
장점,18
죽도,18
나라,18
찌개,18
사이즈,18
수건,18
해산물,18
고추,18
산책로,18
시스템,18
지방,18
모래사장,18
오색,18
소스,18
필수,18
신랑,18
새우,18
특산물,18
포함,18
대여,18
가운데,18
신경,18
야채,18
도보,18
자체,18
문제,18
제철,18
재료,17
상황,17
주요,17
향기,17
현지,17
색깔,17
장터,17
감상,17
매매,17
회도,17
시골,17
주인,17
부스,17
어부,17
조림,17
지인,17
인테리어,17
결국,17
종일,17
모두,17
단지,17
여행지,17
태풍,17
고장,17
세트,17
지난번,17
손질,17
라면,17
입장,16
사실,16
핸드,16
자연산,16
그날,16
사업,16
고속도,16
수산항,16
의미,16
달인,16
단독,16
부모,16
가구,16
위험,16
어른,16
불꽃,16
청정,16
침대,16
농산물,16
수영,16
영상,16
이해,16
즐거움,16
슈트,16
자유,16
크기,16
휴무,16
해안,16
자녀,16
연어,16
작품,16
완료,16
해수,16
오빠,16
문의,16
우미,15
동영상,15
완벽,15
인상,15
여긴,15
장비,15
장날,15
상품,15
인분,15
동생,15
녀석,15
노래,15
갈비,15
인정,15
동서,15
롯데,15
강추,15
수도,15
성수기,15
기념,15
자신,15
가루,15
이때,15
난로,15
일품,15
집중,15
경계,15
어제,15
당일,15
상대,15
공급,15
대기,15
포토,15
내용,15
작성,15
강사,15
아쉬움,15
내년,15
고객,15
시내,15
건데,15
겁니다,15
가자미,15
확보,15
여러분,15
우린,15
전체,14
형성,14
용품,14
원통,14
남애항,14
각종,14
키즈,14
남대천,14
별미,14
중심,14
관음상,14
전원주택,14
소금,14
외옹,14
선생,14
해당,14
단체,14
정성,14
특이,14
어촌계,14
연휴,14
아기,14
동해고속도로,14
가슴,14
스타,14
치킨,14
평일,14
부담,14
누구,14
주문진,14
한눈,14
대형,14
낭만,14
수육,14
체력,14
조심,14
쥬얼,14
손칼국수,14
마늘,14
다행,14
직원,14
홈페이지,14
카드,14
개최,14
자세,14
우미건설,14
공사,14
닭강정,14
광어,14
실내,13
어선,13
헬스,13
최대,13
운치,13
텐데,13
스타일,13
일원,13
벤치,13
누가,13
경관,13
등급,13
사리,13
스테이션,13
난리,13
매장,13
작업,13
위주,13
플리,13
평소,13
트럭,13
하교,13
건설,13
배치,13
센스,13
첫날,13
그물,13
찹쌀,13
초시,13
야외,13
초등,13
기사,13
얘기,13
시즌,13
해장,13
대로변,13
샴푸,13
인사,13
커플,13
그게,13
동반,13
특색,13
평가,13
비용,13
언니,13
환상,13
인심,13
소보,13
옛날,13
우럭,13
설계,13
동호,12
수업,12
신발,12
멍게,12
앞바다,12
파라솔,12
인프라,12
차이,12
새해,12
해돋이,12
양파,12
부탁,12
정취,12
올림픽,12
평창,12
임대,12
시범,12
독특,12
더위,12
문어,12
예상,12
드라이브,12
맞통,12
업체,12
홍천,12
몽돌,12
고속,12
발전,12
남향,12
조형물,12
확장,12
취향,12
춘천,12
결정,12
여기저기,12
송이버섯,12
도전,12
노력,12
수산,12
홍보,12
패스,12
지원,12
우수,12
작가,12
일부,12
바디,12
투어,12
방면,12
애견,12
푸드,12
언덕,12
배낚시,12
소나무,12
진항,12
입수,12
도자기,12
냉면,12
수요일,12
공방,12
항아리,11
공예품,11
재배,11
금요일,11
등장,11
입지,11
택지,11
부근,11
상담,11
정원,11
냄비,11
쇼핑,11
아바이,11
젓가락,11
나머지,11
주위,11
바닷바람,11
피곤,11
발생,11
황금,11
저번,11
음식점,11
바퀴,11
조건,11
쿠키,11
한편,11
거실,11
겨울철,11
세팅,11
포기,11
객실,11
회사,11
여정,11
경치,11
냉장고,11
관계,11
미니,11
비주얼,11
감동,11
수심,11
판상,11
표정,11
휴양지,11
자동차,11
조선,11
감성,11
치즈,11
린스,11
바다낚시,11
무인,11
포구,11
열정,11
무리,11
생산,11
가까이,11
삼겹살,11
식구,11
내일,11
강선리,11
전문,11
배달,11
동명항,11
와인,11
조명,11
부산,11
신청,10
국제공항,10
가마솥,10
수산물,10
도중,10
제작,10
방송,10
출항,10
원래,10
이미지,10
요건,10
호수,10
해장국,10
아쿠아,10
개방,10
어종,10
감기,10
수준,10
우측,10
오산,10
지소,10
목적지,10
부각,10
용도,10
포즈,10
표고,10
바게트,10
도움,10
이전,10
드립,10
조양동,10
구비,10
교통망,10
자연환경,10
남쪽,10
림프,10
국민,10
수트,10
놀이터,10
휴휴,10
아가,10
짬뽕,10
입주민,10
동계,10
건축,10
시도,10
아주머니,10
공유,10
앞쪽,10
과일,10
활성,10
배려,10
횟감,10
뚝배기,10
수평선,10
상징,10
정신,10
그네,10
군데,10
득템,10
며칠,10
발걸음,10
보건,10
천막,10
소재,10
당시,10
스파,10
소면,10
손양면,10
연속,10
계란,10
발길,10
지난주,10
근린공원,10
차례,10
이쪽,10
형상,10
기사문,10
여름철,10
당일치기,10
연습,10
이젠,10
금액,10
외옹치항,9
소정,9
순식간,9
모텔,9
인형,9
기사문항,9
전환,9
소화,9
개발,9
평상,9
천지,9
창문,9
구역,9
손맛,9
가평,9
튜브,9
별도,9
메밀국수,9
대비,9
도루,9
길이,9
장아찌,9
계단,9
방안,9
강일,9
기타,9
조합,9
린디,9
정자,9
콩국수,9
이틀,9
페이지,9
약속,9
순대,9
품질,9
유리,9
연락처,9
서측,9
반복,9
소문,9
비누,9
성비,9
통학,9
계속,9
대로,9
경기도,9
어딜,9
된장찌개,9
고향,9
시선,9
눈앞,9
초장,9
종합,9
신기,9
인원,9
강변,9
무렵,9
번국,9
한입,9
생태,9
워시,9
식감,9
비밀,9
데크,9
고급,9
특화,9
미안,9
만석,9
기원,9
갈비탕,9
공인,9
바구니,9
후회,9
밤바다,9
은어,9
기자,9
정식,9
렌탈,9
터널,9
수영장,9
동치미,9
표고버섯,9
시대,9
메이드,9
바위,9
제주,9
나들이,9
은근,9
마당,9
결과,9
파티,9
불꽃놀이,9
할머니,9
일행,9
할인,9
음악,9
본인,9
이마트,9
건가,9
방식,9
화로구이,9
기구,9
변경,9
사무소,9
바베큐,9
원고료,9
입실,9
무시,8
유일,8
문자,8
불빛,8
입장료,8
먹방,8
전기,8
민박,8
금정,8
선호,8
발달,8
특유,8
테라스,8
인터넷,8
기운,8
고생,8
배추김치,8
체크아웃,8
패들,8
이것저것,8
선정,8
건조,8
철도,8
정확,8
사방,8
이국,8
리뷰,8
예비,8
가방,8
미세먼지,8
날짜,8
예술,8
충전,8
햇볕,8
출근,8
막걸리,8
꿀맛,8
고속화,8
외관,8
아버지,8
쾌속,8
기름,8
청약,8
반죽,8
활용,8
단골,8
서해,8
실전,8
방문객,8
전시,8
동쪽,8
시외,8
차지,8
중개사,8
실망,8
골목,8
패션쇼,8
웃음,8
한쪽,8
좌우,8
소비자,8
철수,8
그건,8
둘쨋,8
주목,8
목공,8
순위,8
조화,8
감자탕,8
장사,8
예보,8
영향,8
세컨드,8
티비,8
남애,8
편의점,8
장면,8
삼척,8
명칭,8
조류,8
조리,8
나물,8
안주,8
소고기,8
조식,8
지정,8
잠시,8
안개,8
수요,8
만끽,8
상호,8
개동,8
가치,8
내외,8
이색,8
탁트인,8
채소,8
특성,8
설악항,8
반대편,8
뒤쪽,8
전문점,8
간장,8
기존,8
감자,8
스포츠,8
메밀,8
이불,8
시절,8
처리,8
공동,8
기약,8
그거,8
현실,7
코너,7
벤치마킹,7
장산,7
납부,7
디저트,7
슈즈,7
장사항,7
에어컨,7
막장,7
신비,7
택시,7
눈길,7
야영,7
퇴실,7
고속버스,7
생일,7
식품,7
최적,7
조사,7
바가지,7
아이스크림,7
풍선,7
파크,7
원주,7
그동안,7
매가,7
저거,7
표현,7
선조,7
박물관,7
눈치,7
지점,7
워크,7
가요,7
햇빛,7
아저씨,7
수영복,7
과정,7
외국,7
공예,7
회집,7
성인,7
모집,7
경제,7
효과,7
명태,7
정돈,7
절벽,7
청소,7
데이트,7
회룡리,7
미끼,7
하차,7
서로,7
무더위,7
중국,7
쌍둥이,7
동서고속도로,7
평화,7
링크,7
적극,7
회원,7
마감,7
월요일,7
마스터,7
통일,7
이론,7
흡입,7
남문,7
참가,7
휴양림,7
사무실,7
용호리,7
휴일,7
금지,7
잔금,7
개별,7
스테이크,7
희망,7
단풍,7
크림,7
박지,7
소통,7
이사,7
흰색,7
경유,7
계산,7
최우수,7
외식,7
송림,7
생명,7
계약,7
여명,7
휴가철,7
핫도그,7
어촌,7
답니다,7
이벤트,7
옥수수,7
클리어,7
점포,7
핑크,7
프로그램,7
첫째,7
솔비,7
테마,7
천국,7
실속,7
내음,7
담당,7
장난,7
태양,7
부지런,7
생물,7
전진,7
국밥,7
회로,7
중학교,7
대회,7
실패,7
입문,7
껍질,7
어머니,7
고구마,7
쓰레기,7
농장,7
실시,7
순두부,7
고개,7
시중,7
연말,7
셋째,7
동산,7
자료,7
초교,7
사정,7
미시령,7
탕수육,7
해파,7
사유,7
호재,6
친환경,6
숟가락,6
기대감,6
주관,6
당신,6
의견,6
분리,6
일시,6
진입,6
감칠맛,6
선상,6
고려,6
장식품,6
발표,6
댕댕이,6
숯불,6
웨이팅,6
이걸,6
핑장,6
각자,6
후진,6
아무,6
아이템,6
패들링,6
무대,6
운동장,6
거트,6
배추,6
매너,6
수량,6
겉절이,6
연날리기,6
분대,6
건어물,6
어민,6
북양,6
노선,6
홍합,6
카라반,6
창가,6
식탁,6
집들이,6
솜사탕,6
퇴근,6
과자,6
폐장,6
잔디,6
직전,6
광장,6
미터,6
욕실,6
일반인,6
걸까요,6
신축,6
물가,6
황태,6
피난,6
한상,6
정면,6
고고씽,6
바느질,6
정상,6
주세요,6
보전,6
와사비,6
텃밭,6
개선,6
현북면,6
피서,6
역사,6
포항,6
서피,6
나이,6
찬바람,6
술안주,6
기도,6
선크림,6
국립,6
계령,6
팔찌,6
베리,6
계약금,6
그대,6
두부,6
산란,6
댓글,6
아래쪽,6
임금,6
열무,6
기록,6
명품,6
염색,6
연중무휴,6
야영장,6
정류장,6
돼지고기,6
인천,6
새우튀김,6
버거,6
홍삼,6
수리,6
보트,6
타입,6
렌지,6
풍미,6
빨간색,6
횡단보도,6
잠자리,6
둘레길,6
도장,6
옆쪽,6
개요,6
구경거리,6
대구탕,6
제주도,6
라떼,6
시내버스,6
짜장면,6
복숭아,6
역할,6
채비,6
드라,6
걸까,6
야경,6
한정,6
공영,6
현금,6
홍련,6
장수,6
반점,6
대한민국,6
민물,6
서쪽,6
수족관,6
누나,6
온도,6
자극,6
결제,6
국토,6
미역,6
물품,6
시간표,6
돗자리,6
즈음,6
피자,6
양송이,6
조경,6
상자,6
판단,6
스카이,6
정비,6
감각,6
진열,6
광진,6
선사,6
어린아이,6
감탄,6
비빔국수,6
보물,6
자전거,6
강남,6
캠퍼,6
특징,6
고기잡이,6
진리,6
전자,6
프리,6
폭죽,6
가든,6
채취,6
가위,6
상가,6
현관,6
호박,6
세월,6
출처,6
공항,6
정착,6
보증금,6
하이라이트,6
간직,6
수상,6
라인업,6
피서객,6
기계,6
요것,6
휴가지,6
장거리,6
쌈장,6
활동,6
정동진,6
악세사리,6
감안,6
단골집,6
케이블카,6
흔적,6
그늘,6
무침,6
월드,6
안정,6
고양이,6
매물,6
모드,6
천연,6
고요,6
통과,6
대포,6
뉴스,6
우리나라,6
중국집,6
초겨울,5
가죽,5
체크인,5
중순,5
식물,5
폭풍,5
평생,5
신고,5
해양,5
전복,5
주일,5
복귀,5
시음,5
식초,5
낮잠,5
마스코트,5
햄버거,5
제거,5
적용,5
생신,5
통신,5
급증,5
하트,5
서기,5
대상,5
마인드,5
교동,5
새끼,5
클렌징,5
비키니,5
개성,5
지기,5
비빔밥,5
캠프,5
주전부리,5
수고,5
전쟁,5
미소,5
심신,5
자율,5
진미,5
자갈,5
농원,5
청호동,5
밸리,5
극대,5
추위,5
개월,5
도마,5
시행,5
블랙,5
좌측,5
크리스마스,5
라이,5
뷔페,5
야자,5
실수,5
일본,5
통합,5
벨리,5
대지,5
오랫동안,5
대출,5
전계,5
입소문,5
등록,5
기초,5
오징어순대,5
교통편,5
지리,5
보호,5
복골,5
어류,5
외부,5
완성,5
간성,5
산란기,5
지천,5
안심,5
그늘막,5
엄지,5
진심,5
버마,5
회의실,5
주심,5
돼지,5
근무,5
필지,5
세계,5
초대,5
임진왜란,5
쉼터,5
추진,5
컨디션,5
꼬리,5
누룽지,5
탄생,5
장갑,5
최초,5
상추,5
물결,5
루프,5
달빛,5
밥도둑,5
오산리,5
아홉,5
불안,5
속살,5
묘미,5
부지,5
라인,5
강현중,5
무생채,5
영동,5
한과,5
상류,5
속도,5
빈자리,5
건더기,5
교통부,5
서식,5
비기,5
방울,5
브레드,5
변신,5
전통,5
브랜드,5
동호리,5
특산품,5
호떡,5
목공예,5
만점,5
뒷모습,5
욕조,5
아무것,5
전이,5
양심,5
적응,5
마찬가지,5
어구,5
모래밭,5
실제,5
사전,5
분주,5
무한,5
신규,5
번지,5
조산,5
일기,5
탐방,5
통유리,5
표지판,5
땡볕,5
볶음,5
발목,5
지부,5
경포대,5
컴퓨터,5
코드,5
낙산항,5
보름,5
주택공사,5
친정,5
그중,5
유의,5
꼬마,5
허리,5
식기,5
드라마,5
애기,5
다짐,5
학부모,5
까스,5
클럽,5
저것,5
등산,5
현수막,5
번개탄,5
등반,5
치국,5
근방,5
사이드,5
무언가,5
본점,5
양쪽,5
각광,5
스피커,5
균형,5
오리,5
도루묵찌개,5
지경,5
황금물결,5
토끼,5
부위,5
책상,5
근접,5
상당,5
추석,5
고춧가루,5
자격,5
모델링,5
메카,5
소원,5
현상,5
광경,5
우드,5
영국,5
예방,5
공공,5
회관,5
환영,5
게살,5
모자,5
프리마,5
비빔,5
리스트,5
커피숍,5
봄날,5
중교,5
셀카,5
여성,5
리필,5
네비,5
체크,5
갈만,5
주최,5
간짜장,5
당첨자,5
성장,5
명함,5
유입,5
길목,5
이정표,5
가로등,5
조각,5
성격,5
성게,5
대접,5
결혼,5
각도,5
샐러드,5
일대,5
노을,5
장식,5
좌석,5
고추장,5
동물,5
청결,5
신용,5
경기,5
커뮤니티,5
눈빛,5
사이트,5
존재,5
시청,5
군인,5
심곡항,5
노래방,5
앞마당,5
폭포,5
야간,4
얼음,4
흥분,4
박사,4
쌍천,4
초입,4
조아,4
지느러미,4
신라,4
강정,4
구석구석,4
내린천,4
건립,4
아메리카노,4
김포,4
추어탕,4
종이컵,4
꺼리,4
매표소,4
현우,4
남녀노소,4
조미료,4
주의,4
효소,4
소세지,4
대안,4
돼지갈비,4
수다,4
참석,4
딸내미,4
동홍천,4
요거,4
바우,4
스튜디오,4
단점,4
핸드폰,4
방기,4
입안,4
진풍경,4
시민,4
밥집,4
민간,4
소프트,4
생선회,4
총무,4
약수,4
컨소시엄,4
여건,4
전부,4
영양,4
귀가,4
모듬,4
청초,4
역대,4
시점,4
제다이,4
구석,4
고등어,4
생산량,4
결론,4
상인,4
문구,4
아바타,4
사통팔달,4
김치찌개,4
한강,4
김밥,4
어성전,4
손길,4
위쪽,4
훼손,4
명가,4
옆집,4
영랑호,4
행사장,4
해안선,4
길가,4
농사,4
산세,4
제한,4
책임,4
난방,4
좌식,4
구룡령,4
주인공,4
단돈,4
삼포,4
대국,4
조절,4
떡국,4
공감,4
전문가,4
천변,4
착용,4
업무,4
피서지,4
조카,4
관동팔경,4
내장,4
피로,4
스님,4
신속,4
칭찬,4
용도지역,4
상상,4
식욕,4
해물,4
딸기,4
송지호,4
볶음밥,4
접수,4
셔터,4
곤충,4
사골,4
고래,4
대게,4
물안개,4
밴드,4
마르,4
위원회,4
꼬맹이,4
초청,4
블럭,4
청어,4
기온,4
머랭,4
중소형,4
아야진,4
엑스포,4
표시,4
파악,4
에메랄드,4
노릇,4
어딘가,4
여사,4
별거,4
콘도,4
원두,4
밤하늘,4
일자,4
메밀전,4
형식,4
정체,4
상차림,4
평형,4
행정,4
임대료,4
치약,4
톨게이트,4
부엌,4
승인,4
열기,4
공신,4
대면,4
다이어트,4
실감,4
반면,4
투자,4
동화,4
멀티,4
전세,4
여럿,4
화가,4
시공,4
건너,4
포스,4
빈티지,4
차비,4
점프,4
원산지,4
갈릭,4
농부,4
연상,4
구분,4
목살,4
원피스,4
대관령,4
개조,4
식혜,4
청춘,4
대도,4
증가,4
수제비,4
높이,4
딸아이,4
죽음,4
모양새,4
목어,4
입질,4
효능,4
관람,4
울타리,4
군청,4
주도,4
잡이,4
판매장,4
입주자,4
깊이,4
안내도,4
보상,4
목걸이,4
소진,4
피크,4
만두,4
제외,4
질문,4
피부,4
개설,4
왕복,4
사온,4
불가,4
행운,4
벼룩시장,4
요청,4
여행객,4
불고기,4
초이스,4
작용,4
액자,4
갯마을,4
회랑,4
영화,4
기념품,4
자청,4
스위트,4
전원,4
유유자적,4
반대,4
거주,4
지식,4
화면,4
딸래미,4
직거래,4
연수원,4
온천,4
바라,4
베이,4
바비큐,4
요게,4
아이스,4
양말,4
필터,4
욕심,4
평수,4
유혹,4
항의,4
요즈음,4
기승,4
동산항,4
바지락,4
성지,4
대교,4
백숙,4
복도,4
석교리,4
신호등,4
먼가,4
김장,4
레몬,4
양식,4
파도타기,4
발코니,4
사찰,4
바닷길,4
이분,4
걷기,4
양우,4
허가,4
당장,4
고유,4
목욕,4
깻잎,4
내고,4
현남면,4
형태,4
탑승,4
청양,4
라운지,4
구축,4
천만,4
절임,4
우회전,4
바닐라,4
대명,4
차선,4
명물,4
봉지,4
도심,4
도구,4
첨부,4
하사,4
경주,4
지속,4
셀프,4
오프,4
건가요,4
유지,4
오토캠핑,4
모바일,4
민족,4
주인장,4
극성,4
사건,4
소소,4
활력,4
천골,4
루트,4
멸치,4
해먹,4
하조,4
탄산,4
공수,4
둔전,4
유행,4
모던,4
본연,4
겉치레,4
비린내,4
설탕,4
손바닥,4
하룻밤,4
저흰,4
차돌박이,4
운행,4
준비물,4
시험,4
어시장,4
해안가,4
밥상,4
테이크,4
디자인,4
부대,4
치마,4
후추,4
고깃배,4
콧바람,4
온기,4
조기,4
아이디어,4
사이다,4
프리미엄,4
제격,4
어마,4
침구류,4
농수산물,4
유기농,4
요원,4
출입,4
바늘,4
빈대떡,4
최선,4
양배추,4
정기,4
바지,4
군수,4
대전,4
신난,4
벽면,4
과음,4
국화빵,4
판장,4
소떡,4
렌즈,4
문호,4
종이,4
어머님,4
거울,4
밀가루,4
휴양,4
품목,4
오미,4
유명세,4
함경도,4
발효,4
내기,4
진국,4
해오름,4
피해,4
숙박업소,4
대중교통,4
지난달,4
점검,4
설날,4
타이밍,4
화로,4
끼니,4
영금,4
구리,4
형아,4
아지트,4
참조,4
먼지,4
인파,4
신호,4
상생,4
합의,4
하복리,4
막내,4
발자국,4
관계자,4
소비,4
곰탕,4
사연,4
전병,4
어묵,4
구멍,4
해제,4
인도,4
이식,4
매일,4
절차,4
가드,4
가본,4
시골집,4
하얀색,4
가량,4
불가사리,4
봉포,4
퀼트,4
캠핑카,3
기름기,3
컨셉,3
차돌,3
상점,3
이기,3
보고,3
장안,3
其間,3
반려,3
데기,3
밀치,3
주간,3
협의,3
우장,3
정육점,3
배낭,3
살얼음,3
포트,3
홍예문,3
기사문리,3
수제품,3
특등,3
조치,3
정부,3
강제,3
신분,3
해물탕,3
자분,3
환장,3
슬라이스,3
초반,3
머신,3
내항,3
경쟁,3
에너지,3
저걸,3
늦가을,3
정감,3
속옷,3
전면,3
천둥,3
일호,3
전액,3
소라,3
춘장,3
공부,3
군더더기,3
노지,3
물론,3
솜씨,3
대세,3
살인,3
최신,3
바알,3
코리아,3
관음,3
여주,3
어린이집,3
싱크대,3
초점,3
지목,3
도치,3
홍게,3
벌꿀,3
수용,3
정선,3
로비,3
이하,3
용기,3
위목,3
스마트폰,3
미식가,3
대화,3
카트,3
짜쿵,3
먹을거리,3
서면,3
동아리,3
이치,3
차장,3
수질,3
가입,3
금여,3
답변,3
특수,3
근심,3
무기,3
화이트,3
평양,3
국군,3
해조류,3
맛보기,3
백반,3
창건,3
題品,3
물살,3
주의보,3
주택지,3
래미,3
녹두전,3
참가자미,3
종점,3
미래,3
성토,3
실화,3
보양,3
칼국,3
의원,3
엘리베이터,3
별장,3
모임,3
합류,3
경매,3
보존,3
열씨,3
왕래,3
포유,3
지로,3
카카오톡,3
고로케,3
씨알,3
제청,3
선골,3
가공품,3
오만,3
자석,3
보관,3
워머,3
건강보험공단,3
극복,3
연간,3
완공,3
구도,3
개당,3
간만,3
아버님,3
사과,3
자적,3
초코,3
거래,3
옥상,3
추세,3
행위,3
전시회,3
보세,3
구요,3
웰컴,3
각지,3
어둠,3
검정,3
구수,3
부대찌개,3
호불호,3
발원,3
묵호항,3
外飾,3
이익,3
고깃집,3
액세서리,3
선도,3
와플,3
함유,3
차별,3
가보세요,3
페스티벌,3
일지,3
선선,3
차창,3
갖가지,3
도시락,3
경유지,3
유용,3
체온,3
잔디밭,3
대가,3
조정,3
시그,3
조망대,3
시야,3
항로,3
창의,3
비수기,3
비앤비,3
고초,3
리쉬,3
방어,3
여측,3
승질,3
항만,3
스테이,3
속초항,3
움직임,3
젓갈,3
직접,3
도로변,3
탐색,3
혜자,3
승용차,3
은총,3
自適,3
에어,3
강력,3
협회,3
식도락,3
내외분,3
침구,3
가정,3
냉장,3
반반,3
군침,3
장인,3
산물,3
현지인,3
아점,3
규칙,3
안성맞춤,3
중복,3
눈요기,3
천장,3
백만,3
임천리,3
잠깐,3
우와,3
청년,3
무이자,3
선호도,3
저작,3
족좌,3
로컬,3
낚시채비,3
기미,3
숙면,3
리퍼,3
낚싯대,3
선글라스,3
컵라면,3
피난길,3
기러기,3
선단,3
조각상,3
마니,3
의상,3
워터,3
무릎,3
중식,3
둔치,3
억지,3
근로자,3
장맛,3
이리,3
우유,3
지불,3
가시,3
감독,3
여섯,3
아이스박스,3
장국,3
밥반찬,3
미담,3
배정,3
장애물,3
정차,3
수중,3
동작,3
페이스북,3
모금,3
길거리,3
서빙,3
대통령,3
주전골,3
동해시,3
한성,3
피비,3
오미자,3
차안,3
기선,3
명태회,3
밀크티,3
병원,3
경사,3
갈천,3
조선왕조실록,3
한몫,3
의사,3
귀요미,3
진수성찬,3
비기너,3
제비,3
해족,3
복원,3
들기름,3
전등,3
귀촌,3
타월,3
수협,3
존경,3
대변,3
급부상,3
중도금,3
기세,3
玉饌,3
위기,3
전후,3
구명동의,3
수십,3
銀魚,3
소식지,3
구명조끼,3
대목,3
대왕,3
프로,3
단맛,3
압도,3
해삼,3
한국인,3
철저,3
세꼬,3
석쇠,3
반나절,3
심플,3
수공예,3
커피포트,3
기암절벽,3
화이팅,3
삭탈,3
콜라보,3
수라상,3
광고,3
문화재,3
곡물,3
업소,3
와이프,3
보충,3
한마디,3
역세,3
비행,3
베스트,3
賢愚,3
육식,3
일환,3
매달,3
블로거,3
감자전,3
수익,3
형질,3
수면,3
자미,3
손수건,3
산행,3
원투,3
블루베리,3
색상,3
내요,3
송천,3
海族,3
곰치,3
찌게,3
추구,3
절감,3
퓨저,3
너머,3
전원주,3
에티켓,3
수단,3
오메가,3
貴賤,3
시냇물,3
수납장,3
양채,3
자원,3
젊음,3
출조,3
꿀잠,3
이놈,3
귀항,3
온몸,3
인간,3
도면,3
닭볶음탕,3
토일,3
일생,3
사수,3
인화,3
대략,3
건배,3
인산인해,3
베란다,3
감성돔,3
종연,3
찐만두,3
저게,3
강의,3
후드,3
주메뉴,3
하수구,3
이모,3
설악동,3
파파,3
대구,3
역시,3
반쪽,3
호환,3
화보,3
재현,3
명당,3
꽃병,3
정오,3
약문,3
귀천,3
응원,3
축하,3
생기,3
진흙,3
요놈,3
탈의실,3
끝물,3
현대,3
직후,3
파리,3
중복리,3
제안,3
베이스,3
名稱,3
샘플,3
순서,3
부자,3
브레이크,3
기절,3
콜택시,3
斯須,3
예감,3
두깨,3
레이,3
두두,3
세면대,3
중개,3
시경,3
마니아,3
사발,3
현남,3
어려움,3
수기,3
공용,3
연곡,3
동의,3
풍요,3
창고,3
바닷속,3
전골,3
그분,3
아지매,3
케이크,3
수확,3
사지,3
바캉스,3
흥정,3
면옥,3
쓰레기통,3
빨강,3
최소,3
차트,3
귀농,3
트렌드,3
공짜,3
중광정,3
부재기,3
관동,3
가수,3
이성우,3
호기심,3
보람,3
뭔지,3
사천,3
건평,3
바탕,3
켄싱,3
스카프,3
봉투,3
용어,3
실력,3
착공,3
프랜차이즈,3
쿨링,3
만남,3
따님,3
취소,3
제일,3
확대,3
온라인,3
일제,3
면발,3
글자,3
쟁반,3
헤드,3
폭염,3
학습,3
빨대,3
무튼,3
선반,3
유적지,3
정화,3
기관,3
탈출,3
조각품,3
들꽃,3
공고문,3
플러스,3
고정,3
택부지,3
일광욕,3
해외,3
클라우드,3
海底,3
중반,3
명절,3
도미,3
주먹,3
쇼어,3
친화,3
단무지,3
뒷맛,3
젊은이,3
산지,3
악세서리,3
形質,3
차림표,3
스노,3
구룡,3
덮밥,3
보금자리,3
경이,3
진전사,3
주제,3
불만,3
성인병,3
황어,3
아바,3
골든,3
조도,3
국산,3
비닐,3
경계선,3
관찰,3
당도,3
최장,3
만선,3
안방,3
대요,3
장애,3
연장,3
조망권,3
모닝,3
열무김치,3
유래,3
지경리,3
뿌리,3
몸길이,3
유어,3
윤기,3
들깨,3
군고구마,3
요트,3
어항,3
조황,3
토리,3
값어치,3
수록,3
사과즙,3
소시지,3
한계령,3
수욕장,3
크루즈,3
경찰,3
텐데요,3
스티로폼,3
강릉항,3
안목,3
연화,3
오잉,3
권위,3
게장,3
무스,3
정답,3
위로,3
안양,3
투입,3
호흡,3
폭발,3
푸대접,3
간격,3
아내,3
카카오,3
창밖,3
어딘지,3
봉사,3
탠덤,3
약간,3
손가락,3
관문,3
믹스,3
봄나물,3
해저,3
철조망,3
대청봉,3
매진,3
여운,3
생채,3
처지,3
부채,3
토종닭,3
공지,3
단순,3
연면적,3
랜드마크,3
양봉,3
스프링,3
숯불갈비,3
취재,3
우동,3
거진,3
떡볶이,3
죠기,3
내용물,3
부두,3
개불,3
스쿨,3
상권,3
설비,3
비스,3
한창,3
주장,3
콩알,3
겨자,3
옆구리,3
스케치,3
무제,3
운송,3
장호항,3
사계절,3
낚시터,3
시각,3
퀄리티,3
황제,3
무한리필,3
감자튀김,3
제휴,3
걸음,3
즉석,3
지출,3
스케줄,3
일석이조,3
번개,3
바깥,3
허브,3
승시,3
독립,3
요긴,3
매트,3
주전,3
녹색,3
능력,3
세척,3
어르신,3
노하우,3
풍년,3
외출,3
법칙,3
석식,3
가도,3
시작점,3
개인택시,3
乘時,3
배너,2
시가지,2
복지,2
회자,2
쇼핑몰,2
인산,2
저곳,2
질풍노도,2
글씨,2
원가,2
그물코,2
내서,2
어달항,2
승객,2
알탕,2
인용,2
분식집,2
부도,2
아구,2
입대,2
등골,2
흐름,2
자부심,2
신선,2
줄기,2
슬리퍼,2
안내소,2
티브이,2
푸쉬,2
술국,2
해안도,2
암쪽,2
허락,2
족족,2
충격,2
왜군,2
거론,2
서림,2
매주,2
이용해,2
정례,2
가용,2
재원,2
공휴일,2
관통,2
소유자,2
온돌방,2
확충,2
古今,2
광평대군,2
고갈,2
시행착오,2
함경,2
요소,2
播遷,2
고성군,2
한적,2
박수,2
성어,2
어수선,2
회가,2
승하,2
브이,2
능선,2
숭어,2
공정,2
일조,2
심야,2
차원,2
고도,2
금리,2
만둣국,2
초벌,2
짜증,2
그물망,2
행랑,2
산천어,2
잠수,2
애견인,2
발사믹,2
후덕,2
오줌,2
고집,2
레저,2
귀욤,2
다면,2
금강산,2
파출소,2
항공,2
미흡,2
빌딩,2
화초,2
수동,2
어획량,2
경상남도,2
도라지,2
물질,2
하산,2
이곳저곳,2
먹이,2
소희,2
취사,2
로스팅,2
서류,2
인명,2
순댓국,2
아산,2
교회,2
로스터,2
공영주,2
제스,2
뱃살,2
주문진항,2
제부,2
반영,2
홀씨,2
그루,2
축구,2
고마,2
스키장,2
교환,2
빙수,2
놀러,2
통일전망대,2
철가방,2
드라이플라워,2
따위,2
이용객,2
통발,2
사냥,2
제곱미터,2
홍영,2
주유소,2
하수,2
시속,2
주방장,2
매점,2
곤지암,2
사업자,2
겸용,2
타올,2
연남동,2
내설악,2
업종,2
걸요,2
파천,2
장마철,2
향신료,2
생략,2
래쉬,2
무척,2
막바지,2
노령,2
제수씨,2
대백과,2
타코,2
조과,2
수수,2
수평,2
감소,2
인구항,2
학기,2
후리기,2
온수,2
크레,2
선발,2
솔밭,2
지수,2
지형,2
전시관,2
좌회전,2
장려,2
기념일,2
토박이,2
장찌개,2
고찰,2
분식,2
발가락,2
여길,2
경비,2
게임,2
어깨,2
노란색,2
업자,2
봄바람,2
희소성,2
기전,2
몽진,2
인디,2
참판,2
배송,2
쾌감,2
인원수,2
잡채밥,2
화창,2
방생,2
고고고,2
찰떡,2
보장,2
방출,2
삼촌,2
화요일,2
비계,2
회덮밥,2
루스,2
수칙,2
관절,2
종자,2
회수,2
초순,2
토막,2
이드,2
일순간,2
하나하나,2
방범대,2
슬픔,2
모기,2
주몽,2
병아리,2
만족감,2
토대,2
자식,2
대답,2
저마다,2
반지,2
재촉,2
뜻밖,2
자장,2
코끼리,2
몸살,2
한방,2
동천,2
임진,2
근교,2
두산,2
한계,2
즐겨찾기,2
소공원,2
마중,2
마그넷,2
껍데기,2
송탄,2
수산리,2
실습,2
카봉,2
조개껍질,2
양보,2
도루묵회,2
간식거리,2
대처,2
조형,2
비발디,2
망상,2
흙탕물,2
정류소,2
호강,2
개천,2
전구,2
땅콩,2
간곡리,2
하광정리,2
면봉,2
직업,2
의류,2
청국장,2
북방,2
안내판,2
올리브,2
의심,2
유동,2
프림,2
맨하탄,2
생강,2
우산,2
번영,2
델피노,2
자금,2
반파,2
경희,2
하천,2
현감,2
집착,2
무지,2
성읍,2
무얼,2
대사,2
불면,2
선구,2
포식,2
播越,2
이영희,2
농민,2
어물전,2
들살,2
전신,2
에이드,2
진전,2
청평,2
라디오,2
개운,2
친목,2
보리밭,2
순조,2
매대,2
대진,2
힐스,2
찬물,2
청소기,2
애용,2
남여,2
콘크리트,2
응시,2
불포화,2
날자,2
별명,2
사모님,2
너희,2
그릴,2
위생,2
인승,2
건국,2
야속,2
한술,2
군요,2
원산항,2
북면,2
씨앗,2
용대리,2
수온,2
탈거,2
의뢰,2
이탈리안,2
업로드,2
마누라,2
장류,2
환궁,2
세탁,2
산타,2
산위,2
피접,2
김진하,2
크레인,2
기성,2
보타,2
돈돈,2
비늘,2
풍설,2
연관,2
중기,2
십자수,2
부추,2
빌리,2
수저,2
능이버섯,2
간성읍,2
학문,2
권태기,2
미관,2
옥찬,2
사간,2
자긴,2
닭곰탕,2
색감,2
숙원,2
매도,2
생산자,2
얼마간,2
칼제비,2
초콜릿,2
베이컨,2
에티오피아,2
무심,2
빨래,2
절친,2
벨리타,2
은빛,2
복리,2
백도,2
충만,2
셔틀버스,2
평방,2
갈비찜,2
환도,2
하단,2
미국,2
파이,2
그걸,2
용적률,2
한식,2
유리창,2
가로,2
추경,2
길동무,2
영만,2
페인팅,2
최남단,2
동료,2
밑간,2
山川,2
레포츠,2
용량,2
눈살,2
점심때,2
발각,2
알레르기,2
파스텔,2
진동,2
대체,2
하늘색,2
난이도,2
봉평,2
고수,2
스웰,2
하심,2
한자어,2
단계,2
배고픔,2
연필,2
창틀,2
골프,2
습도,2
순찰,2
전자레인지,2
피신,2
동과,2
물욕,2
분리수거,2
전각,2
덩이,2
고소,2
저고리,2
요구,2
충무,2
우박,2
양력,2
오미자차,2
낙엽,2
콘텐츠,2
조하,2
행렬,2
회복,2
범위,2
열풍,2
달성,2
투척,2
현황,2
제목,2
원목,2
출연,2
유료,2
야광,2
송구영신,2
화강암,2
가스,2
여행자,2
조청,2
향상,2
베테랑,2
채팅,2
지대,2
이중,2
인초,2
터로,2
인물,2
자취,2
러시아,2
철근,2
파랑,2
평균,2
저금리,2
남한,2
도량,2
밥숟가락,2
배웅,2
묶음,2
오더,2
의상대,2
바도,2
개울,2
파노라마,2
몸보신,2
장관,2
금년,2
담배,2
낙지,2
게요,2
머그,2
칼질,2
기만,2
파월,2
장르,2
보정,2
고용,2
유치원,2
신선도,2
도깨비,2
이동한,2
개막,2
신맛,2
짝꿍,2
버킷,2
코앞,2
호응,2
통제,2
왜놈,2
우등,2
실과,2
애완견,2
다운로드,2
평안,2
초곡항,2
정육,2
군만두,2
경쟁력,2
정덕수,2
범종,2
평면,2
내사,2
하륜,2
본의,2
울진,2
코아,2
남방,2
식후,2
일석,2
후식,2
유년,2
요고,2
장어,2
방지,2
편지,2
학급,2
수맛,2
목줄,2
가운,2
충주,2
베니키아,2
손발,2
임차,2
경력,2
본디,2
제사,2
상승,2
고시,2
분야,2
노랑,2
수호,2
그이,2
트레일러,2
열대야,2
낭독,2
비추,2
저편,2
정수기,2
자정,2
이의봉,2
기금,2
역쉬,2
몸통,2
보리,2
삼층석탑,2
반응,2
연못,2
고을,2
식성,2
스폰지,2
거의,2
임연수어,2
레프트,2
려고,2
술년,2
사업비,2
방대,2
동전,2
쑥갓,2
고금석림,2
蒙塵,2
농가,2
뒷길,2
배관,2
이슬이,2
나룻배,2
마약,2
생맥주,2
안배,2
스텔스,2
마릿수,2
시크,2
시트,2
층수,2
敗走,2
짐작,2
상륙,2
암컷,2
일보,2
어호,2
기호,2
칵테일,2
한계점,2
표지,2
호위,2
취항,2
빛깔,2
측면,2
결재,2
클랜,2
본부,2
연희,2
이걸로,2
헤어,2
내공,2
맛깔,2
서유구,2
통채,2
왁스,2
추격,2
자국,2
오븐,2
목소리,2
계산대,2
갤럭시,2
문양,2
굿모닝,2
포스터,2
대표자,2
회의,2
패키지,2
총알,2
목야,2
남녀,2
도립,2
진포,2
장난감,2
디스플레이,2
회장,2
오호리,2
가정집,2
위풍당당,2
유니크,2
노벨,2
칼만,2
주말여행,2
밀집,2
안산,2
몽골,2
역량,2
주머니,2
義州,2
전승,2
언급,2
기잡이,2
실현,2
닷새,2
금연,2
이점,2
증세,2
사면,2
전매,2
누군가,2
개관,2
물보라,2
우울,2
장대,2
둔전리,2
복지리,2
농림,2
아트,2
백미,2
물개,2
천사,2
원칙,2
술잔,2
소이현,2
패주,2
물레,2
립니,2
라임,2
재래,2
저질,2
차림,2
우정,2
파주,2
이엘,2
태양광,2
모색,2
출장,2
서희,2
기반,2
몸체,2
사물함,2
제육볶음,2
물줄기,2
한복,2
특별법,2
문방구,2
필수품,2
전달,2
징수,2
자락,2
드라이,2
추측,2
공연장,2
가격대,2
이외,2
주전자,2
당근,2
군부대,2
시전,2
허무,2
충의,2
이순대,2
속안,2
친척,2
면사무소,2
실향민,2
풀이,2
트리,2
유배,2
스마일,2
개봉,2
소음,2
허기,2
새해맞이,2
망명,2
협동조합,2
소녀,2
복부,2
오디오,2
칫솔,2
대환,2
가득,2
센티미터,2
임호경,2
서해안,2
불효,2
위안,2
담날,2
노루귀,2
철학,2
펜스,2
송시열,2
소맥,2
토마토,2
까닭,2
영월,2
백성,2
수박,2
영광,2
종이봉투,2
요정,2
연령,2
진출,2
뱃속,2
손이,2
보건소,2
기획,2
구박,2
퇴각,2
최낙민,2
세심,2
백과,2
오마이,2
인무,2
당초,2
보행,2
나들목,2
핑계,2
학군,2
픽업,2
강가,2
파손,2
리본,2
북분리,2
화분,2
몸치,2
잡곡,2
복어,2
자매,2
스파이,2
영행,2
영분,2
공현진,2
배차,2
장독대,2
척도,2
삼성,2
물갑리,2
위성,2
칙사,2
중급,2
보루,2
오래간만,2
비상,2
木魚,2
가성,2
대사간,2
기적,2
포로,2
크림소스,2
관관,2
개구장이,2
음력,2
황사,2
닭다리,2
방로,2
용소,2
여가,2
첨가,2
유후,2
임야,2
매월,2
농어촌버스,2
산속,2
적합,2
가격표,2
정책,2
해방,2
숲길,2
수라,2
완행,2
북부,2
당나라,2
초고추장,2
마스크,2
어치,2
창립,2
함지,2
군데군데,2
키친,2
예술가,2
발굴,2
투명,2
무우,2
태관,2
유투,2
어업,2
첫손,2
등기,2
뒤편,2
치탕,2
예절,2
강구항,2
소홀,2
초갈,2
사진가,2
넷째,2
해소,2
불법,2
정말,2
비닐봉지,2
카톡,2
승선,2
둥지,2
애국가,2
탄성,2
강점,2
노가리,2
야지,2
상업,2
캐스팅,2
회색,2
패턴,2
시세,2
의식,2
형제,2
다정,2
학생,2
미정,2
건폐율,2
해담,2
이열치열,2
직행,2
추적,2
후라이드,2
팥빙수,2
장치,2
앞뒤,2
텀블러,2
샤샤,2
이승,2
사태,2
진액,2
조항,2
커런트,2
세지,2
하순,2
체결,2
계장,2
체인점,2
손색,2
무상,2
물티슈,2
노후,2
요녀석,2
보리밥,2
귀향,2
타상,2
총반격,2
화성,2
국외,2
오르막,2
콩나물국,2
하이파이브,2
따윈,2
상심,2
일산,2
품절,2
참새,2
설영,2
전반,2
영자,2
과언,2
東遷,2
기여,2
기상,2
동행,2
열강,2
뽀뽀,2
분류,2
개꿀,2
침샘,2
삼척항,2
방바닥,2
스키,2
양평군,2
오이,2
알람,2
성황리,2
좌천,2
시바견,2
현산,2
효모,2
인항,2
조해,2
랩스,2
렛츠,2
오염,2
국보,2
교체,2
직선거리,2
법인,2
집안,2
청호반새,2
모빌,2
漁牧,2
막판,2
출구,2
믿음,2
커튼,2
석박,2
면장,2
세로,2
만무,2
구어,2
향수,2
프랑스,2
꼬치,2
사간원,2
풀빵,2
침낭,2
케익,2
정당,2
교차로,2
킬로,2
메인,2
칼바람,2
획득,2
초록빛,2
중심지,2
물빛,2
한자,2
순례,2
판위,2
복실,2
아픔,2
레이팅,2
남짓,2
드로,2
저건,2
시바,2
스탠드,2
종착지,2
공고,2
청봉,2
잔치국수,2
기리,2
스팸,2
영춘,2
우바,2
트렁크,2
영랑동,2
화덕,2
출사,2
첨단,2
이여,2
파세코,2
만세,2
이북,2
미세,2
쪽파,2
품바,2
隱語,2
빈손,2
체포,2
카운터,2
설사,2
기본요금,2
용인,2
식겁,2
간청,2
배타,2
신년,2
커버,2
스피드,2
입가심,2
닭도리탕,2
스팟,2
환맥어,2
까까,2
통째,2
스릴,2
스페셜,2
트리플,2
감시,2
오토,2
데스크,2
권역,2
독채,2
콘센트,2
소금강,2
압록강,2
샌드위치,2
산더미,2
위협,2
고서,2
매입,2
꽃잎,2
관공서,2
해경,2
향연,2
삼조,2
래시,2
명란젓,2
해피,2
구글,2
채광,2
초딩,2
국시,2
뭉게구름,2
풍물패,2
육지,2
콜라,2
이승만,2
탁자,2
최종,2
법수치,2
장독,2
진지,2
다섯,2
영서,2
부산포,2
종사자,2
머그잔,2
기능,2
예어,2
소멸,2
민서,2
원조,2
절반,2
지여,2
호두,2
살짝,2
절경,2
운모,2
성명,2
주스,2
슈퍼,2
체중,2
저수지,2
인공,2
군락,2
오렌지,2
협상,2
변기,2
절망,2
원형,2
실학자,2
로드,2
인제,2
대도호부,2
편찬,2
일체,2
주력,2
짜파게티,2
남양주,2
무채,2
찰떡궁합,2
갈치,2
강릉시,2
꽁보리밥,2
손놀림,2
생명력,2
대우,2
보유,2
홀더,2
밥솥,2
일개,2
폐쇄,2
대인,2
청초호,2
김치냉장고,2
연출,2
웨이,2
집중력,2
구별,2
양구,2
죽변항,2
표시판,2
주재소,2
파스타,2
만기,2
연기,2
철석,2
갯바위,2
소량,2
자박,2
놀라움,2
웍스,2
빵이,2
평창동,2
예능,2
때깔,2
금토,2
자태,2
금강고속,2
숙취,2
명성,2
출수,2
쪽빛,2
실종,2
핵심,2
고양,2
공략,2
하와이,2
훈련,2
오름,2
상대사,2
취미,2
셰프,2
휴게,2
그랜드,2
정조,2
송강,2
인지,2
물류,2
가난,2
장엄,2
부상,2
스페인,2
백담,2
실외,2
타워,2
보수,2
양전,2
영하,2
약수터,2
태극기,2
노송,2
의주,2
메기,2
수원,2
욕장,2
예매,2
입장권,2
공무원,2
매년,2
시계,2
돌고래,2
얼레지,2
교차,2
그린,2
양념장,2
아이폰,2
신세,2
이튿날,2
야유회,2
순삭,2
국자,2
난호어목지,2
용평,2
익기,2
입찰,2
지름신,2
벌레,2
기저귀,2
진주시,2
쥐치,2
항이,2
부엉이,2
동남아,2
제재,2
군중,2
도모,2
金輿,2
테라,2
연구,2
우암,2
동해항,2
천불동,2
아보카도,2
걸루,2
리포,2
콩나물,2
성어기,2
상관,2
공수전,2
신문,2
까페,2
조양,2
긴장,2
전복죽,2
딱지,2
진정,2
청둥오리,2
흔들의자,2
미용,2
동산리,2
제약,2
결심,2
비행기,2
아빤,2
효율,2
화재,2
젤리,2
국제,2
애정,2
레스토랑,2
어장,2
운항,2
유림,2
심리,2
발리,2
합리,2
고사리,2
여부,2
각설,2
명나라,2
장산리,2
이맘때,2
소방,2
암자,2
암놈,2
정치,2
트윈,2
긴팔,2
만약,2
외항,2
광주,2
還麥魚,2
가래떡,2
소규모,2
토스트,2
세치,2
관모봉,2
당황,2
종료,2
흡연,2
짠맛,2
반주,2
취침,2
월소,2
승강장,2
봄철,2
절편,2
뒷자리,2
다용도실,2
대란,2
최애,2
송암,2
태생,2
수납,2
은행,2
본곳,2
게이,2
방해,2
남문리,2
개시,2
으뜸,2
기름칠,2
후손,2
두국,2
거간,2
산불,2
스콘,2
개념,2
잔교리,2
홍창,2
안위,2
사악,2
페이,2
제도,2
홍연,2
보쌈,2
오기,2
수차례,2
한때,2
소실,2
한식당,2
광복절,2
목욕탕,2
영위,2
김양희,2
도호부,2
라이언,2
케이,2
부천,2
칠전,2
일쑤,2
자리매김,2
수압,2
남해,2
화장품,2
다시마,2
떨이,2
평상시,2
투하,2
스노우,2
계시,2
구용,2
화진포,2
귀신,2
듯이,2
영덕,2
주년,2
가공,2
쌀독,2
물색,2
녹지,2
선박,2
차도,2
최북단,2
도가니,2
볼일,2
각각,2
실천,2
착각,2
줄행랑,2
덩어리,2
대진항,2
법당,2
전방,2
가평리,2
애프터,2
샤워기,2
세조,2
의도,2
가훈,2
호스트,2
사진사,2
당연,2
오산항,2
갈등,2
개수대,2
입력,2
미술,2
서리,2
배지,2
분여,2
찬스,2
배변,2
마디,2
어젠,2
릴렉스,2
납득,2
백두대간,2
삼매경,2
막둥이,2
양장,2
개국,2
두말,2
시간대,2
봄비,2
부인,2
진주,2
찌르레기,2
공조,2
스트레스,2
케이스,2
설정,2
드리,2
독립선언서,2
國君,2
전투,2
용역,2
바나나,2
인구리,2
예측,2
헤엄,2
여행길,2
생애,2
방학,2
가자미조림,2
신뢰,2
후쿠오카,2
해송,2
회송,2
의지,2
연계,2
머리핀,2
단장,2
세기,2
아치,1
노트,1
풍경화,1
터파,1
암반,1
페리어,1
출토,1
손사래,1
고동,1
친목도모,1
흡연실,1
트라슈,1
현행,1
방수,1
와이,1
옹심,1
살거리,1
불전,1
농악,1
빗장,1
아이스크림콘,1
김우빈,1
토골,1
국화꽃,1
안착,1
오심,1
꾸리,1
수집,1
공유기,1
너울,1
숫자,1
다이,1
운전대,1
연주자,1
파카,1
로사,1
오색리,1
상회,1
본능,1
원정,1
프리스타일,1
프레첼,1
공물,1
무성,1
릴낚시,1
심야버스,1
어환,1
성질,1
싱기,1
제분소,1
남발,1
성숙,1
하래,1
대용품,1
語不成說,1
견과,1
스킵,1
변인근,1
도라지정과,1
비체,1
마실,1
길지,1
구운,1
흥미,1
브라운관,1
샤프,1
글라스,1
탐방기,1
삼림욕장,1
히든,1
곱빼기,1
협의회,1
대량,1
매개체,1
버니,1
판매점,1
가야,1
졸음,1
중금속,1
동흥,1
이석범,1
정재영,1
석재,1
중국식,1
기아,1
하얏트,1
최대한,1
새천년,1
비룡,1
밑둥,1
어회,1
고충,1
양회,1
피클,1
경내,1
열반,1
익사,1
사막,1
통계청,1
통로,1
레비,1
차서,1
음료수,1
도레미파,1
상행,1
거물,1
헌안왕,1
축포,1
해넘이,1
오지,1
파나,1
싱어,1
禪宗,1
부과,1
식빵,1
구황,1
가물치,1
부장,1
대동여지도,1
초가,1
일주기,1
된장,1
박하,1
떡갈비,1
조직,1
세차,1
다림,1
농담,1
리첼,1
몰리,1
포장지,1
근린,1
컴백,1
임의,1
뽕순,1
올매,1
뽐뿌,1
분량,1
문전성시,1
명실상부,1
지이,1
민장,1
토치,1
영천,1
프라자,1
후면,1
휴암,1
평판,1
색칠,1
근거지,1
난당,1
남양,1
삼창,1
하숙,1
내곡리,1
양평리,1
한축,1
자회,1
장백,1
돌기,1
서빈,1
앞장,1
현대인,1
타기,1
스매싱,1
레인,1
성취감,1
군살,1
헤어핀,1
세도,1
영원,1
공존,1
갯완두,1
봄처녀,1
비석,1
때죽나무,1
하평,1
신상,1
구릿빛,1
연장선,1
밭두렁,1
니즘,1
세션,1
두송,1
무기명,1
줄질,1
풍광,1
위아래,1
정체불명,1
샤인,1
뻥튀기,1
최석환,1
어필,1
큰딸,1
무인도,1
러시안,1
애플파이,1
와니,1
오손,1
머스,1
하원,1
전데,1
눈동자,1
하네스,1
주행,1
문중,1
알맹이,1
미사리,1
훈제,1
송도,1
한동안,1
수석,1
대북,1
토속,1
묵장,1
서족,1
머루,1
한옥,1
편집,1
중광,1
북악,1
광역,1
정대표,1
서점,1
커트,1
배부름,1
윤도현밴드,1
체질,1
민트,1
아드,1
미나리,1
원문,1
파고다,1
야도,1
차기,1
끝동,1
부시기,1
연고,1
케잌,1
매니아,1
이가,1
금융조합,1
스파펜,1
찜질방,1
출시,1
행주,1
사만,1
할아버지,1
스파게티,1
귀뚜라미,1
여담,1
응가,1
분수대,1
빨래방,1
세상만사,1
재정,1
논화리,1
사이렌,1
인터벌,1
미러,1
복장,1
열창,1
내가,1
미상,1
동배,1
명단,1
가자,1
감상문,1
직상,1
선장,1
캐리어,1
특보,1
비다,1
대별,1
코코넛,1
요맘때,1
분수,1
보도,1
티켓,1
시정,1
숙종,1
임장,1
선명,1
까망,1
레샤,1
포스코건설,1
헌신,1
고전,1
물아,1
임무,1
위국,1
김학구,1
강조,1
단언,1
시나몬,1
상급자,1
남남,1
북한,1
패밀리,1
태연,1
마개,1
시차,1
저분,1
잡생각,1
대낚시,1
세수,1
에리나,1
반발,1
스파클,1
딸딸이,1
노천,1
선태,1
일기장,1
하규,1
전북,1
기브,1
알갱이,1
두덩,1
암수,1
조상,1
감자떡,1
예의,1
하회,1
선수,1
제각각,1
테일,1
배상,1
워킹,1
돌덩어리,1
수로,1
저자,1
석양,1
탈수,1
감곡리,1
야읍,1
엘지,1
급등,1
공감대,1
킹크,1
양통,1
준공,1
도천면,1
적시,1
삼성물산,1
단풍놀이,1
김대선,1
윤구,1
고냥,1
간사이,1
볼륨,1
인대,1
잎사귀,1
청개구리,1
고모부,1
소인,1
형평,1
칠리소스,1
대리운전,1
충분,1
항해,1
새벽녘,1
갈대,1
근래,1
임대차인,1
케어,1
소어,1
목조,1
목도,1
가짓수,1
키티,1
한나절,1
락하,1
찍소리,1
유지비,1
변태,1
참선,1
변도,1
앤틱,1
농수,1
혁신,1
불닭,1
녹음,1
자동,1
당첨,1
불야성,1
어미,1
성과,1
거미,1
시인,1
간곡,1
남이,1
아드님,1
숙련,1
돌발,1
토탈,1
회포,1
합성,1
섬유,1
다람,1
숟갈,1
임신,1
비대,1
쾌속선,1
무니,1
질리언,1
물소리,1
극성기,1
군포,1
그래퍼,1
함량,1
끝자락,1
최가네,1
체육관,1
울산바위,1
봉포항,1
해수면,1
의료,1
던트,1
광암,1
취사도구,1
된장국,1
송아지,1
꼬우,1
타도,1
미끄럼틀,1
공중화장실,1
발휘,1
하임,1
고교,1
내두,1
채집,1
루도,1
사이사이,1
이탈리아,1
대포동,1
메일,1
추신,1
알배기,1
부화,1
일주,1
로비라,1
지근거리,1
하마비,1
댄스,1
개고생,1
파스,1
마시,1
관찰자,1
평온,1
사심,1
하소연,1
네잎,1
이킹,1
남동구,1
인피니트,1
등굣길,1
돌핀,1
도동,1
진짜,1
무제한,1
지배,1
갈일,1
탈옥,1
정은,1
건축주,1
두요,1
꽃길,1
붙박이장,1
주야간,1
방파,1
아무데,1
로션,1
타원형,1
교대,1
컨벤션,1
참맛,1
절터,1
노인,1
친견,1
식품군,1
시루,1
다이빙,1
소비량,1
수천,1
피날레,1
건축물대장,1
물리,1
우연,1
파우더,1
근대,1
판로,1
충동,1
가실,1
솜털,1
함흥,1
분진,1
날개,1
속눈썹,1
퇴출,1
살라,1
몸짱,1
김별,1
잔교,1
병행,1
달수,1
군간,1
하절기,1
해전,1
감미,1
와이어,1
손수레,1
선인장,1
사진기,1
카누,1
단번,1
아비,1
용대,1
절대,1
전라남도,1
아동,1
파이프,1
아메리카,1
꼬랑,1
평타,1
수훈,1
소양강,1
타령,1
감촉,1
탄불,1
트랩,1
증명,1
청량리,1
구상,1
보디,1
산품,1
회귀성,1
연창리,1
궁합,1
터만,1
인치,1
올레길,1
준령,1
관모,1
스티,1
금물,1
수제자,1
딸아,1
양성,1
금산,1
별칭,1
연천,1
덮개,1
오예,1
여태,1
큰조카,1
돌지,1
산신각,1
윈도,1
주공,1
미숫가루,1
슈크림,1
꾸지,1
경상도,1
봉여,1
감리,1
오노,1
제출,1
함평,1
말랑,1
기념물,1
스에,1
약효,1
애국,1
자연촌,1
정글,1
입고,1
복판,1
이이,1
일리,1
현충사,1
조립,1
내비게이션,1
거즈,1
후각,1
파머,1
천신만고,1
관내,1
폴리아,1
선위,1
수내동,1
광복,1
다낭,1
시궁창,1
구릉지,1
매경,1
관목,1
물량,1
도배,1
기지개,1
책임자,1
포착,1
남양주시,1
다미아,1
두뇌,1
위장병,1
경판,1
윤도현,1
이스트,1
누적,1
코다,1
무쇠솥,1
두병,1
경영자,1
열심,1
선지,1
천진,1
치강,1
한맛,1
랄라,1
오호츠크해,1
생화,1
수욕,1
시공간,1
그땐,1
폐활량,1
브루,1
사거리,1
승차,1
위용,1
매수인,1
통신망,1
성심,1
얼음장,1
열일,1
설원,1
타임즈,1
외할머니,1
항공권,1
정시,1
세간,1
모래찜질,1
쿠션,1
경각심,1
홈즈,1
꽁이,1
먹자골목,1
고습,1
성남,1
라이브,1
겨울비,1
장돌뱅이,1
수평자,1
카라멜,1
쌀밥,1
상한선,1
킬로미터,1
漁業,1
구이도,1
엽서,1
산토리니,1
개교,1
로디우스,1
개의,1
피오나,1
보살상,1
산타페,1
대포리,1
선창,1
매치,1
목장,1
자켓,1
파재,1
가자미식해,1
오만원,1
참대,1
에드워드,1
숙제,1
너비,1
레몬차,1
서른,1
비트,1
브라,1
용주,1
연민,1
수위,1
행혈,1
시게,1
남애리,1
이슬,1
지신밟기,1
허탕,1
위헌,1
선착순,1
낭패,1
상영,1
미취학,1
이장은,1
주마,1
살치,1
예배,1
서요,1
토목,1
강인,1
리임,1
무뚝뚝,1
春分,1
초고속,1
행지,1
과천,1
주잔,1
처방,1
쪽잠,1
동탄,1
덕촌,1
오션스,1
종파,1
산리,1
궁금증,1
어쩔,1
전진리,1
하드웨어,1
군단,1
벼슬,1
아까,1
송고,1
총수,1
고무나무,1
귀염둥이,1
르봉,1
현희,1
흡족,1
울릉도,1
백수,1
개그,1
버찌,1
노래자랑,1
오차,1
유산균,1
자색,1
전실,1
단가,1
숫가락,1
얼떨결,1
두입,1
도예가,1
면장갑,1
임박,1
설거지,1
이오,1
블루,1
배터리,1
탄원서,1
디쉬,1
개막식,1
별일,1
자주,1
물냉면,1
축조,1
페스,1
경계점,1
근육,1
전도사,1
순수,1
레이든,1
청정기,1
건조대,1
산한,1
앨범,1
소프트아이스크림,1
아공,1
승승장구,1
손양,1
적대,1
직선,1
원대,1
리드,1
실내복,1
전제,1
이쿠,1
희소식,1
후문,1
불문,1
정직,1
근무지,1
여름밤,1
정의,1
팬티,1
주아,1
최우선,1
고목,1
박자,1
수산청,1
다래,1
어획물,1
자립,1
주부,1
살만,1
인간미,1
지효,1
중광전,1
울릉,1
훈장,1
바스,1
덕동,1
패션,1
저격,1
원활,1
윤식,1
글귀,1
유찰,1
실비,1
밀물,1
단일,1
통이,1
우라,1
말썽,1
지니,1
음성,1
문화제,1
방울토마토,1
감회,1
감자칩,1
농구장,1
갓김치,1
철골,1
염두,1
콘서트,1
세라,1
개구리,1
고통,1
지표,1
졸지,1
다모,1
빙어,1
천진난만,1
셔츠,1
치교,1
민가,1
이마,1
폐단,1
마마님,1
수생식물,1
발품,1
병합,1
편식,1
송금,1
파고,1
인제군,1
영농,1
양실,1
천만다행,1
주궁,1
장맛비,1
크루아상,1
조여정,1
구지,1
곳도,1
창시,1
더프,1
대청,1
요플레,1
목격,1
가식,1
외지,1
샌드,1
김서,1
분경,1
초간장,1
혈관,1
한정식,1
점주,1
수술,1
여척,1
싹쓸이,1
한라산,1
메이크업,1
리모,1
금회,1
학무,1
트렉,1
부르스,1
아찌,1
연구회,1
몸값,1
수과,1
심취,1
열광,1
잠간,1
국행,1
상반기,1
항주,1
취나물,1
기념비,1
에머,1
거름망,1
좌하,1
초회,1
서브,1
카이트,1
태기,1
후배,1
경포,1
국진,1
아야진항,1
드레,1
과지,1
물수제비,1
겨울날,1
반장,1
뒷받침,1
정거장,1
페인트,1
장호원,1
신혼,1
원산,1
밀라노,1
우안,1
포크,1
스타드,1
보살,1
로스트,1
회양,1
설경,1
아르소,1
로라,1
이모저모,1
누군지,1
못가,1
약방,1
미르,1
덧살,1
액젓,1
등산복,1
피살,1
소도,1
대만,1
하러,1
헌팅,1
진드기,1
경회루,1
평촌,1
담지,1
피치,1
알음,1
아성고속,1
출장소,1
화천,1
까치,1
타이핑,1
타지,1
프라이버시,1
사무,1
어로,1
대치,1
뼈다귀,1
아가야,1
연시,1
군비,1
리전,1
바이바이,1
꼬막,1
자갈밭,1
태도,1
사모,1
마카,1
우스,1
홍기,1
작정,1
호프,1
코스타리카,1
사천진,1
스쿠버,1
강물,1
라켓,1
줄자,1
올리브유,1
물체,1
청동,1
쇼파,1
다라,1
합수,1
안완배,1
성당,1
연탄,1
스니커즈,1
마침,1
플로,1
드레스,1
옷장,1
대보단,1
겸업,1
선종,1
행동,1
굴비,1
독도,1
주저,1
실합,1
페토,1
땅값,1
종주,1
탁상행정,1
이교,1
코스트코,1
진상품,1
이종순,1
맞음,1
건설업,1
카페이,1
야부,1
부대시설,1
유도,1
마을버스,1
평릉동,1
수변,1
금값,1
식전,1
싸이,1
시냇가,1
가습기,1
에프런,1
다이버,1
공개,1
파바,1
아미노산,1
잔액,1
등딱지,1
숙주,1
유무,1
홍두,1
오키,1
불어라,1
도라,1
어딜까,1
가스레인지,1
싱가포르,1
물집,1
한계리,1
상두,1
남현,1
이라니,1
규현,1
육즙,1
기득,1
말차,1
냅킨,1
도지,1
본명,1
박상철,1
부페,1
동식물,1
날림,1
식재,1
미션,1
처키,1
사자,1
뒷발,1
불허,1
조박,1
진보,1
안지기,1
아몬드,1
원주민,1
팬덤,1
태형,1
성악,1
양일,1
왕만두,1
양문,1
축적,1
긍정,1
국가,1
전파,1
공납품,1
기력,1
비지떡,1
근육통,1
초밥,1
육각정,1
외면,1
동부,1
우려,1
기장,1
반칙,1
구탄,1
역광,1
서랍,1
북상,1
복만,1
고데,1
가렌,1
변리,1
대조,1
배탈,1
약사,1
시위,1
산채,1
노포동,1
지능,1
자치,1
로몽,1
레스,1
변양,1
안사람,1
장작,1
연중,1
비웃음,1
하드,1
구독,1
길바닥,1
로멘,1
군것질,1
쇠고기,1
자몽,1
국회의원,1
뚜기,1
양면,1
잣대,1
무장,1
장은,1
콧물,1
발바닥,1
지킴,1
북유럽,1
살사,1
솔바람,1
산골짜기,1
에타,1
메줏가루,1
반병,1
우빈,1
바보,1
박보검,1
사업장,1
한식집,1
레일바이크,1
밥알,1
용돈,1
약재,1
메리트,1
다큐멘터리,1
체리,1
현포,1
진료,1
대용,1
무한대,1
마님,1
테이트,1
오피스텔,1
밑부분,1
오빤,1
내겐,1
변인,1
메탈,1
두아,1
노르웨이,1
비니,1
양순대,1
뎅이,1
미역국,1
특기,1
점도,1
근진,1
풍랑,1
공놀이,1
불나방,1
화장대,1
제육,1
국수사리,1
이즈,1
토도,1
거주지,1
도프,1
상대원,1
정철,1
아토피,1
훌치기낚시,1
쥐포,1
현포리,1
그녀,1
숙회,1
귤피차,1
아주머님,1
공격,1
도요,1
나오,1
삼복더위,1
헛걸음,1
지칭,1
과도,1
창원,1
담소,1
삽입,1
배수구,1
목표,1
니즈,1
달고나,1
국을,1
김선,1
망고,1
디자이너,1
정숙,1
순데,1
미니미,1
단체장,1
함무니,1
비오,1
원망,1
화물,1
오국,1
도식,1
날벌레,1
항목,1
피신처,1
포말,1
道人,1
마이크,1
효자,1
백종원,1
앙상블,1
해열제,1
여파,1
깁니다,1
학창,1
응축,1
형부,1
괴기,1
고무,1
첫차,1
번방,1
일화,1
요금제,1
미사,1
쥐통,1
신설,1
피란지,1
실험,1
권유,1
던지기,1
체계,1
산장,1
확정,1
우릴,1
가스버너,1
도랏,1
구성원,1
원수,1
초봉,1
유닛,1
적당,1
그레이,1
애도,1
소방서,1
달료,1
담주,1
도보이,1
어가,1
시우,1
미물,1
비중,1
공가,1
목전,1
곤약,1
기우,1
질서,1
행복감,1
면도기,1
대피,1
귤나무,1
연합뉴스,1
주류,1
감당,1
홍대,1
샘물,1
히노,1
황금빛,1
가재미,1
공중,1
리스,1
데한,1
오랫만,1
치전,1
사치,1
적막,1
변환,1
수임,1
옷감,1
와중,1
수호신,1
점액,1
절충,1
속풀이,1
서방,1
드림,1
조리개,1
추정,1
관광공사,1
의외,1
번덕,1
하늘소,1
페인트칠,1
성함,1
캐릭터,1
서치,1
귀걸이,1
계약서,1
밤새,1
방침,1
개포,1
회지,1
원츄,1
노골,1
덕소,1
스무디,1
부록,1
인솔,1
타르트,1
설립,1
평균치,1
주의자,1
종만,1
양농,1
국방,1
순이,1
과다,1
세련미,1
바깥양반,1
노즈,1
환호,1
킨다,1
들살이,1
식품점,1
소유,1
물그릇,1
고우,1
후니,1
지포,1
병호,1
리비치,1
묵호진동,1
발등,1
용호,1
절약,1
피오,1
콘도미니엄,1
종업,1
원시인,1
매봉,1
양홍,1
김철기,1
성분,1
식도,1
햇무리,1
패이스,1
여사장,1
눈썰매,1
찌질,1
예정일,1
면민,1
절정,1
버스타,1
正田,1
최종봉,1
숙박료,1
중고생,1
무표,1
창시자,1
경영,1
만한,1
본분,1
전동,1
평택,1
보호수,1
사우나,1
엽전,1
도리기,1
꼬치구이,1
포장마차,1
주물,1
쿠폰,1
이남,1
학원,1
멩이,1
대미,1
형광,1
상전,1
마롱,1
대학,1
인증서,1
실시간,1
벵에돔,1
여행가,1
산봉우리,1
담장,1
요요,1
까자,1
꽃반지,1
치적,1
신뢰도,1
각오,1
두루마리,1
모퉁이,1
광장동,1
통행료,1
순복,1
착즙,1
펌프,1
장호,1
하네,1
깜놀,1
삼일절,1
글리코겐,1
꽃샘추위,1
복구,1
구나,1
소종,1
식비,1
소변,1
츤데레,1
하와,1
타쿠,1
노곤,1
수작업,1
누각,1
정반대,1
치열,1
반환,1
풀장,1
동참,1
쏘렌토,1
돌섬,1
목도리,1
한곳,1
침투,1
한철,1
슬로건,1
천혜,1
협업,1
신중,1
해역,1
구석지,1
처제,1
총감독,1
갈대숲,1
모녀,1
지역민,1
너모,1
의무,1
사운드,1
구멍봉돌,1
번성,1
불판,1
시책,1
소나기,1
회귀,1
내게,1
코어,1
봉식,1
품위,1
고백,1
장성읍,1
아메리칸,1
유적,1
논밭,1
자가,1
서프라이즈,1
전입,1
와이파이,1
이동혁,1
식수대,1
이용수,1
기념탑,1
음악인,1
산수유,1
한주,1
여보,1
오크우드,1
취락,1
속국,1
함흥냉면,1
운명,1
한판,1
불평,1
비정규직,1
풀스,1
금호,1
소지품,1
부안,1
어불성설,1
은월,1
패커,1
터키,1
프로젝트,1
비율,1
갑부,1
선두,1
피래미,1
보신각종,1
가본적,1
행정대집행,1
가지나물,1
트로피,1
기기,1
돌멩이,1
뒷골목,1
하공,1
직립,1
바이킹,1
철로,1
무소,1
중계,1
구마,1
감정,1
영구,1
패드,1
본품,1
끝단,1
열운,1
극도,1
지로도,1
뭘까,1
평리,1
딱새,1
독려,1
홍합죽,1
위지,1
기점,1
일관,1
사원,1
육회,1
대다수,1
올케언니,1
농작물,1
민수,1
오독,1
잡초,1
승계,1
하수도,1
거너,1
바깥쪽,1
휴강,1
고랑,1
합정동,1
회한,1
옷걸이,1
가야동,1
농지,1
로즈마리,1
선풍기,1
교항리,1
실물,1
장토,1
포회,1
차액,1
또래,1
요새,1
남궁,1
수강,1
노아,1
캥거루,1
착수,1
쇼핑백,1
건조기,1
여동,1
쟁탈전,1
정밀,1
원점,1
밀착,1
방리,1
라코,1
호전,1
기스,1
플랜,1
세종,1
최상,1
테트라,1
육로,1
서천,1
공룡,1
성규,1
수령,1
바나나보트,1
콘테스트,1
구여,1
구체,1
잠옷,1
와우,1
몸부림,1
강시,1
본전,1
진해,1
관음보살,1
자전거길,1
전대,1
바질,1
장인어른,1
할무니,1
브런치,1
장기간,1
스토리,1
소프라노,1
진솔,1
내면,1
인쇄,1
신나,1
일청,1
신바람,1
물맛,1
원시림,1
아쿠아리움,1
호정,1
손해,1
레슨,1
애항,1
홍두깨,1
단추,1
분기,1
문면,1
청년단,1
중면,1
머리카락,1
달밤,1
찬거리,1
낚싯바늘,1
등심,1
밀대,1
아울,1
커리,1
직장,1
근거리,1
성수동,1
원분,1
수만,1
감자밥,1
생사,1
해초,1
복권,1
업적,1
인덕션,1
예시,1
회룡,1
스물,1
충용,1
쭈니,1
귀염,1
마시멜로,1
여러해살이,1
감나무,1
민속,1
로프,1
고령자,1
하이트,1
도액,1
베이스캠프,1
몸매,1
분소,1
수입품,1
창건자,1
정보력,1
다큐,1
대중,1
묵자,1
횡단,1
미가,1
염약,1
찬기,1
메주,1
뭔들,1
콩가루,1
새내기,1
밀크,1
자연법,1
호미,1
칸막이벽,1
간사,1
오뎅,1
반숙,1
척산,1
웅장,1
자장면,1
색색,1
유기,1
대책,1
스텐,1
미온수,1
천정,1
군화,1
결혼기념일,1
레드와인,1
알도,1
겨울바람,1
약건,1
경도,1
플룸,1
출퇴근,1
정전,1
장성군,1
왕돈,1
크리스마스트리,1
바람아,1
해루,1
사상자,1
북로,1
도민,1
양주,1
혈압,1
프레임,1
표면,1
특권,1
차분,1
조건부,1
사설,1
원씨,1
뗏목,1
언론,1
수입국,1
삼양,1
템포,1
큰길가,1
물기,1
족구,1
엉망,1
비보라,1
날인,1
용통,1
발산,1
친목계,1
방청,1
마음속,1
찰중,1
리시,1
야심,1
귀연,1
오매불망,1
회이,1
겨드랑이,1
폐업,1
고등학교,1
호랑이,1
문무왕,1
부침개,1
가사,1
상실,1
염려,1
선열,1
애서,1
크로,1
커팅,1
충성,1
탈의,1
마나님,1
꽃새우,1
밤도깨비,1
미연,1
피딩,1
외갓집,1
멀티탭,1
하사품,1
화강석,1
면모,1
심화,1
아부지,1
인삼,1
등산객,1
안동,1
유원지,1
맥주병,1
입식,1
축지법,1
옥천,1
바램,1
조개껍데기,1
기암,1
샤브샤브,1
남매,1
레고,1
급류,1
뒤태,1
금다,1
블랜딩,1
거짓,1
음청,1
크림치즈,1
자형,1
漁民,1
심사,1
작물,1
버릇,1
지명도,1
해장술,1
형형색색,1
퍼슨,1
향토음식,1
플라이,1
인어상,1
통성명,1
토퍼,1
지갑,1
짐승,1
지와,1
포스트,1
산소,1
미꾸라지,1
복단,1
비아,1
빗방울,1
지방산,1
만고,1
특집,1
꼬야,1
오감,1
옆방,1
미무,1
집단,1
더블,1
장박,1
하구,1
앞날,1
더운물,1
오리지널,1
목책,1
연산,1
쑥인절미,1
거북이,1
러거,1
로데이,1
업경,1
소장,1
꽃밭,1
잉크,1
임연수,1
간제미,1
지지,1
신품,1
宗師,1
개띠,1
신토불이,1
아랑,1
노니,1
저널,1
수비대,1
두수,1
화목,1
키조개,1
환경청,1
합승,1
전개,1
경매장,1
수지,1
일탕,1
습득,1
소형,1
설명도,1
모레,1
도다리,1
교종,1
데이,1
목요일,1
견지,1
갈천리,1
실인,1
새것,1
수종인,1
이파리,1
직수,1
쥔장,1
통창,1
남성,1
하행,1
리건,1
만보,1
대단위,1
요약,1
워즈,1
공작소,1
두려움,1
자책,1
삼척시,1
밤잠,1
일수,1
정문,1
천로,1
바바라,1
굵기,1
석교,1
양황,1
온종일,1
철재,1
고층,1
봉정,1
산줄기,1
레드,1
처갓집,1
플라스틱,1
개소,1
환승,1
보드게임,1
반대쪽,1
으름장,1
배수,1
양앙,1
계곡물,1
변일,1
덧칠,1
유교,1
가목,1
저어기,1
양춘,1
경양식,1
종사,1
건전,1
무덤,1
다방면,1
묵국,1
국화,1
베아,1
긴장도,1
요집,1
감옥,1
상품권,1
등짝,1
긴장감,1
호라이즌,1
비즈,1
각설이,1
대한제국,1
무기력,1
인지도,1
특급,1
가리스,1
마지기,1
시군,1
업계,1
선점,1
두가,1
너덜,1
프라이팬,1
군소,1
명지조개,1
종려,1
초여름,1
일익,1
와폭,1
오리발,1
해수욕객,1
글리신,1
조개류,1
고리,1
오일,1
제조,1
클라,1
랍비,1
진단,1
복닥,1
맘모스,1
연재,1
낙원,1
대간,1
여지,1
다니,1
저녁때,1
신남,1
손짓,1
토기,1
만자,1
경축사,1
무게,1
자랑거리,1
노리,1
원숭이,1
향교,1
漁具,1
하정,1
주차료,1
살집,1
바리스타,1
닭개장,1
분할,1
히터,1
해당화,1
산열,1
중학,1
이친,1
장난꾸러기,1
기술력,1
테레비,1
크릴,1
당연지사,1
낭떠러지,1
개두릅,1
응달,1
동거리,1
협력,1
칠층석탑,1
비타민,1
주파,1
고대,1
배럴,1
가동,1
경상,1
금전,1
유화제,1
관람객,1
대대,1
공제조합,1
트레이,1
분홍색,1
고노,1
무김치,1
실신,1
머리털,1
분석,1
막지,1
수정,1
중추원,1
오른발,1
한국관광공사,1
깔때기,1
번창,1
미꾸리,1
에버,1
지부장,1
체면,1
캔들,1
쿨러,1
배견,1
아미,1
검수,1
화채,1
스트레칭,1
옥천리,1
소근,1
빗물,1
연실,1
연보,1
표선면,1
코스로,1
직장인,1
올라운드,1
유속,1
지그,1
국수집,1
하겐다즈,1
입양,1
구령,1
스페인어,1
꼬꼬닭,1
피리어드,1
추암,1
상기,1
스타우브,1
도련,1
화룡,1
태평양,1
여여,1
쉬원,1
테스트,1
가구원,1
강림,1
열매,1
우선,1
리센룽,1
대상어,1
큰일,1
개폼,1
엉덩이,1
삼거리,1
홍살문,1
차롱,1
충렬사,1
불량품,1
포르,1
자두,1
선녀,1
산중,1
돌도끼,1
프라이빗,1
생수,1
유제품,1
산객,1
몰카,1
명산,1
박람회,1
아줌마,1
미자,1
관할,1
오대산,1
가락시장,1
영화관,1
방향제,1
대정,1
불향,1
숫놈,1
박양,1
정형,1
꽃놀이,1
因山,1
차이점,1
화이트보드,1
심장,1
각질,1
연꽃,1
소파,1
잠수복,1
빈약,1
보관함,1
구방,1
활주,1
동자,1
억새,1
무궁화,1
위반,1
해안로,1
고추냉이,1
꽃사슴,1
요령,1
방앗간,1
거제도,1
지하층,1
흉어,1
숙련자,1
탄수화물,1
코코,1
발바리,1
위급,1
마한,1
스크랩,1
청소전,1
코레,1
혜지,1
합정,1
자네,1
주창,1
논리,1
대성황,1
관망,1
재활,1
기겁,1
진공,1
구려,1
졸업,1
엄니,1
생쥐,1
드롭,1
찜질,1
뱅크,1
총평,1
호주,1
어멈,1
석굴,1
쭌이,1
참시,1
게찜,1
니다,1
생성,1
동력,1
예년,1
루체른,1
무자비,1
음반,1
도가,1
스톱,1
돌진,1
땅바닥,1
풍동,1
철원,1
강풍,1
호랑지빠귀,1
자제,1
화기,1
난주,1
냉동,1
에일리,1
옥천면,1
외출복,1
천양,1
경중,1
아날로그,1
얌전,1
측정,1
쌀가게,1
지루,1
전량,1
내내,1
고군분투,1
승부,1
머리빗,1
면도,1
복은,1
창공,1
옥토,1
축복,1
아르바이트,1
용천리,1
곡소리,1
집고양이,1
추전,1
스탄,1
대치리,1
강동구,1
실거,1
박빙,1
각동,1
원두막,1
지정일,1
박민규,1
생활면,1
정회,1
위조,1
비어,1
하양,1
폐허,1
처녀,1
매코,1
정력,1
대디,1
숨바꼭질,1
채등,1
베베,1
흥부,1
유예,1
좌선,1
숯구이,1
세끼,1
연수,1
일전,1
술병,1
요샌,1
매콤,1
나그네,1
밀푀유,1
수행,1
방송사,1
대동소이,1
신석기,1
무녀리,1
클래식,1
말이,1
대자,1
개근,1
무창포항,1
홀리,1
목재,1
장용,1
살장,1
난간,1
옥수수튀김,1
의문점,1
영령,1
왕벚나무,1
하수관거,1
유형,1
철거,1
쐬기,1
공포증,1
만찬,1
광호,1
출입구,1
분양가,1
소릴,1
일발,1
눈썹달,1
정입,1
구멍치기,1
귀퉁이,1
낚시인,1
고감,1
이영자,1
은서,1
거부,1
제지,1
차마,1
漁家,1
바꾸,1
심볼,1
색도,1
침해,1
비온뒤,1
슬로푸드,1
사유지,1
아래층,1
요량,1
기종점,1
보약,1
이변,1
오소리,1
박명수,1
마리나,1
차스,1
수반,1
로프트,1
도스,1
쓰임새,1
크루,1
특판,1
쥬스,1
이향,1
인병,1
백향,1
양의,1
수입,1
벽돌,1
오른편,1
한덩,1
반동,1
상대방,1
울림,1
탱이,1
진상,1
꽃게,1
길손,1
호떡집,1
왜경,1
전시실,1
극기,1
나만,1
돌칼,1
테크,1
주출,1
형체,1
말사,1
마쉬,1
문제점,1
패스트푸드,1
닉스,1
나기,1
피노키오,1
돌변,1
물권,1
흑미,1
본지,1
휴지,1
춤판,1
사투리,1
수학여행,1
물음,1
번달,1
알로하,1
천시,1
시회,1
장기,1
물김치,1
허스키,1
남치,1
동강,1
발급,1
방토,1
금아여행,1
메뉴인,1
내수면,1
농약,1
동행인,1
알코올,1
은거,1
不在,1
박아지,1
수륙양용차,1
유물,1
누사,1
직할시,1
손힘,1
오브,1
황홀,1
진작,1
못자,1
온돌,1
선희,1
교류,1
킬러,1
뒷바라지,1
업인,1
동향,1
샘터,1
스팀,1
포천,1
영동고속도로,1
잠사,1
드링크,1
치치,1
아침밥,1
제어,1
부실,1
터전,1
대성전,1
맹신,1
치자,1
먹성,1
도정,1
부녀,1
봉준호,1
막대,1
민원,1
경성,1
중전,1
꾀꼬리,1
입성,1
금송,1
내손,1
웃음꽃,1
말벌,1
오타,1
견고,1
보석,1
무루,1
외모,1
타종,1
다비도프,1
수계,1
옥살,1
신공,1
발렌타인,1
중상,1
위어,1
육개장,1
풍물놀이,1
그쯤,1
성화,1
창립식,1
수풀,1
최상급,1
메루,1
북청,1
럭키,1
기본기,1
당치,1
시아,1
릭터,1
주량,1
명인,1
솥단지,1
통감자,1
襄陽,1
초행,1
굵은소금,1
권금,1
돌판,1
통계법,1
소함,1
게락,1
소환,1
피란,1
숙박비,1
부끄부끄,1
액정,1
구정,1
인수,1
최태섭,1
다이브,1
빙판길,1
산등성이,1
피스트,1
사케,1
퍼센트,1
연파,1
캡쳐,1
볼펜,1
분향,1
敎宗,1
세진,1
천동,1
지적,1
고종,1
팝콘,1
해양경찰,1
달력,1
총리,1
머니,1
피골,1
자연사,1
장래,1
행선,1
산발,1
초기,1
대학교,1
양세,1
꽃등심,1
변화,1
다운,1
비게,1
심지,1
실외기,1
묵이,1
진통,1
소풍,1
로그,1
매료,1
지렁,1
어물,1
하숙집,1
망망대해,1
환기,1
원상,1
토산물,1
채널,1
노래미,1
단층,1
소래포구,1
파란색,1
엄지손가락,1
태희,1
노회찬,1
가림막,1
보행로,1
입추,1
육성,1
김장독,1
애초,1
샤카,1
감초,1
전영,1
차선책,1
윤석,1
공납,1
오실,1
대타,1
질색,1
프레,1
발포,1
구피,1
이추,1
다구리,1
충숙왕,1
회중,1
껍지,1
제로,1
해국,1
특제,1
봉제,1
그라스,1
거시기,1
살맛,1
마술,1
서라운드,1
밤나무,1
인위,1
양조,1
공통,1
어메니티,1
바라기,1
자재,1
반성,1
도착지,1
시리얼,1
일괄,1
판매량,1
뉴리,1
배짱,1
입찰자,1
부녀회,1
피드백,1
고임,1
퍼펙트,1
지외,1
참두릅,1
멤버십,1
조회,1
호객,1
월별,1
향성,1
홍합탕,1
화엄종,1
찡찡이,1
제주특별자치도,1
금상첨화,1
포토스,1
감고,1
재주,1
양갱,1
생활한복,1
행진,1
로봇,1
로버트,1
대리,1
미온,1
복제,1
일탈,1
복도식,1
염소,1
옛말,1
신청서,1
모래펄,1
나장,1
조국,1
항도,1
내야,1
풍경사진,1
사선,1
인천광역시,1
극찬,1
대풍,1
여서,1
문어숙회,1
블리,1
이재훈,1
문암,1
태백산맥,1
몰래,1
요석,1
적색,1
부둣가,1
편향,1
오수,1
착오,1
곡선,1
재무,1
기생충,1
공시지가,1
수세미,1
월드컵,1
기성품,1
우측면,1
귀여,1
혼잡,1
핫바,1
오롯,1
법률,1
패딩,1
실버,1
샴페인,1
사양,1
산허리,1
심기일전,1
도킹,1
마추,1
애비,1
오내,1
모래알,1
철통,1
구장,1
현명,1
데유,1
전력,1
라지,1
김부장,1
버블,1
가짜,1
하아,1
시국,1
라마르,1
요세,1
성사,1
축제문,1
기다,1
시럽,1
개떡,1
트랜드,1
초공,1
인석,1
빗질,1
세분,1
고명삼,1
동대문,1
신흥사,1
장재,1
단상,1
맨발,1
잔짐,1
정액,1
환산,1
삼호,1
호가,1
파향,1
갈대밭,1
두께,1
나영,1
약과,1
매체,1
눈쌀,1
아무거,1
마그네,1
회기,1
곶감,1
거지,1
김영준,1
오디,1
타우린,1
난공사,1
타이트,1
바타,1
파트너,1
서재,1
종갓집,1
블루칩,1
상단,1
손님맞이,1
장만,1
화룡점정,1
옛길,1
인제터널,1
원례,1
저울질,1
원당,1
화상,1
상부,1
이모님,1
통감,1
그레이스,1
절호,1
첫배,1
수역,1
판매자,1
닭고기,1
세탁기,1
조준,1
코다리,1
시즈,1
목백일홍,1
자요,1
호밀빵,1
일정표,1
침실,1
차단,1
현미,1
시코드,1
적성,1
소자,1
동두천,1
게인,1
호평동,1
산골,1
신라도,1
지슴,1
임산부,1
성대,1
소란,1
다크,1
발부,1
보답,1
답지,1
면세점,1
이천,1
등대불,1
김여사,1
황영철,1
리재,1
여우,1
해상,1
좌골,1
씀바귀,1
원적외선,1
스토어,1
일본인,1
냉방,1
검진,1
이베리코,1
사색,1
청년회,1
래도,1
사격,1
작렬,1
여행기,1
응대,1
분점,1
존귀,1
요인,1
동일,1
유가족,1
찌꺼기,1
만차,1
관동별곡,1
북천,1
개맛,1
위미,1
퇴짜,1
산미,1
예외,1
체육,1
낚시질,1
적신호,1
구와,1
이국범,1
약도,1
양기,1
똥물,1
분당,1
참여시,1
매출,1
원도,1
찾기,1
포니,1
몸뚱이,1
캘리,1
라라,1
난이,1
대상자,1
안함,1
숭어회,1
종균,1
식상,1
리슈,1
언덕길,1
지나,1
말복,1
비바람,1
옥양목,1
거름,1
예담,1
갱이,1
동기,1
완자,1
훈련소,1
매혹,1
콜드,1
즉흥,1
출동,1
등고선,1
비욘,1
개린,1
주원,1
존중,1
함정,1
부활,1
찹쌀떡,1
새색시,1
국비,1
조언,1
사긔,1
보소,1
틈새,1
혼합,1
비지,1
금진,1
처리장,1
추모제,1
인공수정,1
빠빠,1
직진,1
야동,1
도기,1
향호리,1
첨가제,1
해외여행,1
교습,1
반궁,1
숙지,1
갑오,1
서경숙,1
놀자,1
라피,1
초한,1
오케오,1
야반도주,1
의리,1
영업소,1
이동경,1
블러,1
別曲,1
런닝,1
마미,1
정규직,1
뱃놀이,1
횟수,1
제과점,1
열차,1
미스,1
다시,1
급경사,1
세칭,1
애플,1
오륙도,1
머릿속,1
작살,1
스냅,1
내의,1
축재,1
상하,1
셋톱박스,1
입문서,1
문리,1
안성,1
둘레,1
스타트,1
청각,1
행세,1
보험,1
베넷,1
두름,1
파괴,1
애호박,1
눈꼽,1
수근,1
중독성,1
메리,1
항인,1
스타렉스,1
견동,1
수영도,1
왕왕,1
민물낚시,1
후퇴,1
소천면,1
기와,1
에펠,1
사리골,1
눈높이,1
주최자,1
빌미,1
치안,1
맹방,1
생식,1
실입,1
촌놈,1
벽화,1
평형대,1
변동,1
무기질,1
경량,1
서행,1
회음,1
패널,1
비라,1
웹캠,1
선택지,1
장바구니,1
코트,1
감바,1
미남,1
사례,1
상록,1
자격증,1
코치,1
삼정,1
일치,1
양익환,1
소모,1
지민,1
연일,1
우가,1
수산업법,1
연세,1
가계,1
비치파라솔,1
응복산,1
익산,1
서반,1
큰손,1
명과,1
연탄불,1
발매기,1
가복,1
공산품,1
참갯지렁이,1
보급,1
테트라포드,1
현대판,1
폐교,1
갈산동,1
달마대사,1
현포항,1
야전,1
휴전,1
위락,1
통지,1
약국,1
미각,1
공장,1
이너,1
야자수,1
웃돈,1
마천,1
일주일,1
취라,1
천통,1
통계,1
오월,1
손뜨개,1
양해,1
루틴,1
젖병,1
버터,1
폭죽놀이,1
소울메이트,1
지우,1
기종,1
조대,1
노추산,1
스티커,1
지유,1
이해관계인,1
게시물,1
정과,1
대망,1
기름보일러,1
말씨,1
주도로,1
평면도,1
오니,1
희생,1
남대,1
크랜,1
꼽사리,1
보편,1
맘속,1
잡상인,1
따리,1
신세계,1
도사,1
소반,1
꿀단지,1
선입견,1
연포탕,1
퍼트,1
작전,1
철길,1
꼼꼼이,1
근해,1
체고,1
야시장,1
보리멸,1
과속,1
유턴,1
이브자리,1
주인집,1
힙합,1
타이틀,1
일몰,1
돌장,1
문진,1
영혈,1
작은방,1
플랜트,1
복부비만,1
명량,1
남향집,1
개량종,1
아스팔트,1
조타,1
접종,1
답사,1
진강,1
점점,1
엘레,1
휴직,1
관경,1
스마트,1
류수,1
프롬,1
외적,1
네요,1
한파,1
로망,1
읍내,1
화산,1
스스로,1
수긍,1
작대기,1
찜통,1
통팥,1
멤버,1
정철이,1
거짓말,1
백운택,1
오페,1
카네이션,1
비온,1
여긴데,1
찐빵,1
대물,1
미스트,1
벚꽃,1
울릉군,1
미인,1
다년간,1
그적,1
개울가,1
밤송이,1
제임스,1
부앙,1
남정네,1
동재,1
카카,1
마사토,1
새송이,1
어업자,1
조업,1
기란,1
수현,1
단련,1
꽈배기,1
政策,1
현태,1
외설악,1
이물질,1
며느리,1
엑스트라,1
사바리,1
해설문,1
부상자,1
용수철,1
장세환,1
왕골,1
조명덕,1
먹구름,1
예약처,1
대내외,1
로산,1
포도,1
기술,1
식가,1
녹대,1
어니언,1
수종,1
내인,1
무드,1
자외선,1
인허,1
서정,1
나침판,1
송정,1
입간판,1
스푼,1
티백,1
인터체인지,1
공향,1
이노,1
애인,1
캠퍼스,1
마마,1
쇠위,1
촛불,1
도입,1
호단,1
동반자,1
장마,1
지용,1
함수,1
공깃밥,1
파절,1
앞길,1
양팔,1
감생,1
빌라,1
배치도,1
우든,1
도우,1
징검다리,1
헝겁,1
올겨울,1
이철우,1
소낭,1
우골,1
김두영,1
프린터,1
책갈피,1
규정,1
이순재,1
라온,1
뚜껑,1
오일장,1
월세,1
강원여객,1
호남,1
가급적,1
왕박,1
지청,1
황금종려상,1
협곡,1
무단,1
간과,1
돌입,1
북분,1
현석,1
악골,1
마들렌,1
정동,1
공예가,1
경로,1
심곡,1
수탕,1
운반,1
뭔데,1
아이사,1
치루,1
참외,1
인왕산,1
베기,1
중천,1
봉수대,1
바람결,1
카피,1
동로,1
유머러스,1
백록담,1
동양,1
성행,1
모닥불,1
시동,1
작목,1
전갱이,1
시금치,1
램프,1
유역,1
이조,1
중독,1
간이식당,1
제방,1
프레드,1
여과,1
텐션,1
석기,1
횡포,1
야구,1
꽃다발,1
산성,1
날일,1
숨통,1
천지개벽,1
능렬,1
열량,1
알래스카,1
물미역,1
백두,1
접속,1
악어,1
김남훈,1
은사,1
날아라,1
동호인,1
진의,1
석사동,1
카치아,1
충실,1
양손,1
요일,1
족발,1
의기투합,1
달맞이,1
완비,1
수감,1
내츄럴,1
광부,1
우디,1
성호,1
멀미,1
암초,1
춘분,1
리베,1
소수,1
중도,1
하얼빈,1
연합회,1
푹신,1
야근,1
역전,1
붕이,1
향이,1
깨달음,1
발밑,1
카포트,1
박만,1
찰흙,1
박봉래,1
제다,1
수산업,1
경찰차,1
실무,1
웅성,1
얘길,1
직구,1
작어,1
성장기,1
버너,1
서종면,1
즉시,1
남동,1
담당자,1
게류,1
물차,1
친절한,1
구포,1
갈치조림,1
휴지통,1
나베,1
아웅,1
군민,1
자년,1
센티,1
陳田,1
집사,1
의정부,1
생강차,1
컨디,1
하세오,1
골짜기,1
앞사람,1
이걸루,1
토레,1
말랭이,1
투자자,1
조카님,1
음나무,1
수용장,1
타곡,1
서노,1
송승헌,1
버진,1
본류,1
지네,1
사키,1
떡꼬치,1
별맛,1
제정신,1
커텐,1
허벅지,1
마진,1
용못,1
무언,1
매립,1
분사,1
테이블보,1
호구,1
청렴,1
지명,1
문해,1
서귀포시,1
학년,1
지번,1
가리비,1
조신,1
디피,1
낮술,1
운무,1
참례,1
견학,1
세요,1
기로,1
산악,1
치풍,1
밑밥,1
내륙,1
판매망,1
강촌,1
소갈비,1
수공품,1
런지,1
개락,1
서철,1
약용,1
마지,1
집행,1
갑자,1
사자수,1
지리산,1
이은근,1
장남,1
본스,1
공업,1
동거,1
꽁치,1
서예,1
투숙,1
안성선,1
합체,1
겨드랑,1
강스,1
목공장,1
시흥,1
김난도,1
양수,1
바다위,1
새우젓,1
김장회,1
대구경,1
구색,1
이태리,1
오징어무침,1
매자,1
필로티,1
빌라드,1
가우디,1
별똥,1
밀접,1
파제,1
하대원,1
콜렛,1
집서,1
항정살,1
부락,1
재생,1
속세,1
알과,1
상추쌈,1
도란,1
임대용,1
수염,1
조끼,1
안내문,1
누리집,1
소프,1
단축,1
수저받침,1
영험,1
남포동,1
상처,1
카페모카,1
반지하,1
써니,1
고모,1
모형,1
요리사,1
비데,1
영수,1
곰배령,1
바닷고기,1
저세상,1
이코노미,1
감수,1
플랫폼,1
조각도,1
아들딸,1
타분,1
해녀,1
스킨,1
미터기,1
오물,1
새싹,1
관지,1
러버,1
플레인,1
게눈,1
골마,1
거절,1
관건,1
피나물,1
낙매,1
외곽,1
이미,1
강탈,1
리아,1
조합원,1
드럼,1
사도,1
향후,1
원구,1
특선,1
파우,1
지은이,1
금의환향,1
이종건,1
개업,1
만화책,1
용아,1
오동,1
귀차,1
대의,1
뒷배경,1
낙성식,1
엘비,1
우창,1
파급,1
두릅,1
세째,1
설랑,1
처마,1
카테고리,1
제드,1
실상,1
주한,1
베리코,1
수율,1
태원,1
예고,1
어두움,1
학수,1
김양식,1
호록,1
파로스,1
고깃국,1
대나무,1
부당,1
김태헌,1
교목,1
찬진,1
나이스,1
부공,1
차영규,1
청호,1
웨건,1
낙지볶음,1
우주,1
터틀,1
이교정,1
문굿,1
해교,1
다로,1
시공사,1
노래자,1
산림,1
목구,1
잔소리,1
티슈,1
철새,1
수병,1
급매,1
서울시,1
영장,1
산업,1
롯데호텔,1
공비,1
봄여름,1
래들,1
암막,1
닭곰,1
가락,1
감흥,1
首席,1
여경,1
평지,1
조달,1
배위,1
살코기,1
골북,1
기재,1
불량,1
인교진,1
이동배,1
야영지,1
지중해,1
쉬야,1
하부,1
라탄,1
유치,1
봉가,1
사진반,1
석탑,1
이끼,1
정각,1
가열,1
조준의,1
채봉,1
심해,1
볼품,1
보임,1
먼저,1
모니,1
아현,1
從事,1
코스터,1
절규,1
덤프,1
세력,1
합격,1
제눈,1
키워드,1
미토미,1
저의,1
아즉,1
능이,1
특효,1
문회,1
투썸,1
남북,1
인권,1
정석현,1
거치대,1
야깽이,1
關東,1
작업실,1
움집,1
대쪽,1
근덕면,1
합의서,1
대파,1
광화문,1
인연,1
솔트,1
장착,1
동호회,1
국내선,1
안경,1
촛대바위,1
열쇠고리,1
그램,1
호들갑,1
보자,1
별점,1
여장,1
명목,1
출신,1
도토리묵,1
근본,1
회식,1
갠데,1
초록색,1
포토샵,1
해뜨기,1
편익,1
황해,1
눈썹,1
오금,1
아시나,1
경작,1
푸르,1
기와지붕,1
상서,1
성실,1
마늘빵,1
거미줄,1
옹기,1
양옆,1
깡패,1
클로즈업,1
발동,1
환불,1
기침,1
수자원,1
이프랑,1
부메랑,1
정의당,1
용비,1
기고,1
금반,1
멘붕,1
집가지,1
광과,1
시핑,1
통구이,1
주입,1
위패,1
합세,1
비행장,1
요직,1
도로는,1
바가지요금,1
출전,1
마음씨,1
디안,1
자야,1
애교,1
보따리,1
신성리,1
승규,1
사회생활,1
푸름,1
과송,1
여객선,1
뱃길,1
간적,1
그간,1
영랑,1
사각,1
난관,1
입속,1
낭구,1
데일,1
점수,1
햇님,1
신리,1
보양음식,1
저리,1
캐치프레이즈,1
부끄러움,1
부동,1
씨엘,1
왕실,1
뜨랑,1
솔방울,1
입자,1
호야,1
외각,1
철릭,1
샤랄,1
명륜당,1
미용실,1
남동생,1
후대,1
할미,1
뱃사람,1
평탄,1
군대,1
은상,1
박이,1
속상,1
여과기,1
등지,1
중건,1
오버,1
상욱,1
반가,1
출발지,1
산마늘,1
고수부지,1
미리내,1
초행길,1
레져,1
수복,1
山寺,1
정화조,1
사용료,1
자충,1
앞모습,1
재윤,1
부여,1
중생,1
광고비,1
産業,1
류마치스,1
공식,1
치맥,1
운전자,1
일부분,1
급매물,1
벽걸이,1
대여료,1
총어,1
급여,1
매운맛,1
꿍이,1
오케이,1
반다,1
정이,1
선셋,1
거래처,1
임시방편,1
잡풀,1
솔로,1
트래킹,1
오락실,1
사료,1
농촌,1
앞다리,1
기악,1
궁중,1
우회,1
오래,1
우애,1
고양시,1
올인원,1
개척,1
피츠,1
증거,1
옥남,1
상평통보,1
스피,1
수립,1
순경,1
글램,1
최대섭,1
매화,1
인트,1
전철역,1
다비치,1
엄두,1
스낵,1
사부,1
팻말,1
규의,1
방류수,1
북새통,1
네자,1
카봇,1
주토,1
반값,1
조산리,1
싱글,1
이상시,1
다신,1
필리핀,1
트레,1
전기밥솥,1
급자,1
선어,1
면역,1
모름,1
옻닭,1
풀밭,1
의향,1
요구르트,1
클레이,1
조스,1
심의,1
요로,1
나무숲,1
배당,1
서숙,1
동법,1
태포,1
이양수,1
비결,1
가리,1
괴로움,1
수소문,1
자살,1
차길,1
거봉,1
찌낚시,1
하와이안,1
광어회,1
노고,1
들머리,1
검은색,1
우거지,1
독살,1
벅스,1
암벽,1
고장률,1
과거,1
안인,1
교량,1
영애,1
토익,1
항비,1
파라다이스,1
옥이,1
리해,1
하몽,1
번호표,1
산자락,1
장미과,1
득남,1
태기산,1
타투,1
불사,1
리터,1
오가피나무,1
출범,1
소재지,1
반차,1
국장,1
바다색,1
모기장,1
활약,1
베커,1
카로,1
자축,1
핵가족,1
토담,1
조앤,1
삼둥이,1
환풍기,1
확신,1
기쁨,1
경진,1
샌프란시스코,1
에스프레소,1
발암,1
이우창,1
덜미,1
브로,1
동남쪽,1
구닥다리,1
포획,1
다사다난,1
모란,1
노야,1
아치형,1
음주,1
목덜미,1
꼬꼬마,1
당면,1
확연,1
원샷,1
봉인,1
실핏줄,1
여동생,1
겉면,1
까꿍이,1
은공예,1
봉담,1
스와,1
경북,1
똑똑이,1
혼신,1
명골,1
꼭대기,1
증상,1
정품,1
증진,1
파운드,1
군밤,1
밤낮,1
맛살,1
신명,1
슈트로,1
요지,1
거품,1
플레이트,1
탄력,1
카달,1
직통,1
오즈,1
사단,1
재작년,1
김대중,1
덕평,1
관념,1
신평리,1
돌메기,1
양만,1
행처,1
소꿉놀이,1
허정무,1
하스,1
일종,1
출산,1
용시,1
반개,1
강습생,1
주인아줌마,1
나뭇가지,1
싱크,1
탄탄,1
동축,1
바위섬,1
보인,1
부유물,1
거문고,1
은애,1
정박,1
잠복,1
동유,1
씨름,1
사족,1
엄포,1
이투,1
한류성,1
통풍,1
반집,1
초월,1
개털,1
극한,1
전지,1
사현,1
다변,1
터치,1
관음굴,1
옥수,1
유쾌,1
모범,1
철책,1
금융,1
거금,1
타운,1
사은품,1
빠꾸,1
스펀지,1
수수부꾸미,1
명하,1
철인,1
도너츠,1
초세,1
시크릿,1
무었인지,1
아리,1
세입자,1
환경일보,1
변덕,1
자키,1
화학조미료,1
생비,1
빈혈,1
촉진,1
타그,1
몰랑,1
소프트웨어,1
폭력,1
동선,1
출경,1
미비,1
바리스,1
이터,1
등산로,1
찜통더위,1
아우님,1
임시,1
시상식,1
영화제,1
사천왕,1
블라우스,1
엑기스,1
백담사,1
추카,1
마지막손,1
예술품,1
부지기수,1
어스름,1
센치,1
금만,1
파운드케이크,1
자신감,1
정남향,1
디앙,1
금새,1
납품,1
세면,1
내시,1
노출,1
침체,1
썰물,1
프릴,1
이니,1
계분,1
어패류,1
연합,1
하영,1
바켓,1
사두,1
판매처,1
문명,1
생육,1
올빼미,1
너티,1
만삭,1
유충,1
특설,1
파송,1
금지령,1
이주연,1
윤정,1
다비,1
리언,1
내산,1
구속,1
자차,1
실역,1
장콕토,1
바구,1
루이,1
방정,1
산포,1
솔향기,1
우승자,1
울딸,1
戶數,1
아침나절,1
예배당,1
주황색,1
차질,1
센트,1
북동,1
습관,1
유수,1
학꽁치,1
유족,1
우류,1
올여름,1
성별,1
희망자,1
단호박,1
새순,1
이내,1
신식,1
검토,1
양야,1
헌화,1
꾸미,1
위층,1
춘식,1
아마추어,1
호루라기,1
대소변,1
선배,1
장말,1
소망,1
추어,1
인토,1
알밤,1
도난,1
니파,1
전주,1
영진,1
야탑,1
부사장,1
서민,1
별빛,1
그인,1
요기조기,1
파이로,1
경향신문,1
적은리,1
필자,1
회신,1
호호,1
드로잉,1
털보,1
연근,1
왼편,1
상어,1
송영,1
웨이크,1
사회,1
아지,1
디럭스,1
후춧가루,1
마르테,1
자부,1
더그,1
이래,1
늦둥이,1
점심거리,1
천생연분,1
농어촌,1
스쿨버스,1
편도,1
이명,1
파트,1
발족,1
자라,1
스프레이,1
미달,1
물방울,1
당사자,1
원료,1
유부,1
개취,1
백인,1
참기름,1
종려나무,1
이지,1
집시,1
잡목,1
공차,1
백패,1
비위,1
실장,1
나사,1
논거,1
건축물,1
춘자,1
범일,1
시멘트,1
문인,1
주사위,1
소변기,1
전업,1
풍어,1
명파,1
더블데이트,1
제범,1
큐티,1
함성,1
보훈,1
릴레이,1
스위밍,1
사니,1
어망,1
기자단,1
걱정거리,1
세콩,1
생면,1
고품격,1
우왕,1
순천만,1
한밤,1
물방개,1
피싱,1
엽이,1
구월동,1
시리즈,1
직격,1
품격,1
활기,1
아넘,1
질리,1
정신줄,1
치표,1
촉초,1
숙영,1
마카롱,1
베누스,1
민폐,1
시그널,1
최소한,1
카라바,1
굴복,1
이종,1
광명,1
김경영,1
취급,1
고성배,1
안치,1
관세음,1
약이,1
조약돌,1
이만,1
연동,1
꺽지,1
바운스,1
해류,1
걱정하지마,1
프론트,1
퍼퓸,1
섭외,1
파전,1
철물점,1
떡실신,1
자릴,1
조율,1
퇴수,1
규격,1
날갯짓,1
스카이웨이,1
매트릭스,1
은퇴,1
미니어처,1
이종국,1
용지,1
대견,1
기념식,1
천차만별,1
중단,1
비경,1
씹는,1
앞치마,1
차인,1
돌이,1
화력,1
손두부,1
시립,1
세종로,1
양고,1
배춧잎,1
앞전,1
방영,1
쌍화탕,1
출판,1
공무원증,1
원포,1
운해,1
포도당,1
이별,1
따개비,1
오봉산,1
종착역,1
보리멸과,1
주이,1
개뿔,1
유정,1
동지,1
위드,1
지붕,1
이엄,1
중무장,1
돌산,1
물길,1
장년,1
집게,1
자릿세,1
잔회,1
머드,1
과장,1
요곤,1
열대어,1
땅거미,1
프라도,1
조창호,1
