word,counted
바다,369
해수욕장,342
여행,324
속초,238
낙산사,235
해변,221
강현면,196
비치,192
저희,174
하나,159
예약,153
날씨,152
호텔,148
느낌,148
숙소,143
자리,136
동해,134
여름,131
가격,130
모습,130
맛집,129
추천,129
가족,127
전화,125
근처,121
기분,120
분위기,117
주차장,115
준비,115
화장실,114
일출,114
구경,113
파도,110
바람,109
카페,108
바닷가,106
마지막,103
마음,102
하우스,101
커피,100
게스트,99
처음,99
아이,99
횟집,98
친구,98
해맞이,98
이용,97
가능,96
파티,94
안녕,93
식당,90
서울,90
행복,90
지도,89
만족,89
어디,89
최고,89
거리,89
주말,88
주변,88
장소,86
유명,85
한잔,84
방문,83
입구,82
출발,81
음식,81
포스팅,80
바베큐,80
조식,79
하루,79
참고,79
풍경,78
하늘,76
식사,75
겨울,73
편의점,73
기본,73
추억,72
시설,72
산책,72
소개,71
오션,70
사장,69
주차,69
힐링,69
소리,68
코스,67
기대,67
후기,66
상세,66
오랜만,66
고민,65
로비,65
선택,64
지하,64
공간,64
점심,64
사용,63
가지,63
테이블,63
휴가,63
기억,62
침대,62
사랑,61
내부,60
여유,59
체크인,59
이름,59
이야기,58
고기,58
오후,57
아래,57
모래,57
옥상,57
얼마,57
건물,56
필요,56
운영,56
계획,56
나름,55
마무리,55
강릉,55
이동,55
반찬,54
요즘,54
시장,54
해수,54
숙박,54
동안,54
무료,53
종류,53
맥주,53
관심,52
걱정,51
친절,51
객실,50
매운탕,50
설악산,50
국물,50
마리,49
여름휴가,49
다양,49
남자,49
감사,49
나무,49
사이,49
생선,48
오징어,48
예전,48
샤워,47
강원,47
플레이스,46
펜션,46
소주,46
사우나,46
구이,46
이유,46
여자,46
주청리,45
엄마,44
뭔가,44
마운틴뷰,43
바닥,43
서비스,43
이건,43
개인,43
중간,43
대표,42
전체,42
욕조,42
언제,42
전날,42
고고,42
물놀이,42
소나무,41
무엇,41
추가,41
냉장고,41
이거,41
자연,41
검색,41
오픈,40
요기,40
상태,40
거기,40
제공,40
서핑,40
휴게소,40
이게,40
감상,39
마을,39
메뉴판,39
관광,39
폴더,39
덕분,39
등대,39
팝업,39
저장,39
모델링,38
전망,38
입맛,38
남편,38
세트,38
텐데,38
만큼,38
테라스,38
오전,37
이것,37
발견,37
자체,37
평일,37
직원,37
체크아웃,37
밑반찬,37
리조트,36
둘째,36
공기,36
확인,36
와인,36
모래사장,36
새벽,36
전진리,36
크기,36
우린,36
낚시,36
게임,35
성수기,35
혼자,35
실내,35
건지,35
안내,35
지역,35
단체,35
보통,35
새우,35
하조대,35
블로그,34
버스,34
완전,34
등등,34
해변가,34
커플,34
여긴,34
지금,34
중앙,34
불편,34
구름,33
부분,33
욕실,33
라면,33
요리,33
놀이,33
판매,33
양양읍,33
여러분,33
가슴,32
바디,32
동해안,32
인테리어,32
닭강정,32
조명,32
가을,32
정리,32
경치,32
도로,32
컨디션,32
음료,32
포기,32
아이스,31
편안,31
어메니티,31
모듬,31
상대,31
나라,31
명소,31
입장료,31
수건,31
부부,31
등장,31
자기,31
백사장,31
결정,31
여행지,31
예정,31
안쪽,31
물회,30
오빠,30
식감,30
저번,30
일정,30
할인,30
센터,30
인원,30
걸로,30
칫솔,30
그네,30
성비,30
인증,30
설치,30
스위트,29
나중,29
토요일,29
국내,29
저기,29
영업,29
조금,29
언니,29
입장,29
순간,29
공원,29
샴푸,29
건데,29
관광객,29
피곤,29
해산물,28
인기,28
해장,28
주소,28
아빠,28
캠핑,28
바닷물,28
가게,28
모두,28
일반,28
진행,28
복도,28
인근,28
손님,28
홍련,28
더블,28
포함,28
삼겹살,28
소원,28
김치,27
전국,27
커튼,27
센스,27
말씀,27
규모,27
레스토랑,27
해수욕,27
그릇,27
연락,27
네이버,27
대부분,27
감동,27
노래,26
배정,26
햇빛,26
누구,26
터미널,26
디럭스,26
설악,26
관음상,26
투어,26
외관,26
멍게,26
야외,26
필수,26
남대천,26
그때,26
촬영,26
그림,26
첫날,26
가운데,25
얼굴,25
체험,25
이때,25
옛날,25
튀김,25
결국,25
연인,25
설명,25
한참,25
운전,25
부족,25
장점,25
왼쪽,25
황태,25
재미,25
나이,25
얘기,25
마련,25
창문,25
안전,25
조개,24
새해,24
티비,24
방향,24
바닷바람,24
얼음,24
텐트,24
광어,24
휴식,24
패밀리,24
동생,24
기념,24
아들,24
매력,24
여기저기,24
양념,24
세상,24
스타,24
바퀴,24
배경,24
냄새,24
대게,24
휴가철,24
경험,24
자랑,24
이후,24
치즈,24
단위,24
행사,24
아쉬움,24
작년,24
아기,24
본격,24
대박,23
활어,23
치약,23
정신,23
대신,23
계절,23
사이즈,23
번호,23
타임,23
그것,23
구매,23
머리,23
오른쪽,22
편의,22
구성,22
정보,22
표정,22
곳곳,22
인파,22
튜브,22
샐러드,22
분리,22
축제,22
국수,22
부담,22
대비,22
해돋이,22
계곡,22
다리,22
창가,22
금요일,22
고속도로,22
정원,22
영화,22
각종,22
기간,21
페스티벌,21
패스,21
불꽃놀이,21
다행,21
관계,21
요금,21
특별,21
영상,21
구비,21
신발,21
가자미,21
아이스크림,21
막국수,21
방파제,21
장난,21
키즈,21
블루,21
초록,21
시각,21
야채,21
희망,21
에어컨,21
전복,21
안주,21
방법,21
대포항,21
로션,21
인생,21
중요,21
여성,20
경우,20
부산,20
문의,20
홍게,20
누가,20
가운,20
연결,20
모텔,20
건강,20
커피포트,20
완벽,20
부스,20
접시,20
계란,20
관광지,20
부탁,20
즐거움,20
회도,20
우럭,19
군데,19
기도,19
한눈,19
역쉬,19
해물,19
생수,19
개월,19
해안,19
태풍,19
목적지,19
침구,19
포장,19
대기,19
운동,19
고속도,19
아메리카노,19
세면대,19
대여,19
과일,19
꿀맛,19
주세요,19
먹거리,19
어른,18
초밥,18
커피숍,18
동네,18
수영,18
낙산항,18
생활,18
런지,18
비용,18
강추,18
부대시설,18
당일,18
바위,18
연휴,18
문어,18
기회,18
주문진,18
비교,18
운치,18
세팅,18
양양가,18
성인,18
밤바다,18
환상,18
어딜,18
미안,18
포인트,18
표현,18
고급,18
공사,18
거실,18
최대,18
카메라,18
동영상,18
공연,18
제한,18
볼거리,18
금액,17
포토,17
바깥,17
소스,17
솔비,17
일요일,17
단풍,17
춘천,17
고추,17
거울,17
정식,17
내용,17
뷔페,17
모양,17
세탁실,17
회사,17
고생,17
인수,17
홈페이지,17
음식점,17
전주,17
시기,17
내일,17
관리,17
아무,17
조형물,17
스타일,17
별미,17
감자,17
계단,17
한식,17
어제,16
물고기,16
어린이,16
모임,16
이쪽,16
소식,16
장사,16
주인,16
라메,16
노래방,16
갈매기,16
앞쪽,16
취향,16
수준,16
워시,16
노력,16
절경,16
쇼파,16
그곳,16
일상,16
대로,16
셀카,16
한샘,16
현장,16
시내,16
불가,16
해결,16
그게,16
차이,16
개장,16
비누,16
옷장,16
야영장,16
의미,16
인상,16
린스,15
터널,15
시즌,15
음악,15
리뷰,15
비수기,15
내년,15
식구,15
의상대,15
경포대,15
아저씨,15
첫째,15
가요,15
이벤트,15
니티,15
볶음밥,15
수산,15
게딱지,15
의자,15
파크,15
상상,15
난리,15
프론트,15
신경,15
마트,15
산책로,15
계속,15
연말,15
당일치기,15
마운틴,15
사실,15
전경,15
실망,15
생태,15
산불,15
상품,15
해장국,15
자연산,15
라떼,15
패키지,15
베드,15
햇살,15
정상,15
요청,15
무렵,15
한입,15
횟감,15
침실,14
일몰,14
체크,14
지인,14
구조,14
오징어순대,14
특이,14
이것저것,14
지난번,14
설겆이,14
간식,14
칼국수,14
치킨,14
원두,14
투숙객,14
인정,14
인터넷,14
아주머니,14
금강산,14
스탭,14
고성,14
쿠폰,14
열기,14
손질,14
비밀,14
꽃마차,14
수족관,14
피자,14
룸서비스,14
쥬얼,14
픽업,14
후문,14
청소,14
인분,14
젓갈,14
부모,14
카드,14
과자,14
서피,14
한국,14
포트,14
무제,14
답니다,14
크림,13
컵라면,13
평소,13
온돌,13
자전거,13
진심,13
사항,13
완료,13
도보,13
기록,13
상추,13
녀석,13
입실,13
약속,13
육수,13
누군가,13
된장찌개,13
종일,13
네비,13
장관,13
솔밭,13
도움,13
이틀,13
슬리퍼,13
만석,13
관음,13
서퍼,13
회랑,13
당시,13
생일,13
물치항,13
잠자리,13
미니,13
메밀,13
인연,13
꿀잠,13
취소,13
이모,13
성공,13
간판,13
별도,13
건가,13
애기,13
조합,13
온돌방,13
약간,12
시골,12
도시,12
겁니다,12
신랑,12
요건,12
젓가락,12
고향,12
수다,12
더위,12
사고,12
저거,12
트윈,12
월요일,12
관동,12
방송,12
이해,12
수영장,12
고개,12
시대,12
바가지,12
수제,12
좌식,12
최선,12
전망대,12
포즈,12
감탄,12
파라솔,12
창밖,12
선호,12
먹방,12
유일,12
핸드폰,12
마감,12
제품,12
리필,12
비빔밥,12
기타,12
꽁치,12
주방,12
하룻밤,12
낭만,12
그늘,12
물놀,12
주민,12
문제,12
조심,12
예술,12
편리,12
우측,12
외부,12
워터,12
진리,12
순두부,12
마카롱,12
참여,11
코앞,11
조산리,11
짬뽕,11
스트레스,11
한상,11
대관령,11
결혼,11
광장,11
퇴실,11
택시,11
이기,11
마늘,11
죽도,11
오토캠핑,11
고객,11
나머지,11
정자,11
피로,11
초보,11
내음,11
기약,11
개통,11
와이프,11
제철,11
사찰,11
무대,11
동호,11
흡입,11
후회,11
산행,11
소문,11
와중,11
이걸,11
기운,11
낮잠,11
비주얼,11
이불,11
수산항,11
버거,11
정문,11
고요,11
눈앞,11
지난주,11
돼지,11
언덕,11
아래쪽,11
콘도,11
요거,11
화재,11
여름철,11
여럿,11
각자,11
제주도,11
매장,11
재료,11
홍천,11
군더더기,11
주위,11
그늘막,11
헬스,11
베란다,10
담날,10
결제,10
수심,10
상차림,10
전라도,10
버섯,10
송이,10
오락실,10
신청,10
정면,10
하트,10
현관,10
전기,10
먼지,10
크리스마스,10
음료수,10
왼편,10
폭염,10
의사,10
원래,10
이전,10
직전,10
이젠,10
작품,10
역시,10
감성,10
색깔,10
딱지,10
일행,10
엘리베이터,10
오랫만,10
장칼,10
자신,10
단점,10
인사,10
자극,10
한편,10
결과,10
입수,10
가방,10
드라이,10
스텝,10
막걸리,10
맞은편,10
피해,10
추위,10
스탠다드,10
컨디,10
야식,10
찌개,10
벚꽃,10
관람,10
갈비,10
연어,10
구입,10
여행객,10
로스팅,10
고고씽,10
형태,10
미역국,10
회로,10
교동,10
드라이브,10
갈비탕,10
링크,10
이제,10
배낚시,10
욕심,10
전신,10
마차,10
피서객,10
한쪽,10
클릭,10
항구,10
휴가지,10
금지,10
내기,10
킹크,10
니스,10
가드,10
주일,10
모던,10
오색,10
고등어,10
변경,10
계란찜,9
자유,9
면봉,9
목욕,9
서로,9
소파,9
가까이,9
경관,9
점프,9
마스코트,9
송림,9
통유리,9
관음보살,9
안개,9
순대,9
민박,9
주문진항,9
랜드,9
불상,9
차량,9
위험,9
과정,9
소요,9
버킷,9
소금,9
도립,9
군침,9
탐방,9
숙박업소,9
그날,9
빨래,9
무한,9
묵사발,9
보트,9
위주,9
내린천,9
장면,9
동시,9
휴휴,9
양파,9
분주,9
옥수수,9
시외버스,9
비품,9
무리,9
좌석,9
어촌,9
전문점,9
고찰,9
지상,9
조리,9
환영,9
가성,9
라이,9
서해,9
아웃,9
좌측,9
대형,9
철수,9
주저,9
아무것,9
작성,9
평창,9
약수,9
선물,9
현지,9
뒤쪽,9
신기,9
칭찬,9
의상,9
이미지,9
청결,9
단골,9
전반,9
작가,9
퇴근,9
발코니,9
동반,9
냉면,9
복귀,9
작업,9
내장,9
건조대,9
전문,9
듯이,9
차비,9
디자인,9
상황,9
이터,9
빙수,9
대교,9
새우튀김,9
세계,9
중심,9
진항,9
강아지,9
원통,9
신라,9
소화,9
풍등,8
공지,8
내고,8
태양,8
감자떡,8
출근,8
데이트,8
표시,8
위생,8
믿음,8
안정,8
금고,8
화장,8
와이파이,8
고깃집,8
문화,8
소라,8
소망,8
폭풍,8
미시령,8
데크,8
독특,8
영동,8
침구류,8
후식,8
평온,8
조선,8
울산,8
국도,8
노을,8
포장마차,8
해당,8
타이밍,8
속초시,8
대구,8
역사,8
참가,8
이곳저곳,8
해외,8
홍합,8
구역,8
지경,8
코인,8
전시,8
남애항,8
공유,8
골목,8
핑크,8
유지,8
환경,8
발자국,8
파우,8
워크,8
현북면,8
멸치,8
전통,8
숙박비,8
지불,8
치알,8
가격대,8
조성,8
배우,8
불판,8
케익,8
일품,8
드라마,8
수영복,8
블라인드,8
뚝배기,8
감칠맛,8
아버지,8
수산물,8
보관,8
탁트인,8
길목,8
경기도,8
결론,8
온도,8
부근,8
사발,8
박스,8
된장,8
수육,8
조절,8
남녀,8
단장,8
국밥,8
수제비,8
유리,8
정성,8
녹차,8
디그,8
조각,8
추석,8
바다색,8
걸까요,8
동일,8
폭죽,8
위쪽,8
숙취,8
도미,8
무침,8
인천,8
전진,8
그건,8
박물관,8
피서,8
천장,8
형상,8
만남,8
소통,8
세탁,8
수십,8
며칠,8
바지,8
천국,8
거트,8
롯데,8
걸까,8
정돈,8
이웃,8
뒷모습,8
주관,8
기사,8
연박,8
오산,8
무더위,8
합류,8
동서,8
수평선,8
구분,8
소고기,8
차례,8
미세먼지,8
카운터,8
초이스,8
그동안,7
전자레인지,7
연출,7
상대사,7
너머,7
이외,7
보전,7
활동,7
온몸,7
시절,7
출연,7
모델,7
순식간,7
외국,7
각도,7
계령,7
저흰,7
동명항,7
시스템,7
벤치,7
케이크,7
모형,7
산회,7
충전,7
안내문,7
의외,7
부킹,7
미니바,7
피서지,7
한방,7
고장,7
흔적,7
전쟁,7
놀이방,7
가평,7
창건,7
사계절,7
실력,7
두부,7
지방,7
용품,7
인형,7
뒤편,7
아바이,7
회덮밥,7
스팟,7
친정,7
정동진,7
피트,7
어르신,7
시선,7
다시,7
속도,7
수도,7
하루하루,7
사온,7
진짜,7
불고기,7
인제,7
스포츠,7
빛깔,7
간장,7
건너편,7
디저트,7
선상,7
신남,7
도전,7
부위,7
본인,7
우유,7
아줌마,7
단독,7
연못,7
실패,7
날짜,7
저것,7
클럽,7
회의,7
포켓몬,7
메인,7
돗자리,7
방방,7
해송,7
감기,7
골뱅이,7
지점,7
왕복,7
성지,7
절벽,7
구명조끼,7
거대,7
정비,7
가수,7
무튼,7
선생,7
정확,7
군대,7
돼지갈비,7
메밀전,7
라인,7
불꽃,7
한창,7
강화,7
고속,7
다짐,7
흥분,7
콘센트,7
소실,7
벽화,7
변화,7
모자,7
나들이,7
주인공,7
주년,7
방안,7
효과,7
방식,7
회식,7
목장,7
케이블카,7
발길,7
개운,7
밥상,7
독도,7
핸드,7
한판,7
공영,7
라운지,7
평화,7
화이트,7
장비,7
코너,7
즉석,7
불빛,7
수요일,7
차지,7
쓰레기,7
기상,7
만끽,7
할머니,7
드라,7
성격,7
퀄리티,7
채소,7
미끼,7
연속,7
호수,7
주전부리,7
남녀노소,7
드립,7
집중,7
유래,7
미역,7
호떡,7
인접,7
불교,7
베이컨,7
초대,6
요번,6
특징,6
변기,6
우동,6
동심,6
사이트,6
동선,6
일기,6
정류장,6
누나,6
보드게임,6
탁구장,6
주인장,6
암막,6
신난,6
레저,6
타올,6
센타,6
대화,6
누룽지,6
게스,6
다이어트,6
벽면,6
측면,6
실화,6
브이,6
티켓,6
뉴스,6
새끼,6
안내도,6
지순,6
참새,6
출입,6
명칭,6
취사,6
인용,6
삼촌,6
숯불,6
주니어,6
엄지,6
사이드,6
단호박,6
전부,6
손맛,6
투척,6
우등,6
선명,6
보충,6
보드,6
단맛,6
토리,6
분경,6
회가,6
자미,6
하이라이트,6
고려,6
머리카락,6
히터,6
목적,6
외국인,6
수저,6
인심,6
더블베드,6
가위바위보,6
웃음,6
노트북,6
식당가,6
사리,6
체력,6
회원,6
요것,6
방면,6
감자튀김,6
선사,6
접근,6
헤어,6
요원,6
대중,6
조미료,6
미터,6
왕건,6
유튜브,6
손양면,6
제외,6
테마,6
제도,6
해물탕,6
배려,6
자동차,6
도구,6
축하,6
갈대밭,6
주요,6
당황,6
잠시,6
장가,6
구석구석,6
지번,6
퓨전,6
브레이크,6
유용,6
옷걸이,6
하륜,6
개발,6
뚜껑,6
다섯,6
일부,6
제일,6
옆쪽,6
딸기,6
소세지,6
북쪽,6
종료,6
경기,6
문화재,6
시리얼,6
우정,6
시도,6
예보,6
양해,6
남해,6
한숨,6
프로,6
관세음보살,6
기계,6
양쪽,6
고니,6
연꽃,6
여행기,6
광고,6
힙합,6
공개,6
싱글베드,6
볶음,6
통째,6
화장대,6
초장,6
스키,6
소떡,6
특산물,6
번지,6
셋째,6
커텐,6
구용,6
숙면,6
술안주,6
두병,6
새우구이,6
무언가,6
민족,6
야경,6
햇볕,6
회마,6
면발,6
조화,6
데스크,6
지원,6
담당,6
리스,6
착각,6
시간표,6
홍보,6
포항,6
의견,6
게살,6
원조,6
상담,6
눈치,6
전병,6
메밀국수,6
끝자락,6
전이,6
솜씨,6
전면,6
가구,6
낙사,6
포켓,6
복원,6
탈의실,6
뭔지,6
광어회,6
그쪽,6
우회,6
모금,6
일본,6
땡볕,6
기원,6
저곳,6
거품,6
쌈장,6
즈음,6
여름날,6
곤충,6
회복,6
테이크,6
속살,6
예상,6
너희,6
소품,6
마찬가지,6
완성,6
대명,6
반대,6
반대편,6
리얼,6
지정,6
종이,6
동종,6
꼬맹이,6
특유,6
진열,5
이드,5
청양,5
폭죽놀이,5
외출,5
러시아,5
도담,5
생맥주,5
서프,5
작전,5
어선,5
내용물,5
한우,5
푹신,5
클리어,5
쿠션,5
파전,5
통제,5
목소리,5
햄버거,5
서철,5
만점,5
해소,5
그걸,5
템플스테이,5
형성,5
야구,5
세대,5
도서관,5
서랍,5
표지판,5
부페,5
막바지,5
식판,5
피크,5
일회용품,5
앞바다,5
목표,5
비데,5
한계,5
한동안,5
지식,5
마당,5
오래,5
방앗간,5
개최,5
스크램블,5
훈제,5
당신,5
현금,5
오기,5
정착,5
난방,5
온천,5
최신,5
베스트,5
대중교통,5
어린아이,5
주제,5
물건,5
과음,5
오리,5
가리비,5
식혜,5
댓글,5
스님,5
호강,5
어치,5
이하,5
마음속,5
가정집,5
금토,5
고소,5
입가심,5
간직,5
멤버,5
주스,5
숭어,5
프로그램,5
이색,5
심플,5
포말,5
산골,5
미술관,5
전각,5
이놈,5
원산지,5
길이,5
초등학생,5
근무,5
베이커리,5
안목,5
채널,5
대청봉,5
그램,5
서면,5
원형,5
장식,5
식탁,5
서리,5
연주,5
열정,5
백양,5
용시,5
활용,5
해수탕,5
의심,5
빗방울,5
공식,5
미세,5
스프,5
신발장,5
곡선,5
현수막,5
나물,5
어종,5
우산,5
기름,5
당장,5
천골,5
단골집,5
현남면,5
백반,5
피부,5
상당,5
오산리,5
루프,5
할리스,5
어회,5
선선,5
주의보,5
운행,5
물치,5
쌀밥,5
결심,5
당근,5
전용,5
머그잔,5
미소,5
특설,5
영향,5
영하,5
열대야,5
휴무,5
도심,5
호실,5
칵테일,5
경쟁,5
무지개,5
별거,5
목살,5
경포,5
즉흥,5
상가,5
출동,5
보물,5
겨울철,5
밸리,5
강제,5
약원,5
옆집,5
임산부,5
대회,5
매일,5
식후,5
압도,5
무시,5
엘베,5
묘미,5
까스,5
양념장,5
약수터,5
광주,5
팔경,5
여정,5
바우,5
종합,5
정재,5
대한민국,5
발전,5
보소,5
밥집,5
초반,5
공용,5
어딘가,5
태안,5
샌드위치,5
스페셜,5
공감,5
초딩,5
비바람,5
제주,5
현실,5
도깨비,5
사전,5
흡연,5
월드,5
핑장,5
오른편,5
글씨,5
가루,5
카페베네,5
클렌징,5
참조,5
애견,5
과거,5
껍질,5
글자,5
무게,5
조각상,5
특가,5
갈만,5
입안,5
트리,5
분과,5
배터리,5
양식,5
리모,5
지붕,5
동남아,5
베리,5
떡국,5
티백,5
레베,5
이득,5
장치,5
이사,5
아가,5
바다낚시,5
해양,5
잠깐,5
순서,5
울산바위,5
사유,5
노선,5
산채,5
호박,5
지대,5
지용,5
감나무,5
요놈,5
브랜드,5
일대,5
참가자미,5
해안도,5
자락,5
발걸음,5
요게,5
프랑스,5
이국,5
광정,4
앞마당,4
원피스,4
수고,4
대왕,4
군인,4
신년,4
파이,4
역할,4
리스트,4
액자,4
김밥,4
최악,4
안심,4
롤리,4
나위,4
장애,4
어둠,4
전골,4
선정,4
회집,4
콜라,4
밴드,4
직수,4
아고다,4
양보,4
온수,4
식기,4
데일리,4
출입구,4
기온,4
입소문,4
새소리,4
고도,4
구간,4
적용,4
영동고속도로,4
셀프,4
기지,4
고구마,4
골드,4
수상,4
몬스터,4
초행,4
양말,4
가본,4
연락처,4
강력,4
신묘,4
닷컴,4
변신,4
유모차,4
리뉴,4
가량,4
조준,4
환불,4
방어,4
반신욕,4
규호,4
오디오,4
포구,4
노래자랑,4
복구,4
보호,4
그거,4
아바,4
설거지,4
안성맞춤,4
중건,4
감회,4
멘붕,4
쥬스,4
돌솥,4
전시관,4
친견,4
발리,4
자분,4
슈퍼,4
학생,4
휴일,4
등급,4
석탑,4
불만,4
댄스,4
하얀색,4
나비,4
곰배령,4
개불,4
경내,4
신비,4
조사,4
시야,4
마켓,4
향기,4
보타,4
빗소리,4
냠냠,4
토마토,4
인구,4
퓨저,4
명태회,4
아동,4
뜻밖,4
수정,4
군것질,4
귀염둥이,4
업그레이드,4
백숙,4
국립,4
껍데기,4
통일전망대,4
계산,4
극성,4
가로등,4
적극,4
가치,4
불안,4
휴암,4
정화,4
전화기,4
대안,4
에메랄드,4
단어,4
휘리,4
경계,4
공양,4
숟가락,4
재건,4
프라이빗,4
이래,4
오봉산,4
명성,4
건어물,4
원룸,4
포차,4
내요,4
스무디,4
하산,4
육개장,4
스카이,4
도량,4
성급,4
만족감,4
작동,4
강릉시,4
직장,4
우리나라,4
삼매경,4
한마디,4
점심때,4
혜자,4
바닷길,4
리셉션,4
표고버섯,4
동물,4
평가,4
연수원,4
장사항,4
최적,4
컴퓨터,4
용기,4
집들이,4
도시락,4
충실,4
초입,4
생략,4
명산,4
알람,4
파워,4
사업,4
비빔,4
백담사,4
막내,4
여념,4
강습,4
개조,4
도령,4
현상,4
출장,4
주택,4
학교,4
고통,4
수면,4
키조개,4
블로거,4
산촌,4
실제,4
베개,4
밥도둑,4
방산,4
컨셉,4
치열,4
아트,4
이리,4
천사,4
대망,4
세면도구,4
코리아,4
은근,4
정수기,4
휴양림,4
양송이,4
먼가,4
사이다,4
연등,4
담요,4
세탁기,4
제빙기,4
구들,4
택배,4
맛살,4
게임방,4
불친절,4
페리어,4
원주,4
닭볶음탕,4
배달,4
건축,4
거짓말,4
토스트,4
청초,4
언급,4
신분증,4
모닝,4
고정,4
포식,4
건더기,4
명함,4
의정부,4
관찰,4
등산,4
발생,4
백만,4
연초,4
호불호,4
명물,4
이분,4
삼각대,4
주의,4
문어숙회,4
개방,4
주점,4
암자,4
조건,4
차단,4
곰탕,4
엘레,4
장마,4
야유회,4
미션,4
냉동,4
사과,4
고속버스,4
자판기,4
태관,4
눈물,4
뮤지엄,4
콩나물,4
결혼식,4
화분,4
높이,4
봉지,4
모드,4
머신,4
포크,4
모래시계,4
유치원,4
등심,4
강정,4
인회,4
하심,4
득템,4
수업,4
메리트,4
사도,4
풍선,4
자몽,4
설탕,4
당첨,4
세월,4
기구,4
장난감,4
상주,4
장날,4
개시,4
만두,4
어머니,4
회무,4
기승,4
신축,4
싸구려,4
맛깔,4
아재,4
빨래방,4
부실,4
매표소,4
법당,4
보고,4
미술,4
브레드,4
안내판,4
순두부찌개,4
늦잠,4
아침잠,4
폭발,4
취침,4
문구,4
복불복,4
강남,4
어젯밤,4
반복,4
이순대,4
신흥사,4
보장,4
어머님,4
아스,4
투명,4
로망,4
우울,4
건립,4
기존,4
둥이,4
글귀,4
바지락,4
진동,4
정답,4
소음,4
목욕탕,4
꽃새우,4
대지,4
한글,4
와우,4
구석,4
색상,4
이마,4
육즙,4
등불,4
크랩,4
스토리,4
등록,4
쿨링,4
산속,4
여름밤,4
내면,4
양실,4
참기름,4
행위,4
관동팔경,4
다리미,4
동상,4
단지,4
카펫,4
수기,4
아이폰,4
정선,4
반려,4
밤새,4
먹이,4
새해맞이,4
전문가,4
남쪽,4
공항,4
휴양,4
장거리,4
쉼터,4
동전,4
보쌈,4
다래,4
이맘때,4
자녀,4
외옹치항,4
사냥,4
개별,4
도망,4
그림자,4
길거리,4
로컬,4
진입,4
걸음,4
가즈,4
렌탈,4
응대,4
젤라,4
버터,4
행선지,4
제사,4
클래식,4
시설물,4
자세,4
깍두기,4
컴백,4
담소,4
화이팅,4
파마,4
풋살,4
시험,4
구멍,4
최상,4
여친,4
블루베리,4
한때,3
보존,3
바나나,3
더리,3
손길,3
멋쟁이,3
여행길,3
영양,3
머그,3
충격,3
활기,3
건배,3
립니,3
아가씨,3
열갱이,3
지수,3
보살상,3
의향,3
독감,3
영랑호,3
오뚜기,3
장맛,3
신고,3
게요,3
만세,3
크림치즈,3
기자,3
인원수,3
앞치마,3
상추쌈,3
갈증,3
요즈음,3
도중,3
느지,3
스푼,3
서빙,3
전복죽,3
선풍기,3
숙회,3
만개,3
윤기,3
기와,3
야생,3
셔터,3
비몽사몽,3
허리,3
슬픔,3
정가,3
대쪽,3
기쁨,3
표기,3
편지,3
대략,3
안내소,3
고래,3
메리,3
와사비,3
생선회,3
얼리,3
파절,3
주도,3
반대쪽,3
수질,3
헤엄,3
최장,3
입간판,3
지갑,3
사정,3
먹구름,3
시청,3
탕수육,3
타입,3
입욕제,3
수용,3
간격,3
보일러,3
깨알,3
데이,3
근심,3
목요일,3
부추,3
눈길,3
새것,3
귀가,3
위로,3
처리,3
프리,3
복숭아,3
참석,3
면적,3
예비,3
수록,3
타이거,3
돼지고기,3
재난,3
고가,3
교환,3
용도,3
장용,3
공부,3
상관,3
만약,3
단계,3
초토,3
바라,3
긴장,3
오토바이,3
으뜸,3
유럽,3
플로어,3
동그랑땡,3
대접,3
다사다난,3
주중,3
모란,3
음주,3
양옆,3
왕자,3
연두부,3
대나무,3
유료,3
딸내미,3
반응,3
구룡령,3
술집,3
속초항,3
조회,3
청정,3
짝꿍,3
여분,3
개국,3
리터,3
희생,3
쪽빛,3
블리,3
맥심,3
엄두,3
하광정리,3
무단,3
먹물,3
귀차,3
무얼,3
태교,3
제비,3
트레,3
책상,3
수납,3
돌산,3
가평리,3
솔숲,3
보리암,3
보람,3
증거,3
인트,3
렐라,3
매트리스,3
오세용,3
품절,3
벽걸이,3
결과물,3
토박이,3
이마트,3
기둥,3
반바지,3
노란색,3
매트,3
룰렛,3
색감,3
보문사,3
시크릿,3
유선,3
볼일,3
습관,3
인간,3
청량,3
동호회,3
포스,3
고기잡이,3
라이더,3
패티,3
망상,3
농부,3
어서,3
비빔냉면,3
재윤,3
놀람,3
길가,3
식물,3
닭백숙,3
스낵,3
우와,3
최종,3
자작나무,3
항공,3
통화,3
콜택시,3
유람선,3
시부모,3
알콜,3
공주,3
초코,3
흰색,3
농구,3
어려움,3
취식,3
비즈니스,3
성황당,3
둥지,3
파리,3
스위치,3
동참,3
뒷면,3
제육,3
지출,3
역광,3
해오름,3
호객,3
학년,3
할아버지,3
비룡,3
오빤,3
오염,3
애용,3
복합,3
예매,3
기절,3
대량,3
방음,3
족구,3
소맥,3
비결,3
주전,3
머구리,3
석식,3
기술,3
피싱,3
하네,3
설계,3
프런트,3
새싹,3
대전,3
강풍,3
후르츠,3
회의실,3
연극,3
보금자리,3
교통,3
세수,3
무장,3
거래,3
임신,3
주체,3
일광욕,3
바보,3
렌트,3
주말여행,3
쓸모,3
진국,3
부지런,3
종교,3
대가,3
건식,3
렌지,3
버튼,3
꾸리,3
소인,3
첨부,3
영자,3
업체,3
장엄,3
서해안,3
각지,3
회장,3
만족도,3
중년,3
발행,3
용서,3
인터,3
깜놀,3
렌즈,3
몸통,3
장아찌,3
날개,3
반주,3
간접,3
갈매,3
감자탕,3
뮤지컬,3
흥부,3
러스,3
대하,3
후라이드,3
바이킹,3
신사,3
게으름,3
풍력,3
허기,3
풍광,3
오동통,3
개수대,3
통과,3
명예,3
손색,3
활성,3
신자,3
요구르트,3
무말랭이,3
대사,3
교육,3
야영,3
토핑,3
레벨,3
아범,3
후추,3
남애,3
편육,3
예불,3
생명,3
경유,3
명태,3
바이크,3
신혼,3
자료,3
몸매,3
경품,3
탄신일,3
베이스캠프,3
여서,3
도라지,3
관객,3
빨대,3
환전,3
추측,3
지기,3
성장,3
근육,3
이브,3
고등어구이,3
그분,3
이걸로,3
남짓,3
기전,3
부나,3
문자,3
젊은이,3
자정,3
공신,3
꼬마,3
도치,3
탈수,3
델피노,3
패딩,3
절반,3
놀이터,3
청춘,3
퍼스트,3
댕댕이,3
두께,3
서요,3
쿠팡,3
콜비,3
금연,3
칼바람,3
근접,3
동화,3
선착순,3
배치,3
편견,3
동쪽,3
실외,3
김치찌개,3
성분,3
예방,3
켄싱,3
반값,3
샴페인,3
정취,3
상인,3
문무왕,3
그루,3
게장,3
차안,3
소자,3
떡볶이,3
토종닭,3
주류,3
행복감,3
곰돌이,3
그라운드,3
텐데요,3
사천왕문,3
전환,3
책임,3
날치,3
절정,3
방바닥,3
요리사,3
비린내,3
남매,3
리더,3
직접,3
전시장,3
노곤,3
연애,3
심곡항,3
짜증,3
차림,3
정직,3
영혼,3
어매,3
건조,3
경력,3
식욕,3
빨강,3
걸루,3
시합,3
밀집,3
연예인,3
피아,3
탄산수,3
주전골,3
사무실,3
연상,3
고성군,3
세미나,3
동동주,3
식초,3
순위,3
방석,3
현대,3
용왕,3
윤군,3
겨자,3
준비물,3
첫날밤,3
사악,3
여수,3
발바닥,3
옛길,3
비어,3
트릭,3
비치발리볼,3
술자리,3
푸딩,3
모래찜질,3
메뉴인,3
폭우,3
대포,3
오토,3
키카,3
위안,3
미래,3
명승,3
해동,3
살인,3
깻잎,3
실수,3
섭취,3
침낭,3
나열,3
동산,3
하조,3
국가,3
과언,3
구축,3
플라스틱,3
눈꽃,3
장모님,3
지속,3
오메가,3
퍼센트,3
우주,3
구정,3
기암,3
순삭,3
손칼국수,3
수요,3
럭키,3
야간,3
세꼬,3
해안가,3
영진,3
수납장,3
뱃속,3
의지,3
인덕션,3
지로,3
정조,3
방울,3
대국,3
회국,3
우체통,3
지부,3
입력,3
톨게이트,3
샤워기,3
매매,3
서치,3
발휘,3
코레,3
해바라기,3
저쪽,3
비지,3
꼬미,3
호두과자,3
휴양지,3
살코기,3
코드,3
감흥,3
여벌,3
부처,3
소환,3
담배,3
킬러,3
보온,3
보정,3
사색,3
무니,3
기능,3
시식,3
뭘까요,3
정거장,3
몸무게,3
한정,3
카트,3
케이스,3
재배,3
치명,3
가위,3
가짓수,3
하와이,3
티슈,3
바깥쪽,3
싱크대,3
랜덤,3
사라,3
피톤치드,3
아드,3
입성,3
세제,3
파노라마,3
대리석,3
모닝콜,3
보유,3
페스,3
꼬리,3
알바,3
관리자,3
무계획,3
사천,3
이대로,3
반성,3
형제,3
고독,3
울엄마,3
신나,3
그린,3
바게트,3
찬바람,3
춘향,3
부니,3
레인,3
차서,3
자자,3
이튿날,3
대리,3
다이빙,3
살장,3
시골집,3
후배,3
트렌드,3
선장,3
고등학교,3
마룻바닥,3
니즘,3
양회,3
홍예문,3
분수대,3
무박,3
오자,3
심정,3
마무,3
가시,3
가자미회,3
폐장,3
빈티지,3
용인,3
유아,3
자부심,3
리아,3
돌고래,3
데코,3
어묵,3
명탐정,3
자동,3
발목,3
미각,3
선반,3
훈련,3
코다리,3
개인택시,3
캐리어,3
제작,3
실속,3
조림,3
더덕구이,3
비스,3
소지,3
한파,3
전세,3
예용,3
상징,3
사시미,3
지구,3
보살,3
파인애플,3
한산,3
가보세요,3
세종,3
시그,3
만화,3
출처,3
설악항,3
하윤,3
근래,3
직행,3
물총,3
유자,3
경제,3
마인드,3
컬러,3
삼척,3
화창,3
세조,3
제육볶음,3
열일,3
투숙,3
물품,2
에머,2
취나물,2
동홍천,2
이정표,2
입장권,2
백과,2
도용,2
특성,2
참가자,2
과천,2
이론,2
키친,2
극단,2
서른,2
신데렐라,2
첨가,2
멀티,2
종각,2
직업,2
초갈,2
용평,2
위층,2
어마,2
난장판,2
우스,2
친환경,2
차질,2
타파,2
조경,2
허락,2
마운,2
재충전,2
극한,2
삼거리,2
플로,2
돈가스,2
마르,2
최소,2
사촌,2
큰아이,2
탄성,2
믹스,2
케이블,2
클라우드,2
피타,2
생크림,2
사지,2
대구탕,2
금상첨화,2
미용,2
방지,2
원대리,2
청송,2
양미리,2
전지,2
상익,2
거부,2
감로수,2
산세,2
수전,2
동화책,2
환기,2
상업,2
난이도,2
적응,2
스쿠버,2
방콕,2
영험,2
중국,2
대야,2
핵심,2
흥미,2
견과,2
아지트,2
한반도,2
숙박료,2
싸움,2
조황,2
청호,2
한국인,2
타월,2
할매,2
티뷰,2
다이나믹,2
보름달,2
코딱지,2
절대,2
이지,2
매가,2
올드,2
우랑,2
티티,2
피클,2
타운,2
천막,2
뒷전,2
붕어,2
기업,2
시시,2
스위트룸,2
싱글,2
세븐일레븐,2
가심,2
요깃거리,2
특색,2
아메리칸,2
신분,2
통창,2
하지원,2
양고,2
토종,2
리그,2
장르,2
구별,2
기름기,2
방영,2
집안,2
라스트,2
아름,2
시댁,2
반신반의,2
배롱나무,2
집기,2
제각각,2
초록빛,2
대포동,2
제지,2
지랑,2
자긍심,2
길잡이,2
매점,2
흔들바위,2
허벅지,2
채비,2
파머,2
입술,2
산토니,2
빗물,2
레트,2
전방,2
저건,2
거주,2
코스프레,2
타협,2
질주,2
편도,2
추진,2
몇일,2
콘서트,2
사흘,2
사회,2
가요제,2
장갑,2
발전기,2
개미,2
독사진,2
발끝,2
동행,2
실장,2
위장병,2
토니아,2
최고봉,2
엽이,2
찹쌀,2
찬밥,2
과장,2
산중,2
예배,2
전업농,2
프랜차이즈,2
중점,2
금주,2
활력,2
홍대,2
면도기,2
씨앗,2
무늬,2
짐작,2
봉사,2
일원,2
풀장,2
음질,2
하와,2
성산,2
통산,2
선남선녀,2
확률,2
제격,2
양면,2
약문,2
종루,2
한문,2
출신,2
앙금,2
영훈,2
상영,2
주인아줌마,2
이슬,2
둘쨋,2
눈빛,2
풍치,2
개구리,2
마루,2
북부,2
소재,2
어항,2
갤럭시,2
팔찌,2
슈즈,2
통채,2
사절,2
웹투어,2
미국,2
기암괴석,2
열쇠,2
워크숍,2
무제한,2
연중,2
해제,2
차장,2
가입,2
열매,2
온지,2
민폐,2
비려,2
사연,2
각층,2
민트,2
연날리기,2
선구,2
몰두,2
의원,2
화면,2
흡수,2
여백,2
머스,2
핫도그,2
청곡리,2
고지,2
형식,2
간식거리,2
글로벌,2
북상,2
염분,2
설악동,2
보증금,2
면회,2
주머니,2
가로,2
아참,2
일제,2
염원,2
화살표,2
상호,2
국민,2
용지,2
깊이,2
빵집,2
점령,2
오렌지,2
인공,2
들깨,2
요새,2
그물,2
하차,2
싱하,2
프론,2
처형,2
단원,2
소유자,2
감자전,2
송평,2
부채,2
초가을,2
신세계,2
디지털,2
농어,2
외할머니,2
봉포,2
찻잔,2
성화,2
피부병,2
유투,2
극찬,2
세금,2
산신각,2
꾸지,2
평타,2
헬로,2
자부,2
후유증,2
매직,2
벙커,2
출몰,2
케어,2
사투,2
도배,2
단돈,2
제곱미터,2
사탕,2
더덕,2
목도리,2
오우,2
라이트,2
텃밭,2
아자씨,2
통합,2
회포,2
연잎,2
잠수,2
접수,2
일주,2
연세,2
오랫동안,2
출사,2
시중,2
용량,2
닭발,2
스킵,2
보너스,2
참돔,2
사와,2
동서고속도로,2
성황리,2
숙성,2
블러,2
노지,2
케잌,2
바닷소리,2
번호표,2
모바일,2
모래밭,2
클라이밍,2
헛걸음,2
웨딩,2
미스,2
감성돔,2
댕이,2
육아,2
상자,2
번방,2
이정식,2
스노,2
한달전,2
말투,2
내비,2
치국,2
처마,2
생일날,2
요긴,2
스텔라,2
게임기,2
모야,2
통로,2
돌계단,2
수온,2
고용,2
토퍼,2
구로,2
둘레,2
소시지,2
주간,2
세차,2
미나리,2
파괴,2
중천,2
정육점,2
스파,2
하우스만,2
슬라임,2
보도,2
칠리소스,2
머릿속,2
브라운,2
푸드,2
정류소,2
오미자차,2
구출,2
지느러미,2
분리수거,2
포켓볼,2
쾌감,2
분전,2
보조,2
티브이,2
자키,2
병원,2
하늘색,2
모모,2
전자,2
경유지,2
메밀꽃,2
곱배기,2
호스,2
칠리,2
외로움,2
주행,2
책자,2
녹두전,2
오더,2
근교,2
배고픔,2
야부,2
울릉도,2
요고,2
상처,2
범종,2
지중해,2
찌금,2
질문,2
웨이팅,2
자서,2
신선도,2
머스캣,2
지요,2
상륜,2
동굴,2
최정원,2
음력,2
통살,2
오리털,2
걸스,2
미닫이문,2
수호,2
극복,2
손바닥,2
노랑,2
수산업,2
찌게,2
뒷산,2
기초,2
양혜승,2
아악,2
외곽,2
신간,2
교원,2
물결,2
화요일,2
세요,2
사망,2
램프,2
갖가지,2
밑밥,2
인도,2
알탕,2
갈비찜,2
지혜,2
레몬,2
흙냄새,2
공터,2
나스,2
해파,2
상권,2
미녀,2
독채,2
윤미래,2
스킨,2
봉우리,2
크루즈,2
빗줄기,2
남영,2
박수,2
찐만두,2
로또,2
아담,2
시인,2
가려,2
제정신,2
구봉산,2
부제,2
우여곡절,2
경주,2
학부모,2
버너,2
한적,2
구조물,2
영어,2
구도,2
근방,2
임실,2
효능,2
울적,2
확정,2
반죽,2
땅콩,2
수압,2
원장,2
기행,2
읍내,2
차원,2
고양이,2
아드님,2
랩스,2
현지인,2
꽃길,2
부대찌개,2
정체,2
기사문항,2
고사리,2
플래터,2
뱃살,2
대인,2
석가,2
할로윈,2
해피,2
위엄,2
잔나비,2
남향집,2
면제,2
평택,2
전설,2
식재,2
대상,2
덩치,2
합성,2
국수집,2
윷놀이,2
공휴일,2
비갑,2
조카,2
하신,2
출입문,2
공공,2
운전사,2
자나,2
미끄럼,2
차창,2
스노우,2
박현빈,2
피스,2
교류,2
미닫이,2
치즈케이크,2
착석,2
파스,2
천지,2
비빔면,2
식도락,2
엑스포,2
기저귀,2
복장,2
실시간,2
우선시,2
공인,2
합격,2
털게,2
버스타,2
표현력,2
장찌개,2
여사장,2
옹치,2
물색,2
농구대,2
산지,2
국제,2
단순,2
갈라,2
화질,2
각오,2
장터,2
남문리,2
캠핑카,2
줄기,2
운동복,2
남친,2
저마,2
구독,2
시내버스,2
빗길,2
보수,2
가출,2
색칠,2
영수증,2
제부,2
발달,2
종소리,2
사바리,2
승리,2
딸아이,2
아이스커피,2
중형차,2
리알,2
낚시터,2
갈천,2
아주머님,2
백종원,2
브로콜리,2
미인,2
여부,2
방해,2
슈퍼맨,2
자갈,2
축구,2
모기,2
실행,2
낙지,2
크리스마스이브,2
홍학,2
고적지,2
순이,2
콩밥,2
명당,2
가든,2
가로수,2
방침,2
해먹,2
생김새,2
고집,2
해운대,2
내서,2
계산대,2
바늘,2
염두,2
캠프,2
노하우,2
대로변,2
허니,2
타인,2
냄비,2
산소,2
어깨,2
근황,2
우릴,2
치안,2
웅장,2
산장,2
사물,2
이상원,2
기부,2
후진,2
분해,2
배꼽,2
료헤이,2
지척,2
통일,2
무인,2
세일,2
반면,2
점검,2
주목,2
구립,2
메이커,2
산봉우리,2
피난민,2
야광,2
달걀,2
우승,2
철조망,2
부자,2
평생,2
단무지,2
휴대폰,2
타지,2
노후,2
웨스턴,2
연탄,2
바알,2
밤하늘,2
앞머리,2
몬스테라,2
어촌계,2
김치전,2
정감,2
물막,2
베트남,2
주거,2
흑당,2
함정,2
실과,2
유혹,2
중고생,2
물안경,2
비와,2
중개사,2
장담,2
파랑,2
삼포,2
쇼핑몰,2
녹색,2
초콜릿,2
목과,2
기획,2
노래자,2
지연,2
원목,2
홀릭,2
사격,2
귀중품,2
시름,2
손님맞이,2
파우더,2
수관,2
안방,2
공급,2
평안,2
명찰,2
소바,2
클래스,2
니트,2
기한,2
서림,2
로브,2
촛불,2
노출,2
주청,2
위고,2
잠옷,2
구두,2
설마,2
미니카,2
최후,2
애교,2
철판,2
통감자,2
광복절,2
갈대,2
계좌,2
레이저,2
밀크,2
브라우니,2
복이,2
일체,2
샹들리에,2
오래간만,2
뭔들,2
늦가을,2
베스,2
화엄종,2
대파,2
분도,2
채광,2
끝판,2
제조,2
아내,2
음식물,2
조개류,2
로고,2
조기,2
잡지,2
데이터,2
방문주,2
드루,2
출전,2
집중력,2
공구,2
전일,2
재주,2
카누,2
주전자,2
뽀로로,2
고취,2
멍멍이,2
양반,2
방문객,2
내내,2
버드,2
경이,2
봄날,2
기점,2
에스프레소,2
늑대,2
이체,2
그룹,2
건평,2
주저리,2
북적,2
중학교,2
주문리,2
남양주,2
원이,2
금정,2
탑재,2
구미,2
승패,2
액티비티,2
꽃게,2
소진,2
추전,2
호떡집,2
해수욕객,2
보상,2
내게,2
유의,2
친화,2
찍자,2
프레시,2
해체,2
응원,2
평이,2
티케,2
외옹,2
초당,2
바닐라,2
열무김치,2
핑계,2
수원,2
막둥이,2
바나나보트,2
코코,2
신맛,2
여우,2
반반,2
일어,2
타전,2
도토리묵,2
슈렉,2
크레이지,2
머니,2
계단식,2
대리비,2
물론,2
어부,2
품목,2
펀디,2
파손,2
버전,2
산야초,2
중창,2
충분,2
와구,2
넓이,2
안경,2
종조,2
분당,2
종식,2
시어머니,2
바다위,2
면옥,2
자매,2
나리,2
방이,2
스마일,2
시공,2
일정표,2
관계자,2
투썸,2
초등,2
봉변,2
확대,2
타종,2
참숯,2
코로나,2
팜플렛,2
소니,2
식자재,2
텔레비,2
찬도,2
민정,2
두부전골,2
결혼기념일,2
외할미,2
아시나,2
오뎅,2
반숙,2
캔커피,2
일탈,2
척산,2
기대감,2
테이크아웃,2
애정,2
짠맛,2
배스,2
숙박업,2
색색,2
무척,2
유기,2
구여,2
각방,2
귀여,2
그녀,2
왕새우,2
육안,2
헤이즐넛,2
정차,2
무김치,2
종이접기,2
엘리,2
승선,2
폭포,2
행운,2
돌진,2
경북,2
동호리,2
사치,2
젊음,2
양호,2
만선,2
걷기,2
물가,2
계란말이,2
아점,2
절정기,2
두꺼비,2
기차,2
귀경,2
초스피드,2
아쿠아,2
빌라,2
골목길,2
오믈렛,2
한당,2
해삼,2
스피커,2
식단,2
좌변기,2
브리엘,2
오리고기,2
선녀,2
신명,2
실감,2
수수,2
내지,2
일산,2
봉안,2
배드,2
테라,2
영광,2
반실,2
대백,2
사이클,2
전라,2
깡통,2
바비킴,2
방명록,2
오르막길,2
해안선,2
진수성찬,2
몽골,2
리어,2
해장술,2
입식,2
애비,2
카라반,2
낮술,2
글램,2
무용지물,2
트레이,2
스크럼,2
군밤,2
박명수,2
호구,2
간지,2
화마,2
귀요미,2
명란,2
소란,2
요량,2
배추김치,2
여용,2
첫입,2
울음,2
저녁때,2
오바,2
세분,2
아들내미,2
다정,2
요약,2
영덕,2
개소,2
스테이,2
계장,2
오솔길,2
종목,2
안골,2
사기,2
장대,2
황금연휴,2
정작,2
한화,2
바캉스,2
정처,2
가래떡,2
아시아,2
게여,2
갯바위,2
등껍질,2
골프,2
강의,2
천연,2
평리,2
집도,2
동산항,2
아우성,2
최저가,2
종사,2
세심,2
존경,2
식회,2
대다수,2
물안개,2
연중무휴,2
천주교인,2
놀자,2
비앤비,2
요금표,2
유명세,2
똥강아지,2
그걸로,2
여행도,2
요로,2
오프,2
유입,2
숨바꼭질,2
참깨,2
엄니,2
필리,2
호기심,2
오케스트라,2
때깔,2
전야제,2
스테이크,2
콧바람,2
항이,2
고동,2
부대,2
제안,2
알쌈,2
청하,2
최대한,2
성시경,2
또래,2
물장난,2
혜택,2
직진,2
상하,2
토속,2
엉망,2
욕탕,2
반점,2
수행,2
올림픽,2
마이크,2
인조,2
저격,2
밤공기,2
비고,2
내역,2
메추,2
월요병,2
해명,2
불행,2
거북,2
애인,2
카나페,2
평상,2
방문기,2
등산객,2
일자,2
안산,2
전달,2
나용,2
물기,2
송월,2
오이,2
부침개,2
좌우,2
작렬,2
욕쟁이,2
충전기,2
기념일,2
공수전,2
평지,2
모녀,2
창고,2
모양새,2
팥빙수,2
기념품,2
레드,2
절도,2
뒷좌석,2
여동생,2
대세,2
박지,2
쑥갓,2
중반,2
회한,2
여지,2
손가락,2
자연광,2
무사,2
거북이,2
해외여행,2
종주,2
마니,2
안구,2
콩국수,2
에용,2
수백,2
대만,2
비행기,2
내공,2
멀티탭,2
손상,2
수리,2
등정,2
획득,2
오심,2
휴지,2
스크린,2
재재,2
다면,2
저리,2
연기,2
교통편,2
돌입,2
리가,2
연계,2
순수,2
절제,2
형형색색,2
개봉,2
아이스박스,2
닭고기,2
조아,2
주문진읍,2
팀장,2
수조,2
와플,2
프로젝트,2
첫눈,2
휘트,2
발음,2
카리스마,2
대나,2
세인트,2
아홉,2
천만,2
카페테리아,2
취미,2
시트,2
곤란,2
법수치리,2
까페,2
가바,2
루트,2
피크닉,2
밤샘,2
토지,2
플리,2
예외,2
법수치,2
타워,2
김홍도,2
크로,2
심장,2
성인병,2
이불속,2
대학생,2
시티,2
귀염,2
파인,2
빨간색,2
나뽕,2
타일,2
다인,2
모터보트,2
담장,2
층수,2
얼음물,2
목책,2
세인트존스,2
방학,2
네이션,2
왕국,2
비빔국수,2
게시물,2
여요,2
마카로니,2
단합,2
쭈니,2
인감,2
탑승,2
사시,2
최초,2
로얄,2
코트,2
미야,2
완공,2
스릴,2
달력,2
물맛,2
인피니트,2
달인,2
죠기,2
보라,2
설정,2
카운트,2
분위,2
양평,2
동료,2
엽기,2
어린이집,2
지지,2
반영,2
아름드리,2
발송,2
낙가산,2
투입,2
삼양,2
대체,2
해복,2
레고,2
광경,2
농원,2
기호,2
양치,2
설비,2
지형,2
시음,2
따위,2
교향악단,2
염주,2
페이지,2
권금성,2
남동생,2
마법,2
닭갈비,2
조망,2
정복,2
석양,2
스도,2
장수풍뎅이,2
병사,2
자국,2
착용,2
그간,2
양배추,2
놀림,2
계기,2
찻집,2
한실,2
구둣주걱,2
저작,2
기념식수,2
출항,2
모기약,2
내외분,2
간만,2
도정,2
드라이어,2
분유,2
뿌리,2
러브,2
금진,1
귀신,1
파란색,1
알갱이,1
사진기,1
강신일,1
이지현,1
세레나데,1
정석용,1
토질,1
생수병,1
문학,1
틈새,1
단신,1
증장천왕,1
졸업,1
그립,1
계시,1
외박,1
자매결연,1
밀물,1
화천,1
단층,1
합동,1
직고,1
몰러,1
기상청,1
전재,1
클리닝,1
시외,1
금어기,1
유가,1
살짝,1
서인경,1
군락,1
푸른하늘,1
비피,1
종이컵,1
소마,1
여니,1
여독,1
영향력,1
헐리우드,1
숙지,1
오류,1
숨은그림찾기,1
봉화,1
북태평양,1
회중,1
보호자,1
일몰시,1
스파클,1
브루마,1
노익장,1
탕수,1
넋두리,1
노부부,1
설레발,1
메모,1
피해액,1
중앙고속도로,1
도끼,1
거침,1
해공,1
어성호,1
라마르,1
빙어,1
초석,1
노후화,1
일겸,1
흙벽돌,1
자주,1
서가,1
두입,1
검색창,1
깻잎절임,1
코라,1
특제,1
컬렉션,1
외딴,1
반데기,1
제청,1
원숭이띠,1
자악,1
지정석,1
입고,1
샌가,1
푸른색,1
말년,1
테스,1
이모부,1
밀기,1
열흘,1
테스트,1
스탬프,1
방울토마토,1
히아,1
우대,1
체온,1
등재,1
천봉,1
그라스,1
어시장,1
시르,1
자석,1
오마니,1
일곱,1
산천어,1
실내화,1
클라스,1
하와이인,1
생강,1
마약,1
현수,1
청개구리,1
작용,1
가림막,1
사합,1
러지,1
범인,1
웃통,1
지옥,1
영양분,1
루미큐브,1
최강,1
사다리,1
식비,1
오시,1
지다,1
도어,1
간조,1
래원,1
깃발,1
외관상,1
면모,1
평수,1
트러블,1
부탄,1
주홍빛,1
지간,1
공중화장실,1
천수경,1
구글,1
스탑,1
이수근,1
노르웨이,1
대회장,1
대봉,1
초가집,1
치료,1
구제,1
황토,1
프롤로그,1
배객,1
한술,1
매니아,1
다담,1
행정,1
성현,1
직사광선,1
인위,1
하이퍼,1
쥐꼬리,1
가나,1
통역,1
중매,1
답변,1
깜둥이,1
반잔,1
이버스,1
밍키,1
묵기,1
뚱띠,1
오산항,1
픽스,1
일목,1
찌꺼기,1
내친김,1
심대,1
활개,1
트리트,1
물컵,1
발치,1
비염,1
저게,1
보탬,1
대변,1
기교,1
데뷔,1
장농,1
국화과,1
통문,1
캘리,1
언덕길,1
원격,1
뜨락,1
중수,1
누리,1
게이블,1
소생,1
사무소,1
발전소,1
탄산,1
래시,1
보관소,1
찬스,1
휴게실,1
주집,1
태원,1
플라잉,1
향연,1
양양공,1
통달,1
복분자,1
소금강,1
시랑,1
행군,1
밧줄,1
寶殿,1
비지떡,1
전등,1
박상철,1
차고,1
고민거리,1
이견,1
경영,1
내외,1
분점,1
재산,1
재속,1
창현,1
소정,1
상류,1
본능,1
카푸어,1
승강장,1
특공대,1
살맛,1
조리개,1
드림,1
하늘소,1
봄이,1
은메달,1
꿀꿀이,1
편집,1
농업,1
본이,1
잔떼,1
쓰레기장,1
월별,1
산호,1
선홍,1
인솔,1
급감,1
자아,1
불전,1
별장,1
낙상,1
영서,1
뒤태,1
지름신,1
예언,1
안기려,1
디피,1
치피,1
기입,1
게이,1
본곳,1
백촌,1
토머,1
천호,1
앤가,1
바스,1
대동여지도,1
단구,1
뒷자리,1
단결,1
올레,1
장단점,1
화장품,1
시크,1
요겁니다,1
일치,1
꼬까옷,1
낚시질,1
전국일주,1
크림케,1
장떡,1
은행,1
여행가,1
만복,1
군민,1
체육,1
협의,1
석고,1
짜파게티,1
연발,1
세포,1
정반대,1
역서,1
아돌,1
귀항,1
발굴,1
탁과,1
갈등,1
숫자,1
시상,1
소극,1
내료,1
모험심,1
단다,1
김선장,1
해독제,1
해국,1
은인,1
적막,1
길옆,1
말일,1
레프,1
상행선,1
죽왕면,1
후면,1
당나귀,1
반경,1
성가,1
북대구,1
산왕대신,1
감자볶음,1
후니,1
리드미컬,1
영정,1
윗말,1
수준급,1
탄창,1
선호도,1
차림새,1
연신,1
선라이즈,1
셰프,1
별일,1
해초,1
이방,1
사과즙,1
온통,1
업적,1
산리,1
숙식,1
박기준,1
탈것,1
능력,1
분식,1
한솔,1
사당역,1
현희,1
대중목욕탕,1
오줌,1
디테일,1
잔당,1
개성,1
생업,1
샤우,1
그라피,1
설레,1
관세,1
황포,1
초순,1
초봄,1
담수어,1
사상,1
일반인,1
도토리,1
커팅,1
오리지날,1
유식,1
옥계,1
표지,1
닭죽,1
본점,1
남애리,1
니파,1
기미,1
왕집,1
강조,1
로스터,1
동력,1
사양,1
제설차,1
인당,1
개탕,1
연정,1
문중,1
업계,1
개요,1
색동,1
소모품,1
출퇴근,1
박지아,1
교훈,1
별동,1
다이렉트,1
짠물,1
야랑,1
전도,1
오징어무침,1
꽃구경,1
크레용,1
일쑤,1
스퀘어,1
사물함,1
기반,1
수학,1
진공관,1
가용,1
시요,1
경중,1
볶은밥,1
정학,1
입체감,1
해마루,1
유무,1
대책,1
야미,1
스텐,1
커먼스,1
이태원,1
심판,1
의대,1
종이배,1
존재감,1
그라인더,1
콘래드,1
제습기,1
한가,1
양씨,1
이참,1
무래,1
유서,1
묵호항,1
만추,1
흘림,1
어딜까,1
인맥,1
이라니,1
베어,1
지밀,1
용해,1
베이지,1
나이스,1
가야지,1
명당자리,1
범벅,1
우회전,1
우로,1
매니저,1
주사,1
입담,1
혜인,1
촉박,1
변명,1
강전,1
겨울잠,1
동막,1
보리,1
무한도전,1
무아지경,1
프리마,1
한복,1
돛단배,1
불리,1
마늘장아찌,1
노심초사,1
양주,1
가타,1
부엉이,1
속풀이,1
황토색,1
표면,1
레포츠,1
맛국물,1
에두,1
대어,1
숙주나물,1
인초,1
울타리,1
별채,1
수탕,1
짜리,1
안배,1
복음,1
세신,1
이튼,1
항입구,1
연상연하,1
태서,1
명태포,1
이슬이,1
양측,1
마릿수,1
프링글스,1
비수,1
술기운,1
학원,1
부다,1
타로,1
눈썰매,1
폐업,1
전사,1
끝물,1
올리브,1
번가,1
련지,1
뚜기,1
수자원,1
동이,1
티라미수,1
추암,1
콩떡,1
팔방,1
역활,1
확산,1
회전등,1
은어,1
윤균상,1
궁사,1
진포,1
집구,1
시클,1
원시인,1
가여,1
포레스트,1
호스텔,1
크리스마스트리,1
덕지,1
모카,1
유원지,1
입질,1
향후,1
엘레나,1
재활용품,1
려고,1
스카치,1
연이,1
김미수,1
공포,1
초원,1
찬장,1
기념물,1
키드,1
이강원,1
에피소드,1
부속,1
명주,1
정산,1
밤중,1
호군,1
볼링,1
인제군,1
신념,1
마나,1
연출가,1
아이돌,1
조도,1
유스,1
관절염,1
바리,1
심신,1
제트,1
알감,1
하남,1
거거,1
만두피,1
야자수,1
우주선,1
연거리,1
접시꽃,1
저작권자,1
나트랑,1
우에노,1
비전,1
오프너,1
건설,1
월정사,1
시체,1
미치,1
다원,1
브런치,1
서방,1
워보이,1
위보,1
수수부꾸미,1
이언,1
모비,1
대합실,1
거짓,1
십계명,1
문제시,1
통깨,1
모기지,1
채집통,1
스타킹,1
배호,1
경도,1
에티오피아,1
드라이버,1
비탈길,1
포도,1
쇄석,1
아미타불,1
고추장,1
번화가,1
면부,1
정색,1
그레이드,1
초공,1
경기장,1
꾸미,1
단풍철,1
참도미,1
말재주,1
태도,1
테이프,1
구멍치기,1
신동엽,1
큰소리,1
떡갈비,1
낙지젓,1
불력,1
복지,1
파도풀,1
잉어,1
식빵,1
폭풍우,1
익판,1
선발,1
김삿갓,1
버그,1
회심,1
뽀샵,1
인절미,1
동명,1
방문일,1
망고,1
칠만,1
돌풍,1
고기패,1
외식,1
각인,1
면연,1
잡인,1
한성,1
두려움,1
오미자,1
보구,1
봉도,1
재즈,1
후론,1
보로,1
예원,1
낙엽,1
치타,1
무궁,1
실버,1
상행,1
구작,1
월차,1
제목,1
자발,1
미러,1
볼링장,1
초벌,1
계열,1
성찰,1
목조,1
콤비네이션,1
시나몬,1
하정우,1
테리스,1
건운,1
동명동,1
총점,1
낙후,1
면소,1
경향,1
아쿠,1
겸상,1
해미,1
담치,1
투신,1
오키나와,1
괴로움,1
에코,1
도문동,1
궁극,1
코울,1
산허리,1
데기,1
가다,1
오리찜,1
헤븐,1
어비산,1
엑스,1
디너,1
이시어,1
참치,1
라오,1
주량,1
신과,1
갈치속젓,1
수급,1
골국,1
나노,1
수니,1
여한,1
인지,1
일인,1
시공간,1
내편,1
로켓,1
라이브,1
화보,1
참맛,1
흙색,1
마그네슘,1
전자책,1
동성,1
특공,1
칩스,1
위가,1
고고고,1
파주,1
대천,1
모래알,1
단풍놀이,1
맘속,1
꽃망울,1
나이트클럽,1
근육통,1
토성면,1
물통,1
특정,1
기념관,1
제작진,1
화성,1
개구쟁이,1
해염,1
사모,1
건너,1
꼬막,1
박자,1
기본요금,1
토리실,1
다대기,1
토록,1
덴데,1
인어공주,1
해금강,1
한스,1
블랙박스,1
능이버섯,1
점장,1
단가,1
등분,1
민촌,1
건축가,1
텔레비전,1
홍천군,1
인걸,1
착오,1
자신감,1
해탈문,1
아케이드,1
오리엔테이션,1
네온사인,1
일보,1
물물,1
망신,1
남발,1
찬물,1
창건자,1
치악산,1
국그릇,1
어께,1
개강,1
마시,1
친척,1
진드기,1
등산복,1
음미,1
낚싯배,1
던지기,1
미쉘,1
진가,1
애경,1
힐더,1
추탕,1
네버,1
서브,1
메신져,1
너스,1
군부대,1
벽지,1
앰프,1
광장시장,1
종인,1
보초,1
누움,1
하이,1
혓바닥,1
알까기,1
변속,1
남공철,1
펌프,1
에어포트,1
모시,1
술파,1
대미,1
아쿠아리움,1
울상,1
꼬치구이,1
귀토,1
웰컴,1
선인,1
미학,1
증이,1
안드로이드,1
박사,1
제야,1
저안,1
악마,1
가랏,1
나래,1
하늘빛,1
발리킥,1
석쇠,1
먹을거리,1
보타락,1
질서,1
추후,1
추어탕,1
산방,1
동갑,1
댕기,1
일명,1
도리님,1
포르투갈,1
맛동산,1
진풍경,1
부각,1
초코파이,1
양손,1
버리,1
배구,1
블링,1
테디,1
천추,1
우장,1
에프,1
트램펄린,1
후자,1
회지,1
에스컬레이터,1
개관,1
타르트,1
파파,1
시우,1
솔선수범,1
우애,1
새집,1
구성원,1
하영,1
배차,1
조언,1
웨이트,1
화단,1
요운,1
에이어,1
화현,1
신도,1
돌기,1
경매,1
내가,1
오포,1
외경,1
칼국,1
대연,1
남미,1
송년회,1
마포,1
등골,1
표지기,1
내수,1
비석,1
경위,1
다비도프,1
김순남,1
자생,1
신봉,1
까르보,1
세상만사,1
블록,1
페이스,1
하마,1
투표,1
보석,1
악단,1
구지,1
레알,1
청계천,1
스페인,1
릭터,1
슈트,1
시아,1
침샘,1
공존,1
내발,1
탕도,1
합창,1
노랑가자미,1
버켓,1
준영,1
도로변,1
진미시,1
비단잉어,1
총평,1
축구장,1
세션,1
산토리,1
청량리역,1
반납,1
풍채,1
대해,1
심박수,1
홀더,1
적기,1
소함,1
군사,1
번국,1
자청,1
암울,1
일대기,1
염장,1
웨이터,1
중국집,1
친목도모,1
농기,1
차돌,1
나무판,1
파티션,1
첨단,1
뚜껑밥,1
메세지,1
탈출,1
해일,1
위트,1
심심,1
생동감,1
탐문,1
썸머,1
롤러코스터,1
지존,1
교통비,1
초기,1
잔가시,1
장신,1
대진,1
해넘이,1
조음,1
대학교,1
식겁,1
관리사,1
미트볼,1
치유,1
한자,1
성장통,1
양동근,1
설치미술,1
양산,1
파트,1
너울,1
스투,1
발췌,1
케냐,1
갱스터,1
꾸러미,1
파종기,1
시주,1
김두진,1
이북,1
철분,1
부랑,1
광안리,1
통령,1
바비큐,1
쪼가리,1
수풀,1
전원,1
복수,1
찌갠,1
만우,1
난전,1
소량,1
세자,1
변영상,1
휴전선,1
유리병,1
마닐라,1
풍호,1
지침,1
진부,1
디너파티,1
딸래미,1
관광호텔,1
이당,1
뭘루,1
상영관,1
보명,1
계기판,1
피시,1
탁구,1
뙤약볕,1
찜질,1
분무,1
사무,1
단잠,1
구스,1
내림,1
겐가,1
백수,1
비흡연자,1
분단,1
휴양소,1
오르막,1
만취,1
공격,1
명대사,1
나오,1
대우,1
하순,1
불길,1
무한대,1
입추,1
밑부분,1
너리,1
쌀농사,1
후보지,1
보리차,1
돌배,1
강릉항,1
확연,1
낙오자,1
체격,1
기여,1
인항,1
미네랄,1
게명,1
도식,1
유닉스,1
마세,1
김명숙,1
옥시,1
생물,1
외할아버지,1
성동,1
일절,1
여관,1
단속,1
똥칠,1
공영주,1
세로,1
포용,1
터보,1
축문,1
칼로리,1
스스,1
요트,1
가지각색,1
야단법석,1
선크림,1
아날로그,1
군옥,1
변비,1
함경도,1
일화,1
소분,1
케이쿠,1
천주교,1
베이,1
출시,1
떡소,1
에너지원,1
승부,1
티몬,1
절대치,1
봄맞이,1
티스,1
페퍼로니,1
의암호,1
미모,1
충청남도,1
피장,1
에이치,1
영회,1
장식품,1
밤밥,1
흥회,1
소주잔,1
비다,1
생두,1
축복,1
산더미,1
아르바이트,1
포월,1
콩나물국,1
에스키모,1
가공품,1
뽐뿌,1
뒷줄,1
멜론,1
조청,1
비지찌개,1
조항,1
베베,1
회상,1
파기,1
백색,1
무파마,1
서쪽,1
저음,1
눈곱,1
이성,1
창문가,1
저놈,1
풍천,1
건가요,1
수순,1
그릴,1
예열,1
소지자,1
도문,1
처녀,1
플랜,1
던킨,1
강물,1
대패,1
영진항,1
주영,1
임대,1
글라스,1
앞집,1
웍스,1
가체,1
철폐,1
성취,1
내장재,1
베라,1
주랑,1
정오,1
달러,1
티맵,1
유리창,1
강화도,1
고등,1
월미도,1
비내,1
법회,1
남남,1
컨트롤러,1
소멸,1
합창단,1
배타,1
견이,1
노천,1
안식일,1
조상,1
취사도구,1
트렁크,1
아호,1
추첨,1
고문,1
묘적,1
부착,1
존대,1
닭꼬치,1
유형문화재,1
홀몸,1
개풀,1
워킹,1
베게,1
작명,1
월초,1
예수,1
쓴맛,1
피카츄,1
막간,1
흑미,1
석잠,1
술상,1
실향,1
타세,1
가정,1
비지니스,1
무라,1
나기,1
나발,1
분실,1
갱생,1
기린,1
정암리,1
진천,1
정동진역,1
방크,1
을왕,1
극성팬,1
백연,1
둔내,1
관람권,1
노릇,1
산림욕,1
연화,1
은거,1
사투리,1
아침밥,1
시물,1
규칙,1
고깃배,1
좌회전,1
오노,1
어미,1
발자취,1
순례,1
통닭,1
행은,1
진작,1
삿포로,1
바랄,1
모두부,1
하느님,1
장인,1
공자,1
오브,1
정석,1
패들,1
취해,1
만시,1
취직,1
미끄럼틀,1
아픔,1
망망대해,1
된장국,1
갈빗대,1
사륜,1
횟대,1
모지,1
보지,1
해수면,1
상장,1
레이팅,1
준우,1
하임,1
연식,1
화채,1
신박,1
철저,1
팀원,1
청봉,1
파닭,1
인대,1
꾸미기,1
궁전,1
키트,1
송파,1
오래전,1
선임,1
하행선,1
계활,1
기리,1
충족,1
아무데,1
누난,1
공고,1
아프리카,1
거길,1
옥수,1
주야간,1
리노,1
갈일,1
국제공항,1
양봉,1
검증,1
언덕배기,1
예초,1
호소,1
사사,1
관내,1
기지개,1
꺼만,1
왕생,1
핑거,1
잔지,1
총대,1
모험,1
에이스,1
로니,1
간이매점,1
소반,1
대종상,1
분류,1
이스,1
갈색,1
잔디밭,1
미식,1
독상,1
와상,1
붙박이장,1
군농,1
너모,1
폐인,1
양주민,1
밤바,1
양야,1
무에,1
흡연자,1
시어머님,1
전라남도,1
뒷일,1
층간,1
정인,1
우초,1
하단,1
고풍,1
짜임새,1
시발,1
이용자,1
빗자루,1
설날,1
우유부단,1
상금,1
도색,1
후광,1
쇼바라,1
마성,1
바스켓,1
비게,1
졸도,1
명상,1
윤미,1
사생활,1
눈알,1
녹음,1
나날,1
고추나물,1
버스표,1
크러시,1
사수,1
송지,1
연이수,1
상다리,1
궁합,1
연창리,1
흙탕물,1
소머리,1
곡차,1
피비,1
묘일,1
절임,1
갱이,1
매진,1
미과,1
화이트로,1
유재석,1
초급,1
부침,1
오렌지색,1
선팅,1
방토,1
움큼,1
등촌,1
앞뒤,1
현빈,1
텀블러,1
발급,1
벼랑,1
풀숲,1
카니발,1
첫인상,1
눈도장,1
본사,1
문제점,1
갈래,1
킬로,1
침식,1
자려,1
회전율,1
차돌박이,1
압축,1
이여,1
인재,1
퇴비,1
포착,1
우바,1
단팥,1
방광,1
트루디,1
원화,1
맨몸,1
백일홍,1
제하,1
이바이,1
먹자,1
와이드,1
복병,1
코발트색,1
절차,1
호우,1
재지,1
알루미늄,1
감미,1
씨네,1
벤치마킹,1
야매,1
세네갈,1
테라코타,1
송지호,1
잡념,1
자율,1
만해,1
장기,1
반입,1
시금치,1
칠순,1
조피볼락,1
물김치,1
정시,1
잉글리시,1
식물원,1
농산물,1
교와,1
넷째,1
한곡,1
벽장,1
편백,1
방문자,1
이인선,1
정말,1
아가야,1
화성시,1
회색,1
만단다,1
송추,1
격조,1
시민,1
모둠,1
장추,1
스터,1
뒤풀이,1
파스타,1
보답,1
요걸,1
깨달음,1
최저,1
관음전,1
불덩어리,1
입욕,1
안용,1
홍시,1
독일,1
패브릭,1
직행버스,1
드레스,1
키파,1
태극기,1
안락,1
래프팅,1
잘못,1
무궁화호,1
로미,1
보던,1
풀잎,1
번개탄,1
영양식,1
엽서,1
접이식,1
냉방병,1
신부,1
아이비,1
범일,1
마을버스,1
가리온,1
장만,1
원색,1
챔버,1
곰발,1
두껍,1
연화법,1
보드카,1
별표,1
소향,1
가스레인지,1
삼척항,1
지압,1
작지,1
파바,1
마스터즈,1
행나무,1
꿀벌,1
렛츠,1
투자,1
현미,1
회보,1
취기,1
인치,1
성재,1
후우,1
주금,1
비트,1
제동호,1
미르,1
중순,1
다크,1
시시각각,1
축소,1
용변,1
흰밥,1
득실,1
병아리,1
준기,1
오리사,1
세남자,1
댄서,1
외우,1
바텐더,1
본래,1
은혜,1
제봉,1
마유,1
잠자리채,1
승천,1
아포,1
장다리,1
저름,1
얼떨결,1
念珠,1
호평,1
무나,1
족욕,1
등뼈,1
과학,1
서점,1
야구장,1
감영,1
현남,1
독차지,1
정남향,1
후레쉬,1
아까,1
조업,1
시세,1
제차,1
맨발,1
표시판,1
정기,1
서운,1
개그,1
숲길,1
죽변항,1
비옷,1
양구,1
배멀이,1
실연,1
아이덴티티,1
사용법,1
빈대떡,1
신라도,1
스틱,1
패들링,1
좌선,1
찌꺼지,1
무뚝뚝,1
그랜드,1
랩퍼,1
오잉,1
스페이스,1
화상,1
잔사,1
총각,1
우먼,1
경험담,1
갈릭,1
접근성,1
인행,1
보양,1
조미,1
노노,1
명태식해,1
육장,1
농협,1
수거,1
만조,1
부녀,1
거장,1
통감,1
코스모스,1
총신,1
천하,1
두말,1
전수,1
나뭇가지,1
분신,1
초극,1
나선,1
만나,1
템포,1
저긴,1
영조,1
이세상,1
지에스,1
서성,1
염창동,1
동산리,1
밥솥,1
은박지,1
시일,1
밧데리,1
동기,1
심폐,1
춘장,1
막내며느리,1
수월,1
고종,1
폭설,1
인시,1
무당벌레,1
백담,1
화물칸,1
위아,1
쏜살,1
인승,1
재롱둥이,1
다도,1
조이,1
갑인,1
윈도우,1
떡메,1
휘트니,1
물가자미,1
역전패,1
황금마차,1
청어,1
설악면,1
선남,1
복원사업,1
광인,1
동절기,1
추우,1
검프,1
소현,1
기침,1
허허벌판,1
프라이드,1
비막,1
하남도,1
천수천안관세음보살,1
블랑,1
위풍당당,1
미련,1
철학,1
이닝,1
들판,1
매도,1
몸값,1
트리플,1
아찌,1
한통,1
반장,1
기우,1
환장,1
습지,1
신경통,1
클로즈,1
크러쉬,1
상승,1
예절,1
제설,1
오방,1
과식,1
허탕,1
당초,1
크래커,1
오색리,1
언터쳐블,1
드레,1
임영,1
줌렌즈,1
변동,1
겨울날,1
접목,1
페인트,1
나비파,1
변도,1
다이내믹,1
피즈,1
감정,1
스파이,1
로맨스,1
야쿠르트,1
상단,1
황부,1
우물,1
누군지,1
매체,1
히말라야,1
성숙,1
화제,1
한라산,1
이지용,1
비상,1
정책,1
야도,1
터줏대감,1
진성,1
조타,1
승용차,1
옆길,1
윙크,1
인척,1
눈썰미,1
새물,1
물놀이장,1
제휴,1
격려,1
성원,1
이성억,1
외줄,1
리유,1
접견실,1
홍금보,1
통찜,1
증정식,1
로코퀸,1
콜맥,1
도가,1
송천,1
장호항,1
도장,1
머핀,1
입관,1
레츠고,1
스타트,1
지진,1
관람료,1
시포,1
절리,1
반도,1
동갑내기,1
지운,1
시합장,1
카카오,1
경비,1
낙조,1
내원암,1
불쾌지수,1
플라밍고,1
배틀,1
허탈,1
호출,1
다람쥐,1
구양,1
한덩,1
중앙동,1
인방,1
치치,1
금모래,1
시루떡,1
세영,1
피난,1
구요,1
수입,1
가혹,1
회룡리,1
시가지,1
스노보드,1
마리나,1
댄싱,1
별건,1
정수,1
메뚜기,1
소융,1
내실,1
공연장,1
식도,1
요롱,1
회편,1
사례,1
반병,1
기독교,1
밸류,1
감각,1
한식집,1
사비,1
용돈,1
시미,1
지름길,1
엔지니어,1
대청소,1
제보,1
회비,1
천선,1
조양동,1
네트,1
필름,1
기암절벽,1
내륙,1
예감,1
암호,1
대필,1
안지기,1
나잇,1
저질,1
물머리,1
리찌,1
천수,1
재래,1
예종,1
열과,1
잔소리,1
실향민,1
상납,1
경사,1
출구,1
벌판,1
술맛,1
스로,1
금호,1
라도,1
풀이,1
컨도,1
땅바닥,1
추구,1
소비,1
발렛,1
호바,1
쭈쭈,1
혼미,1
튀김옷,1
타이머,1
허무,1
방심,1
말경,1
족적,1
기적,1
일렬,1
개꿀,1
자원,1
겨를,1
유도,1
이엘,1
봄여름가을겨울,1
입금,1
조르바,1
항수,1
신은경,1
권장,1
조류,1
단열재,1
달성,1
캐릭터,1
포델,1
일전,1
해골,1
사라다,1
이슬비,1
엉망진창,1
과테말라,1
실종,1
블룸,1
해상용왕,1
박웅현,1
화진,1
북어,1
페이스북,1
직판장,1
안보,1
사슴벌레,1
컨퍼런스,1
방송사,1
인어,1
찬조,1
왁스,1
헬스클럽,1
금강고속,1
하구용,1
겉모양,1
손양,1
이성우,1
프리미엄,1
청량감,1
추진력,1
한보,1
도래,1
시늉,1
핫초코,1
본관,1
자구이,1
주연,1
위니,1
메이즈,1
토목,1
러드,1
미음,1
산꼭대기,1
철거,1
미포,1
갈구,1
비고란,1
문우,1
다래끼,1
앞니,1
허니문,1
키위,1
강서,1
역부족,1
수성,1
윤식,1
반도체,1
수라,1
매너티,1
기증,1
열고,1
냉기,1
발산동,1
경상도,1
점퍼,1
따님,1
한낮,1
전공,1
산사,1
용문사,1
성호,1
정현,1
높낮이,1
긴데,1
정신머리,1
식상,1
친숙,1
들살이,1
소유,1
냉온풍기,1
질러,1
나룻배,1
광란,1
병신,1
하드,1
한잠,1
강가,1
합강,1
대통령,1
백조,1
만전,1
배추밭,1
뒤죽박죽,1
오른손,1
나미,1
팬히터,1
기인,1
중광정,1
블랙,1
재화,1
고르고,1
미니어처,1
낙서,1
설명문,1
나시,1
두근거림,1
부비,1
산타,1
동공,1
방송인,1
휴관,1
수조관,1
라운,1
선이,1
쏘세지,1
에피,1
자니,1
이건창,1
사춘,1
의지력,1
채송화,1
성함,1
생성,1
빵이,1
스노클링,1
긴지,1
공제,1
추정,1
난간,1
코난,1
카나,1
오호리,1
크레마,1
귀연,1
본고장,1
공판장,1
현식,1
아파트,1
선회,1
아랑곳,1
미로,1
찰나,1
인과,1
신가,1
황소바람,1
팻말,1
빌딩,1
경상남도,1
호기,1
변장,1
원망,1
천교,1
오누이,1
시동,1
전갱이,1
봄꽃,1
판다,1
발레파킹,1
직거래,1
방자고기,1
몇몇,1
초발,1
몸뚱아리,1
라운드,1
약식,1
호로,1
노래비,1
심요,1
청과,1
물살,1
별것,1
콩자반,1
타면,1
강요,1
고질병,1
찜통,1
자영업,1
비안,1
모름,1
비키니,1
양띠,1
대결,1
오해,1
덩어리,1
장구,1
사리나,1
스마트폰,1
마블링,1
도착지,1
용안,1
고열,1
안동역,1
레더,1
디스커스,1
스티치,1
탕국물,1
심야,1
에티켓,1
책정,1
디디,1
교자상,1
분여,1
하천,1
양만,1
꼬망,1
지젤,1
안내서,1
산편,1
개편,1
하난,1
최북단,1
바윗덩이,1
도가니,1
전국구,1
스탠드,1
장각,1
트롯,1
신행,1
충천,1
치절,1
구석기,1
변이,1
거금,1
옆모습,1
송기동,1
예능,1
고사장,1
우기,1
하와이안,1
한성희,1
용궁,1
입대,1
트지,1
꼬끄,1
우거지,1
여건,1
눈자국,1
차로,1
강사,1
상사,1
아포가토,1
위력,1
인구항,1
대다라니,1
항서,1
만신창,1
초전,1
소외,1
협공,1
성황,1
정암,1
광폭,1
고명,1
대응,1
호리,1
철야,1
현명,1
관찰사,1
각가지,1
연기자,1
이동도,1
홍법,1
몸싸움,1
앞다리,1
고각,1
지느러미살,1
부서,1
지국천왕,1
화랑,1
학습,1
군위군,1
침착,1
라이터,1
비온,1
두장,1
유니크,1
개의,1
배송,1
봄바람,1
정적,1
좌석버스,1
직후,1
동대구,1
과학관,1
방생,1
중식,1
흑임자,1
점안,1
정동,1
유영,1
어구,1
데롱,1
탄력,1
식가,1
복치,1
알라신,1
중이염,1
동의서,1
능선,1
로로,1
명불허전,1
미만,1
업도,1
연평균,1
구슬,1
석상,1
아이템,1
플라,1
전라북도,1
개울가,1
오침,1
멸치과,1
창이,1
감소,1
순백색,1
장맛비,1
민감,1
자차,1
특산품,1
홍연,1
잠실,1
주니,1
타원,1
거의,1
롤러,1
결의,1
금지령,1
게시판,1
소제,1
관직,1
스카프,1
변심,1
찬사,1
활약,1
대원,1
이걸루,1
카로,1
컬링,1
가향,1
반가움,1
이집트,1
카펠라,1
가락,1
신세,1
여의주,1
흑진주,1
찐빵,1
접종,1
헬멧,1
상의,1
본방,1
스파이크,1
관진,1
아스팔트,1
답사,1
방언,1
이럼,1
야밤,1
철회,1
화각,1
극기,1
얼간이,1
헛웃음,1
어벤져스,1
쥔장,1
송이버섯,1
파동,1
케렌,1
일장춘몽,1
아슬,1
마일드,1
겉면,1
발사,1
나투르,1
접구,1
문진,1
비상식,1
지명,1
작은방,1
마스,1
통유,1
방에,1
건거,1
범위,1
울분,1
트친,1
중도,1
설법,1
예약처,1
루루,1
리본,1
그루브,1
생파,1
대내외,1
분이,1
동아,1
좌위,1
꽃받침,1
겉껍질,1
패킹,1
도매,1
아워,1
불어,1
연호,1
엑스트라,1
보라색,1
되새김,1
환호,1
양발,1
며느리,1
외설악,1
낙인,1
고우,1
레져,1
소꿉놀이,1
족족,1
스태프,1
솥뚜껑,1
행차,1
대가리,1
전생,1
요구사항,1
음식집,1
아부지,1
덩이,1
천행,1
육질,1
판타스틱,1
당사자,1
문주희,1
요가,1
헌터,1
튜토리얼,1
흉내,1
라즈베리,1
안사,1
신령,1
전창,1
수산리,1
세면,1
스쿨,1
보딩,1
파장,1
보리새우,1
동용,1
특급,1
새우깡,1
간헐,1
보험,1
그중,1
남선생,1
청일점,1
운용,1
티머니,1
왕대,1
진상,1
킹사이즈,1
호고,1
취재,1
취지,1
전초,1
면목동,1
반지,1
단방,1
컨테이너,1
소지섭,1
클린업,1
붕어빵,1
습기,1
의장,1
귀어,1
등명,1
올리,1
모티브,1
선자령,1
런닝,1
자서전,1
자욱,1
구의역,1
최율,1
수타,1
프라이팬,1
소공원,1
동북향,1
사건,1
탐욕,1
육군,1
옆구리,1
자반고등어,1
숙녀,1
집단,1
죽도항,1
수학여행,1
거이,1
자미중,1
오설록,1
상생,1
세계인,1
플레이트,1
철칙,1
보리멸,1
유령,1
이가,1
오감,1
함박눈,1
선입견,1
녹지,1
점식,1
해라,1
염화나트륨,1
잔도,1
조예,1
혼잡,1
소사,1
태그,1
똥폼,1
앞날,1
전혜진,1
여의도,1
빈병,1
민생고,1
네모,1
개그맨,1
겉옷,1
초항,1
리모컨,1
해망,1
웨어,1
레노,1
오니,1
농사,1
아파,1
수수료,1
이시스,1
내숭,1
후원,1
원암,1
스지,1
오프닝,1
선점,1
신독,1
초교,1
스가,1
빈틈,1
한시,1
단비,1
멀미약,1
홍합탕,1
소장,1
절친,1
본연,1
스티커,1
특집,1
씨알,1
방가,1
경찰관,1
지난달,1
센티미터,1
한용운,1
사막,1
수량,1
중고,1
공깃밥,1
함유,1
비명,1
시경,1
제절,1
동군,1
앞길,1
신성,1
어민,1
신날,1
일색,1
철도,1
시점,1
제자리,1
신조어,1
유통,1
걸리버,1
팸플릿,1
오름,1
불볕더위,1
살인범,1
솜사탕,1
어사,1
계곡물,1
두꺼비집,1
가임,1
토굴,1
장회,1
타가,1
수안,1
유과,1
본당,1
자연환경,1
동현,1
호흡,1
닭다리,1
주걱,1
말모,1
여행자,1
오복,1
주세,1
스튜디오,1
난무,1
송정,1
동경,1
거봉,1
스크림,1
서랍장,1
부치,1
주장,1
이노,1
쥐치,1
단청,1
개축,1
규정,1
별견,1
북단,1
조개찜,1
행렬,1
조개껍데기,1
반말,1
쪽방,1
예고편,1
난로,1
가이드,1
도표,1
이음매,1
그리움,1
유교,1
고층,1
강된장,1
파시,1
오현,1
습식,1
기장,1
붙이,1
상봉,1
예그린,1
아이유,1
칠전,1
무릉도원,1
선머슴,1
버시,1
흰둥이,1
국화,1
발판,1
플레이,1
졸지,1
아병,1
생기,1
답글,1
초여름,1
화광,1
후포,1
아이리스,1
손수건,1
자타,1
애플,1
포스트잇,1
지참,1
무식,1
통장,1
보습,1
유포리,1
지느러미뼈,1
밍구,1
날인,1
모르,1
영종도,1
소금물,1
워즈,1
동물원,1
사돈집,1
곰배,1
의의,1
손발,1
개헤엄,1
반증,1
제연,1
투하,1
손짜,1
밤잠,1
분야,1
카페테라스,1
전염,1
메리어,1
콩국,1
소모,1
트레일러,1
순익,1
집구석,1
눈독,1
패자,1
빈스,1
코치,1
강산,1
유적,1
캔버스,1
원우,1
치맥,1
급추,1
실생활,1
허파,1
박물,1
노무현,1
백년손,1
세용,1
어게인,1
노른자,1
숙연,1
집게,1
바루,1
매운맛,1
생후,1
식수대,1
간밤,1
아메리,1
등딱지,1
클렌,1
청평,1
호에,1
재채기,1
계획안,1
부자재,1
요케,1
귀농,1
양상추,1
뜀뛰기,1
강행,1
채니,1
무지,1
사적,1
화합,1
영양소,1
만찬,1
예진,1
차인,1
비스라,1
모에,1
자비,1
고아라,1
독수리,1
내동,1
꽃미남,1
햇님,1
칼치,1
바이올린,1
제습,1
서양식,1
노스페이스,1
말살,1
효녀,1
초콜렛,1
스키점프,1
전구,1
터리,1
바이인,1
시립,1
타령,1
일방통행,1
운전자,1
나면,1
회전문,1
남이섬,1
기색,1
노가리,1
원본,1
거지꼴,1
박원상,1
연동,1
구멍가게,1
멸치조림,1
바우처,1
신혼집,1
국숫집,1
합계,1
고야,1
서류,1
힐스,1
연간,1
놀러,1
출발지,1
가평군,1
반가,1
일념,1
맥반석,1
중단,1
준호,1
체고,1
가디건,1
어성전,1
오버,1
흑기사,1
모토,1
성능,1
대견,1
우내,1
양도,1
승자,1
호프,1
게찜,1
기념식,1
초포,1
성탄절,1
몸살,1
익일,1
멸망,1
前身,1
관세음,1
내심,1
솔로,1
무색,1
진미,1
임시방편,1
주방장,1
선셋,1
모래판,1
오라,1
유종,1
라이징,1
책방,1
대수,1
명승지,1
취급,1
다우,1
생산,1
맥북,1
스테프,1
피나무,1
청룡,1
허기진,1
의례,1
문전,1
단조,1
쓰레,1
대답,1
혜동,1
神廟,1
바람길,1
슬립,1
조정,1
입자,1
리부,1
하노이,1
다각도,1
요요,1
품격,1
수평,1
솔방울,1
구름떡쑥,1
남교리,1
앙통,1
개인차,1
기재,1
태배,1
대분,1
인우,1
시계,1
산신령,1
올핸,1
교원그룹,1
소년단,1
지급,1
다신,1
서림리,1
피구,1
수막,1
용호리,1
포화,1
고품격,1
혈기,1
조개탕,1
임금,1
급변,1
광진리,1
에어,1
연두,1
티파니,1
박이,1
전명,1
창피,1
재림,1
로맨틱,1
고갯길,1
탐색,1
도자기,1
함성,1
다이어리,1
분홍,1
통사,1
구만,1
티오피,1
대기표,1
카렘,1
산간,1
집채,1
초배,1
나머진,1
전화벨,1
넝쿨,1
건축물,1
살점,1
재와,1
마랑,1
코지,1
거북바위,1
진정,1
귓가,1
쪽상,1
비위,1
장동건,1
어달항,1
갈매기살,1
여로,1
분전함,1
행사장,1
장판,1
하시동리,1
핸즈,1
남문,1
하나하나,1
습도,1
훼손,1
창호,1
러닝,1
네덜란드,1
진흥,1
가위질,1
업장,1
차편,1
자네,1
물방울,1
말자,1
분비,1
요걸루,1
경종,1
내야,1
방기,1
월척,1
피신,1
고스톱,1
목캔디,1
나사,1
단백,1
사각,1
절중,1
김포,1
이진욱,1
잇몸,1
옥녀,1
난다,1
차별,1
콜라보,1
초로,1
카본,1
상습,1
짜장면,1
시감,1
매혹,1
소보,1
화이트하우스,1
불기,1
불혹,1
진실,1
협시,1
상어,1
폴리곤,1
관절,1
방과,1
대자,1
동해시,1
입속,1
해시,1
등나무,1
개취,1
몬지,1
선발대,1
신지,1
문막,1
외투,1
무심,1
방정,1
제압,1
토피아,1
상념,1
남산,1
알펜시아,1
폴드,1
아시안,1
다시마,1
마침표,1
오줌싸개,1
바우쳐,1
찹니다,1
한식당,1
디스코,1
프랑스어,1
움짤,1
뒷날,1
클로즈업,1
주최,1
근간,1
코타키나발루,1
아들놈,1
모성애,1
보성,1
기관,1
호응,1
요요기,1
변산반도,1
김경민,1
놀음,1
요기조기,1
마늘빵,1
비올라,1
운길,1
충청북도,1
마상,1
비로,1
근본,1
도로는,1
통풍,1
사운드박스,1
진현수,1
기고,1
내국,1
풀코스,1
다운로드,1
금강,1
기계식,1
내리,1
어리굴젓,1
스파이더맨,1
바가지요금,1
복덩이,1
신식,1
줄넘기,1
발받침,1
다방,1
연회장,1
라이언,1
올여름,1
청주,1
프라이,1
홀쭉이,1
양집,1
책꽂이,1
구관,1
마골,1
학꽁치,1
단거,1
디카,1
은퇴,1
티스푼,1
증강현실,1
토일,1
호흡기,1
야행,1
림보,1
섭리,1
홈피,1
이스케,1
초점,1
달기,1
사준,1
부동산,1
잠금장치,1
조하,1
다트,1
순종,1
윗방,1
솔향기,1
음식상,1
베이글,1
불사,1
타투,1
음상,1
광목천왕,1
위염,1
분식집,1
세다,1
아디오스,1
군고구마,1
관광공사,1
목걸이,1
편계,1
봄나물,1
브로,1
바켓,1
봉평,1
평균,1
룰루랄라,1
인물,1
아군,1
페리,1
목록,1
족장,1
라인업,1
땅파기,1
이성민,1
구길,1
슬라이딩,1
견학,1
휘닉스,1
주황색,1
기사문,1
배웅,1
가피,1
너티,1
개념,1
자질,1
주심,1
경진,1
최신식,1
찬성,1
당도,1
아나고,1
미아,1
서양,1
트루,1
피고,1
리포,1
인산철,1
명절,1
전년,1
쿠키,1
동침,1
먹지,1
장착,1
피날레,1
벤츠,1
기성,1
별점,1
상천역,1
리첼,1
바라기,1
항요,1
앞면,1
담벼락,1
서비,1
다마스,1
바퀴벌레,1
오두방정,1
번외,1
낭패,1
보스코,1
이승연,1
서론,1
스카,1
음주운전,1
빈속,1
청년,1
건데요,1
돈벌이,1
인두,1
겸손,1
삭제,1
춘천시,1
킬라,1
계절감,1
소프트,1
러그,1
무이자,1
고음,1
끄적,1
자충,1
트럭,1
사용료,1
지신,1
조율,1
커넥트,1
규격,1
배회,1
윤정아,1
제거,1
간풍,1
헤즐,1
바단지,1
처상,1
작사,1
중생,1
사갈,1
때기,1
모범,1
근저,1
외도,1
기대치,1
몰랑,1
신공,1
바이러스,1
촉진,1
채취,1
동해항,1
오크,1
오죽헌,1
우씨,1
뚱뚱,1
실타,1
안들,1
모집,1
맨손,1
적합,1
분무기,1
토실,1
인권,1
남북,1
세련,1
울창,1
먹보,1
발담,1
정석현,1
여파,1
비실,1
굿바이,1
안위,1
철책,1
빙산,1
경청,1
땀구멍,1
잠바,1
콧물,1
해뜨기,1
비즈니스호텔,1
관음굴,1
터치,1
와이퍼,1
사현,1
송가,1
인세,1
만장,1
보케,1
원효대사,1
소속감,1
진동리,1
임시,1
후발대,1
전적,1
외장,1
외모,1
조그,1
사천왕,1
갠데,1
송파구,1
압권,1
찜질방,1
감탄사,1
초조,1
큰딸,1
전기장판,1
주력,1
왼손,1
거치대,1
신석기,1
씨름,1
모자이크,1
광화문,1
문밖,1
사운드,1
정박,1
특효,1
나주,1
합리,1
가닥,1
무급,1
꽃분,1
로터리,1
산송,1
襄陽,1
남부,1
초시,1
낙석,1
주먹,1
사위,1
침수,1
불이문,1
자재,1
스중,1
여사,1
세척,1
완국,1
응어리,1
커버,1
강과,1
억지,1
불가사리,1
환자,1
어업,1
안줏거리,1
혼숙,1
주인집,1
정글짐,1
개문,1
황사,1
지남,1
사심,1
울트라,1
쇼핑백,1
도루,1
이수,1
육회,1
모서리,1
수년,1
비온다,1
광복,1
심취,1
애간장,1
마이리,1
돌섬,1
통나무,1
뭘까,1
도리,1
패턴,1
진주,1
화약,1
한국어,1
동대문,1
전통차,1
명심,1
일과,1
유대,1
노적봉,1
주상,1
사나이,1
애초,1
꼬우,1
스쿨링,1
급기,1
크릭,1
자본주의,1
사원,1
천문관,1
고려대,1
중복,1
이용료,1
가격표,1
플리즈,1
어젠,1
해면,1
상당수,1
장작,1
구체,1
좌절,1
천진,1
양심,1
겨울비,1
로비라,1
울미,1
퇴행,1
황도,1
관통,1
유후,1
성남,1
본주,1
호재,1
괴암,1
재단,1
겁쟁이,1
승차,1
시작점,1
링컨,1
게눈,1
애미,1
고충,1
곱절,1
길수,1
중문,1
구색,1
고게,1
메스,1
로케,1
인쇄,1
벌크,1
초면,1
紅蓮,1
네스프레소,1
걸이,1
손재주,1
압박,1
마니아,1
장인어른,1
매월,1
자전거길,1
새벽녘,1
진해,1
본전,1
사업소,1
적정,1
덕평,1
주공,1
인디자인,1
신세인,1
커밍,1
고기판,1
가열,1
송출,1
핫바,1
가리개,1
애주가,1
비구름,1
체구,1
다운,1
환호성,1
비타민,1
후보,1
조형,1
경포호,1
불찰,1
제니,1
코멘트,1
지렁이,1
홍차,1
무한리필,1
고조,1
水晶,1
양수,1
소모량,1
임팩트,1
발령,1
싹쓸이,1
선단,1
파출소,1
조깅,1
여의보주,1
니콘,1
전현철,1
수아,1
동거,1
애국가,1
경전,1
베일,1
東海,1
저녁나절,1
필터,1
대진항,1
앵무,1
합장,1
당당,1
생일상,1
마래미,1
실청,1
전번,1
새우젓,1
강구항,1
햅쌀밥,1
니쓰,1
위용,1
분석,1
인포,1
텐션,1
일박,1
여보,1
본채,1
형지,1
분홍색,1
옵션,1
청소년,1
스키장,1
홍개,1
불법,1
운석,1
분홍빛,1
풀기,1
시진,1
신화,1
장난꾸러기,1
경의,1
김인철,1
시흥,1
평정,1
번창,1
협찬,1
임기,1
한계령,1
담수,1
금종,1
한구석,1
저길,1
고새,1
선양,1
프로젝터,1
밤길,1
낭군,1
축사,1
콘크리트,1
자태,1
배누리,1
폐가,1
조절기,1
착발,1
참배,1
렌트카,1
미인도,1
진안동,1
제례,1
밑바닥,1
가부,1
지리,1
동냥,1
철장,1
실크,1
사우,1
순댓국,1
나루,1
식탐,1
돌탑,1
예사,1
용어,1
깁스,1
톨스토이,1
사미,1
첫해,1
재검사,1
안일,1
동의,1
장군,1
아주버님,1
연곡,1
효험,1
치장,1
배추,1
감독,1
라스,1
층높이,1
주기,1
등기,1
법수,1
월말,1
컨트롤,1
밥반찬,1
차액,1
자물쇠,1
수중,1
리턴,1
허세,1
율동,1
메르스,1
마션,1
충청도,1
성공예감,1
제스,1
말랭이,1
정경,1
합성어,1
공수,1
장애물,1
무생채,1
예리,1
버섯볶음,1
황금,1
소지품,1
뽀빠이,1
부피,1
변절,1
휴계소,1
특장,1
비늘,1
청승,1
맨션,1
수복,1
지장,1
진신,1
타보,1
칼집,1
레이,1
화기,1
건우,1
중부,1
뒷짐,1
으름,1
파나마,1
달팽이,1
바래,1
함흥냉면,1
균열,1
석위,1
이발,1
살얼음,1
시니어,1
장어구이,1
스모,1
경인,1
추산,1
와이,1
임진왜란,1
지자,1
번개,1
국토,1
기기,1
트로피,1
풍년,1
다북떡쑥,1
아버님,1
수치,1
현복,1
여인,1
이탈,1
관광업,1
시식회,1
노천온천,1
비보,1
스파게티,1
소년,1
사양서,1
수묵화,1
제단,1
질감,1
파킹,1
로리,1
경상북도,1
메론,1
참나물,1
해년,1
바이,1
말벌,1
운전대,1
유니,1
담뇨,1
메이,1
지킴이,1
시테,1
날림,1
추자,1
미급,1
무선,1
긍정,1
묵철,1
우레,1
비무장,1
나성,1
신호,1
고봉,1
전파,1
조개껍질,1
레이로,1
어딘지,1
백화점,1
거부감,1
정각,1
매표,1
휴기,1
中祀,1
동거인,1
전채,1
아지매,1
배탈,1
키다리,1
중광정리,1
야심,1
원소,1
봄철,1
양묵,1
우왕,1
타블로,1
기력,1
산이,1
특전,1
농민,1
스윗,1
비닐,1
원위치,1
전봇대,1
부사,1
다서,1
처치,1
창원,1
세배,1
아그,1
절호,1
비니,1
데오,1
후드,1
콩알,1
올겨울,1
셔틀버스,1
연습,1
다문천왕,1
미니미,1
촌놈,1
니즈,1
포스터,1
콘돔,1
셀룰로오스,1
사서,1
장수하늘소,1
장당,1
타이,1
체리,1
지심,1
진주조개,1
한국관광공사,1
목재,1
마사지,1
리듬,1
권두,1
발수건,1
형국,1
운영비,1
상술,1
출정,1
비운,1
하악,1
야구르트,1
석가모니,1
포장지,1
한글날,1
배포,1
인디언,1
어필,1
비추,1
여장,1
피쉬,1
다이나,1
이동한,1
라베,1
난민촌,1
엘피판,1
식칼,1
침입,1
쪽지,1
리마리오,1
여행사,1
캠퍼,1
기세,1
티타임,1
래퍼,1
아수라장,1
산토리니,1
동치미,1
트랜,1
무도,1
미대,1
안동,1
해인사,1
해전,1
퇴장,1
트래블,1
아고,1
보조금,1
심산,1
수채화,1
테트라,1
디제이,1
임원,1
직업병,1
감안,1
수령,1
충동,1
드렁큰타이거,1
마논,1
우연,1
구보,1
칠곡,1
신바람,1
한강,1
반차,1
마차진,1
싸리재,1
봉가,1
홍어회,1
좁음,1
속상,1
독선,1
청각,1
증정,1
난당,1
라디오,1
런더,1
뮤지션,1
수욕장,1
팽윤,1
상점,1
삭막,1
감격,1
겨울옷,1
절산,1
구석지,1
핸들,1
메기,1
초고추장,1
생체,1
이영희,1
농담,1
요절,1
다가,1
행선,1
기스,1
코카,1
매스컴,1
중간고사,1
오바이트,1
뻥튀기,1
파츠,1
진수,1
풍악,1
내항,1
창조,1
요시토키,1
경호,1
제게,1
무미,1
여운,1
소나기,1
오재,1
손자,1
수경,1
수집,1
라테,1
육각정,1
어따,1
사친,1
찬그릇,1
돌조각,1
배부름,1
효주,1
몸보신,1
주운석,1
캐논,1
버블,1
묘사,1
크로스,1
니랑,1
경로,1
새살,1
심리,1
바로미터,1
수유실,1
캠페인,1
룰루,1
모닝커피,1
노름,1
아크,1
빵가루,1
천문,1
요양,1
에이드,1
포고,1
제어,1
택지,1
팔뚝,1
산해,1
간요,1
해무,1
항정살,1
성당,1
소하동,1
동창회,1
강문,1
정형외과,1
신원,1
경찰,1
출산,1
공짜,1
광진,1
주실,1
수인,1
카메라폰,1
에너지,1
페르난도,1
왕년,1
義湘,1
진용,1
고경남,1
사격장,1
친친,1
몰골,1
설연,1
줄때,1
허브,1
연면적,1
잔재,1
경호원,1
양덕원,1
예약자,1
카토,1
지라,1
돌담,1
특선,1
서현동,1
짐칸,1
노점상,1
대간,1
엄지손가락,1
갈치,1
블럭,1
밥통,1
북한산,1
벌레,1
유기농,1
자반,1
악세사리,1
호프집,1
측은,1
칼라,1
구경거리,1
소박,1
정서,1
연산,1
정자동,1
소양강,1
혼란,1
감수,1
봉선,1
거북형,1
아야진,1
유천,1
세코,1
중바,1
파더,1
티셔,1
생동,1
엉덩이,1
투영,1
주선,1
욕망,1
선행,1
남항진,1
휴대,1
스캔,1
나가네,1
변태,1
너이,1
圓通,1
성적,1
탄수화물,1
이용권,1
만차,1
뭔갈,1
이만기,1
대성통곡,1
할미,1
생굴,1
방향제,1
독서,1
사당,1
보이지,1
세인,1
석류,1
방동,1
국산,1
주민진,1
소도시,1
일석이조,1
바카,1
잡이,1
각전,1
미등,1
먹자골목,1
양점,1
일교차,1
사륜구동,1
제천,1
천지창조,1
여복,1
인발,1
애완견,1
배낭,1
당번,1
장시간,1
국사,1
드리,1
태웅,1
정모,1
복어,1
가인,1
당구,1
중사,1
산식,1
도쿄,1
결정체,1
물때,1
크레이,1
감치,1
커피콩,1
연구원,1
포스트,1
냉동고,1
록스,1
레인보우,1
나뭇잎,1
삼봉,1
작곡,1
바이럴,1
숙영지,1
초저녁,1
초절임,1
아이디어,1
다과,1
북엇국,1
단풍나무,1
애형,1
처척,1
버터크림,1
산광,1
폭주,1
수습,1
주황빛,1
역장,1
관념,1
캡슐,1
안과,1
왼발,1
일출봉,1
벨리,1
웃돈,1
행락,1
특자,1
국자,1
영국,1
수료증,1
속옷,1
마누라,1
지점장,1
한승민,1
업로드,1
최인,1
신문,1
산위,1
포터,1
고인,1
신한은행,1
세입,1
나약,1
번성,1
한약재,1
요만큼,1
두릅나무,1
장모,1
청록색,1
프루프,1
이듭,1
제재,1
연하,1
도난,1
과자점,1
한승준,1
가계,1
가리,1
깜깜무소식,1
판단,1
심비,1
헌금,1
충만,1
약국,1
동태,1
임연수,1
노숙,1
징어,1
두유,1
잭슨,1
관건,1
대처,1
영역,1
여명,1
넙치,1
라칸,1
솔드,1
꼬부기,1
자식,1
낱낱,1
메가,1
꽃밭,1
의도,1
신규,1
라가,1
파트너,1
두릅,1
앞바퀴,1
낙성식,1
목탁,1
인식,1
솔루션,1
마중,1
돌돔,1
장화,1
고로케,1
카카오톡,1
천창,1
초특급,1
배꼽시계,1
번역,1
김민재,1
호두,1
사방,1
주조,1
장미,1
송강호,1
사제,1
문항,1
나리꽃,1
러쉬,1
법전,1
월포,1
일회용,1
단천,1
연설,1
자기소개,1
하행,1
방송국,1
직감,1
아흔,1
학문,1
좌우명,1
캘리 ,1
민음사,1
나우,1
성년,1
멸치잡이,1
청기와,1
종탑,1
러버,1
취사대,1
주근깨,1
해발,1
농가,1
소속,1
멀미,1
양모,1
포리,1
텐디,1
주차료,1
산길,1
검둥이,1
명부,1
카라멜,1
시그널,1
향토,1
개선,1
촌마을,1
눈시울,1
한대용,1
적막감,1
여선생,1
관람객,1
바이칼,1
석기,1
해양수산부,1
이난,1
별루,1
승선표,1
가진항,1
봄노래,1
장수,1
고소공포증,1
배출,1
휴무일,1
김치냉장고,1
인도네시아어,1
광선,1
야유,1
월매,1
업소,1
손짓,1
남순동자,1
재팬,1
삼성동,1
치곤,1
사골,1
해밀,1
굿모닝,1
조린,1
효도,1
협력,1
이형근,1
두통,1
조감도,1
하하,1
조헨,1
목금,1
자장가,1
소녀,1
이어,1
탄생,1
레카,1
위장,1
공예,1
응모,1
공략,1
롯데호텔,1
탑스,1
가진리,1
흥업,1
하네스,1
샤시,1
신선,1
바만,1
기프트,1
누들,1
검정,1
날아라,1
천명,1
노령,1
길행,1
큐브,1
원정,1
블랜드,1
수박,1
기타리스트,1
수북,1
호빵,1
조석,1
영월,1
집사,1
골든,1
배구대,1
직선,1
수칙,1
소비자,1
집행,1
소다,1
남대,1
원천,1
대장정,1
변공,1
박할,1
헤어드라이어,1
선봉,1
아몬,1
발가락,1
몽환,1
최영호,1
치나,1
냉수대,1
미투,1
세트라,1
접속,1
꽃다발,1
백두,1
주무,1
약골,1
아린,1
단짝,1
유리컵,1
홍홍,1
중개,1
워라,1
사단,1
긴말,1
성연,1
상식,1
연령,1
인산인해,1
걸리,1
연실,1
기후,1
회전,1
요정,1
안식처,1
계피,1
미성,1
가람,1
농기계,1
걸요,1
의기투합,1
산봉,1
쇠로,1
가동,1
프론티어,1
우분,1
마카오,1
올께,1
부인,1
콤비,1
알파카,1
킬링,1
유행,1
지화자,1
샌들,1
강자,1
장보고,1
생맥,1
흑곰,1
허용,1
김양,1
박홍순,1
성게,1
물풍,1
이향,1
피하,1
슈가맨,1
냉탕,1
소셜,1
살찌,1
이용한,1
교회,1
어두움,1
국립중앙과학관,1
가랑비,1
김영종,1
음악회,1
정형,1
수대,1
추정리,1
청솔모,1
밤무대,1
애완,1
융이,1
응신,1
이끼,1
지락,1
성품,1
석도,1
부엌,1
밀가루,1
김흥도,1
러시아식,1
박아,1
총회,1
발고락,1
이얌,1
식곤증,1
교감,1
병자호란,1
눈발,1
돌출,1
욕장,1
장산리,1
보이스,1
하수구,1
레이더스,1
가두리,1
위기,1
잔디,1
부공,1
물소리,1
자막,1
니모,1
주한,1
선예도,1
비장,1
여직,1
칠층석탑,1
동거리,1
저층,1
재질,1
보쌈김치,1
방배동,1
설명도,1
언젠가,1
명관,1
상운,1
나기사,1
다요,1
가네,1
트래킹,1
제명,1
넘버,1
중랑천,1
대목,1
현황,1
낙성대,1
실법,1
전담,1
파도타기,1
열거,1
앞자리,1
답서,1
타코,1
황가,1
삼계탕,1
가브리엘,1
요전,1
목숨,1
물줄기,1
제정,1
저분,1
황어,1
파스텔,1
세상일,1
동자,1
관광버스,1
아이러니,1
연유,1
날개벽,1
마이클,1
중심가,1
자름,1
미스터,1
순정,1
귀국,1
따름,1
성현아,1
피켓,1
시비,1
마크,1
잡어,1
앙토,1
불향,1
비계,1
공현진,1
입소,1
녹화,1
옆방,1
전남,1
제시,1
물아일체,1
