word,counted
바다,258
여행,243
비치,220
낚시,208
맛집,207
물회,193
수산,191
체험,188
손양면,187
횟집,166
요트,161
속초,147
가족,146
가자미,146
전화,143
동해,141
추천,130
하나,128
아이,127
근처,120
마을,113
지도,112
유명,111
거리,109
동해안,105
가격,104
가능,104
배낚시,103
여름,101
날씨,96
모습,96
낙산,96
상세,95
처음,94
항구,94
저희,91
어촌,91
조개,89
준비,89
해수욕장,88
방파제,87
음식,86
해변,85
수산리,85
친구,83
문어,83
국물,83
예약,82
서울,80
투명,79
기본,79
카누,77
느낌,77
마리,77
방문,77
바람,76
선상,76
자리,76
식사,74
오후,74
장소,73
점심,73
반찬,73
식당,73
바다낚시,73
추억,72
마리나,72
이용,70
주말,70
주변,70
낙산사,69
구경,68
솔비,67
최고,67
운영,67
밑반찬,66
파도,65
고기,65
자연산,65
리조트,64
복전,64
세꼬,64
출발,64
매운탕,64
어디,62
강릉,62
사장,61
안녕,61
검색,61
마음,59
관심,58
오전,57
안전,57
추가,56
마지막,56
기대,56
공기,56
요즘,55
가지,55
코스,55
개인,54
다양,54
참고,53
입구,53
생선,53
테이블,53
하조대,52
플레이스,52
정박,52
포스팅,52
오징어,52
이름,52
승선,52
해산물,52
숙소,52
걱정,51
대박,51
지역,51
기분,51
바닷가,51
사이,51
포인트,51
다래,50
고민,50
보트,50
어선,49
뭔가,48
연인,48
하루,48
전문,48
아래,48
만족,48
강원,47
소개,47
인근,46
이동,46
풍경,45
가을,45
메뉴판,45
사랑,44
하늘,44
물고기,44
그릇,44
저장,44
초보,43
팝업,43
자연,43
한잔,43
폴더,43
칼국수,42
대표,42
미끼,42
사용,42
단체,42
엄마,42
필요,42
서핑,41
중간,41
무료,41
회도,41
동호,41
안쪽,41
인기,40
전망대,40
복국,40
손님,39
주차장,39
여유,39
예전,39
이게,39
펜션,39
동안,39
우럭,39
해녀,38
휴가,38
문어빵,38
등대,38
새우,37
재미,37
산책,37
주차,37
활어,37
요리,37
이거,37
설악산,37
재료,36
누구,36
소리,36
완전,36
먹거리,36
새벽,36
부추,36
시장,36
손맛,36
이건,36
행복,36
계획,36
영진,36
분위기,35
비누,35
선택,35
볼거리,35
얼마,35
이것,35
가게,35
모듬,35
구이,35
친절,35
입맛,35
오랜만,34
자미,34
여행지,34
진호,34
축제,34
낙산항,33
시설,33
동네,33
멍게,33
감사,33
전복,33
만큼,32
캠핑,32
겨울,32
이유,32
소면,32
안내,32
동호리,32
무엇,32
야채,32
등등,32
광어,32
타임,32
바위,31
수요일,31
해장,31
포장,31
여름휴가,31
커피,31
기억,31
사리,31
후기,31
영업,31
선장,31
내부,31
문의,31
마무리,30
해양,30
보통,30
호텔,30
특별,30
필수,30
복무,30
대명,30
이야기,30
나중,30
나름,30
남애항,29
토종,29
관광객,29
하우스,29
프로그램,29
블로그,28
홍합,28
발견,28
출조,28
건지,28
크기,28
손질,28
해초,28
공간,28
양양가,28
건물,28
관광,27
골든,27
확인,27
소주,27
비교,27
어항,27
어른,27
아들,27
식감,27
미역,27
휴무,27
전문점,27
도로,27
피싱,26
각종,26
고속도로,26
중요,26
대포항,26
주소,26
대구,26
일출,26
일반,26
참가자미,26
강추,26
작년,26
아빠,26
앞바다,26
요금,26
서비스,26
육수,25
일요일,25
오토캠핑,25
매력,25
오산,25
최대,25
힐링,25
행사,25
네이버,25
경험,25
여러분,25
봉수대,25
종류,25
생활,24
미역국,24
부부,24
방법,24
성게,24
바닥,24
전경,24
제공,24
해삼,24
진행,24
자체,24
정보,24
본격,24
화장실,24
평일,24
커플,24
사유,24
결정,24
양념,23
영상,23
일정,23
거기,23
조사,23
채비,23
물치항,23
여성,23
클럽,23
운전,23
말씀,23
지금,23
사이즈,23
브레이크,22
튀김,22
설명,22
숙박,22
인분,22
한참,22
조황,22
조금,22
최신,22
모양,22
구름,22
주인,22
언제,22
내항,22
대첩,22
포함,22
부분,22
김치,22
방송,22
오른쪽,22
비주얼,21
일품,21
오픈,21
그때,21
얼굴,21
레저,21
무침,21
국수,21
고등어,21
위험,21
물총,21
나라,21
휴게소,21
결국,21
전국,21
소라,20
걸로,20
라면,20
경우,20
상태,20
녀석,20
출항,20
제철,20
입질,20
국내,20
방향,20
설치,20
사실,20
이국,20
상황,20
텐데,20
장비,20
연어,20
기회,20
고고,20
남자,20
전날,20
대한민국,20
모임,20
남편,19
고향,19
횟대,19
시즌,19
이후,19
이색,19
비용,19
등장,19
맥주,19
이선장,19
편의점,19
접시,19
편안,19
야외,19
판매,19
구입,19
혼자,19
한식,19
대부분,18
규모,18
여긴,18
감상,18
카페,18
초장,18
모두,18
센터,18
정리,18
구명조끼,18
바닷물,18
그림,18
순간,18
바늘,18
회로,18
우린,18
문제,18
휴가지,18
언니,18
주문진,18
지정,18
그것,18
멸치,17
이제,17
통발,17
현지,17
대기,17
소원,17
바지락,17
실망,17
한눈,17
서해,17
휴가철,17
시도,17
소나무,17
골뱅이,17
그곳,17
주세요,17
인원,17
인증,17
영자,17
간판,17
덕분,17
수무,17
씨알,17
명소,17
대여,17
남녀노소,17
철수,17
대신,17
예정,17
일행,17
옛날,16
바닷바람,16
여기저기,16
지인,16
왼쪽,16
이웃,16
전망,16
저기,16
가루,16
조심,16
즐거움,16
단위,16
건강,16
당일,16
조림,16
더위,16
사고,16
젓갈,16
평소,16
솔밭,16
계절,16
작업,16
수족관,16
이것저것,16
연락,16
현장,16
선사,15
외항,15
죽도,15
피곤,15
꿀맛,15
주민,15
얘기,15
전진,15
송이,15
번호,15
결과,15
관광지,15
기념,15
소스,15
동생,15
도루묵,15
아쉬움,15
후회,15
상대,15
쥬얼,15
다행,15
먹방,15
답니다,15
목적지,15
오산리,15
음식점,15
국가,15
별미,15
투어,15
카약,15
고속도,14
포기,14
볶음,14
겁니다,14
동시,14
공사,14
갈매기,14
가요,14
부족,14
캠프촌,14
개통,14
어부,14
여자,14
직원,14
어린이,14
유일,14
요건,14
건데,14
대로,14
체크인,14
대회,14
공원,14
해물,14
부모,14
아저씨,14
둘째,14
박물관,14
인승,14
고추장,14
촬영,14
머리,14
버섯,14
해맞이,14
완성,14
수제비,14
회덮밥,14
조성,14
픽업,14
어르신,14
자랑,14
발길,13
속도,13
옥수수,13
휴식,13
연결,13
회사,13
회집,13
일기,13
부탁,13
시대,13
아기,13
요거,13
미안,13
다리,13
경력,13
영양,13
경치,13
고추,13
흥미,13
의자,13
정상,13
스노클링,13
불편,13
간장,13
마련,13
외옹치항,13
목적,13
리필,13
냄새,13
와이프,13
닭강정,13
밥상,13
예상,13
군데,13
소요,13
어종,13
한쪽,13
횟감,13
역시,13
성수기,13
기간,13
북쪽,13
조과,13
마트,13
워크,13
첫날,13
토요일,13
자기,13
전이,12
레포츠,12
인상,12
햇살,12
밀가루,12
흡입,12
우왕,12
테트라,12
두께,12
정신,12
포구,12
버스,12
막국수,12
첫째,12
원래,12
무리,12
포토,12
만점,12
화요일,12
시골,12
생수,12
건가,12
고요,12
요청,12
전통,12
고생,12
식구,12
나이,12
마감,12
텐트,12
활동,12
햇빛,12
노래,12
남대천,12
꽁치,12
고성,12
연휴,12
인생,12
계류장,12
조화,12
어제,12
이때,12
기술,12
국도,12
바닷속,12
운동,12
채취,12
취향,12
주방,12
양식,12
생태,12
삼치,12
감탄,12
메탈,12
아주머니,12
내음,12
계속,12
도전,12
파티,12
해안,12
젓가락,12
대게,11
동영상,11
세상,11
나무,11
금요일,11
해결,11
인구,11
이걸,11
변경,11
보드,11
회원,11
관계,11
노력,11
자극,11
한국,11
전부,11
불가사리,11
할인,11
오징어순대,11
대형,11
아내,11
차이,11
한입,11
원투,11
인사,11
실내,11
전체,11
차량,11
속초시,11
계단,11
새끼,11
월요일,11
택시,11
뭔지,11
신랑,11
복물,11
선물,11
오빠,11
외관,11
이모,11
쉼터,11
약속,11
기록,11
스타일,11
진심,11
동산항,11
서피,11
학교,11
관리,11
남쪽,11
배경,11
수상,11
선착장,11
계곡,11
안심,11
교육,11
지그,11
요기,11
신청,11
인정,10
치즈,10
조갯살,10
수준,10
좌측,10
도시,10
구성,10
아이스박스,10
태풍,10
음료수,10
개최,10
좌식,10
종일,10
평화,10
다섯,10
인구항,10
회랑,10
기사문항,10
이전,10
신경,10
의미,10
낚시터,10
이쪽,10
어초,10
감칠맛,10
터널,10
전용,10
공항,10
시내,10
태양,10
누가,10
당일치기,10
라인,10
인용,10
정비,10
복어,10
로드,10
인테리어,10
번지,10
출연,10
어딜,10
네비,10
모래,10
은근,10
두꺼비,10
아무것,10
비빔밥,10
마늘,10
지방,10
바퀴,10
조개탕,10
국수사리,10
사전,10
오색,10
메인,10
전동,10
치배,10
웨이팅,10
지난번,10
카드,10
요것,10
동쪽,10
기름,10
최선,10
그건,10
그동안,10
참가,10
가량,9
도다리,9
영화,9
저흰,9
샤워,9
조선,9
인천,9
성공,9
앞쪽,9
피로,9
엑스,9
아버지,9
프로,9
예술,9
초밥,9
다시,9
역사,9
개방,9
현북면,9
얼음,9
식혜,9
세트,9
포즈,9
캐스팅,9
내년,9
내용,9
소문,9
무늬,9
멀미,9
휴무일,9
수심,9
황어,9
섭이,9
출처,9
금지,9
정말,9
설악,9
덩어리,9
난리,9
링크,9
카메라,9
주일,9
휴양지,9
숟가락,9
박스,9
상상,9
고급,9
가운데,9
소진,9
부산,9
갈만,9
구역,9
포트,9
적극,9
놀이,9
환상,9
풍광,9
환영,9
육지,9
그날,9
특징,9
정식,9
선생,9
자유,9
자신,9
기능,9
취미,9
안정,9
생명,9
도구,9
특유,9
어묵,9
주관,9
당황,9
포호,9
신발,9
우미,9
부담,8
노을,8
음료,8
간식,8
정원,8
껍질,8
루어,8
음악,8
배달,8
군사,8
호수,8
저번,8
윤기,8
바베큐,8
신휴,8
한창,8
유지,8
해장국,8
상당,8
그게,8
노후,8
발전,8
구매,8
아점,8
세일,8
진짜,8
미터,8
막걸리,8
외부,8
집중,8
감자,8
수면,8
패스,8
곳곳,8
치킨,8
기타,8
마린,8
단어,8
식목일,8
계란,8
센스,8
역할,8
우리나라,8
아우,8
게스트,8
스타,8
반죽,8
상담,8
조합,8
문화,8
고장,8
해변가,8
인터넷,8
장사,8
운치,8
에어컨,8
시절,8
나들이,8
시기,8
스포츠,8
해양경찰,8
데이트,8
기자,8
장난,8
베이스,8
강현면,8
미세먼지,8
탑승,8
며칠,8
성비,8
가슴,8
회의,8
찌낚시,8
등산,8
순대,8
고속,8
전복죽,8
복요리,8
만끽,8
폭풍,8
드라이브,8
어촌계,8
휴휴,8
이해,8
안주,8
터미널,8
완공,8
속초항,8
접근,7
예보,7
정자,7
용품,7
안배,7
성인,7
수리,7
길가,7
된장,7
미니,7
국제공항,7
베스트,7
갯바위,7
순식간,7
소식,7
진입,7
기사,7
경제,7
수용,7
국과,7
낚싯대,7
셀프,7
살얼음,7
형태,7
제일,7
전갱이,7
오이,7
과거,7
래미,7
계산,7
금액,7
차례,7
여름철,7
어머니,7
보이,7
유래,7
협회,7
항인,7
분주,7
진항,7
상차림,7
산회,7
외국,7
손가락,7
엔진,7
묘미,7
대비,7
거점,7
핑장,7
만족도,7
위주,7
핸드폰,7
춘천,7
기대감,7
무한,7
전형,7
상추,7
일상,7
한상,7
요트항,7
동반,7
침대,7
믿음,7
실패,7
사정,7
양파,7
계류,7
매주,7
양양읍,7
양식장,7
구분,7
회가,7
튜브,7
불가,7
부침개,7
서해안,7
수산물,7
차원,7
우측,7
저거,7
약간,7
응원,7
가시,7
건조,7
동명항,7
강습,7
미래,7
여행객,7
홈페이지,7
물놀이,7
식후,7
삼겹살,7
노래미,7
야유회,7
금강산,7
도치,7
불빛,7
강아지,7
냄비,7
해파,7
수도,7
뚝배기,7
안성맞춤,7
한때,7
모둠,7
편리,7
스페셜,7
완벽,7
사업,7
연날리기,7
장면,7
가구,7
생물,7
객실,7
오션,7
영동,7
형상,7
하광정리,7
누룽지,7
고양이,7
고대,7
한옥,7
먼지,7
무시,7
학생,7
음주,7
통구이,7
정박장,7
홍천,6
사계절,6
샐러드,6
선호,6
인간,6
사항,6
너머,6
주저,6
광고,6
정취,6
목표,6
주인장,6
맞은편,6
기존,6
역쉬,6
부스,6
연출,6
휴양림,6
그물,6
데크,6
각자,6
당신,6
한숨,6
어구,6
입장,6
입안,6
최소,6
스쿠버,6
진리,6
열정,6
잔해,6
반대편,6
해안가,6
수영,6
햄버거,6
국을,6
식품,6
일부,6
취소,6
즉석,6
밥도둑,6
구간,6
주제,6
청정,6
내장,6
주위,6
어업,6
희망,6
오랫만,6
수고,6
실시,6
대상,6
보관,6
골목,6
이젠,6
쓰레기,6
오뎅,6
개발,6
장국,6
쌈장,6
방생,6
이성우,6
초입,6
소규모,6
무더위,6
가정집,6
클리어,6
절경,6
경포대,6
중심,6
꼬마,6
바깥,6
해루,6
코앞,6
연안,6
양면,6
냉장고,6
건너편,6
밥집,6
수조,6
제주도,6
숭어,6
구독,6
개월,6
경관,6
효능,6
테라스,6
전설,6
아이스,6
뉴스,6
가자미회,6
좌석,6
무게,6
공감,6
절벽,6
게임,6
세팅,6
방학,6
변화,6
황태,6
편의,6
파라솔,6
군부대,6
준비물,6
애기,6
스팟,6
약문,6
장사항,6
지점,6
천국,6
조개류,6
단맛,6
할머니,6
머구리,6
팽이버섯,6
평상시,6
제격,6
길거리,6
즈음,6
퇴근,6
사발,6
현남면,6
영향,6
서퍼,6
꽃새우,6
부두,6
어린아이,6
공짜,6
현지인,6
효과,6
수온,6
컨디션,6
새꼬,6
낭만,6
표시,6
가치,6
소자,6
주문진항,6
화질,6
만석,6
계령,6
착용,6
탐색,6
임연수,6
대물,6
눈치,6
일종,6
모델링,6
숯불,6
운행,6
군청,6
완료,6
뒤쪽,6
신호,5
개조,5
블로거,5
인치,5
해먹,5
폭발,5
등록,5
자료,5
지불,5
여럿,5
정착,5
관찰,5
이분,5
봉수,5
미소,5
지기,5
초고추장,5
밑밥,5
주심,5
주말여행,5
암자,5
그늘,5
시각,5
연락처,5
그늘막,5
기약,5
통과,5
단풍,5
선착순,5
소화,5
대관령,5
조건,5
방지,5
최애,5
선정,5
아무,5
저것,5
해수욕,5
누군가,5
전면,5
사찰,5
멋쟁이,5
해상,5
모자,5
구석구석,5
감성돔,5
의사,5
특이,5
안내판,5
제도,5
달고나,5
순두부,5
면적,5
고래,5
제정,5
김선장,5
지중해,5
폭염,5
솜씨,5
명단,5
볼품,5
양해,5
구조,5
스테이,5
선수,5
전문가,5
마찬가지,5
기쁨,5
장칼,5
그쪽,5
레져,5
대접,5
농어,5
비추,5
다시마,5
송이버섯,5
유적지,5
홍게,5
횃불,5
대파,5
분여,5
호불호,5
과정,5
송해,5
나머지,5
연장,5
성격,5
에어,5
소형,5
국립,5
작성,5
대교,5
갯지렁이,5
와중,5
정확,5
겨울철,5
상호,5
불안,5
폴링,5
냉동실,5
대청봉,5
연예인,5
후배,5
부침,5
무렵,5
지리,5
물놀,5
표현,5
명칭,5
선선,5
메밀전,5
마니아,5
조리,5
국밥,5
바가지,5
동산,5
제주,5
하룻밤,5
가까이,5
남성,5
경사,5
낚시채비,5
종료,5
물색,5
색깔,5
댓글,5
전달,5
고소,5
입장료,5
피자,5
고고씽,5
랜딩,5
단호박,5
방식,5
눈앞,5
풍요,5
양푼,5
서빙,5
지난주,5
조업,5
유적,5
항입구,5
가평,5
여행기,5
복만,5
체크,5
일원,5
참기름,5
채널,5
득템,5
미세,5
피부,5
연기,5
티비,5
낚시인,5
인접,5
시야,5
설해,5
챔질,5
휴양,5
홍보,5
창문,5
텐데요,5
순위,5
마릿수,5
식탁,5
내외,5
종합,5
사인,5
복도,5
중앙,5
잠시,5
미시령,5
초점,5
창밖,5
발걸음,5
화면,5
동료,5
비밀,5
잠자리,5
지원,5
날짜,5
다이,5
수령,5
집들이,5
상시,5
공유,5
명태,5
주인공,5
매장,5
소유,5
수영장,5
평가,5
통신,5
해수,5
과자,5
도시락,5
아바이,5
경기,5
반대,5
사촌,5
조각상,5
스카이,5
선명,5
체크아웃,5
도움,5
연계,5
고려,5
민들조개,5
주요,5
양의,5
항내,5
인심,5
공략,5
메밀국수,4
석축,4
전반,4
이불,4
복장,4
허락,4
육상,4
오잉,4
육성,4
단계,4
별도,4
개장,4
출발지,4
카톡,4
봉졸,4
출동,4
노트,4
아래쪽,4
투숙객,4
리어,4
단골,4
소득,4
코시,4
요게,4
길목,4
대쪽,4
오버,4
착각,4
인연,4
슬로프,4
산책로,4
회식,4
분리,4
코로나,4
추진,4
옥상,4
사과,4
활성,4
목장,4
정박지,4
타이밍,4
어망,4
꼬리,4
단점,4
출근,4
신나,4
휴게,4
패들링,4
단배,4
스파,4
군침,4
쪽빛,4
도정,4
표정,4
골프,4
저쪽,4
복이,4
피쉬,4
멀미약,4
조각,4
스타트,4
작전,4
헤드,4
상단,4
초반,4
송어,4
여건,4
실감,4
걸까,4
성화,4
듯이,4
월척,4
함정,4
지마,4
참여,4
조아,4
델피노,4
임금,4
해외,4
소로,4
사투리,4
셀카,4
행기,4
광장,4
우산,4
해송,4
버터,4
정감,4
후킹,4
가정,4
지경,4
안목,4
유럽,4
보유,4
프라이빗,4
리더,4
에메랄드,4
상징,4
뿌리,4
딩기,4
설정,4
순서,4
장어,4
셋째,4
오산항,4
시마노,4
위장,4
어깨,4
호배,4
온천,4
렌즈,4
투하,4
처지,4
파란색,4
국민,4
광경,4
이리,4
빈티지,4
기계,4
수압,4
마당,4
회전율,4
장터,4
벤치,4
광어회,4
건미역,4
합사,4
이미지,4
와인,4
조식,4
닭새우,4
마니,4
옆쪽,4
장용,4
아이폰,4
국자,4
라이트,4
활용,4
중자,4
햇볕,4
강태공,4
물때,4
삼매경,4
칼디,4
해감,4
게딱지,4
간만,4
이듬해,4
바보,4
물싸움,4
수정,4
쇼크,4
채소,4
편집,4
콩나물,4
기도,4
둔치,4
야경,4
돼지,4
방문객,4
파악,4
해돋이,4
손바닥,4
관람,4
전어,4
리뷰,4
백김치,4
세계,4
망상,4
수평선,4
퀄리티,4
실제,4
복귀,4
졸음,4
미술관,4
비타민,4
방면,4
해조류,4
수확,4
가격대,4
담날,4
석양,4
선박,4
물치,4
칭찬,4
자세,4
갈비,4
식전,4
운항,4
조대,4
봉화대,4
카라반,4
차지,4
부근,4
요령,4
이정표,4
강문,4
정암,4
가리비,4
나물,4
순환,4
서프,4
입식,4
위생,4
매매,4
한산,4
파제,4
메밀,4
합류,4
다운,4
휴가시,4
해풍,4
항해,4
하조,4
절반,4
그중,4
행사장,4
센타,4
군인,4
거실,4
노하우,4
한방,4
히트,4
지렁이,4
전시,4
하륜,4
어물,4
벽면,4
별거,4
개국,4
학꽁치,4
어머님,4
줄기,4
반응,4
주최,4
불금,4
내일,4
비수기,4
견과,4
공신,4
실력,4
동계,4
그거,4
버거,4
신선,4
한강,4
직전,4
열무김치,4
지식,4
씨앗,4
유튜브,4
대진항,4
확충,4
천장,4
쿠키,4
고패,4
이사,4
모델,4
수제,4
너울,4
땡볕,4
북방,4
보고,4
꼬맹이,4
환경,4
내용물,4
기상,4
기암괴석,4
구멍,4
클릭,4
구석,4
참석,4
자전거,4
생일,4
극성,4
관음상,4
구비,4
소닉,4
조명,4
부표,4
국경,4
이곳저곳,4
조항,4
흔적,4
백사장,4
가본,4
봉포,4
입소문,4
두부,4
사모님,4
들꽃,4
조행,4
공연,4
복치,4
쇼핑,4
조형물,4
와사비,4
정답,4
명함,4
궁합,4
공깃밥,4
조망,4
그걸,4
기념일,4
장점,4
제외,4
도미,4
하트,4
인초,4
댕댕이,4
행운,4
쿨링,4
자원,4
토지,4
꿀잠,4
롯데,4
고집,4
문자,4
다면,4
회장,4
까스,4
세종,4
양도,4
의외,4
한편,4
미회,4
조류,4
의문,4
토속,4
슬로우,4
초등,4
해물탕,4
본부,4
과장,4
분경,4
향기,4
특색,4
일전,4
컨셉,4
기원,4
대선,4
사급,4
육개장,3
직후,3
착석,3
산길,3
존재,3
국제,3
천혜,3
예산,3
비빔,3
모형,3
후면,3
컵라면,3
숙회,3
코너,3
전분,3
강릉시,3
정성,3
접수,3
추위,3
정직,3
남양주,3
반려,3
호박,3
언덕,3
손길,3
모래사장,3
한수,3
한마디,3
바운스,3
땅크,3
오원,3
주의,3
밤낚시,3
통제,3
수다,3
연중무휴,3
우장,3
양쪽,3
미역무침,3
새해,3
세이,3
설계,3
목소리,3
견인,3
정화,3
심정,3
신분증,3
수육,3
장식,3
보장,3
파랑,3
정기,3
조기,3
시중,3
대해,3
일몰,3
엄두,3
이틀,3
점수,3
미네랄,3
최강,3
해피,3
강릉항,3
최종,3
블로우,3
시간대,3
수단,3
반주,3
탁트인,3
水山,3
통째,3
엄지,3
풍미,3
해리,3
구여,3
광진,3
빨강,3
대구횟대,3
아웃,3
사회,3
합격,3
정류장,3
출현,3
젓갈류,3
껍데기,3
철조망,3
신축,3
인제,3
배려,3
자차,3
볼락,3
경비,3
남애,3
남방,3
평균,3
김밥,3
편도,3
모기,3
예의,3
산란,3
외국인,3
발바닥,3
스노,3
자청,3
인스턴트,3
추어탕,3
연습,3
발생,3
우랑,3
공수전,3
건더기,3
연중,3
서쪽,3
질색,3
콜택시,3
막장,3
향토음식,3
둘레길,3
고속버스,3
사무소,3
홍련,3
피타,3
만약,3
최적,3
배추김치,3
생강,3
지느러미,3
정면,3
오세용,3
상대사,3
지갑,3
동양,3
해경,3
옥수,3
지요,3
보람,3
뒷산,3
의지,3
대세,3
형성,3
물질,3
놀이터,3
무릎,3
슬기,3
지라,3
판단,3
사이트,3
주머니,3
빌라,3
뭘까,3
황금,3
드립,3
연속,3
매화,3
장뇌삼,3
탐방,3
투척,3
밤바다,3
물장구,3
교통,3
행렬,3
딸아이,3
경영,3
망망대해,3
스피드,3
우초,3
주간,3
매표소,3
밧줄,3
당시,3
지속,3
서식,3
오염,3
부처,3
병조,3
청초,3
크림,3
투표,3
남해,3
후원,3
세척,3
아가,3
특급,3
다이어트,3
북면,3
대가리,3
수영복,3
주도,3
장아찌,3
군요,3
동화,3
지하,3
가자미식해,3
애정,3
기온,3
건설,3
양보,3
딸래미,3
약국,3
조절,3
내린천,3
적합,3
보물,3
배속,3
오장,3
일대,3
서리,3
막둥이,3
장착,3
수록,3
감기,3
고성군,3
해무,3
복원,3
쟈르,3
시청,3
타입,3
남애리,3
영진항,3
달고,3
본점,3
해뜨기,3
라팔,3
베이트,3
참맛,3
캔커피,3
사업비,3
피클,3
물결,3
어딘지,3
깍두기,3
참새,3
장맛,3
사냥,3
다이빙,3
아카데미,3
임시,3
코다리,3
회복,3
간격,3
식용,3
렌지,3
단돈,3
매운맛,3
볶음밥,3
비닐,3
대왕,3
파전,3
현산,3
정적,3
행동,3
신발장,3
돌파,3
저리,3
용기,3
실수,3
김진하,3
깜놀,3
조회,3
여섯,3
업로드,3
안중,3
통일전망대,3
초대,3
원조,3
이하,3
라떼,3
부위,3
동호회,3
고구마튀김,3
명당,3
추전,3
반납,3
장만,3
욕심,3
공휴일,3
부동산,3
평창,3
인명,3
담당,3
구조선,3
파워,3
접안,3
그루,3
문구,3
백합,3
요금표,3
장떡,3
관계자,3
대나무,3
한계,3
혜자,3
근교,3
아나고,3
동행,3
돼지고기,3
약수,3
애초,3
신난,3
밤새,3
자태,3
아버님,3
냉동,3
이벤트,3
대답,3
생김새,3
누적,3
유명세,3
마리나로,3
무지개,3
걷기,3
택배,3
총평,3
비린내,3
구용,3
상추쌈,3
원도,3
루호,3
각지,3
양송이,3
기운,3
기종,3
스트레스,3
흥분,3
아이스크림,3
끼니,3
깻잎,3
유료,3
화재,3
분과,3
침샘,3
유동,3
헌장,3
디자인,3
수입,3
봄날,3
황폐,3
도보,3
톨게이트,3
끝장,3
연관,3
조립,3
배부,3
봉화,3
지대,3
유익,3
청소,3
기사문,3
색감,3
게장,3
일자,3
요새,3
명절,3
오리,3
시물,3
해안도,3
크릴새우,3
바깥쪽,3
낮잠,3
감안,3
거주,3
신뢰,3
방바닥,3
초딩,3
간직,3
매일,3
구리,3
하얀색,3
식회,3
탐험,3
고구마,3
상품,3
영종도,3
작방,3
돌고래,3
건축물,3
조미료,3
학습,3
황금연휴,3
영광,3
시속,3
늦여름,3
캡쳐,3
이면수,3
온돌,3
아카시아,3
뒷모습,3
자자,3
하이라이트,3
낮술,3
소금,3
베이직,3
강사,3
제안,3
피딩,3
낚싯배,3
파래,3
예용,3
생략,3
대낚시,3
식해,3
참가자,3
엉망,3
동서,3
불만,3
산위,3
병마사,3
장애,3
단순,3
대구탕,3
출입,3
특산물,3
공인,3
바위틈,3
선단,3
산행,3
치열,3
바닷길,3
무대,3
개별,3
테스트,3
무튼,3
부실,3
파출소,3
강요,3
계기,3
파노라마,3
갈대숲,3
카봉,3
물빛,3
맛깔,3
체비,3
창고,3
기념비,3
도립,3
오심,3
각각,3
숲길,3
예방,3
아담,3
크리더,3
길이,3
얘길,3
조경,3
최우선,3
잠깐,3
직장,3
정동진,3
어치,3
부대시설,3
예사,3
핸드,3
천골,3
남친,3
육질,3
스케줄,3
질문,3
불안감,3
민간,3
대환영,3
스마트폰,3
브레드,3
지미,3
스릴감,3
고무,3
패밀리,3
문어숙회,3
발휘,3
반성,3
소재,3
배정,3
플랜,3
아메리카노,3
종목,3
형부,3
사우나,3
젊은이,3
봄철,3
보호,3
빛깔,3
경유,3
회한,3
입수,3
장호항,3
캠퍼,3
고기잡이,3
하선,3
의식,3
종주,3
냉면,3
표지판,3
시작점,3
인지,3
투숙,3
장날,3
종이,3
우수,3
시선,3
흔들바위,3
동치미,3
한계령,3
소음,3
무한리필,3
공포,3
폭우,3
러시아,3
정체,3
가위,3
방울,3
활력,3
한국관광공사,3
배추,3
경포,3
라이,3
허가,3
인도,3
흑미,3
카운터,3
말썽,3
곁가지,3
화이트,3
공장,3
워터,3
세월,3
숫자,3
위풍당당,3
사이다,3
고등,3
투입,3
해양수산부,3
심곡항,3
밥반찬,3
확보,3
아지매,3
메뉴인,3
하계,3
페이지,3
빨간색,3
감자떡,3
군수,3
교체,3
역활,3
주꾸미,3
가방,3
수요,3
바이킹,3
물양장,3
복문,3
통화,3
최악,3
신맛,2
매니저,2
건조기,2
새우깡,2
보험,2
가격표,2
시계,2
플라스틱,2
남녀,2
따님,2
반전,2
버튼,2
얼스,2
복조,2
한판,2
게요,2
영혼,2
포항,2
용객,2
실외,2
애호박,2
테러,2
사업소,2
스쿨,2
관음보살,2
회모,2
삼척항,2
여객선,2
와우,2
커피숍,2
커튼,2
추정,2
흡수,2
연간,2
강제,2
간식거리,2
형식,2
초록색,2
디테일,2
몸보신,2
고수,2
장정,2
유도,2
만남,2
최소한,2
언급,2
찬물,2
생산,2
전신,2
슈퍼마켓,2
능력,2
수채화,2
토핑,2
슬라이드,2
연수,2
슈트,2
두리,2
화살표,2
감성,2
마무,2
보강,2
청봉,2
수행,2
외출,2
무얼,2
밀집,2
암초,2
오륙도,2
샴푸,2
강남,2
봉포항,2
낙조,2
마켓,2
호화,2
도루,2
험객,2
요맘때,2
막대,2
강력,2
점퍼,2
드라이,2
집게,2
출입구,2
시름,2
보리,2
취급,2
단장,2
고사,2
바이브,2
민물,2
일렬,2
조카,2
현우,2
사건,2
교통비,2
양선,2
오징어무침,2
아드,2
뱃놀이,2
초소,2
요놈,2
최장,2
기행,2
루질,2
회지,2
활성도,2
경상도,2
가드,2
지형,2
빈손,2
지붕,2
뒷전,2
굴뚝,2
요람,2
우주,2
고무보트,2
신세계,2
상가,2
김치전,2
아침밥,2
직행,2
워시,2
부각,2
넝쿨,2
영국,2
이외,2
수학여행,2
변신,2
착수,2
우여곡절,2
수기,2
보수,2
약수터,2
경남,2
곱창,2
탈락,2
기업,2
튜닝,2
해담,2
메기,2
공터,2
수원,2
보세,2
첨부,2
친정,2
실과,2
승자,2
이론,2
페스티벌,2
최욱재,2
호비,2
하나하나,2
뒤편,2
미련,2
교육장,2
경쟁,2
대미,2
성분,2
탕거리,2
덩이,2
크레인,2
자루,2
진입로,2
차별,2
단오제,2
휴일,2
다비도프,2
동굴,2
테트라포드,2
삼척,2
용대리,2
주기,2
백과,2
시외버스,2
애국가,2
작동,2
피서객,2
만능,2
컨트롤,2
초록,2
카본,2
좌대,2
티타임,2
형제,2
장난감,2
동해시,2
갈비탕,2
군용,2
반복,2
구현,2
농협,2
트레,2
기세,2
레인,2
물가자미,2
덮밥,2
라임,2
난다,2
점심때,2
대체,2
콜라보,2
아지,2
프리마,2
잡지,2
기호,2
다슬기,2
침수,2
제복,2
포차,2
월드,2
초시,2
인파,2
겉보기,2
통로,2
반장,2
물건,2
도중,2
경주,2
일시,2
원터치,2
다이버,2
정유,2
두깨,2
말다,2
리트,2
보리멸,2
어로,2
게살,2
광정,2
원피스,2
탐기,2
일정표,2
원고,2
황룡,2
홍합탕,2
메밀꽃,2
대책,2
수영도,2
비바람,2
센티,2
전환,2
아찌,2
가을철,2
초항,2
지난달,2
부니,2
천연,2
흐름,2
본연,2
현상,2
어달항,2
누계,2
고추장찌개,2
요란,2
중국,2
독특,2
경매,2
지처,2
최저,2
급변,2
각광,2
시점,2
건축,2
자동차,2
온도,2
감동,2
증가,2
목줄,2
리라,2
먹구름,2
보라색,2
산업,2
노을빛,2
모드,2
하천,2
성황당,2
미만,2
이슬,2
이놈,2
제사,2
오예,2
가이드,2
물위,2
점검,2
남짓,2
트럭,2
우렁쉥이,2
군역,2
끝물,2
거짓,2
토대,2
장인어른,2
지용,2
송림,2
북측,2
설탕,2
기구,2
선체,2
후식,2
파마,2
성질,2
패킹,2
교동,2
수치,2
봉군,2
선풍기,2
누드,2
노지,2
월경,2
진가,2
어죽,2
감소,2
학년,2
할아버지,2
선조,2
더블,2
방류,2
방어,2
박장,2
째보,2
농원,2
도장,2
가보세요,2
메이트,2
남문,2
전골,2
사방,2
현실,2
독가시치,2
배송,2
발가락,2
수트,2
김장회,2
손놀림,2
밭길,2
추석,2
운전대,2
페인팅,2
타이틀,2
신성,2
타운,2
해오름,2
사조,2
예민,2
자제,2
여행자,2
비경,2
수분,2
고지혈증,2
서방,2
별실,2
극찬,2
속풀이,2
유쾌,2
미녀,2
곤란,2
학원,2
해군,2
달구지,2
갈림길,2
피해,2
백미,2
샤브샤브,2
집안,2
갖가지,2
뒷길,2
순수,2
카피,2
대용,2
언론,2
휴대폰,2
여인,2
체결,2
용왕,2
지상,2
흰색,2
전기,2
국보,2
통행료,2
유혹,2
애구,2
고명,2
귀항,2
석화,2
태열,2
집구,2
고유,2
발사,2
정막,2
로망,2
정치망,2
쥬스,2
저걸,2
뱃살,2
당장,2
내요,2
정부,2
선거,2
남대,2
쿠폰,2
매표,2
유기농,2
사물,2
기암절벽,2
아일랜드,2
이용료,2
업인,2
읍내,2
남매,2
확장,2
도요,2
촛불,2
벚꽃,2
인항,2
귀가,2
조황기,2
족족,2
조개껍질,2
모래밭,2
오메가,2
노인,2
마루,2
문화제,2
주식,2
표지,2
관음,2
틸러,2
방음,2
핸들,2
캠프,2
개요,2
주전골,2
열중,2
모닝,2
어마,2
짜증,2
돛대,2
라디오,2
세대,2
암반,2
의상대,2
사무실,2
대로변,2
구별,2
너희,2
청결,2
낙지,2
대사,2
두루치기,2
섭죽,2
발언,2
족발,2
웃음,2
아미,2
대지,2
처제,2
어딘가,2
경내,2
순조,2
룰루,2
카스,2
체전,2
한덩,2
품절,2
리조,2
양배추,2
재정,2
액티비티,2
부자,2
선글라스,2
레몬,2
저지방,2
꽃게,2
위로,2
마력,2
서면,2
다코,2
정석,2
근무,2
피트,2
동서고속도로,2
찹쌀,2
도로변,2
원산지,2
한적,2
가재미,2
입지,2
감탄사,2
중독,2
결혼,2
불판,2
시책,2
과음,2
크루즈,2
타파,2
공지,2
발목,2
아가씨,2
발굴,2
첫수,2
상다리,2
와이파이,2
소계,2
웍스,2
산물,2
수욕장,2
모녀,2
협약,2
피닝,2
숫가락,2
조피볼락,2
레이스,2
시트,2
대합실,2
삼촌,2
귀요미,2
선배,2
차림표,2
숙취,2
부지런,2
손발,2
보습,2
창가,2
보전,2
명성,2
승객,2
양행,2
중순,2
생동감,2
직업,2
중심가,2
지번,2
사온,2
속살,2
통합,2
애마,2
기포,2
어패류,2
토시,2
바다위,2
다량,2
눈물,2
라운,2
베이,2
패기,2
지장,2
보호구역,2
전주,2
완비,2
트레일러,2
지척,2
알람,2
바리,2
출신,2
이모님,2
블루,2
산모,2
고기잡이배,2
한주,2
맘속,2
겁니까,2
물냉면,2
지역민,2
패키지,2
가진항,2
스위트,2
무니,2
정속,2
박자,2
민물낚시,2
최대한,2
마음속,2
핵심,2
자릴,2
동홍천,2
내게,2
아마추어,2
일미,2
누나,2
무언가,2
구옥,2
승화,2
습관,2
음미,2
부장,2
개운,2
출몰,2
빨대,2
단백,2
찰떡,2
찌개,2
슈퍼,2
바디,2
경찰서,2
차선책,2
갑오징어,2
랜덤,2
높이,2
고춧가루,2
이타,2
순례,2
레보,2
싸움,2
인공,2
시그,2
오르막길,2
대포,2
벌레,2
해안선,2
만발,2
처리,2
젊음,2
무당,2
양채,2
하우,2
보도,2
이맘때,2
리회,2
안개,2
날개,2
관자,2
울릉도,2
합계,2
꽃잎,2
드라마,2
왕건,2
업무,2
주거리,2
지니,2
장거리,2
획득,2
얼음물,2
오랫동안,2
가든,2
안남,2
도식,2
곰탕,2
우선,2
대리,2
농장,2
수건,2
쥐치,2
샐러리,2
갈치,2
에탄올,2
쌀밥,2
수로,2
단속,2
목동,2
수역,2
지구,2
스릴,2
증거,2
대포동,2
방앗간,2
물엿,2
전라,2
단풍나무,2
큰일,2
동물,2
헌터,2
하루하루,2
스캔,2
황사,2
초코,2
무한정,2
폐점,2
사각,2
태조,2
조정,2
일명,2
향수,2
피서,2
제휴,2
거품,2
장뇌,2
혜택,2
머니,2
이래,2
축하,2
심장,2
눈길,2
저분,2
퇴실,2
준공,2
파파,2
열기,2
연꽃,2
경찰,2
노화,2
체육,2
템플스테이,2
대낮,2
지체,2
잡어,2
선도,2
라운지,2
참조,2
한몫,2
귀차,2
바다색,2
뜻밖,2
아무데,2
애자,2
출자,2
기념품,2
따름,2
가성,2
킬로,2
태연,2
전투,2
학창,2
태도,2
보단,2
팀원,2
불친절,2
사진기,2
분전,2
조끼,2
원주,2
금상첨화,2
초당,2
박수,2
볼일,2
배스,2
플로팅,2
내비게이션,2
안내문,2
피아,2
화장,2
외로움,2
새집,2
국군,2
풍랑,2
베란다,2
기둥,2
아쿠아,2
식도락,2
해당,2
도청,2
태킹,2
북한,2
물론,2
딱지,2
고가,2
단축,2
경기도,2
로스팅,2
발송,2
초짜,2
풀이,2
마디,2
물고,2
깃발,2
제보,2
매립,2
나용,2
본회,2
박문수,2
오실,2
대결,2
실향민,2
어민,2
야영,2
전곡항,2
여부,2
사천,2
검색어,2
간조,2
배위,2
선언,2
만선,2
사탕,2
중치,2
난조,2
식도,2
개점,2
담배,2
꼬막,2
장관,2
실천,2
경계선,2
소실,2
소수,2
실시간,2
신라,2
속옷,2
확률,2
초절임,2
백옥,2
튀김옷,2
방심,2
군아,2
키즈,2
참치,2
본론,2
클린,2
설명도,2
상계동,2
허무,2
유행,2
데이,2
목요일,2
새벽녘,2
서로,2
전병,2
연말,2
허벅지,2
의도,2
금토,2
다짐,2
오동통,2
정각,2
식용유,2
고깃배,2
원줄,2
호가,2
붕장어,2
여명,2
중고차,2
데기,2
이바지,2
입점,2
어지,2
서성,2
칼바람,2
성지,2
화장대,2
연면적,2
국산,2
웰빙,2
신고,2
배고픔,2
여관,2
립니,2
종사,2
연발,2
설명서,2
개소,2
수업,2
일석이조,2
원형,2
이득,2
앞마당,2
토리,2
밴드,2
니즘,2
여행길,2
나이스,2
민박,2
양수산,2
자연환경,2
집기,2
허리,2
가리,2
함유,2
애견,2
장작,2
우려,2
잡신,2
야영장,2
유모차,2
장모님,2
결론,2
정작,2
잔인,2
케이블카,2
대략,2
정문,2
블리,2
출장소,2
고리,2
씨름,2
제조,2
확산,2
박람회,2
완주,2
공급,2
감신,2
연곡,2
순차,2
탐욕,2
보일링,2
은빛,2
유치원,2
취침,2
초간,2
구명동의,2
양념장,2
승리,2
출장,2
비회,2
아가미,2
주택,2
릴낚시,2
군소,2
교과서,2
세조,2
초여름,2
보드게임,2
일과,2
입항,2
정보통,2
환호,2
지참,2
공개,2
문화재,2
오토,2
따위,2
외곽,2
해당화,2
삼각대,2
청호동,2
찌게,2
구명,2
소녀,2
스키퍼,2
닉스,2
루프,2
물살,2
티켓,2
수라상,2
가짜,2
복불복,2
일곱,2
방언,2
엽서,2
절정,2
우와,2
타임즈,2
랄라,2
모집,2
굴암,2
제막식,2
로라,2
상관,2
상항,2
쿨러,2
작품,2
강정,2
위안,2
총각,2
내심,2
삼계탕,2
스킨,2
행위,2
쉘로우,2
선셋,2
천변,2
비욘,2
앞산,2
유리,2
꽃망울,2
차비,2
진미,2
거절,2
소미,2
된장찌개,2
테라,2
경유지,2
키퍼,2
본신,2
전국일주,2
가지마,2
찰떡궁합,2
체력,2
변동,2
가스,2
벨리,2
감자전,2
합성,2
포스터,2
사이드,2
행복감,2
험비,2
인력,2
뱃속,2
주류,2
반값,2
요리사,2
애니메이션,2
페스타,2
어탐,2
전집,2
액션,2
불상사,2
전래,2
그램,2
콘도,2
설악항,2
이내,2
디저트,2
두둑,2
받침대,2
집사람,2
비스,2
축구,2
투망,2
복수전,2
충분,2
겨울날,2
밸런스,2
제거,2
합리,2
내지,2
배회,2
의견,2
시설물,2
국비,2
티맵,2
구멍치기,2
전자,2
남평,2
광화문,2
더덕,2
야간,2
마법,2
봉돌,2
충족,2
요번,2
구미,2
치알,2
시어머니,2
페이스북,2
낚싯줄,2
배안,2
종이컵,2
한조,2
미각,2
당첨,2
방수,2
친환경,2
한달음,2
공식,2
제한,2
생신,2
여척,2
우체통,2
아드님,2
동아리,2
푸른색,2
선거일,2
풍물패,2
조준,2
주행,2
법당,2
해소,2
구도,2
천지,2
비오,2
묵호항,2
훈련,2
대화,2
기인,2
카카오,2
증대,2
청소년,2
허기,2
노라조,2
코스프레,2
구축,2
성과,2
온몸,2
비빔면,2
갈일,2
운동장,2
천만,2
행정,2
대국,2
제작,2
클라스,2
발동,2
요고,2
꺄오,2
보소,2
과식,2
대대,2
기승,2
고단,2
러버,2
스케일,2
탄소,2
앞바람,2
백반,2
알탕,2
세피아,2
꽃집,2
가입,2
기전,2
뭉게구름,2
호강,2
노소,1
미지,1
모험,1
용서,1
성철,1
울릉군,1
거의,1
건데요,1
오세,1
나드리,1
아티스트,1
오우,1
거인증,1
브레이크뉴스,1
범부,1
로운,1
주양,1
만화,1
수중,1
파임,1
모형실험,1
신앙,1
아커,1
명자꽃,1
커텐,1
초상권,1
설득,1
사쿠라,1
푸드,1
수콘,1
회포,1
해항,1
평타,1
이수,1
조마,1
회란,1
도마,1
먹이,1
민족,1
이동하,1
포착,1
증명,1
수련,1
초록빛,1
강수,1
금물,1
생즙,1
남단,1
초가을,1
소비자,1
여운포리,1
충동,1
유투,1
집합,1
제왕,1
강철,1
시동,1
렌탈,1
신형,1
자동,1
지간,1
메르스,1
아비,1
빗살,1
미숫가루,1
찜질방,1
상장,1
홍시,1
잎사귀,1
해수면,1
인대,1
마비,1
필순,1
기로,1
양영,1
트렁크,1
하객,1
단기,1
게거품,1
토레이,1
퇴계원,1
꼬치,1
전동차,1
배랑,1
텃밭,1
해전,1
복파,1
원인,1
여덟,1
배나무,1
주력대,1
코미디언,1
허균,1
최북단,1
의료,1
전현무,1
병사,1
스위치,1
방화,1
광탈,1
주시,1
이경포,1
엘리트,1
장님,1
핫플레이트,1
지칭,1
말랭이,1
나일론,1
소은,1
볼살,1
식이,1
달팽이,1
검경,1
타보,1
파나마,1
야속,1
수시,1
후평동,1
화남,1
콘서트,1
바스,1
유아,1
서울특별시,1
우연,1
배긴,1
수급,1
가야금,1
헛걸음,1
반사,1
더덕구이,1
히는데,1
하임,1
트레이너,1
중립,1
학자,1
소소,1
촌마을,1
참돔,1
종착지,1
청도,1
수집,1
보진,1
가상,1
미상,1
독선,1
성가,1
육각정,1
지목,1
회의장,1
근래,1
광합성,1
로사,1
고도,1
앞치마,1
경영자,1
넉살,1
노곤,1
앞뒤,1
아수,1
미과,1
하마,1
앵커링,1
요걸로,1
북아메리카,1
당질,1
말재간,1
이영희,1
잡이,1
주문주,1
계승,1
마시안,1
경사면,1
슬로,1
김주현,1
진출,1
침구류,1
향하,1
무말랭이,1
안성,1
방치,1
천진,1
풍경화,1
구수,1
옥식,1
채집,1
불상,1
양심,1
양설,1
회비,1
잠수복,1
구어,1
걸요,1
하세,1
파격,1
무미,1
다낭,1
체구,1
낭창,1
침실,1
대상지,1
술배,1
정육점,1
바로미터,1
송이주,1
고찰,1
레벨,1
루아,1
작은오빠,1
스틸,1
단위체,1
원침,1
패들,1
두째,1
시라,1
내판,1
로케,1
한정,1
익제,1
곡주,1
코멘트,1
관통,1
움막,1
걸이,1
수수,1
콘크리트,1
주유,1
왕복,1
만양,1
내촌,1
강용구,1
화이트로,1
워치,1
염려,1
콘셉트,1
생일상,1
발현,1
쟁탈,1
기예,1
성업,1
가짓수,1
지유,1
제례,1
경각심,1
공감대,1
송파,1
서귀포시,1
저건,1
희우,1
소쿠리,1
달구,1
어전,1
페더,1
지자,1
감독,1
마사지,1
식성,1
얼만지,1
買食,1
골프장,1
아스,1
복숭아꽃,1
울림통,1
요미,1
밭두렁,1
사우,1
일산,1
밤마실,1
양수,1
초행,1
논둑,1
잠수,1
장애물,1
복사본,1
무어,1
새소리,1
체인점,1
툇마루,1
목이버섯,1
스티,1
워킹,1
무쇠,1
불나방,1
새우튀김,1
잡채,1
판매점,1
갤러리,1
가분,1
영흥도,1
신작,1
시금치,1
알뜰,1
襄陽,1
분량,1
대중,1
상주,1
무박,1
입가심,1
눈요기,1
용하리,1
진수,1
장인,1
뻥튀기,1
타이타닉,1
부동자세,1
에미,1
라가,1
유감,1
매스컴,1
화창,1
조신,1
산나물밥,1
발효,1
등반,1
항로,1
원초,1
노멀,1
내손,1
레보크,1
매물,1
순간순간,1
숟갈,1
망설임,1
억지,1
치국,1
토제,1
지남,1
소떡,1
고양,1
결합,1
과일,1
수술,1
포상,1
대양,1
중문,1
에기,1
헛수고,1
나무젓가락,1
신상,1
상권,1
견이,1
테일,1
노릇,1
개미,1
꽃바구니,1
해면,1
마인드,1
소한,1
쾌속선,1
불고,1
숙제,1
지킴,1
쇠고기,1
태양광,1
그림자,1
권유,1
기적,1
대원,1
낭송,1
튀각,1
망고,1
회충,1
바이크,1
산조,1
해도,1
까탈,1
버스타,1
누네,1
경로,1
보호수,1
가즈,1
워밍업,1
피처,1
보안,1
마차,1
배분,1
벼룩시장,1
생화,1
떡밥,1
저녁노을,1
좌표,1
시심,1
노르웨이,1
하이브리드,1
삼교리,1
대봉,1
레이더,1
테마,1
구조대,1
찬스,1
토마스,1
처갓집,1
일화,1
약재,1
안기,1
바우,1
가사리,1
뜀박질,1
이대로,1
페북,1
물컵,1
자평,1
해요,1
출항지,1
진정,1
프리,1
길섶,1
그린벨트,1
행사비,1
도민,1
만일,1
사육,1
꿰미,1
탈의실,1
표고버섯,1
귀신,1
이마,1
데일리,1
봄꽃,1
중광정리,1
목욕탕,1
장수꽃,1
하와,1
즈리,1
중화,1
승용차,1
안면,1
면옥치리,1
선원,1
갈대,1
콩고물,1
서치,1
야산,1
약제,1
포장마차,1
옆문,1
편광,1
재산,1
결제,1
퇴치,1
협의,1
은행,1
백파,1
마도로스,1
백억,1
곱배기,1
공부,1
시골길,1
바닷새,1
바요,1
예불,1
졸리,1
일치,1
무더기,1
쌍천,1
그람,1
꺼리,1
삼가,1
게젓,1
홍초,1
정평,1
환경관리공단,1
말랑,1
찜질,1
프레쉬,1
시외,1
생산력,1
단잠,1
정선,1
레버,1
한바리,1
일식집,1
미유기,1
동북방,1
모노,1
정국,1
상선,1
화합물,1
게이,1
앉은뱅이,1
몬스,1
개간,1
오렌지,1
목살,1
단결,1
코치,1
침도,1
해원,1
양일,1
특기,1
그럽,1
원장,1
고사리,1
욕망,1
능력자,1
스낵,1
분만,1
절망,1
물량,1
미진,1
동북동,1
기만,1
뭘까요,1
전투력,1
연패,1
격려,1
과시,1
초집,1
살림통,1
판별력,1
지오,1
유채,1
체온,1
필지,1
콜라겐,1
올레,1
화장품,1
시식,1
분당,1
민장,1
아트,1
깊이,1
첨단,1
성장,1
장입구,1
몬데,1
상징물,1
담소,1
산복,1
지천,1
위탁,1
앞태,1
매니아,1
도넛,1
기틀,1
건립,1
문무왕,1
깜둥이,1
영감,1
빙어,1
아토피,1
피니,1
방통,1
충인,1
워프,1
암면,1
불전,1
한단,1
면용,1
자회,1
사시미,1
체질,1
펜스,1
덤벙,1
자석,1
어회,1
트위스트,1
가자,1
김현수,1
결별,1
단체장,1
사양인,1
시카고피자,1
파랑새,1
중부,1
분수대,1
항목,1
종묘,1
열창,1
철음식,1
방수용,1
창원시,1
봉투,1
탄성,1
무인도,1
이열치열,1
렛츠,1
구들장,1
흡족,1
조우,1
사골,1
쏘세지,1
원천,1
시세,1
아까,1
리얼,1
습성,1
복분,1
발버둥,1
비례,1
과학,1
상업,1
동탄,1
아이리,1
헌정,1
생존,1
온풍,1
올리브유,1
백탄,1
인생무상,1
아역,1
민디,1
도행,1
제비꽃,1
향호,1
숙주,1
유휴,1
신비,1
사천진,1
한낮,1
등각,1
에너지원,1
부시,1
옷장,1
난류,1
부지사,1
무사,1
한태,1
가두리,1
비닐봉지,1
대치,1
단감,1
산호초,1
적당량,1
대요,1
설거지,1
메이플,1
심심풀이,1
팔경,1
푸대접,1
그분,1
天壽,1
천진리,1
인문학,1
근육,1
둘쨋,1
귀족,1
출하,1
군데군데,1
개구리,1
북부,1
사지,1
유월,1
경아,1
비정,1
릴링,1
산골,1
소유지,1
엉망진창,1
생정,1
콜레,1
학업,1
焉敢生心,1
낭패,1
주둔,1
정재,1
레드락,1
이눔,1
토씨,1
신기,1
거자,1
특성,1
물통,1
첨가,1
워크맨,1
어려움,1
수산청,1
속주,1
승합차,1
개설,1
취재,1
병아리,1
내라,1
수산호,1
블랙,1
김자반,1
저수지,1
사절,1
김치찌개,1
안낚시,1
바이트,1
묵사발,1
외수,1
수량,1
카로스,1
논의,1
콜레스테롤,1
오세득,1
동동주,1
병풍,1
허탈,1
깃털,1
믹스,1
혈관,1
송현리,1
산일,1
짐작,1
경험담,1
출근길,1
두말,1
모랑,1
기울기,1
마름,1
아야진항,1
빈자리,1
입력,1
소회,1
스노보드,1
적응,1
검사,1
수밀,1
공양,1
부자재,1
자녀,1
어렵,1
녹차,1
군더더기,1
오혜영,1
삼각,1
암놈,1
자문,1
미용,1
상준,1
일주,1
수전,1
어장,1
대학,1
식당가,1
케이스,1
발기,1
쏜살,1
청송,1
방콕,1
발코니,1
내노,1
성원,1
거제시,1
자칭,1
토종닭,1
입금,1
좌하,1
펀치,1
다수,1
코로나선,1
여념,1
호출,1
주가,1
열심,1
생전복,1
가득,1
몸값,1
미래소년,1
논길,1
횡재,1
통찜,1
가습기,1
습지,1
제발로,1
대유,1
급과,1
마른오징어,1
비중,1
복부,1
예절,1
앙탈,1
방랑벽,1
겨자,1
기왕,1
거긴,1
어군,1
야영료,1
페인트,1
오호항,1
응력,1
생유,1
블루투스,1
가람,1
당초,1
세코,1
허탕,1
오랑캐꽃,1
활주로,1
딜레이,1
홍대,1
망중한,1
동화책,1
누군지,1
사슴,1
발란스,1
둥근달,1
배차,1
복사꽃,1
스파클,1
마석,1
향미,1
모시조개,1
부대,1
어포,1
이유찬,1
한글,1
일반인,1
수놈,1
임팩트,1
시골집,1
인당,1
대식가,1
기름기,1
원활,1
어부라,1
친목도모,1
안장,1
참모총장,1
허니,1
주전부리,1
후라이트,1
해일,1
초봄,1
안식구,1
삐비,1
울산바위,1
달빛,1
정영식,1
떡볶이,1
폭탄,1
이적,1
취사,1
연이,1
아나운서,1
찡찡이,1
커밍,1
돗자리,1
관인,1
잔가시,1
갤럭시,1
면창,1
염두,1
해넘이,1
한가람,1
리프트,1
급부상,1
여요,1
심신,1
영랑동,1
향후,1
사은품,1
도토리,1
먼전,1
배터리,1
싱기,1
익스트림,1
곁들이,1
장배,1
특대,1
효자,1
작정,1
복제,1
유추,1
만추,1
걸루,1
인맥,1
참자,1
전문배,1
화도,1
전원,1
농락,1
현수막,1
범벅,1
식욕,1
메모,1
연륜,1
동서남북,1
변명,1
겨울잠,1
부르스,1
방황,1
바이바이,1
양군,1
먹물,1
홍예문,1
봉쇄,1
안착,1
벼슬,1
핑크,1
탐사,1
세집,1
산리,1
산소,1
분식,1
노약자,1
강호동,1
현희,1
군악대,1
감자튀김,1
연상,1
호시탐탐,1
손해,1
네셔,1
궁둥이,1
생업,1
남해안,1
독도,1
공생,1
민들레,1
당주,1
된장국,1
종종,1
산장,1
김동원,1
수돗가,1
명물,1
대조,1
봉지,1
시지,1
고등학교,1
심층수,1
땅콩,1
유류,1
이유리,1
산봉,1
아동,1
월정사,1
콧물,1
임연수어,1
세이블,1
보행,1
공기추,1
장이모,1
결승,1
보름달,1
련지,1
예인,1
취객,1
절대,1
날치,1
화이팅,1
초등학생,1
상자,1
시댁,1
백숙,1
셔틀버스,1
쇠뜨기,1
이정식,1
수천억,1
하단,1
뭔데,1
형아,1
감미,1
기력,1
리더십,1
식장,1
거행,1
늦더위,1
스트리,1
월아,1
안주용,1
카스테라,1
내습,1
처치,1
신생아,1
케이트,1
체계,1
분류,1
고전,1
입실,1
안전선,1
올레길,1
마이너스,1
건어물,1
일주문,1
영양소,1
최홍규,1
반쪽,1
연료,1
뭉텅이,1
파공,1
한일전,1
심기,1
사무장,1
피드백,1
주년,1
협의회,1
꽃말,1
역순,1
김남길,1
중금속,1
강용,1
방침,1
환절기,1
흙탕물,1
성덕왕,1
우승,1
통일,1
수신,1
할로,1
관리도,1
조종,1
주목,1
국회의원,1
옆길,1
자지,1
침구,1
진국,1
스키,1
할매,1
추상,1
하네,1
알음알음,1
한반도,1
산봉우리,1
부호,1
피비,1
합승,1
잡기,1
목욕,1
자정,1
소독,1
거름망,1
무능,1
처분,1
업체,1
배객,1
밀어,1
비스트,1
대머리,1
큰형,1
벵에돔,1
몰드,1
꾸리,1
천둥,1
선발,1
여듭,1
표본,1
휴먼다큐,1
기타큐슈,1
무성,1
콘도미니엄,1
근원,1
비커,1
비세트,1
수확량,1
난로,1
글라스,1
케나,1
신동엽,1
상승,1
원재료,1
시위,1
안족,1
배수구,1
중장비,1
뱀장어,1
코타,1
귀촌,1
김남조,1
바도,1
고봉밥,1
해인,1
환인,1
꾸러미,1
신촌블루스,1
귀염둥이,1
산더미,1
조감도,1
쇄석,1
몰두,1
남학생,1
경기장,1
급파,1
사진첩,1
유니스,1
폐교,1
가르고,1
티어,1
백만,1
쇠미역,1
숫놈,1
면옥치,1
자영산,1
하차,1
선호도,1
공중화장실,1
아범,1
조종자,1
미식가,1
릴렉스,1
침묵,1
비너스,1
호라,1
요량,1
단저,1
평온,1
스윗,1
두덩,1
공격,1
대우,1
끝자락,1
한나절,1
원일,1
회오리,1
덩치,1
울립,1
돌발,1
전세,1
유용,1
세부,1
최적지,1
이이,1
풀코스,1
고고고,1
송인,1
도항,1
시스템,1
하의,1
케어,1
구들,1
톰스,1
산나물,1
개체,1
경단,1
옥집,1
미닫이,1
제당,1
랜스,1
가장자리,1
루도,1
피신,1
먹을거리,1
코코넛,1
창시,1
홍합죽,1
증진,1
일장,1
회양,1
파닭,1
빨래,1
호그,1
망설,1
근거지,1
샌드,1
목격,1
네버,1
화천,1
양동,1
너스,1
이상황,1
타지,1
탈수,1
명언,1
세탁,1
이치,1
방게,1
완전체,1
못자리,1
의정부,1
베짱이,1
벼락,1
뒤통수,1
이민,1
매진,1
분수,1
도모,1
코리안,1
내사,1
농촌,1
양우,1
레프,1
구지,1
주막,1
상상력,1
방애,1
당선자,1
경중,1
아몬드,1
스위밍,1
가로수길,1
풍하,1
소고기,1
술기,1
대만,1
익일,1
양말,1
회직,1
곡류,1
돌기,1
아쥬,1
테디,1
빗소리,1
공존,1
원룸,1
쿠팡,1
이쯤,1
청춘,1
노랑가자미,1
수칙,1
준영,1
시우,1
머스,1
사모,1
솔리드,1
조향,1
체감,1
레이싱,1
처절,1
평택,1
단종,1
철망,1
공중,1
순두부찌개,1
메리트,1
저서,1
세션,1
근접,1
학포,1
느끼,1
휴암,1
건너,1
동급,1
표주,1
뼈다귀,1
스위트룸,1
연탄,1
청바지,1
김창완,1
강사진,1
큰딸,1
손실,1
프런트,1
접선,1
산양,1
샤워기,1
배치,1
단가,1
고통,1
해박,1
반지,1
앵두,1
약차,1
마자,1
농어민,1
막내딸,1
남경,1
어음,1
주마,1
신전,1
고택,1
몽돌,1
지근,1
소품,1
해설,1
오일펜스,1
풍년,1
김승진,1
트로피,1
보존제,1
아주버님,1
가본적,1
미더덕,1
현충일,1
노랫소리,1
밤비,1
피코,1
논밭,1
무우,1
식별,1
기념탑,1
연도,1
변축,1
여운,1
한곳,1
키친,1
중대,1
부수,1
신중,1
해역,1
내게는,1
동동,1
자급자족,1
바라,1
다과,1
풀스,1
상배,1
백두,1
헤어,1
금학,1
선소,1
숙박업소,1
연수원,1
쇠소깍,1
프로젝트,1
멱국,1
우동,1
오토파일럿,1
전성기,1
복호,1
강준석,1
운명,1
판도,1
함흥냉면,1
서포터,1
진신,1
비늘,1
뽀빠이,1
가칭,1
벽걸이,1
괴성,1
바양,1
레이,1
기절,1
퀼트,1
계원,1
골목골목,1
막내,1
보시기,1
품위,1
스완비,1
재클린,1
초겨울,1
육회,1
대장,1
여사,1
가을볕,1
사이사이,1
주먹,1
세프,1
생닭,1
분명,1
걸프,1
정오,1
비엔나,1
환자,1
망간,1
둥이,1
본부선,1
일관,1
오르막,1
죄인,1
또래,1
니카라과,1
선반,1
김마스타,1
관동,1
코난,1
속지,1
다정,1
식탐,1
용어,1
작가,1
매몰,1
함양,1
패턴,1
수년,1
몸부림,1
폐장,1
성시경,1
이이인,1
측정,1
대감,1
토르,1
진부면,1
쌀알,1
공자,1
메카,1
바나나보트,1
지로도,1
니다,1
고심,1
산돌,1
한의원,1
생활비,1
목축,1
평시,1
미인,1
아보카도,1
합동,1
대자리,1
고니,1
프린스,1
시행,1
복기,1
비취,1
팜플렛,1
에라,1
유후,1
구색,1
양마,1
무척,1
원점,1
진달래,1
질수,1
소맥,1
중반,1
프란,1
라벤더,1
막배,1
중층,1
퍼스널,1
밀대,1
로프,1
백합과,1
생심,1
편육,1
그린피,1
스텐,1
새것,1
고뿌,1
불로장생,1
내기,1
하절기,1
항배,1
바스켓,1
목장갑,1
국속,1
수초,1
방풍나물,1
게유,1
노선,1
거니,1
유언비어,1
고양시,1
닭발,1
더블베드,1
유사,1
자락,1
최우수,1
할머님,1
구조라항,1
적치,1
합뚜껑,1
트리,1
확대,1
밀감,1
번안,1
초면인,1
유관,1
굴욕,1
보상,1
파주,1
화살촉,1
회무,1
갈남항,1
통통배,1
추로,1
위시,1
소상,1
세배,1
고진감래,1
귀여,1
만두,1
당근,1
토성면,1
동유,1
라이징,1
몸매,1
착공,1
드라,1
오직,1
준수,1
여깁니다,1
조용한,1
제이콥,1
캐빈,1
최저가,1
켄싱,1
오리엔테이션,1
한데,1
점미,1
감나무,1
레이저,1
오줌,1
건성,1
안내도,1
버트,1
싱커,1
통안,1
안동,1
저감,1
마흔,1
바램,1
인친,1
조개껍데기,1
오미,1
아용,1
통통,1
레고,1
비난,1
경지,1
부다,1
제고,1
특화,1
갯마을,1
특주,1
바다지기,1
이용표,1
자내,1
보라,1
무임승차,1
희열감,1
강화,1
전무,1
두가리,1
러브,1
자판,1
굴곡,1
도어,1
별식,1
이상민,1
귀염,1
주재,1
터전,1
여지,1
칵테일,1
박상현,1
씨방,1
시멘트,1
녹색,1
연신,1
백세주,1
군고구마,1
캐디,1
인덕션,1
오라버니,1
생활신조,1
옆바람,1
시당,1
구본,1
맥도널드,1
강습료,1
갈리,1
압력솥,1
다향,1
이초,1
별관,1
이강원,1
갈래,1
부속,1
호군,1
신념,1
크로,1
마나,1
가닥가닥,1
루트,1
두창,1
조구,1
월전,1
스텝,1
과수,1
참을성,1
인식,1
돌돔,1
친목회,1
그네,1
장화,1
커피콩,1
명태회,1
침체,1
소인원,1
어기,1
대간,1
외각,1
아라뱃길,1
멜론,1
오래,1
당선,1
집계,1
보스톡,1
달래,1
비행기,1
강문동,1
결명자차,1
여정,1
양근,1
장미,1
연설,1
건대,1
인양,1
수지,1
상당수,1
리버,1
우스다,1
극치,1
싱가포르,1
웃음바다,1
노량진,1
애항,1
배신,1
열갱이,1
카메라폰,1
다목적,1
가심,1
선미,1
제천,1
가을맞이,1
진토,1
보컬,1
장시간,1
팥빙수,1
승선원,1
뱀딸기,1
실리콘,1
메추,1
결성,1
라리,1
랜드마크,1
피다,1
재건,1
채복,1
내빈,1
발권,1
발굽,1
정서,1
엑스포,1
아줌마,1
형수님,1
관할,1
남진,1
오대산,1
양장,1
팔뚝,1
드링크,1
충남,1
야만,1
배양,1
인고,1
초급반,1
상반기,1
간헐,1
소매점,1
뤼미에르,1
난방,1
결실,1
남용,1
블랭크,1
선점,1
급증,1
관세음보살,1
돌입,1
오감,1
도망,1
스텔스,1
적다,1
개집,1
오일,1
딜리버리,1
아라,1
개시,1
소싯적,1
오프너,1
습기,1
시판,1
원기,1
폴리,1
손주,1
소신,1
사기,1
잔교리,1
친지,1
낙원,1
의종,1
숙녀,1
다툼,1
육신,1
동그랑땡,1
긴장,1
감행,1
연구용,1
포스트,1
심성,1
빗방울,1
류수영,1
봉포리,1
객지,1
특자,1
삘기,1
궁리,1
해석,1
테이스티,1
포터,1
청록색,1
나머진,1
버릇,1
중류,1
마요네즈,1
실사,1
동호인,1
수익,1
탈출,1
재치,1
오리지널,1
거북,1
밭일,1
탄력,1
신문,1
까페,1
원두,1
피래미,1
열매,1
동감,1
차액,1
보고회,1
살집,1
여사장,1
벽난로,1
명부,1
박상민,1
새치,1
조가비,1
본전,1
리센룽,1
워라,1
선진국,1
연령,1
판별,1
귀성객,1
요정,1
몽환,1
물가,1
벨트,1
진풍경,1
베개,1
열무,1
밀림,1
배럴,1
통화음,1
장타,1
유입,1
신남,1
가로등,1
토기,1
스툴,1
도산,1
저녁때,1
요문,1
야유,1
조은주,1
직장인,1
올라운드,1
봉안,1
민간인,1
번창,1
협찬,1
소홀,1
기차,1
사서,1
계시,1
여친,1
제단,1
인류,1
종패,1
버클리,1
화가,1
실물,1
통섭,1
지누,1
미취학,1
스코어,1
수박,1
사진가,1
점원,1
구령,1
추국,1
전념,1
모텔,1
한양,1
딜레마,1
트레이,1
축배,1
범주,1
방문자,1
낙점,1
사간,1
소년,1
불법,1
증후군,1
트래킹,1
영접,1
탄수화물,1
코코,1
맞바람,1
타전,1
동산리,1
코레,1
탈거,1
면옥,1
개불,1
다기,1
자매,1
주축,1
독득,1
활기,1
월악산,1
자네,1
신선놀음,1
유출,1
장갑,1
핑계,1
위원회,1
대상어,1
관광호텔,1
온스,1
북분리,1
아야진,1
강가,1
후아,1
동맥경화증,1
고추냉이,1
언니네,1
울수,1
억새밭,1
감도,1
외옹,1
주창,1
강릉역,1
비장,1
오래간만,1
시회,1
베니키아,1
공단,1
삼물,1
씨름꽃,1
뚱뚱,1
삼식,1
면장,1
크릴,1
당연지사,1
쇼핑센터,1
이소,1
업적,1
평점,1
담담,1
원통,1
계좌,1
한우,1
보관함,1
이드,1
소파,1
위반,1
소니,1
흙벽,1
수대,1
마수걸이,1
시보레,1
하자,1
새섬,1
허용,1
개류,1
특산,1
분대,1
렌트,1
혼잡,1
선교장,1
칼국,1
천상,1
교와,1
북서,1
희희,1
생파,1
랩스,1
호주,1
끝판,1
석굴,1
원이,1
개나리,1
동틀,1
바다오리,1
기여,1
중년,1
선크림,1
임자,1
전쟁,1
천수,1
파리,1
동력,1
머리통,1
개꿀,1
냉장실,1
혼란,1
만섬,1
적집,1
음전,1
현은,1
당개,1
교과목,1
첨가물,1
먼가,1
내륙,1
회관,1
정수기,1
산지,1
익스프레스,1
만장일치,1
강물,1
개더,1
서울역,1
불고기,1
원자재,1
스트로,1
장찌개,1
콜라보레이션,1
스킬,1
족대,1
복은,1
와치,1
평창군,1
몰티즈,1
자리돔,1
홍성,1
임대,1
퉁명,1
몰골,1
팽이,1
이펙터,1
손색,1
쌀농사,1
계장,1
그린,1
더리,1
고등어구이,1
비어,1
승부,1
수정란,1
회상,1
뭘로,1
절정기,1
차선,1
육체,1
노란알,1
이스트,1
대명사,1
입춘,1
물알,1
방파,1
김우진,1
벤트,1
모금,1
크루,1
라나,1
간지,1
물괴기,1
질러,1
명품,1
업데이트,1
뒤죽박죽,1
곤이,1
전갈,1
진본,1
목재,1
마레,1
압도,1
마실,1
전위,1
인어,1
방송사,1
사형,1
누수,1
직판장,1
낙지볶음,1
오스트리아,1
동종,1
콧바람,1
묵호,1
가을꽃,1
봉황,1
술국,1
섯달,1
잡자,1
책벌레,1
못난이,1
관람료,1
보약,1
밥숟가락,1
상영,1
임선,1
집어,1
좌선,1
송천,1
공영,1
도가,1
돌진,1
노년,1
담요,1
성적,1
막판,1
관측자,1
분산,1
과목,1
침해,1
블라디,1
탱이,1
콩기름,1
구요,1
데스,1
열씨,1
무아지경,1
컴퓨터,1
만경대,1
우량,1
책임,1
거부,1
섭씨,1
색도,1
포도당,1
대기후,1
도원,1
콩국수,1
북동풍,1
장강,1
선일,1
리가,1
울릉,1
휴지,1
맵쌀,1
교차로,1
무계획,1
트릴,1
안마,1
어가,1
어본,1
석운,1
야금,1
신곡,1
비지니스,1
문명,1
묶음,1
앵글,1
섭렵,1
항남,1
에코,1
양야,1
청해,1
커버,1
면수,1
한약재,1
먹자,1
사임,1
작업복,1
부잔교,1
계울,1
메가리,1
긍정,1
전라도,1
임창근,1
정암리,1
루이스,1
요충지,1
영동고속도로,1
호소,1
사사,1
백지영,1
서야,1
상원사,1
서서,1
공모,1
진작,1
섬유소,1
수륙양용차,1
킬러,1
단층집,1
미래형,1
프로펠러,1
익살,1
아시,1
식목,1
친견,1
트롤링,1
친정아버지,1
소멸,1
무기질,1
지회,1
유리창,1
치치,1
반나절,1
식중독,1
다리품,1
부착,1
추첨,1
예비대,1
산도,1
세제,1
츠비,1
내외분,1
나대지,1
제방,1
등골,1
해체,1
체포,1
좌충우돌,1
혜음,1
울엄마,1
경위,1
옥살,1
비석,1
발악,1
캐리비안,1
그라함,1
대라,1
갱스터,1
복수,1
분도,1
로티,1
지침,1
염주,1
요로,1
비숑,1
기본기,1
궁금증,1
어간,1
배후,1
시랑,1
설마,1
쏘가리,1
소함,1
방석,1
싸이트,1
작용,1
기관실,1
보건,1
테이크아웃,1
북적,1
그땐,1
도우미,1
어린,1
품목,1
카네기,1
감시,1
대동단결,1
트집,1
농민,1
누굴,1
달인,1
잔디밭,1
조석,1
쥬니,1
에센셜,1
와상,1
원정,1
점프,1
강냉이,1
건배,1
초기,1
이북,1
만세,1
총리,1
카라,1
야드,1
개선,1
사위,1
유유자적,1
나무판,1
지존,1
고깃집,1
교통편,1
글리세린,1
아쿠,1
식겁,1
뭉테기,1
매콤,1
이와,1
돕니다,1
화분,1
제날,1
엉덩이,1
보관소,1
무채,1
우열,1
올버니,1
주력,1
알파인,1
양갱,1
행진,1
하층,1
공구,1
각도,1
그라운드,1
인위,1
살맛,1
난데,1
훌치기,1
시은,1
어시장,1
호떡,1
환기,1
살짝,1
우표,1
아이언,1
반신반의,1
소래포구,1
걸작,1
순경,1
둑길,1
염치,1
기의,1
스냅,1
보호자,1
문헌,1
답변,1
어메니티,1
오득,1
트롤,1
숭어회,1
지나,1
이당,1
만이천,1
장박,1
마그넷,1
이얌,1
단합,1
구영,1
반두,1
이베이,1
일회용,1
샌드위치,1
관동별곡,1
용이,1
신납,1
비비,1
술값,1
봉다리,1
면상,1
아름,1
스님,1
큰달,1
일괄,1
고부,1
짱구,1
자전거길,1
향연,1
마시,1
발치,1
山寺,1
허리춤,1
매입,1
아픔,1
공방,1
마약,1
번영,1
산속,1
문화유산,1
지퍼,1
샴페인,1
차림,1
불꽃,1
회항,1
잔설,1
스테이크,1
정색,1
영식,1
꾸미,1
만족감,1
물꼬,1
내일모레,1
장대,1
알프스,1
단골집,1
금기시,1
추후,1
교대,1
완물,1
등껍질,1
나장,1
착전,1
콜비,1
짠바람,1
초무침,1
아구찜,1
동경,1
옆면,1
장악력,1
인형,1
안드로이드,1
밝기,1
데스피나,1
트렌디,1
키키,1
민중,1
증정,1
손끝,1
군락,1
러스,1
이창범,1
체중,1
하가,1
피닉스,1
이추,1
위성,1
껍지,1
밀면,1
봉제,1
아이스티,1
장병,1
거침,1
육안,1
하아,1
걸음,1
오름,1
연애,1
폭포,1
로켓,1
결정판,1
전율,1
노동,1
애비,1
긴긴밤,1
브라질,1
배드,1
런지,1
다이렉트,1
승전,1
진수식,1
정지,1
분점,1
황영철,1
알류,1
감자밭,1
피팅,1
죠니,1
라시스,1
다람,1
핫소스,1
애용,1
일절,1
파스타,1
호조,1
태백,1
투자,1
화목,1
고의,1
노송,1
작지,1
표시판,1
예매,1
비려,1
시리,1
닭갈비,1
이기,1
거지,1
여비,1
환장,1
맥파,1
아파트,1
근모,1
파트너,1
신부,1
동창,1
노가다,1
촉감,1
어함,1
죽변항,1
성숙,1
철거,1
삼총사,1
공포증,1
온풍기,1
단색,1
엄명,1
폐쇄,1
키위,1
탱고,1
때껏,1
창호지,1
과당,1
휠체어,1
경계,1
샤프란,1
게으름,1
시변리,1
라메,1
양코,1
청초호,1
실연,1
온실가스,1
패딩,1
보름,1
축소,1
씽씽이,1
직영,1
과메기,1
지렁,1
언성,1
득실,1
유의,1
매료,1
비행,1
나위,1
아무거,1
감정,1
컴백,1
법수치,1
비사리,1
도심,1
이산화,1
양서류,1
양치질,1
아름드리,1
메세지,1
설렁탕,1
조언,1
배우자,1
정림,1
일터,1
지경리,1
훈련소,1
위도,1
순번,1
인사말,1
한화,1
경계심,1
아홉,1
에릭,1
동결,1
위액,1
똥물,1
워머,1
희열,1
꽃대,1
소정,1
혼합,1
땅바닥,1
모자이크,1
대학생,1
단박,1
장미꽃,1
하와이,1
리링,1
사라,1
진해,1
인양기,1
본인,1
인제터널,1
지로,1
헤루,1
그랜드,1
소감,1
게시물,1
가르시아,1
앞부분,1
워너비,1
지시,1
화룡점정,1
용머리,1
닭고기,1
옛길,1
스프,1
안구,1
세끼,1
즉흥,1
스페인,1
장엄,1
주원,1
시럽,1
컨텐츠,1
안달루시아,1
고립,1
가난,1
고객,1
불꽃놀이,1
보양,1
강상철,1
대한,1
평생,1
동심,1
국화,1
일박,1
알록,1
색색,1
오피스,1
피샤,1
정권,1
불볕더위,1
여가,1
울트라,1
망실,1
바이오,1
전정,1
앞길,1
관제탑,1
은혜,1
진동,1
매생이,1
제절,1
유황,1
마음가짐,1
귀자,1
하산,1
화리,1
물대포,1
후진,1
사명,1
소모,1
조작,1
분야,1
찹쌀떡,1
밀치,1
반면,1
중랑구,1
기와,1
보충,1
달걀,1
지영,1
접니다,1
가진,1
겨레,1
왕돌,1
비하,1
비몽사몽,1
두동,1
훈민정음,1
대망,1
늦잠,1
진실,1
판장,1
횃대,1
동반자,1
비박,1
우비,1
일생,1
신분,1
포진,1
저놈,1
안방,1
연주,1
시원,1
하늘색,1
새기,1
본당,1
점멸,1
후포항,1
찬류,1
삼투압,1
후폭풍,1
목과,1
작성자,1
규정,1
범용,1
유공자,1
빌러,1
입간판,1
석회,1
마란,1
사례,1
모래톱,1
연타,1
용호리,1
소시지,1
성게알젓,1
객원,1
외기,1
폐위,1
냉난방,1
생크림,1
산자락,1
블랙펄,1
행차,1
스프레이,1
창해,1
물소리,1
귀성,1
기타리스트,1
부도,1
려자,1
보너스,1
정과,1
한시,1
유령,1
구민,1
고드름,1
자판기,1
쉐이,1
수수료,1
내숭,1
미끼통,1
운진,1
남측,1
연일,1
여름밤,1
휴식처,1
백로,1
참문어,1
포털,1
메리,1
큰스님,1
한달전,1
멍멍이,1
플레이,1
또아리,1
지옥,1
겉모습,1
성인병,1
전장,1
선택지,1
나쵸,1
필수품,1
도도,1
동문,1
청국장,1
컨테이너,1
가야지,1
발표,1
최초,1
시장기,1
파이어,1
블러,1
別曲,1
녹조,1
거대,1
구름층,1
사래,1
마미,1
귀어,1
사태,1
결과물,1
각인,1
노란색,1
현포항,1
낙사,1
재난,1
먹성,1
쉐보레,1
고형,1
원거리,1
소나,1
시다모,1
장려상,1
플라,1
망상어,1
파비,1
모세,1
리브,1
이탈,1
컴팩트,1
깁스,1
새송이,1
때기,1
시집,1
표준어,1
경춘북로,1
밑바닥,1
퍼레이드,1
시리즈,1
버전,1
라모,1
랜드,1
고우,1
며느리,1
제부,1
발달,1
사바리,1
예술단,1
술안주,1
아이스커피,1
파비앙,1
항의,1
티셔츠,1
조각가,1
단당류,1
노출,1
한일호,1
여분,1
모래땅,1
장가,1
울라,1
제빵,1
경고,1
등살,1
분식집,1
생과일주스,1
콩가루,1
섭리,1
배틀,1
긴박,1
옆집,1
함경,1
바르,1
시내버스,1
주메뉴,1
번식,1
증폭,1
신진대사,1
제눈,1
꽃국물,1
나망,1
꼰대,1
농경,1
게이트,1
오른손,1
큰사위,1
현악기,1
만천하,1
태만,1
재능기부,1
꼬챙이,1
보여,1
공복,1
뒷맛,1
생활상,1
장담,1
주의보,1
귀착,1
초과,1
통닭,1
반환점,1
쿠타,1
무단,1
패러다임,1
영원불멸,1
인디,1
덕목,1
항공,1
개통식,1
흑마,1
댕이,1
어획량,1
또띠,1
상사,1
지각,1
문전,1
오월,1
항가,1
케익,1
토박이,1
초이스,1
강림,1
만치,1
현장감,1
감각,1
양점,1
당도,1
멍지,1
갈채,1
죠기,1
답사,1
신석,1
벌집,1
위엄,1
관대,1
세력,1
물오리,1
수거,1
회면,1
폭행,1
짬뽕,1
인피니티,1
회두,1
상의,1
루피,1
미모사,1
거들,1
어드벤처,1
갈대밭,1
한파,1
거짓말,1
심야,1
구야,1
젤라,1
장어구이,1
스스로,1
잠수정,1
플레이어,1
건아,1
선승,1
찜통,1
네요,1
비키니,1
신병,1
정철이,1
접촉,1
후유증,1
동작구,1
금정,1
민국,1
저온,1
플레이트,1
잔소리,1
갯벌,1
품인,1
터득,1
그걸루,1
너울질,1
버킷,1
남풍,1
주한,1
콧등,1
청주,1
쾌감,1
분리수거,1
송강,1
짜도,1
임박,1
방한,1
증강,1
동문회,1
투리,1
자작,1
몸짓,1
박만,1
김승찬,1
이생,1
기어,1
도량,1
심플,1
늦바람,1
국내선,1
취항,1
전남,1
치어스,1
농어촌버스,1
해삼회,1
월항,1
쥐노래미,1
가파,1
농수산물,1
호동,1
화포,1
해발,1
산사,1
멘사,1
수국,1
만차,1
특혜,1
하부,1
주소지,1
자서,1
랜턴,1
소환,1
사포,1
조준의,1
절감,1
기술력,1
김양식,1
동절기,1
싸이,1
해미,1
진사,1
히든카드,1
부추김치,1
레이더스,1
꽃님,1
귀결,1
눈발,1
식곤증,1
문치가자미,1
연못,1
욕구,1
샤인,1
앞자리,1
타코,1
왕숙천,1
운전기사,1
옛적,1
외식,1
필터,1
봉우리,1
잔가지,1
과언,1
담쟁이,1
광부,1
판매장,1
동그라미,1
세트라,1
유전,1
서장,1
디자이너,1
막바지,1
검정,1
베드,1
기반,1
소머리,1
유괴,1
동상,1
약용,1
애미,1
초토,1
레시피,1
종업원,1
옵션,1
개구쟁이,1
근데,1
지리산,1
향도,1
여길,1
사포질,1
스터디,1
스피커,1
총사,1
특정,1
칸타빌레,1
아웅,1
스호,1
플랫,1
토성,1
이모부,1
연탄불,1
연차,1
판명,1
육역,1
효도,1
봉수제,1
안전제일,1
기때,1
배산임수,1
한기,1
感受,1
정규,1
물차,1
민어과,1
텐션,1
이조,1
예준,1
매식,1
수산굴,1
여니,1
시집살이,1
현미,1
슬리퍼,1
악어,1
닥살,1
온돌방,1
즉시,1
아구,1
겸비,1
오기,1
방가,1
속도감,1
어둠,1
혼령,1
여수,1
잿빛,1
포클레인,1
팔짱,1
꼬지,1
사투,1
뮤직,1
악당,1
니스,1
일리,1
전쟁터,1
양재,1
속여,1
적치장,1
강장,1
파이,1
당선인,1
접수대,1
피크,1
촉박,1
시가,1
장후,1
제남,1
변리,1
세련,1
섭전,1
미관,1
낙매,1
합심,1
강탈,1
팔꿈치,1
드럼,1
포커스,1
바지,1
가브리,1
어부림,1
폭죽놀이,1
모종,1
태그,1
참깨,1
극사실주의,1
요크,1
혼례식,1
죽도항,1
생산고,1
철길,1
근해,1
생정보,1
사철,1
프리덴,1
진행자,1
네온사인,1
쾌속,1
탕수육,1
남여,1
홍콩,1
누가누,1
보일러,1
연세,1
한승준,1
고개,1
길옆,1
피로회,1
필사,1
아낙,1
뒷동산,1
용량,1
단조,1
꺽지,1
그래픽,1
도통,1
베이버,1
징어,1
비국,1
고모,1
최첨단,1
프리카,1
곰배령,1
기국,1
저세상,1
감수,1
좌판,1
자금,1
요즈음,1
플랫폼,1
다반사,1
도서관,1
통살,1
에너지,1
누리집,1
길동무,1
왕전,1
후경,1
스카페,1
보온,1
보정,1
불량,1
합국,1
미카,1
운용,1
별채,1
카테고리,1
책정,1
어귀,1
단기간,1
상처,1
뒷바람,1
배낭,1
축척,1
위오,1
마요,1
세째,1
종점,1
지은이,1
총괄,1
오나시스,1
녹두전,1
입회비,1
매조,1
군바리,1
비무장,1
균형,1
사쿠,1
함박웃음,1
기엽,1
각혈,1
마중,1
두릅,1
칠리,1
밥통,1
심호흡,1
삼팔선,1
신풍,1
에이드,1
의약,1
진열,1
반합,1
쌍호,1
항정살,1
청양,1
관문,1
방전,1
호랑,1
진전,1
붕가,1
고마움,1
보존,1
베테랑,1
의상,1
카고,1
오일장,1
지혈제,1
눈맛,1
페시,1
문무대왕,1
부산광역시,1
애교,1
기착지,1
스터,1
클래스,1
감회,1
각오,1
방한복,1
부제,1
기와지붕,1
상금,1
사이렌,1
주입,1
콩자반,1
호평,1
개소식,1
항이,1
특효,1
시공,1
남북,1
따귀,1
중식,1
홍도,1
본가,1
關東,1
게철,1
작업실,1
외침,1
하락,1
불면,1
블로,1
클로즈업,1
환불,1
이프랑,1
다사다난,1
홈피,1
만인,1
철책,1
전용기,1
개인택시,1
정월,1
현대,1
고만,1
물료,1
육박,1
스노우,1
포말,1
태기산,1
영금,1
영덕,1
대식,1
자분,1
토혈,1
기점,1
보타락,1
살결,1
저널,1
사료,1
시오,1
바르셀로나,1
에스프레소,1
서양,1
품바,1
베리에이션,1
브로,1
으뜸,1
확신,1
지지부진,1
관동팔경,1
능이,1
동력선,1
단양,1
정시,1
원골,1
멀리,1
성립,1
일부분,1
소랑,1
대여료,1
연무,1
항어,1
치맥,1
플리,1
발음,1
부추잡채,1
오라,1
얕은맛,1
솔로,1
잡풀,1
대중교통,1
이용객,1
움집,1
호일,1
민물조개,1
그대,1
영랑,1
발밑,1
전기밥솥,1
드믈,1
안면도,1
신의,1
맹성규,1
게르,1
문수보살,1
인원수,1
햇님,1
신속,1
시래,1
빼빼로,1
돌때,1
아궁,1
저격,1
백두대간,1
중건,1
선적,1
찻길,1
복족,1
화악,1
가자미조림,1
붙박이,1
담벼락,1
외가,1
제기동,1
동해항,1
오죽헌,1
케스,1
엘피,1
갈릭,1
농로,1
사용료,1
줄거리,1
소마,1
추출,1
놀러,1
충실,1
고갯길,1
여덜,1
수객,1
게찜,1
밥그릇,1
대열,1
식은땀,1
닭볶음탕,1
후보,1
천순,1
리터,1
항만,1
비번,1
정차,1
스피,1
수립,1
날물,1
바나나,1
감상문,1
들기름,1
나란,1
출국,1
두레박,1
트윈,1
바게트,1
오리고기,1
홈통,1
철저,1
페트병,1
리해,1
함대,1
원님,1
오이지,1
우회,1
호로,1
가도,1
사이클,1
라운드,1
이상시,1
방명록,1
제비,1
석국,1
통유리,1
집념,1
포교,1
천교,1
모니터링,1
디벨로,1
킬로미터,1
송유,1
시부모,1
소꼽,1
올사과,1
무덤,1
반증,1
장안,1
화진포,1
그녀,1
기사문리,1
등극,1
울딸,1
전염,1
조밥,1
국순당,1
식기,1
쥐돔,1
고층,1
길잡이,1
산해,1
그물망,1
의향,1
인수,1
개축,1
숨바꼭질,1
회차,1
나무숲,1
민망,1
손목,1
연맹,1
이양수,1
기주,1
경대,1
중고,1
창작,1
매생,1
어획고,1
계곡물,1
꿈속,1
중임,1
스압,1
올림픽,1
문장,1
선저,1
절과,1
커피포트,1
동내,1
쥔장,1
바이오매스,1
倍加,1
베어,1
움집터,1
트친,1
어획,1
강매,1
도매,1
연호,1
우편물,1
전기장판,1
요걸,1
전후,1
찔레꽃,1
소재지,1
특산품,1
타리,1
절임,1
기억력,1
반가움,1
체엄,1
태황,1
가락,1
미미,1
후라이팬,1
로컬,1
당면,1
신세,1
비둘기,1
속출,1
관리자,1
찌도,1
똑똑이,1
칸칸,1
망의,1
양호,1
생애,1
발돋움,1
원포리,1
시래기,1
군밤,1
크란츠,1
항공사,1
금호,1
마뉴,1
찰나,1
이쪽저쪽,1
색상,1
연착,1
냉풍,1
여동생,1
골병,1
복양,1
엊그제,1
골목길,1
경과,1
맥락,1
우천,1
용역,1
孔子,1
건진,1
파견,1
선녀,1
이양,1
신명,1
티탄,1
모내기,1
뱃길,1
훼손,1
촉진,1
누도,1
시크릿,1
힐맨,1
침강,1
그릴,1
자족,1
봄이,1
한상준,1
야생화,1
동선,1
출경,1
최염순,1
포스,1
모범,1
농부,1
필자,1
봉사,1
삭제,1
눈빛,1
담쟁이넝쿨,1
치수,1
항선,1
웃음꽃,1
용하,1
좌초,1
치마,1
후발대,1
현혹,1
이빨,1
경이,1
가지바늘,1
편한,1
스카,1
투데이,1
음주운전,1
베누스,1
조수,1
가열,1
박준표,1
몸살,1
풍상,1
넙치,1
빌트인,1
꼭대기,1
민폐,1
풍월,1
선구,1
의원,1
선후,1
좌상,1
이스라,1
단경,1
로비,1
비바,1
성탄절,1
프론트,1
러그,1
견도,1
놀람,1
콜럼,1
조율,1
섭취,1
수저,1
클래식,1
편대,1
멍석,1
빵집,1
물밑,1
아바,1
천차만별,1
힐스,1
인코딩,1
멸치조림,1
퍼포먼스,1
복숭아,1
세상사,1
장내,1
호응,1
서민,1
별빛,1
문화원,1
딸내미,1
폴드,1
아시안,1
리알,1
소세지,1
안개비,1
지방질,1
올여름,1
고이기,1
센트,1
석탑,1
기관,1
지깅이,1
세용,1
상운리,1
골드,1
하이에나,1
허난설헌,1
주황색,1
이쑤시개,1
인물,1
호루라기,1
소망,1
재충전,1
난이도,1
점선,1
달비,1
야생초,1
감자조림,1
방사,1
새순,1
퍼즐,1
창건,1
청배,1
리스트,1
뒤풀이,1
미고,1
해수부,1
소매,1
맨손,1
파충류,1
마니아라,1
필레,1
피서지,1
근심,1
농어목,1
모바일,1
금어기,1
뱃멀미,1
공용,1
거제,1
국제선,1
초월,1
다신,1
검토,1
태평양,1
사계,1
오사카,1
혈안,1
연등,1
초곡항,1
분내,1
배가,1
학과,1
재현,1
구자,1
터치,1
관음굴,1
친목,1
보리밭,1
동지,1
밀리지,1
박이,1
재림,1
깨알,1
호리,1
풍어,1
분홍,1
전방,1
보노,1
중점,1
움직임,1
옷차림,1
불구,1
기념행사,1
브이,1
낙안,1
꽈배기,1
매점,1
신포,1
알알,1
비요,1
대기실,1
외손,1
휴업,1
개막,1
우편,1
용도지역,1
포대,1
칠판,1
성어,1
고모부,1
기재,1
주방장,1
기자단,1
정순,1
타올,1
북진,1
반팔,1
좌우,1
화환,1
뱃사람,1
깁니다,1
동남아,1
캐리,1
호랭이,1
토이,1
일본,1
신지,1
명분,1
통구,1
경매장,1
슬픔,1
정가,1
곰팡이,1
남동쪽,1
베리,1
살점,1
태클,1
출산,1
애순,1
세인트존스,1
로우지,1
현관,1
개인차,1
방문기,1
솔방울,1
아부,1
메꽃,1
면발,1
선후배,1
소통,1
호야,1
오두막,1
동원,1
셩수,1
채터,1
아이유,1
방영,1
자비,1
독수리,1
도깨비,1
체육관,1
판가름,1
귀빈,1
오봉산,1
코펠,1
정전기,1
몸통,1
한차,1
고스톱,1
방기,1
분비,1
휘리,1
성불,1
만수동,1
오아,1
중독자,1
오호,1
스쿠터,1
중무장,1
돌문,1
귀농,1
변수,1
의심,1
전전긍긍,1
산해진미,1
접객,1
구름다리,1
남서,1
렐라,1
명가,1
적재,1
치과,1
위쪽,1
결항,1
혈중,1
강영실,1
멜로디,1
전분가,1
업그레이드,1
잠결,1
생산량,1
상어,1
다공,1
쏘우,1
생활한복,1
면허증,1
타작,1
천공,1
찬도,1
그저께,1
하려,1
한국인,1
상습,1
차편,1
제청,1
업장,1
언강,1
배꽃,1
장판,1
폐막,1
짠맛,1
사춘기,1
이돈출,1
깻잎쌈,1
추도,1
불참,1
쌍둥이,1
마운틴뷰,1
방역,1
