word,counted
바다,369
여행,322
낙산해수욕장,300
해변,236
속초,236
낙산사,235
강현면,196
비치,195
해수욕장,174
예약,156
날씨,151
느낌,149
호텔,146
숙소,143
처음,133
가격,132
자리,131
모습,130
추천,129
맛집,129
동해,128
여름,125
가족,124
근처,121
기분,120
분위기,117
준비,114
화장실,114
전화,113
주차장,113
구경,112
요즘,111
보니,111
파도,111
바람,110
카페,108
커피,107
바닷가,106
마지막,103
일출,102
마음,102
거리,101
맞이,100
횟집,98
식당,94
이용,94
파티,93
제가,92
만족,91
친구,91
게스트,90
보기,90
지도,89
사실,88
주변,88
최고,86
한잔,85
하우스,85
입구,84
행복,84
만원,83
장소,83
주말,83
방문,82
음식,81
제일,81
출발,81
이랑,81
스팅,79
조식,79
서울,78
풍경,78
가지,77
안녕하세요,76
다음날,76
로비,75
식사,75
그런지,74
참고,74
겨울,74
주차,73
기본,73
편의점,73
하루,73
추억,72
시설,72
소개,72
힐링,69
사장,67
코스,67
기대,67
휴가,67
후기,66
산책,66
오랜만,65
하늘,64
지하,64
고민,64
선택,64
소리,64
완전,63
테이블,63
게스트하우스,63
침대,62
기억,61
사용,61
내부,60
공간,60
혼자,60
계획,59
고기,59
체크인,59
이름,59
아이들,58
얼마,58
마무리,57
이야기,57
손님,57
아래,57
여유,57
아이,57
오후,57
건물,56
오징어,56
옥상,56
모래,56
원래,56
점심,55
나름,55
강릉,54
필요,54
운영,54
서비스,54
대게,54
.com,54
구이,54
조금,54
친절,54
반찬,54
해수,53
종류,53
사랑,53
이건,53
숙박,53
관심,53
지금,52
무료,52
국물,51
걱정,51
매운탕,51
객실,50
맥주,49
감사,49
여름휴가,49
설악산,49
물놀이,49
예전,48
중간,48
동안,48
나무,48
이동,47
생선,47
샤워,46
이유,46
사우나,46
고고,46
마리,46
안내,46
개인,45
사이,45
청리,45
새우,45
동해안,45
소주,45
만큼,44
진리,43
엄마,43
추가,42
바닥,42
욕조,42
마운틴뷰,42
라면,42
전날,42
전체,42
검색,41
크기,41
냉장고,41
여자,41
소나무,41
등대,41
대표,40
오픈,40
서핑,40
안보,40
제공,40
남자,40
게임,39
모델링,39
감상,39
폴더,39
해주시,39
좋아서,39
저장,39
휴게,39
한곳,39
덕분,39
입맛,38
이서,38
관광,38
세트,38
전망,38
남편,38
조대,37
밑반찬,37
평일,37
테라스,37
직원,37
발견,37
체크아웃,37
자체,37
차로,37
오전,36
와인,36
마을,36
고속도로,36
상태,36
모래사장,36
낚시,36
분이,36
리조트,36
확인,36
공기,36
새벽,35
성수기,35
단체,35
지역,35
의상대,35
백사장,35
양양읍,34
블로그,34
구름,34
10분,34
해서,34
커플,34
등등,34
버스,34
욕실,33
인기,33
요리,33
인지,33
판매,33
부분,33
요기,33
불편,33
음료,32
도로,32
할인,32
경치,32
조명,32
컨디션,32
실내,32
성비,32
닭강정,32
포기,32
가슴,32
시장,32
등장,31
그네,31
인테리어,31
모듬,31
놀이,31
안쪽,31
예정,31
어메니티,31
일정,31
정리,31
입장료,31
편의,31
결정,31
한참,31
이제,31
수건,31
오빠,30
튀김,30
칫솔,30
강원,30
편안,30
설치,30
인증,30
포트,30
일반,30
캠핑,30
해수욕,29
피곤,29
자연,29
복도,29
샴푸,29
인원,29
토요일,29
한번,29
광어,29
관광객,29
와서,29
전국,29
나중,29
센터,29
부부,29
언니,29
입장,29
더블,29
-1,29
관음,29
여행지,28
진행,28
모두,28
바닷물,28
포함,28
소원,28
주소,28
아빠,28
명소,28
가게,28
천원,28
첫날,28
해산물,28
해장,28
기가,28
국내,28
삼겹살,28
인근,28
투어,28
커튼,27
센스,27
조개,27
말씀,27
메인,27
푸른,27
그릇,27
감동,27
침구,27
대부분,27
연락,27
자랑,27
곳도,27
그때,27
배정,27
레스토랑,27
규모,27
니다,27
노래,26
창문,26
햇빛,26
멍게,26
그림,26
김치,26
남대천,26
드라이,26
촬영,26
문의,26
나이,26
운전,26
안전,25
얼굴,25
이다,25
장점,25
이때,25
순대,25
옛날,25
-2,25
행사,25
필수,25
순간,25
재미,25
야외,25
다리,25
왼쪽,25
설악,25
텐트,25
얘기,25
외관,25
럭스,25
체험,25
설명,25
새해,25
제한,25
마련,25
부족,25
블루,24
아이스,24
네이버,24
작년,24
바퀴,24
냄새,24
단위,24
얼음,24
이후,24
경험,24
방향,24
아쉬움,24
매력,24
활어,24
양념,24
터미널,24
가자미,24
휴가철,24
우리나라,24
여기저기,24
내일,24
바닷바람,24
기도,24
휴식,24
패밀리,24
배경,24
계절,24
황태,24
콘도,23
아들,23
가을,23
대신,23
저번,23
치약,23
기전,23
세상,23
아기,23
해안,23
동생,23
머리,23
사이즈,23
중앙시장,23
오신,23
창가,22
구매,22
양이,22
정보,22
아이스크림,22
치즈,22
에어컨,22
각종,22
이예,22
바로,22
곳곳,22
표정,22
기간,22
해돋이,22
칼국수,22
오시,22
계곡,22
분도,22
스타,22
부담,22
해물,22
그늘,22
금요일,22
타임,22
건지,22
샐러드,22
인파,22
부탁,22
대포항,22
요금,22
오른쪽,22
튜브,22
가도,22
건강,21
시각,21
어제,21
키즈,21
시가,21
관계,21
대기,21
안주,21
대박,21
남은,21
주문진,21
하기,21
정신,21
구비,21
드릴,21
안녕,21
방파제,21
마차,21
분리,21
막국수,21
전복,21
성인,21
페스티벌,21
야채,21
방법,21
불꽃놀이,21
부산,21
한샘,21
대비,21
로션,21
장난,21
신발,21
속초시,20
즐거움,20
초록,20
감자,20
문어,20
시기,20
과일,20
희망,20
먹거리,20
접시,20
영상,20
생수,20
포장,20
라메,20
완벽,20
가운,20
경우,20
부스,20
사서,20
홍게,20
2시,20
산책로,20
비오,20
구성,20
다행,20
축제,20
연결,20
모텔,20
계란,20
연휴,20
절대,19
연산,19
우럭,19
당일,19
양도,19
비용,19
꿀맛,19
한눈,19
비교,19
초밥,19
대로,19
목적지,19
베드,19
계단,19
연인,19
패스,19
전주,19
개월,19
아메리카노,19
여성,19
생태,19
운치,19
와도,19
인가,19
호로,19
오션,19
바위,19
가운데,19
단풍,19
인제,19
세면대,19
최대,18
내용,18
영화,18
고생,18
기회,18
커피숍,18
부대시설,18
치킨,18
어른,18
뷰로,18
샤워실,18
거실,18
인생,18
고급,18
표현,18
약간,18
볼거리,18
.kr,18
동네,18
기념,18
세팅,18
공연,18
낙산항,18
관광지,18
동영상,18
환상,18
포인트,18
카메라,18
수영,17
세탁실,17
홈페이지,17
수도,17
소스,17
북적,17
메밀,17
가자,17
바깥,17
포토,17
음식점,17
인수,17
가시,17
금액,17
모양,17
인상,17
소식,17
와우,17
게딱지,17
태풍,17
조형물,17
프론트,17
정식,17
뷔페,17
무지,17
관리,17
파란,17
별미,17
사고,17
비도,17
한식,17
전화번호,17
거울,17
노력,16
도보,16
산불,16
앞쪽,16
쇼파,16
춘천,16
비누,16
체크,16
양양가,16
1박 2일,16
일상,16
노래방,16
회사,16
운동,16
장사,16
수준,16
간식,16
아무도,16
하나,16
현장,16
해결,16
공원,16
물고기,16
갈매기,16
옷장,16
영업시간,16
주시,16
고성,16
일요일,16
길이,16
의미,16
주인,16
절경,16
가니,16
모임,16
개장,16
취향,16
공사,16
아이와,16
어린이,16
상상,15
캠핑장,15
마트,15
생활,15
아저씨,15
시즌,15
볶음밥,15
전경,15
실망,15
국수,15
상품,15
경포대,15
해장국,15
요청,15
군데,15
인당,15
불가,15
의자,15
횟감,15
내년,15
가면,15
유명,15
패키지,15
크림,15
신경,15
이벤트,15
무렵,15
디워,15
당일치기,15
린스,15
마운틴,15
스타일,15
싱글,15
리뷰,15
난리,15
수다,15
연말,15
인정,14
식구,14
스탭,14
카드,14
잠자리,14
신나,14
실수,14
진짜,14
꽁치,14
후문,14
수족관,14
청소,14
커서,14
이것저것,14
부모,14
이정,14
쿠폰,14
터널,14
침실,14
인터넷,14
지인,14
설겆이,14
구조,14
한입,14
비수,14
젓갈,14
만해,14
하면,14
정상,14
피해,14
회랑,14
투숙객,14
8월,14
지난번,14
여행가,14
고요,14
비쥬,14
인분,14
한편,14
음악,14
그중,14
피서,14
.co,14
미니,14
자전거,14
한여름,14
일몰,14
한쪽,14
차이,14
가야,14
7월,14
가능,14
장관,14
손질,14
가보,14
픽업,14
맛나,14
아주머니,14
열기,13
이불,13
생일,13
이도,13
진심,13
성공,13
별도,13
피자,13
약속,13
아니,13
물치항,13
조합,13
상추,13
육수,13
인연,13
시내,13
지난주,13
도움,13
온돌방,13
솔밭,13
지로,13
화재,13
맞은편,13
이틀,13
기타,13
소문,13
간판,13
종일,13
일출로,13
나니,13
오토,13
대여,13
햇살,13
온돌,13
창밖,13
서울로,13
방도,13
과자,13
녀석,13
군가,13
평소,13
비밀,13
된장찌개,13
슬리퍼,13
완료,13
영업,13
당시,13
컵라면,13
취소,13
금강산,13
가요,12
오니,12
젓가락,12
파라솔,12
조심,12
이해,12
이모,12
시골,12
도시,12
앞으로,12
방송,12
조각,12
시대,12
동해대로,12
애기,12
낭만,12
사항,12
하늘정원,12
포즈,12
점심시간,12
편리,12
더위,12
제철,12
마늘,12
신랑,12
기록,12
먹방,12
한동안,12
제주도,12
무침,12
야영장,12
고등어,12
요건,12
핸드폰,12
계속,12
주민,12
최선,12
감탄,12
돌고,12
제품,12
하룻밤,12
전망대,12
가까이,12
외부,12
마카롱,12
-5,12
바가지,12
한지,12
언덕,12
매콤,12
문제,12
월요일,12
우측,12
마감,12
순두부,12
죽도,12
비빔밥,12
수영장,12
선호,12
나머지,12
만석,12
인해,11
이만,11
듯이,11
강아지,11
정문,11
피로,11
동호,11
기운,11
주위,11
라이,11
아래쪽,11
두부,11
스트레스,11
군더더기,11
여름철,11
버섯,11
년대,11
짬뽕,11
고추,11
미세먼지,11
고객,11
정자,11
후회,11
개통,11
바라,11
매장,11
기약,11
돼지,11
낮잠,11
수산항,11
자락,11
진한,11
조산리,11
내음,11
피서객,11
보드,11
옥수수,11
코앞,11
참여,11
중앙,11
헬스,11
눈앞,11
주방,11
결혼,11
고향,11
호박,11
대관령,11
찌개,11
한장,11
이전,11
베이,11
택시,11
신분,11
장도,11
와중,11
좋은 날,11
전진,11
여럿,11
일차,11
비주얼,11
재료,11
오색,11
버거,11
된장,11
해주,11
주저,11
정원,11
가드,11
리필,11
흡입,11
사찰,11
고개,11
링크,10
걷기,10
신청,10
전병,10
막걸리,10
동반,10
자극,10
결과,10
가방,10
베란다,10
가로,10
송이,10
드라이브,10
전신,10
정면,10
안개,10
미역국,10
폭염,10
야식,10
스텝,10
한국,10
갈비,10
모던,10
수심,10
노을,10
관람,10
감성,10
안나,10
클릭,10
음료수,10
연어,10
도미,10
광장,10
리스,10
여행객,10
의사,10
오기,10
직전,10
10월,10
변경,10
5월,10
교동,10
욕심,10
에선,10
대형,10
헤어,10
형태,10
로스팅,10
상차림,10
해먹,10
와이프,10
자신,10
인사,10
전기,10
오락실,10
항구,10
점프,10
일행,10
수제,10
단점,10
결제,10
엘리베이터,10
금지,10
색깔,10
무대,10
갈비탕,10
관음보살,10
배낚시,10
하트,10
돌아오는 길,10
오랫만,10
회의,10
왼편,10
추위,10
원두,10
이스,10
전라도,10
현관,10
선사,10
벚꽃,10
입수,10
수산,10
작품,10
하네,9
내장,9
탐방,9
칭찬,9
위험,9
환영,9
복귀,9
소파,9
한방,9
야영,9
빙수,9
조절,9
송림,9
대교,9
선물,9
어촌,9
한가지,9
퇴근,9
만두,9
화이트,9
무한,9
예술,9
기사,9
산행,9
조리,9
경관,9
지경,9
신이,9
크리스마스,9
와이파이,9
냉면,9
민박,9
묵사발,9
관동팔경,9
미리,9
당근,9
발코니,9
뒤쪽,9
해지,9
장이,9
숙박업소,9
차량,9
보트,9
아무것,9
홍합,9
마다,9
청결,9
소요,9
상황,9
사발,9
유일,9
서로,9
작업,9
장가,9
목욕,9
면봉,9
마스코트,9
그동안,9
며칠,9
이미지,9
울산,9
랜드,9
중심,9
단골,9
고찰,9
작성,9
도전,9
구입,9
소라,9
골목,9
다운,9
전문점,9
명태,9
그날,9
불상,9
갈수,9
계란찜,9
군침,9
원통,9
볶음,9
보지,9
충전,9
위주,9
생맥주,9
좌석,9
디자인,9
형님,9
신라,9
하나로,9
비품,9
통유리,9
멸치,9
사가,9
전반,9
장면,9
소금,9
동시,9
가와,9
평창,9
좌측,9
수산물,9
다시,9
발자국,9
철수,9
보관,8
포켓몬,8
숙박비,8
부근,8
위생,8
출근,8
여러분,8
빨래,8
만남,8
보세,8
평온,8
과정,8
불어,8
정성,8
금고,8
만끽,8
데이트,8
보통,8
소통,8
어르신,8
이곳저곳,8
이면,8
이웃,8
집중,8
태양,8
안정,8
벽화,8
지불,8
국밥,8
초보,8
인줄,8
폭풍,8
동명,8
세탁,8
서해,8
온도,8
케익,8
하구,8
전통,8
등대도,8
예뻐서,8
세계,8
구역,8
뒷편,8
결론,8
즉석,8
잠깐,8
3분,8
정말,8
뚝배기,8
드라마,8
감칠맛,8
유지,8
블라인드,8
차례,8
중인,8
우치,8
나물,8
뒷모습,8
공지,8
위쪽,8
표시,8
대구,8
바지,8
폭죽,8
조성,8
구분,8
지상,8
합류,8
해외,8
전시,8
한판,8
방방,8
번주,8
단장,8
카운터,8
보그,8
무더위,8
역사,8
센타,8
일품,8
산이,8
추석,8
디그,8
수제비,8
후식,8
수영복,8
남녀,8
공유,8
소망,8
타이밍,8
유리,8
리가,8
3월,8
약수,8
하진,8
기와,8
날치,8
소인,8
믿음,8
포장마차,8
작정,8
소고기,8
해진,8
숙취,8
현북면,8
잠시,8
탁트인,8
주중,8
돗자리,8
화장,8
감자떡,8
수평선,8
자유,8
무리,8
인천,8
남애항,8
껍질,8
시반,8
케이블카,7
장비,7
골뱅이,7
리에,7
왕복,7
시선,7
사와,7
4월,7
녹차,7
케이크,7
주관,7
오호,7
해당,7
주년,7
벤치,7
안내문,7
일대,7
정돈,7
의상,7
하니,7
용품,7
경기도,7
시원,7
전자레인지,7
성격,7
평화,7
주인공,7
이나,7
주전부리,7
가수,7
뚜껑,7
온몸,7
본인,7
시외버스,7
관동,7
길목,7
취사,7
지점,7
장과,7
전면,7
9월,7
일주일,7
남해,7
우유,7
건너편,7
불꽃,7
무트,7
너머,7
정동진,7
자자,7
군대,7
디저트,7
베이컨,7
인접,7
콘센트,7
오자,7
해송,7
단독,7
라운지,7
발길,7
전골,7
날짜,7
스키,7
모형,7
정비,7
미니바,7
미역,7
발도,7
절벽,7
파크,7
양파,7
뒤편,7
흔적,7
사리,7
시도,7
목장,7
유래,7
순식간,7
참가자,7
인형,7
흥분,7
방식,7
클럽,7
피트니스,7
한계령,7
피서지,7
사계절,7
지방,7
불교,7
모델,7
효과,7
불빛,7
사천,7
탈수,7
변화,7
한창,7
영동,7
간장,7
스팟,7
서서,7
고도,7
박스,7
불고기,7
천장,7
감기,7
단지,7
회덮밥,7
수요일,7
동서울,7
호떡,7
전문,7
대체,7
복원,7
공영,7
활동,7
미시령,7
각도,7
이외,7
빛깔,7
내면,7
형상,7
보전,7
종이,7
천국,7
남녀노소,7
고장,7
양해,7
아버지,7
미끼,7
할머니,7
사온,7
가평,7
집으로,7
연못,7
실패,7
오산,7
국도,7
소실,7
배우,7
자주,7
실력,7
부킹,7
시절,7
부위,7
손양면,7
쓰레기,7
독도,7
주의,7
환경,7
선상,7
코너,7
성지,7
바다색,7
전부,7
놀이방,7
다짐,7
라인,7
돼지갈비,7
소화,7
방안,7
서울양양고속도로,7
눈치,7
창건,7
채소,7
기상,7
출연,7
아줌마,7
연출,7
밥상,6
솜씨,6
자세,6
지정,6
엄지,6
낚시대,6
요새,6
여름날,6
기로,6
출입,6
꽃게,6
온수,6
실제,6
야구,6
이하,6
타기,6
비와,6
미터,6
천년,6
민족,6
소품,6
워터,6
외국인,6
산채,6
경기,6
화이팅,6
지번,6
별거,6
해물탕,6
방면,6
박물관,6
특유,6
화장대,6
북쪽,6
미소,6
시간표,6
가에,6
힙합,6
전세,6
회복,6
도면,6
변기,6
우등,6
기념사진,6
한대,6
공개,6
6월,6
위해,6
홍보,6
누룽지,6
브이,6
주니어,6
핸드,6
차지,6
사적,6
이동하,6
고소,6
다이어트,6
다다,6
통째,6
거품,6
기원,6
외국,6
난 주,6
가구,6
아바이,6
에이드,6
간다,6
커텐,6
보충,6
초보자,6
반대편,6
소세지,6
리어,6
당황,6
특산물,6
대명,6
대전,6
탕이,6
뉴스,6
연꽃,6
가가,6
문화재,6
잘 먹었습니다,6
대중,6
남자친구,6
순이,6
벽면,6
탁구장,6
곤충,6
가위바위보,6
실화,6
명칭,6
여자친구,6
동선,6
탈의실,6
목적,6
연속,6
노트북,6
동심,6
마니,6
도구,6
먼지,6
수저,6
사과,6
완성,6
절임,6
제맛,6
실시간,6
무지개,6
우리집,6
제외,6
좋은 하루,6
삼촌,6
요원,6
웃음,6
어종,6
참가,6
축하,6
매니,6
즈음,6
데스크,6
마찬가지,6
원조,6
구명조끼,6
땡볕,6
한가운데,6
유튜브,6
문화,6
나비,6
현지,6
상담,6
아주,6
대리,6
모금,6
옷걸이,6
여행기,6
체력,6
초장,6
쌈장,6
서면,6
착각,6
일부,6
박하,6
걸음,6
12월,6
백숙,6
고려,6
배려,6
오리,6
토리,6
조화,6
하지,6
모자,6
양쪽,6
투척,6
브레이크,6
레저,6
대청봉,6
물이,6
일회,6
이기,6
자동차,6
요번,6
머리카락,6
가성,6
서랍,6
예상,6
반대쪽,6
2월,6
접근성,6
측면,6
대가,6
스포츠,6
대화,6
히터,6
옆쪽,6
조미료,6
술안주,6
광고,6
신고,6
속살,6
하륜,6
종료,6
작가,6
지만,6
갈대밭,6
잡기,6
하루하루,6
메밀국수,6
주인장,6
가루,6
하이라이트,6
성황,6
무시,6
수육,6
이신,6
유적,6
손맛,6
의견,6
사랑해,6
못가,6
후라이,6
오산리,6
에도,6
특징,6
지그,6
게살,6
20대,6
구석구석,6
할거,6
인심,6
관세음보살,6
왕건,6
숯불,6
테마,6
먹이,6
시리얼,6
한숨,6
지순,6
참새,6
퓨전,6
세번,6
레이스,6
햇볕,6
다음번,6
전쟁,6
다래,5
왕창,5
주니,5
아가,5
강제,5
여분,5
야경,5
연인들,5
11월,5
공용,5
데이,5
앞바다,5
약시,5
발전,5
어선,5
머그잔,5
의심,5
오동,5
양보,5
기름,5
경쟁,5
아바이마을,5
우산,5
햄버거,5
공식,5
목표,5
배터리,5
청양고추,5
폭죽놀이,5
대사,5
장치,5
현금,5
전각,5
장거리,5
밥집,5
건조대,5
님과 함께,5
단맛,5
강릉시,5
영광정,5
간직,5
흡연,5
러시아,5
목욕탕,5
공양,5
통제,5
주의보,5
리얼,5
선생님,5
딸기,5
뮤지,5
베이커리,5
말로,5
대한민국,5
묘미,5
딱지,5
마시,5
초등학생,5
왕새우,5
개발,5
사이트,5
주스,5
카페베네,5
누가,5
샌드위치,5
감나무,5
입가심,5
종합,5
회식,5
멤버,5
친정,5
석탑,5
루프,5
길가,5
프라이,5
극성,5
밸리,5
사시,5
발걸음,5
현실,5
임산부,5
영하,5
간의,5
옆집,5
브랜드,5
보물,5
내야,5
오세,5
분만,5
차라,5
가보세,5
담당,5
열대야,5
설레임,5
템플스테이,5
초딩,5
이점,5
작전,5
위로,5
스프,5
대중교통,5
이맘때,5
어린아이,5
시스템,5
그린,5
장식,5
오른편,5
들로,5
백반,5
애견,5
하늘과 바다,5
안목,5
지붕,5
박은,5
막내,5
우정,5
지라,5
월드,5
지지,5
인시,5
티백,5
도심,5
미천,5
롯데,5
마당,5
클렌징,5
키로,5
가정집,5
테이크아웃,5
원형,5
새끼,5
장만,5
번호,5
원산지,5
방앗간,5
티켓,5
물속,5
해질녘,5
기계,5
숭어,5
물건,5
현남면,5
목소리,5
조선,5
일회용품,5
해수탕,5
입안,5
회로,5
부페,5
현수막,5
연주,5
가리비,5
나가,5
특설,5
외출,5
겨울철,5
호실,5
빗방울,5
사이드,5
사업,5
고니,5
이고,5
풀이,5
떡국,5
도서관,5
풍선,5
더더,5
열정,5
간만,5
에그,5
파전,5
이사,5
식탁,5
댓글,5
압도,5
도깨비,5
내용물,5
타전,5
잠도,5
글자,5
태안,5
로한,5
어치,5
철이,5
산골,5
목살,5
보쌈,5
동남아,5
새소리,5
일본,5
방산,5
주 주,5
인도,5
신발장,5
스페셜,5
1년,5
강화,5
발리,5
글씨,5
회원,5
입시,5
비바람,5
우회,5
난방,5
식혜,5
호수,5
쿠션,5
형성,5
광수산,5
남지,5
비데,5
프랑스,5
온천,5
당장,5
심플,5
보구,5
보소,5
숙면,5
한계,5
쌀밥,5
프로,5
사악,5
피부,5
맛깔,5
정착,5
순서,5
글램,5
즉흥,5
표지판,5
마주,5
과거,5
진해,5
2년,5
스님,5
우동,5
칵테일,5
참조,5
지원,5
바다낚시,5
아드님,5
최신,5
상주,5
과음,5
양식,5
훈제,5
이집,5
식후경,5
상가,5
대회,5
근무,5
사비,5
유일한,5
아웃,5
개최,5
피크,5
꿈나라,5
해소,5
특가,5
베스트,5
초대,5
영향,5
한우,5
가오,5
아름,5
무게,5
이색,5
초반,5
전용,5
단골집,5
정재,5
번지,5
고지,5
우울,5
정류장,5
막바지,5
마음속,5
여정,5
농구,5
호강,5
안고,5
광주,5
자구,5
운행,5
수치,5
집게,5
사전,5
누나,5
이득,5
낙산도립공원,5
노선,5
에 산,5
출동,5
팡팡,5
공감,5
현지인,5
인용,5
진열,5
아스,5
주차공간,5
곡선,5
이든,5
빨래건조대,5
양념장,5
여치,4
노래자랑,4
브레드,4
참기름,4
허물,4
소예,4
세탁기,4
건더기,4
직행,4
활용,4
핑크,4
어둠,4
동종,4
냉동,4
알바,4
가량,4
세월,4
게도,4
연초,4
소음,4
사기,4
응대,4
설거지,4
출입구,4
쉼터,4
한마디,4
담요,4
장사항,4
경내,4
미술,4
행선지,4
플로,4
하얀색,4
구석,4
증말,4
로컬,4
문구,4
베리,4
복구,4
비즈니스,4
개시,4
대지,4
대안,4
수상,4
칠리,4
만족감,4
보장,4
충실,4
광정리,4
다합,4
감과,4
비고,4
컨셉,4
차단,4
땡큐,4
제사,4
싸구려,4
업그레이드,4
복이,4
정답,4
아고다,4
산다,4
차림,4
스카이,4
고속버스,4
그리워,4
군인,4
아트,4
출장,4
포크,4
지나,4
백담사,4
도둑,4
높이,4
전화기,4
반신,4
공주,4
화분,4
몬스터,4
인스타그램,4
개조,4
여태,4
밤새,4
눈물,4
인구,4
입욕,4
바지락,4
결혼식,4
상태도,4
오름,4
보스,4
연수원,4
이자,4
사라,4
시경,4
등록,4
이리,4
게장,4
명성,4
메리트,4
점심때,4
기구,4
반복,4
천사,4
카펫,4
게임방,4
동상,4
취침,4
토스트,4
고통,4
바닷길,4
투명,4
건어물,4
개불,4
신년,4
빌어,4
.me,4
조사,4
초입,4
오오,4
진동,4
아동,4
채널,4
관찰,4
손수,4
언급,4
안내판,4
신자,4
백양회,4
공항,4
여념,4
행위,4
남자들,4
빗소리,4
초코,4
리더,4
2019년,4
기온,4
몸통,4
신흥사,4
후진항,4
나위,4
하심,4
밴드,4
먹을거리,4
곰배령,4
군것,4
큰소리,4
조림,4
생략,4
스크램블,4
설탕,4
등급,4
지식,4
보고싶다,4
롤리,4
베개,4
등산,4
신묘,4
마무,4
올여름,4
변신,4
연등,4
조준,4
고가,4
표고버섯,4
클래식,4
귀염둥이,4
지대,4
모기,4
보이,4
배달,4
그림자,4
곰탕,4
후추,4
데코,4
덩이,4
여름밤,4
주류,4
비지,4
-4,4
블루베리,4
역할,4
발생,4
주가,4
암자,4
삼각대,4
진입,4
유모차,4
오봉산,4
자녀,4
포구,4
명산,4
한군데,4
결심,4
등심,4
도령,4
뜻밖,4
다리미,4
8월 2일,4
아아,4
비보,4
가로등,4
직접,4
소도,4
와이,4
에어포트,4
시설물,4
소가,4
낙산사 동종,4
오천,4
초가,4
명함,4
김밥,4
예보,4
새해맞이,4
최대한,4
주제,4
범종,4
예뻐,4
반려,4
아이폰,4
휴일,4
휴양,4
도립공원,4
잘못,4
거지,4
원피스,4
부실,4
발라,4
잡지,4
안심,4
최악,4
순두부찌개,4
시험,4
도시락,4
젤라,4
스무디,4
로망,4
이안,4
댄스,4
기승,4
장마,4
수업,4
고운,4
하산,4
퓨저,4
건립,4
비가,4
머니,4
솥밥,4
프로그램,4
토마토,4
불만,4
구멍,4
구간,4
감회,4
정선,4
자라,4
세면도구,4
단어,4
마켓,4
영동고속도로,4
카라,4
라구,4
이용한,4
옹치,4
리릭,4
가치,4
봉지,4
스토리,4
이국,4
장인,4
파티장,4
셋트,4
용왕,4
안경,4
유명한,4
깍두기,4
하면 된다,4
셀프,4
담소,4
신축,4
적용,4
양말,4
환불,4
자몽,4
황금,4
수정,4
이브,4
산속,4
파워,4
풋살,4
글귀,4
용해,4
여우,4
의정부,4
닭볶음탕,4
조건,4
포차,4
약수터,4
대망,4
초행,4
세대,4
거북이,4
트리,4
여명,4
식기,4
데일리,4
직장,4
수기,4
매표소,4
고구마,4
개별,4
해양,4
바우,4
계산,4
청량,4
시야,4
껍데기,4
청초,4
워터파크,4
커피잔,4
블러,4
앞마당,4
다라,4
양은,4
전문가,4
강남,4
양서,4
당첨,4
깻잎,4
재건,4
IC,4
사해,4
외옹치항,4
경계,4
안성맞춤,4
7월 12일,4
연락처,4
최상,4
명물,4
미션,4
상인,4
기기,4
7월 31일,4
짙은,4
날개,4
이지,4
삼매,4
복불복,4
달래,4
원룸,4
통일전망대,4
야유회,4
나라,4
어머니,4
혜자,4
큰일,4
강습,4
봄이,4
강정,4
평가,4
남쪽,4
동이,4
현상,4
삼척,4
자판기,4
쥬스,4
소함,4
컴퓨터,4
작동,4
원주,4
어젯밤,4
늦잠,4
동동주,4
사냥,4
자연휴양림,4
육개장,4
택배,4
정화,4
만점,4
키조개,4
거짓말,4
모닝,4
산촌,4
반도,4
방어,4
머신,4
상당,4
리셉션,4
모래시계,4
이여,4
개방,4
사주,4
각지,4
컴백,4
바닷,4
유치원,4
법당,4
도라지,4
장날,4
장님,4
코리아,4
30,4
블로거,4
적극,4
알람,4
양의,4
쓸모,4
색상,4
달리기,4
기존,4
골드,4
두근두근,4
포식,4
안함,4
전시관,4
주택,4
선정,4
에메랄드,4
장난감,4
콩나물,4
액자,4
불안,4
멘붕,4
미술관,4
성급,4
숟가락,4
둥둥,4
주일,4
돌이,4
하하하,4
신분증,4
술집,3
기암,3
시골집,3
스푼,3
세제,3
티슈,3
활기,3
코다,3
룰루랄라,3
이슬,3
자부심,3
대서,3
감흥,3
충격,3
생선회,3
탐정,3
바깥쪽,3
선반,3
갈라,3
호객,3
초토화,3
까꿍,3
선풍기,3
토종닭,3
톨게이트,3
개인택시,3
간격,3
참석,3
정취,3
놀림,3
래미,3
교환,3
건배,3
재난,3
배꼽,3
보정,3
청정,3
친정엄마,3
리터,3
마룻바닥,3
허리,3
기절,3
과언,3
분리수거,3
실내화,3
엉망,3
책상,3
현대,3
근육,3
게으름,3
떡볶이,3
수납공간,3
품절,3
유료,3
소바,3
보리암,3
어느날,3
식욕,3
복숭아,3
렌즈,3
선장,3
증거,3
보금자리,3
반성,3
연상,3
패티,3
그랑,3
배치,3
이마트,3
프런트,3
비치발리볼,3
슬픔,3
반응,3
영자,3
두도,3
몸무게,3
게시물,3
주무,3
수납장,3
델피,3
윤구,3
일기,3
폭발,3
각자,3
가위,3
눈꽃,3
사랑합니다,3
1.5,3
도중,3
경이,3
정거장,3
발사,3
귀여워,3
들보,3
사시미,3
우리말,3
매트리스,3
여수,3
강의,3
기부,3
밀집,3
연예인,3
명예,3
사정,3
예방,3
반기,3
줄기,3
모래성,3
나열,3
제작,3
할아버지,3
등불,3
벽걸이,3
반값,3
절정,3
방석,3
콜택시,3
오르막,3
유선,3
도배,3
일기예보,3
문자,3
싼값,3
8월 1일,3
중앙로,3
버티고,3
소환,3
슈퍼,3
설악항,3
후에,3
돼지고기,3
한글,3
처리,3
행복합니다,3
코코,3
본건,3
요즈음,3
비린내,3
콜라,3
편지,3
나리,3
요로,3
용도,3
환전,3
운영자,3
보문사,3
교육,3
워크,3
일명,3
레인,3
3년,3
목요일,3
타입,3
보일,3
대하,3
사무실,3
반바지,3
자작나무,3
통과,3
모드,3
바게트,3
건조,3
트릭,3
푸른빛,3
식초,3
휴양지,3
스파,3
으뜸,3
낙지,3
빨강,3
시식,3
파리,3
건식,3
보유,3
지니,3
진다,3
관객,3
우주,3
발목,3
엄두,3
낙산사홍련암,3
사준,3
만족도,3
형제,3
임신,3
불도,3
폭우,3
샴페인,3
길거리,3
실속,3
도로로,3
미래,3
방울,3
머구리,3
운동화,3
색감,3
고성군,3
설계,3
코기,3
어려움,3
간접,3
보일러,3
짜증,3
정수기,3
오메가,3
경포,3
의향,3
퍼스트,3
화랑,3
한정,3
노랑,3
개수대,3
젊은이들,3
방바닥,3
오미,3
고대,3
풍광,3
치명,3
인터파크,3
유람선,3
볼일,3
눈길,3
둥지,3
의욕,3
상징,3
오뚜기,3
기라,3
자재,3
샤워기,3
기지,3
비룡,3
고기잡이,3
갈증,3
킬러,3
테이크,3
색도,3
수질,3
매트,3
피아,3
출처,3
헤엄,3
탄신일,3
손길,3
신사,3
서빙,3
청춘,3
피싱,3
레벨,3
돌고래,3
한파,3
윗층,3
재주,3
교통,3
통화,3
기쁨,3
위안,3
수관,3
동물,3
시인,3
일광욕,3
리라,3
허허,3
메리,3
타오,3
동화,3
포스,3
양시,3
간반,3
용기,3
방음,3
전이,3
감자탕,3
파노라마,3
가이,3
남매,3
서치,3
망대,3
등에,3
의지,3
예불,3
아삭,3
배타,3
향기,3
겨자,3
베이스캠프,3
동전,3
편육,3
간지,3
오토바이,3
플라스틱,3
금연,3
활성,3
오래,3
만화,3
매시,3
거래,3
지갑,3
앞치마,3
내리,3
이동한,3
이정식,3
바이킹,3
발휘,3
야간,3
로만,3
매점,3
랜덤,3
허기,3
투숙,3
뱃속,3
바알,3
자동,3
영양,3
흥부,3
몽사,3
세차,3
오이,3
말세,3
꼬리,3
옛길,3
장맛,3
부자,3
강풍,3
부추,3
버튼,3
실외,3
국가,3
항공,3
무장,3
동참,3
중고,3
도망,3
침낭,3
셔터,3
만세,3
안타,3
8월 5일,3
탄산수,3
대접,3
기둥,3
캠프,3
파인애플,3
예술인,3
부지런,3
피톤치드,3
용서,3
내기,3
버터,3
기념식,3
구정,3
다사다난,3
애용,3
반주,3
차려,3
마르,3
평형,3
맛살,3
비어,3
중년,3
더덕,3
하루만,3
빨대,3
고속,3
살로,3
요구르트,3
경품,3
근래,3
발행,3
크림치즈,3
준비물,3
정해,3
두께,3
쪽빛,3
구축,3
드립 커피,3
즐거운 하루,3
문도,3
신건,3
대량,3
습관,3
맥심,3
섭취,3
어묵,3
케이스,3
전환,3
관리자,3
1월 1일,3
서요,3
무인,3
용인,3
생명,3
무진장,3
근접,3
동서울터미널,3
놀이터,3
하와이,3
바보,3
뿌리,3
마인드,3
그루,3
타이거,3
쏘주,3
라이드,3
깨알,3
모모,3
경력,3
마구마구,3
정가,3
이용하,3
시청,3
공수,3
코드,3
안과,3
농부,3
패딩,3
지은,3
회의실,3
트렌드,3
기능,3
대리석,3
토박이,3
심곡항,3
장모,3
입력,3
스위치,3
노란색,3
안내소,3
아바,3
입성,3
경유,3
멋쟁이,3
이래,3
동산,3
보람,3
인원수,3
비결,3
윤기,3
배추,3
뮤지컬,3
살다가,3
진국,3
주말여행,3
8월 3일,3
음주,3
남짓,3
추측,3
돌산,3
입간판,3
에드,3
산도,3
수면,3
치즈버거,3
명승,3
보나,3
독감,3
캐리어,3
풍력,3
오우,3
홀로,3
행복감,3
성시경,3
연애,3
유자,3
그니,3
한텐,3
성장,3
기자,3
해바라기,3
새싹,3
먹구름,3
처음처럼,3
이어,3
단계,3
블룸,3
정작,3
유아,3
회장,3
마시기,3
일시,3
동호회,3
어로,3
최적,3
가평리,3
무말랭이,3
이쯤,3
매매,3
주기,3
가나,3
노후,3
귀차니즘,3
바나나보트,3
고등학교,3
다이빙,3
종식,3
여행길,3
반대,3
탕수육,3
고래,3
학생,3
노시,3
하나에,3
제비,3
아악,3
한시,3
요리사,3
희생,3
신비,3
녹지,3
나들,3
제주,3
동쪽,3
나가야,3
석도,3
마루,3
세수,3
이튿날,3
술자리,3
알콜,3
장의,3
재배,3
일원,3
한순간,3
내역,3
담배,3
아니야,3
전시장,3
수고,3
렌트,3
시합,3
아까,3
족구,3
부른다,3
오래전,3
사이다,3
조기,3
만개,3
카트,3
물기,3
양옆,3
흰색,3
일체,3
어머님,3
절반,3
상관,3
최종,3
전복죽,3
갈치,3
몸매,3
모닝콜,3
건축,3
컬러,3
서해안,3
하윤,3
대국,3
장엄,3
룰렛,3
낯선,3
장용,3
정직,3
가족사진,3
열갱이,3
오프,3
지구,3
첨부,3
롯데리아,3
걸이,3
뒷면,3
도나,3
꼬마,3
후배,3
경제,3
국립공원,3
공부,3
부처,3
향도,3
주세,3
석이,3
프리,3
긴장,3
거부감,3
쿠팡,3
한번쯤,3
찬바람,3
가짓수,3
아가씨,3
조회,3
문무왕,3
짝꿍,3
레일,3
훈련,3
보존,3
달기,3
시크릿,3
한때,3
도토리묵,3
모란,3
선착순,3
첫날밤,3
스낵,3
인덕션,3
지느러미,3
사색,3
전도,3
학교,3
이즈,3
고독,3
좋은사람,3
리그,3
분수대,3
분해,3
00,3
종교,3
지속,3
학년,3
자차,3
발바닥,3
지기,3
네이버 지도,3
홍예문,3
먹물,3
두꺼비,3
김치찌개,3
지부,3
대나무,3
사격,3
장아찌,3
해도,3
보살,3
빈티지,3
주체,3
키카,3
호두과자,3
아시,3
무단,3
그라운드,3
가득,3
미각,3
바이크,3
너울,3
편견,3
업체,3
근심,3
대인,3
식물,3
향기도,3
태교,3
양송이,3
자정,3
보호,3
시부모,3
싱크대,3
질도,3
손색,3
채운,3
저작권,3
상추쌈,3
주전,3
다만,3
소맥,3
유럽,3
우려,3
심정,3
집적,3
연극,3
표기,3
영혼,3
파마,3
트레킹,3
푸딩,3
살인,3
늦가을,2
드라이어,2
흡연자,2
뒷풀이,2
원인,2
외곽,2
발음,2
기초,2
헤븐,2
두부전골,2
모래밭,2
큰방,2
조각공원,2
멀티,2
셀카봉,2
제지,2
함정,2
앞머리,2
요미,2
박수,2
빗물,2
해명,2
콩국수,2
.at,2
파괴,2
비행기,2
동산항,2
민트,2
통합,2
양평,2
가실,2
영덕,2
가든,2
뒷전,2
루트,2
미로,2
화면,2
팥빙수,2
살수,2
이세,2
여지,2
일자,2
상류,2
이론,2
손가락,2
모녀,2
막도,2
곱배기,2
한문,2
소진,2
방학,2
화엄종,2
바캉스,2
라오,2
취나물,2
구도,2
대상,2
도데,2
주문진읍,2
쇼핑몰,2
피크닉,2
성호,2
착용,2
땅콩,2
애교,2
장애인,2
합장,2
참숯,2
와플,2
환기,2
오바,2
빼기,2
예배,2
젊음,2
짠맛,2
망설임,2
최저,2
기암괴석,2
봉안,2
인호,2
조카,2
연광,2
자야,2
자긍심,2
코스프레,2
아고,2
.ly,2
안감,2
대만,2
영험,2
중학교,2
종사,2
생기,2
중천,2
어린이집,2
상호,2
달력,2
타월,2
연기,2
고사리,2
저마,2
램프,2
슈렉,2
크루즈,2
나들이,2
피부병,2
영어,2
모바일,2
김치전,2
최소,2
극단,2
러브,2
중요시,2
사이에서,2
좌변기,2
세미나,2
사도,2
접수,2
기름기,2
시공,2
구조물,2
20년,2
동화책,2
쇼오,2
밀면,2
만장,2
발끝,2
무용지물,2
스노,2
대왕,2
괜찮아,2
정육점,2
미스,2
아우성,2
중점,2
프로젝트,2
개도,2
천주교인,2
구성은,2
수수,2
타협,2
리펀,2
광경,2
놀라,2
용의,2
도모,2
초콜릿,2
레몬,2
아자,2
완공,2
실행,2
평상,2
유의,2
녹색,2
직진,2
안구,2
동호해수욕장,2
우수,2
추정,2
배로,2
에피타이저,2
샌들,2
갖가지,2
거더,2
연세,2
구둣주걱,2
합격,2
단무지,2
기차,2
소니,2
생활의 달인,2
투입,2
주머니,2
여사장,2
신데렐라,2
메밀전,2
면도기,2
천연,2
로고,2
벙커,2
기저귀,2
장르,2
노지,2
장수,2
소시지,2
중사,2
밤하늘,2
클라이밍,2
산세,2
버드,2
엑스포,2
판다,2
사절,2
부대찌개,2
뱃살,2
말투,2
장담,2
민폐,2
아름드리,2
또래,2
퍼센트,2
야광,2
형식,2
단원,2
집중력,2
발달,2
실장,2
콩밥,2
코로,2
차질,2
니야,2
한화,2
니트,2
기념일,2
진수성찬,2
선남선녀,2
결과물,2
개봉,2
깡통,2
배구,2
최후,2
화창,2
인간,2
12월 31일,2
구미,2
식도락,2
메추리,2
기세,2
수온,2
소자,2
디지털,2
유명세,2
한반도,2
보수,2
찹쌀,2
양치,2
시계,2
최초,2
가을바람,2
적응,2
주지,2
플래터,2
도라,2
회한,2
폭포,2
청송,2
여백,2
직업,2
정수,2
우리 주,2
인피니트,2
가브리엘,2
기획,2
양미리,2
정복,2
진가,2
권금성,2
수원,2
사위,2
사물함,2
염원,2
한국전쟁,2
크리스마스 이브,2
로브,2
충전기,2
수록,2
존경,2
무늬,2
장보고,2
별이,2
기한,2
아시아,2
장애,2
신선도,2
여유도,2
부인,2
시트,2
프랜차이즈,2
성인병,2
로코,2
박명수,2
신기하,2
하이,2
오케스트라,2
걱정하지마,2
아지트,2
남향,2
육안,2
2016년,2
파손,2
각오,2
이상은,2
치한,2
층수,2
핫도그,2
기호,2
이난,2
회전,2
방침,2
경포해수욕장,2
사촌,2
위층,2
밀리,2
보상,2
레드,2
둘쨋날,2
써비스,2
속도,2
계좌,2
스노우,2
지연,2
데이터,2
백과,2
길잡이,2
특색,2
민정,2
잠수,2
세분,2
성심,2
물장난,2
오케이,2
예외,2
세종,2
빼꼼,2
수리,2
레이저,2
봄날,2
코트,2
레져,2
주목,2
계란말이,2
선녀,2
해삼,2
종주,2
빨간색,2
절제,2
해동,2
복장,2
어깨,2
경북,2
마이,2
보탬,2
행운,2
달려와,2
분당,2
정인,2
그럼에도 불구하고,2
수행,2
오지,2
관이,2
보호소,2
고정,2
이체,2
말라,2
봉우리,2
멀티탭,2
미인,2
아침햇살,2
마이크,2
플리,2
획득,2
제격,2
오류,2
공구,2
순수,2
부채,2
산사,2
실감,2
풍치,2
믹스,2
불필요,2
동서고속도로,2
진도,2
27,2
과천,2
염주,2
한성,2
임실,2
확정,2
자반,2
양배추,2
마나,2
독사,2
하하,2
동행,2
정감,2
제곱미터,2
코로나,2
몰두,2
가입,2
내공,2
부침개,2
가고파,2
하지원,2
호기심,2
흥미,2
일어,2
시어머니,2
외할머니,2
야호,2
손바닥,2
색칠,2
드레,2
그릴,2
연해,2
불이,2
시아,2
중창,2
짜식,2
세븐일레븐,2
후유증,2
시름,2
배롱나무,2
학부모,2
해인,2
종조,2
구출,2
해동용궁사,2
일수,2
기신,2
장갑,2
주간,2
친환경,2
담수,2
스티,2
보너스,2
오디오,2
콘서트,2
귀염,2
출사,2
북상,2
손님맞이,2
상처,2
교향악단,2
선의,2
석양,2
웨스턴,2
뽑기,2
초가을,2
스텔라,2
농어,2
칼바람,2
보온,2
무사,2
양주,2
사흘,2
씨앗,2
오리고기,2
중2병,2
손상,2
질주,2
사회,2
초당,2
엽기,2
낮술,2
미닫이,2
연탄,2
국제,2
드림,2
참가비,2
사사,2
웨딩,2
건과,2
형형색색,2
위장병,2
허락,2
살이,2
오독,2
춘향,2
-3,2
아쿠아,2
요약,2
갈비찜,2
한실,2
감자전,2
요량,2
비티,2
버너,2
구독,2
확실이,2
세인트,2
후니,2
사랑해요,2
스테이,2
빗줄기,2
도가,2
각층,2
너를 사랑한 시간,2
종각,2
미국,2
책임,2
방영,2
고속도로 휴게소,2
종목,2
화요일,2
가래떡,2
잠옷,2
의원,2
화질,2
면회,2
홍학,2
수압,2
고양이,2
이또,2
7월 30일,2
수라,2
용량,2
신명,2
공터,2
집안,2
숙박업,2
네이션,2
우여곡절,2
아름답다,2
취미,2
야생,2
월요병,2
연날리기,2
발송,2
시음,2
건평,2
절정기,2
그간,2
도문,2
핑계,2
끝판,2
보이시,2
숙성,2
눈빛,2
클래스,2
출신,2
디오,2
정처,2
물결,2
니아,2
아주머님,2
휴지,2
한당,2
금상첨화,2
부가,2
전자,2
순위,2
플로어,2
흡수,2
성화,2
품목,2
닭갈비,2
안방,2
무서움,2
돌입,2
타일,2
색색,2
에어비앤비,2
힘찬,2
배고픔,2
제부,2
닭고기,2
참돔,2
어도,2
안와,2
카운트다운,2
곤란,2
머스캣,2
없어,2
아파서,2
남이,2
원도,2
남영,2
페스,2
소의,2
커피집,2
기고,2
찻잔,2
바비,2
만찬,2
자매,2
슈즈,2
트레,2
소란,2
특급,2
미닫이문,2
상권,2
촛불,2
해맞이 축제,2
배스,2
증정,2
단돈,2
합성,2
토지,2
나은,2
피고,2
미니카,2
베트남,2
발전기,2
전지,2
40,2
한낮,2
댕기,2
라가,2
에코,2
미나리,2
최고봉,2
구봉산,2
교류,2
붕어,2
딸아이,2
감성돔,2
교통편,2
유나,2
송지호,2
불만족,2
난생처음,2
정겨운,2
다인,2
여동생,2
오심,2
30대,2
명의,2
룰루,2
마스,2
탑재,2
상원미술관,2
태풍 타파,2
무김치,2
열무김치,2
스릴,2
우리의 소원,2
농원,2
행복지수,2
거북,2
승선,2
혜택,2
바닐라,2
극복,2
쾌감,2
요시,2
지형,2
최장,2
유도,2
샹들리에,2
레고,2
중국,2
송파구,2
기사문항,2
흔들바위,2
이드,2
과장,2
내민,2
다도,2
스도,2
유기,2
클라우드,2
면제,2
장대,2
메이커,2
방콕,2
곰치,2
산토리,2
교원,2
시티,2
구별,2
도용,2
방과,2
닭발,2
허벅지,2
산지,2
건우,2
위엄,2
신세계,2
가바,2
.do,2
12월 5일,2
페이지,2
앙금,2
초록빛,2
대학생,2
사탕,2
결혼기념일,2
근황,2
태풍 다나스,2
차원,2
후후,2
우승,2
해안선,2
진짜진짜,2
오줌,2
점검,2
목도리,2
입술,2
기점,2
공공,2
승패,2
점령,2
대구탕,2
잔잔,2
차카,2
반면,2
바리,2
명찰,2
칼로,2
분과,2
육회,2
상자,2
가을날,2
평생,2
역광,2
탄성,2
빵집,2
빠방,2
조황,2
개구리,2
애인,2
방문기,2
반짝반짝 빛나는,2
밤공기,2
유혹,2
호리,2
집기,2
텔레비젼,2
타워,2
거란,2
이루,2
주인아줌마,2
해피,2
싸움,2
지척,2
파랑,2
부다,2
여부,2
왕자,2
우리들의,2
최정원,2
그룹,2
머릿속,2
비려,2
코딱지,2
미야,2
세미나실,2
덩어리,2
7월 15일,2
자료,2
상의,2
휴대폰,2
이거이,2
포리,2
오빠야,2
불행,2
피클,2
보케,2
원장,2
보증금,2
출입문,2
개소,2
갯바위,2
이란,2
그새,2
사실은,2
양지역,2
지게,2
초등,2
바랄,2
일정표,2
양하,2
돈가스,2
리지,2
한산,2
라보,2
동호리,2
하나라,2
백색,2
석가,2
오뎅,2
가출,2
봉변,2
입장권,2
노출,2
푸드,2
미녀,2
운동복,2
나사,2
양혜승,2
인트,2
통일,2
왕문,2
엄니,2
첨가,2
선예,2
치즈케이크,2
해달,2
평지,2
도인,2
귀가,2
덩치,2
수학여행,2
브로콜리,2
천막,2
라온,2
삼삼오오,2
대다수,2
공신,2
피스,2
이보,2
일제,2
관상,2
가주,2
따위,2
중형,2
식단,2
영수증,2
효능,2
파도풀,2
고속도,2
이용자,2
말랑,2
생동감,2
단합,2
일밤,2
출항,2
테라,2
빙글빙글,2
기념품,2
우선시,2
비빔국수,2
부리,2
거의,2
반영,2
설악동,2
갈대,2
목숨,2
조망,2
스킵,2
이불속,2
갤럭시,2
어항,2
담장,2
산들,2
안다,2
제안,2
호텔 카페,2
나쁘지 않아,2
타인,2
채광,2
진주,2
극한,2
음식물,2
망상,2
18년,2
윤미래,2
명당,2
전설,2
번호표,2
신가,2
예비,2
워크숍,2
하자,2
오스,2
하든,2
일탈,2
수요미식회,2
고르고,2
대자,2
좌우,2
이마,2
소화도,2
하드,2
내일로,2
배추김치,2
아내,2
대야,2
씨리얼,2
계기,2
모양새,2
한국인,2
주행,2
허니,2
하남,2
확대,2
승리,2
모야,2
전업,2
귀경,2
고오,2
원목,2
방해,2
보름달,2
놀람,2
안길,2
케이블,2
팜플렛,2
계장,2
한마음,2
로얄,2
뒷산,2
신간,2
넓이,2
흙냄새,2
라스트,2
팀장,2
방지,2
올림픽,2
고취,2
오솔길,2
드루,2
관계자,2
언가,2
후진,2
경유지,2
동자,2
채비,2
동동,2
종이접기,2
스크린,2
시간대,2
주사,2
무언,2
찻집,2
시나,2
정차,2
목이,2
송평,2
바다에 가면,2
가요제,2
카페테리아,2
신혼,2
장수풍뎅이,2
보신,2
윷놀이,2
내외분,2
베이스,2
리스트,2
삼거리,2
감자 튀김,2
지중해,2
관음도,2
부제,2
바늘,2
친화,2
동료,2
본적,2
정류소,2
통채,2
숙박료,2
공급,2
금주,2
캔커피,2
안산,2
그물,2
질문,2
사망,2
인공,2
생일날,2
드가,2
병원,2
메밀꽃,2
나시,2
세종대왕,2
공휴일,2
방명록,2
사이클,2
참깨,2
니어,2
염두,2
마법,2
특성,2
디너,2
진정,2
김홍도,2
아이스박스,2
얼음물,2
박대박,2
밑밥,2
스피드,2
책자,2
멍멍이,2
오믈렛,2
박현빈,2
100%,2
소지,2
보조,2
해제,2
수인,2
남동생,2
동굴,2
오리털,2
우체통,2
다예,2
피어,2
적막,2
조선 정조,2
텃밭,2
몬스테라,2
어중간,2
원정,2
활력,2
군밤,2
베어,2
33,2
대포동,2
빠이,2
아담,2
타지,2
포항,2
감로,2
밀크,2
복어,2
시댁,2
스위트룸,2
낚시터,2
기행,2
호군,2
제정신,2
달걀,2
말하자면,2
울릉도,2
금정,2
설비,2
고적,2
버전,2
양반,2
갑인,2
출몰,2
제각각,2
수도권,2
마카로니,2
브라운,2
들깨,2
반신반의,2
세인트존스,2
유입,2
두통,2
스피커,2
짐작,2
구두,2
티스,2
상식,2
라이트,2
남양주,2
등산객,2
목책,2
바나나,2
근방,2
뒷좌석,2
AM,2
세일,2
크레이지,2
호스,2
광복절,2
기대감,2
안골,2
낙가산,2
가로수,2
해장술,2
개미,2
전방,2
연중,2
탑승,2
자부,2
핑크빛,2
거주,2
추진,2
동해선,2
청하,2
겨울왕국,2
강화도,2
화살표,2
설정,2
통로,2
개국,2
남문리,2
난장판,2
표현력,2
핵심,2
하나하나,2
개선,2
구로,2
생김새,2
도오,2
위트,2
쑥갓,2
4월 5일,2
JK,2
첫눈,2
상업,2
토속,2
산봉우리,2
사연,2
상영,2
월 가,2
하차,2
지출,2
주신,2
시내버스,2
파킹,2
팔찌,2
스마일,2
에스프레소,2
크리스마스 트리,2
물색,2
오염,2
열쇠,2
냄비,2
모터보트,2
피난민,2
빌라,2
사천왕,2
산야,2
해체,2
밤사이,2
선생,2
수용,2
근교,2
축구,2
영훈이,2
레트로,2
꽃길,2
해파랑길,2
산신각,2
복합기,2
성분,2
철조망,2
오랫동안,2
카나페,2
브라우니,2
니들,2
범바우,2
산소,2
염분,2
수조,2
삼양,2
외로움,2
횡성,2
스테이크,2
이오,2
도장,2
처형,2
대면,2
수호,2
통산,2
한글날,2
세금,2
도량,2
이정표,2
극찬,2
청곡,2
인조,2
이방,2
친숙,2
파진,2
오래간만,2
음질,2
계산대,2
고동,2
할로윈,2
해외여행,2
사바,2
방문객,2
반죽,2
전달,2
삼포,2
할매,2
고집,2
멀리,2
산장,2
상대,2
하늘색,2
주도,2
털이,2
연계,2
날인,2
산토,2
면적,2
맨발,2
X5,2
오다,2
글로벌,2
마리에,2
파우더,2
가십,2
일산,2
카리스마,2
노하우,2
소재,2
깊이,2
세조,2
골목길,2
장터,2
주전자,2
오렌지,2
제로,2
처마,2
제조,2
습도,2
열매,2
10대,2
창고,2
절도,2
홍대,2
돌진,2
숨바꼭질,2
수산업,2
주자,2
한게임,2
녹두,2
포켓볼,2
하행선,2
러시,2
스쿨,2
싱하,2
귀중품,2
무어,2
북부,2
한길,2
병사,2
밤샘,2
응원,2
물품,2
견과,2
물가,2
자국,2
어머님께,2
연중무휴,2
난이도,2
통감,2
무고,2
이사진,2
카누,2
소유자,2
애정,2
일보,2
정체,2
심장,2
경주,2
철판,2
매일,2
티브이,2
보라,2
지혜,2
전야제,2
대세,2
한국관광공사,2
이세상,2
게이,2
신원,1
착오,1
박웅,1
분야,1
반증,1
하천,1
엑스,1
이로,1
내세,1
처녀,1
연정,1
절호,1
친목,1
비무장지대,1
통령,1
죽기,1
문화생활,1
나인,1
이슬비,1
관람료,1
캐논,1
소금강,1
광안리,1
이유식,1
스타트,1
주공,1
운전사,1
묘사,1
도하,1
황토,1
가닥,1
박상철,1
인제터널,1
매너티,1
협의,1
초저녁,1
초봄,1
운석,1
단백,1
찬성,1
정학,1
후드,1
인재,1
대진항,1
6월 8일,1
좌절,1
8월 19일,1
한데,1
정상인,1
상습,1
서양식,1
체리,1
와이퍼,1
고의,1
순익,1
농기,1
그라스,1
자막,1
렌트카,1
동일,1
격려,1
육질,1
활용품,1
남발,1
케냐,1
골프,1
회심,1
자본주의,1
역부족,1
관절,1
희망사항,1
경찰,1
스크램블 에그,1
정형외과,1
교회,1
영종도,1
항의,1
크러시,1
풍천,1
진주조개,1
여장부,1
주이,1
연평균,1
실생활,1
강현,1
댄싱,1
판타스틱,1
크릭,1
뽀빠이,1
길옆,1
캔버스,1
후포,1
다방,1
귀농,1
가리온,1
금어,1
보성,1
부속,1
시일,1
의기투합,1
골든,1
자연환경,1
골프 채널,1
낙상,1
청록색,1
법전,1
리듬,1
프라이드,1
여운,1
파스,1
해발,1
보험,1
내항,1
단결,1
승차,1
원시인,1
영양소,1
봄나물,1
식빵,1
10원,1
메가박스,1
공중화장실,1
생물,1
컨테이너,1
요가,1
큰누나,1
그램,1
집구석,1
발전소,1
와선,1
민중,1
학습,1
정이랑,1
직도,1
바이트,1
1월 2일,1
출산,1
카펠라,1
소소한 이야기,1
김치냉장고,1
안전교육,1
왕대,1
매도인,1
모성애,1
효도,1
도매,1
세계로,1
바로 가기,1
회보,1
금요,1
키드룸,1
리마리오,1
조선 경종,1
가계,1
신도,1
봉화로,1
헬스클럽,1
후광,1
하루밤,1
화가,1
두릅,1
교통비,1
소비자,1
파다,1
A4,1
어부들,1
8월 7일,1
시로,1
기력,1
읍내,1
문학,1
기후,1
선단,1
비늘,1
주연,1
동군,1
유리컵,1
주민진,1
오른손,1
라바,1
경영,1
젊은 시절,1
대개,1
생강,1
후발,1
원숭이띠,1
제신,1
두말,1
족욕,1
지밀,1
4월 21일,1
여가,1
산신령,1
주님,1
성공예감,1
피해액,1
별동,1
김양,1
쥐꼬리,1
고로케,1
신부,1
만발,1
배낭,1
비기,1
트램펄린,1
도로변,1
걸어도 걸어도,1
나우,1
풍채,1
날림,1
피비,1
이감,1
돛단배,1
셰프,1
2월 27일,1
문 강,1
군부대,1
심야,1
투자,1
확률,1
반납,1
암만,1
대응,1
연화,1
가이드,1
오키나와,1
단비,1
코난,1
전년,1
외장,1
남신,1
임원,1
슬라이딩,1
다대기,1
포르투갈,1
캡슐,1
가장,1
화물,1
돌돔,1
주방장,1
안이,1
주희,1
트레일러,1
호우,1
블록,1
표지,1
축사,1
잔재,1
산호,1
보고 싶다,1
기독교인,1
병아리,1
영화로,1
비옷,1
팔뚝,1
밥통,1
앞집,1
상도,1
스키장,1
중국인,1
어장,1
장형,1
만나,1
열린음악회,1
한술,1
청평,1
태국,1
오산항,1
다시마,1
지화자,1
철폐,1
가봉,1
래퍼,1
시흥,1
봄여름가을겨울,1
피리부는 사나이,1
미요,1
유재석,1
바로미터,1
호텔스닷컴,1
월매,1
말살,1
노천,1
초고추장,1
2005년 4월,1
업로드,1
무식,1
개요,1
은박지,1
캐릭터,1
미시,1
조석,1
구색,1
글라스,1
해안로,1
존재,1
함경도,1
타이,1
간적,1
신규,1
기어,1
책임감,1
바퀴벌레,1
금표,1
대변,1
매월,1
메르스,1
강신일,1
청주,1
벗질,1
봄꽃,1
숲길,1
세면,1
구글,1
장애물,1
계시,1
배탈,1
월초,1
오프닝,1
게눈,1
성탄절,1
정이,1
1호선,1
지운,1
소하동,1
5년,1
홀몸,1
홍법,1
풍년,1
치악산,1
월차,1
중앙동,1
대성통곡,1
이회,1
전구,1
다우,1
이형근,1
실연,1
예고편,1
대미,1
더 붐,1
가진리,1
외할아버지,1
명불허전,1
가장자리,1
이참,1
마리나,1
기상청,1
낭패,1
비탈길,1
춘장,1
안성,1
담치류,1
기여,1
공도,1
얼떨결,1
이씨,1
부엉이,1
교자상,1
후레쉬,1
겨울잠,1
평수,1
싹쓸이,1
재즈,1
서쪽,1
동현,1
적제,1
선회,1
스파이더맨,1
이바,1
바스,1
매직아워,1
박자,1
영정,1
대원,1
벽장,1
명인,1
유니크,1
차드,1
양봉,1
사례,1
문중,1
이태원,1
넋두리,1
배틀,1
제례,1
심산,1
동의,1
14,1
욕망,1
오질,1
취향저격,1
제시,1
주장,1
송어,1
비지떡,1
칼집,1
근육통,1
압박,1
거봉,1
서울버스,1
파트너,1
형주,1
선점,1
01,1
대처,1
사실 나는,1
귀여움,1
형국,1
나진,1
보러 시,1
지레,1
충족,1
자청,1
추첨,1
해저,1
냉방병,1
노르웨이,1
비비고,1
양손,1
연구원,1
고로,1
고충,1
관통,1
에티오피아,1
불편한 진실,1
제보,1
단열재,1
스탈,1
평균,1
총점,1
끌레도르,1
스탬프,1
진수,1
머핀,1
17년,1
허파,1
탐문,1
발치,1
성숙,1
휴게실,1
어게인,1
시외,1
솔루션,1
코스모스,1
달러,1
안뜰,1
진상,1
하늘과 땅과,1
원본,1
모자이크,1
민이,1
알라,1
전기장,1
궁전,1
잠바,1
취사도구,1
돌풍,1
뽐뿌,1
회비,1
유치,1
번외,1
전적,1
호평,1
컨퍼런스,1
발급,1
보호자,1
에스키모인,1
은지,1
대략,1
배호,1
양동근,1
해변의 여인,1
갈등,1
부대,1
변태,1
마고,1
면목동,1
하늘소,1
주차장 건물,1
나기,1
아나,1
악단,1
연회장,1
행사장,1
소돌항,1
어린왕자,1
내내,1
웨어,1
중국집,1
오리엔테이션,1
소속,1
웹사이트,1
목재,1
인승,1
가부,1
목캔디,1
09,1
바이러스,1
사원,1
유영객,1
막간,1
파스텔,1
적기,1
별점,1
선봉,1
가리개,1
벌레,1
채의,1
어필,1
초코파이,1
넙치,1
알파카,1
피즈,1
관절염,1
플레이,1
키키,1
7D,1
우거지,1
아몬,1
파종,1
과학관,1
갈빗대,1
세션,1
김영종,1
시동,1
대좌,1
외과,1
밧데리,1
윤정,1
범위,1
모네,1
에피소드,1
주제가,1
농민,1
다운로드,1
동냥,1
라인업,1
스모키,1
후면,1
메스,1
대지면적,1
시주,1
식각,1
사건,1
사무,1
저격,1
파동,1
부비,1
탈것,1
화성,1
설법,1
아랑곳,1
트래블,1
시발,1
성찰,1
찰란한,1
이당,1
측은,1
금강,1
파쇄,1
경로,1
개그,1
마가,1
손양,1
협력,1
헬맷,1
동침,1
화각,1
넝쿨,1
소양강,1
2017년 2월,1
커밍,1
용호리,1
플랜,1
심신,1
새벽녘,1
부탄,1
눈썰미,1
수급,1
재채기,1
철거,1
주니어스,1
종의,1
프루프,1
성원,1
그제,1
자서,1
찬조,1
사치,1
동해항,1
히야,1
8월 25일,1
메일,1
롤케이크,1
가락,1
아이시스,1
크레마,1
연시,1
천봉,1
21,1
빗자루,1
건축면적,1
붙이,1
고갯길,1
프라이팬,1
나선,1
비엔,1
라마르,1
최북,1
포터,1
만리포,1
지급,1
석현,1
웃음소리,1
재사용,1
분홍빛,1
해면,1
숨은그림찾기,1
키라,1
어렵,1
관광버스,1
주걱,1
핫바,1
가우,1
10월 21일,1
치안,1
미세,1
승강장,1
일장춘몽,1
무가,1
9월 26일,1
댄서,1
겨울날,1
부피,1
미아,1
콩나물국,1
시중,1
인제읍,1
아날로그,1
크러쉬,1
유행,1
신통,1
나성,1
은덕,1
10월 16일,1
밤중,1
트리트먼트,1
번역,1
레일러,1
후보,1
시세,1
보초,1
연하,1
고영상,1
한자리,1
맥북,1
한통,1
가짜,1
백도,1
다이어리,1
증강현실,1
후자,1
팔로잉,1
눈발,1
중심가,1
내시,1
꽃받침,1
잇몸,1
비계,1
근본,1
오예,1
재질,1
기대치,1
봉사단,1
금호,1
맨손,1
심취,1
우길,1
팸플릿,1
센티미터,1
한집,1
폭주,1
큰아들,1
업장,1
준거,1
바이,1
엔지니어,1
자르,1
전염,1
만복,1
02,1
엽서,1
주네,1
다그,1
중이염,1
티머니,1
메기,1
하느님,1
무도,1
유후,1
표시판,1
우리 아버지,1
등갈비,1
상당수,1
큐브,1
달마,1
18,1
화천,1
진미,1
춘향이,1
페이스,1
배회,1
어업,1
노름,1
흑곰,1
테라코타,1
가지각색,1
블랑,1
아이비,1
고조,1
레인보우,1
땅바닥,1
귀국,1
나나,1
차이나,1
내륙,1
진부,1
아이덴티티,1
와야,1
1월 12일,1
대봉,1
떡갈비,1
가정,1
수순,1
장미,1
요구사항,1
미남,1
천지창조,1
좌우명,1
소꿉놀이,1
이내,1
빅사,1
청어,1
잔소리,1
좋은 주말,1
개강,1
네모,1
벽돌,1
낭군,1
시루떡,1
매실,1
지옥철,1
밀가루,1
몸값,1
사랑이야,1
이향,1
등재,1
14년,1
여비,1
리즈,1
직선,1
싯가,1
제압,1
네스프레소,1
인물,1
하답,1
성현아,1
영진항,1
중식,1
전남,1
케렌,1
무대뽀,1
조리해,1
.be,1
해전,1
신과,1
캠페인,1
매니아,1
뒷짐,1
부처님 오신 날,1
소비,1
라즈베리,1
비트,1
솜사탕,1
스틱,1
활용도,1
피난,1
병자호란,1
라이브,1
내수,1
이수,1
이상하,1
겸상,1
은퇴,1
신공,1
밤길,1
신혼여행,1
고추나물,1
옆길,1
디스코,1
동전 던지기,1
세배,1
생체,1
주조,1
광장시장,1
탄산,1
카니발,1
요트,1
애초,1
후보지,1
낙성대,1
흰둥이,1
주거,1
8월 13일,1
꿀벌,1
상승,1
치대,1
아부지,1
순간이동,1
스노보드,1
단짝,1
티보,1
1752년,1
강자,1
패기,1
킬링,1
상념,1
한복,1
런디,1
특별,1
북어,1
유기농,1
관세,1
한해,1
성반,1
위니,1
유스호스텔,1
분간,1
비올라,1
차액,1
권준,1
변장,1
매도,1
CJ헬로비전,1
클로즈업,1
소정,1
어벤져스,1
싸리,1
2월 5일,1
상봉,1
패자,1
미사,1
천문,1
상천역,1
출시,1
인쇄,1
국적,1
동공,1
회색,1
전등,1
어진,1
오징어 볶음,1
산꼭대기,1
경호,1
적의,1
방문지,1
300년,1
늑대소년,1
솔로,1
언터쳐블,1
이식,1
리턴,1
파티션,1
커버,1
상쾌한 아침,1
봄바람,1
사람의 마음,1
자전거 여행,1
에두고,1
수전,1
순사,1
어느 멋진 날,1
콘래드,1
인맥,1
파이,1
동강,1
유대,1
오복,1
가인,1
위염,1
분실,1
망고,1
양측,1
발자취,1
파고,1
장어구이,1
어리,1
너는,1
알루미늄,1
임금님 귀는 당나귀 귀,1
소생,1
반말,1
돌배,1
라임,1
현희,1
강조,1
초여름,1
화난,1
구지,1
할배,1
신기,1
런닝,1
거금,1
음력,1
나트륨,1
병어,1
몽골군,1
세시,1
권해,1
페이스북,1
점등,1
니사,1
상생,1
제청,1
음식사진,1
낙인,1
칠순,1
의례,1
본연,1
동해시,1
볼라,1
일교차,1
돌계단,1
방문자,1
목록,1
수채화,1
황도,1
파기,1
호수공원,1
선행,1
안식처,1
파장,1
코카콜라,1
패턴,1
조류,1
복음,1
옆구리,1
라피,1
사수,1
팔로우,1
이천,1
발판,1
창원,1
신은경,1
이만기,1
물방울,1
제니,1
염장,1
수복,1
경남,1
경포호,1
비지니스,1
운영비,1
주먹,1
운용,1
단청,1
분유,1
녹차의 맛,1
이튼,1
정암,1
운전자,1
축구장,1
가을 여행,1
치자,1
사업소,1
하도,1
허탈,1
동치미,1
반도체,1
백두대간,1
포켓,1
탄창,1
상장,1
알랑,1
개장일,1
정조,1
공격,1
이질,1
군사,1
검정색,1
엘레나,1
품질,1
자원,1
자장가,1
결의,1
아진,1
정다운,1
판단,1
입추,1
잔디,1
요정,1
자태,1
휴대,1
입소,1
요요기,1
두그,1
세입,1
방정,1
특전사,1
알갱이,1
진표,1
671년,1
양수,1
레포츠,1
입질,1
키파,1
생각해보면,1
조음,1
모카,1
식해,1
헌금,1
우당,1
네마,1
전현철,1
쥐치,1
옥녀,1
재가,1
고추가,1
추진력,1
연간,1
거구,1
내외,1
보로,1
여행사,1
갈이,1
슈트,1
요거,1
피날레,1
호프,1
댓가,1
회상,1
갈래,1
낚싯배,1
쓰기,1
외모,1
좀비,1
대목,1
두릅나무,1
풀코스,1
박기준,1
나이트클럽,1
리틀,1
서브,1
이닝,1
백촌,1
8월 12일,1
한약재,1
아지매,1
갱스터,1
무심,1
밀물,1
바닥 상태,1
정반대,1
사방,1
나야,1
국인,1
감안,1
능선,1
전국구,1
정인지,1
당번,1
군고구마,1
기업,1
설마,1
안동역,1
생성,1
큰맘,1
안티,1
재화,1
휴가 국,1
치유,1
접종,1
고민거리,1
남이섬,1
봄맞이,1
해적,1
핸썸,1
영화음악,1
쓴맛,1
문화해설사,1
둘레,1
세로,1
스파이크,1
파란색,1
피구,1
지원이,1
상단,1
경상북도,1
궁합,1
총대,1
집행,1
천진,1
짐칸,1
침샘,1
만주,1
무선,1
진드기,1
철야,1
며느리,1
퇴행,1
허그,1
뽕따,1
필터,1
사각,1
첫사랑,1
신신,1
자생,1
국도변,1
머시,1
독차지,1
생선튀김,1
가열,1
지난달,1
시점,1
에티켓,1
고 온,1
적벽,1
사진작가,1
행락,1
동기,1
예원,1
호흡기,1
스리,1
마닐라,1
성현,1
산천어,1
방생,1
일인,1
실향민,1
밤무대,1
시다,1
자라섬,1
분점,1
본능,1
총회,1
삼도,1
청량감,1
함유,1
변심,1
전만,1
엉망진창,1
잉어,1
시상금,1
우대,1
난나,1
예언,1
합창단,1
남항,1
해무,1
최강,1
남부,1
파나마,1
황토색,1
아픔,1
허세,1
엉덩이,1
짜장면,1
조개껍데기,1
백년손님,1
다시 시작해,1
청솔,1
부각,1
전수,1
박도,1
거지꼴,1
동북,1
목도,1
수묵화,1
탐색,1
주토피아,1
그라인더,1
잠실,1
오크,1
시밤,1
Why,1
한동,1
타운하우스,1
이어도,1
대필,1
스페이스,1
말이,1
갱생,1
조감도,1
경상남도,1
삭제,1
티타임,1
환호성,1
마카오,1
제휴,1
오죽헌,1
접견,1
은행,1
공고,1
도가니탕,1
분홍,1
외줄,1
지루,1
초기,1
야도,1
사당,1
졸도,1
조양동,1
어가,1
가세,1
구마,1
수해,1
공제,1
정한,1
제도,1
수유,1
매운맛,1
포스트잇,1
이북,1
망상해수욕장,1
피켓,1
VS,1
은인,1
불볕더위,1
이아,1
모음집,1
협공,1
채집,1
연두빛,1
정시,1
안대,1
선팅,1
허연,1
레알,1
불가사리,1
미성년,1
등정,1
철도,1
태도,1
동서,1
어스,1
모도,1
상다리,1
대진,1
풍악,1
벤츠,1
플라이,1
도토리,1
현수,1
도루묵,1
애간장,1
고정관념,1
물론,1
헌터,1
멀미,1
구의역,1
합리,1
아에게,1
기우,1
신혼집,1
무기,1
더 뷰,1
백퍼센트,1
따리,1
풀잎,1
짠물,1
별것,1
연상연하,1
메로,1
발췌,1
폐인,1
김포,1
모범,1
태그,1
요지,1
누비,1
미수,1
서리,1
460,1
경도,1
화장품,1
강가,1
허무,1
도안,1
원위치,1
리비도,1
해국,1
봄나들이,1
나신,1
연일,1
체온,1
마사지,1
예절,1
권장,1
꽃망울,1
사제,1
성남,1
계열,1
우먼,1
죽왕면,1
동도,1
마션,1
이견,1
백화점,1
본전,1
아하,1
비염,1
위현,1
이공,1
허브,1
달성,1
합동,1
예비부부,1
짜임새,1
층간소음,1
경중,1
엊그제,1
명당자리,1
모서리,1
2018년 1월,1
사용법,1
추구,1
히말라야,1
드렁큰타이거,1
테스,1
순례,1
간조,1
반점,1
토키,1
1340년,1
멸치과,1
차돌,1
블럭,1
구영,1
125,1
백수,1
조경,1
다각도,1
호두,1
교원그룹,1
일출봉,1
고마,1
세포,1
8월 4일,1
저녁나절,1
서류,1
예수,1
차이무,1
증장천왕,1
사안,1
단속,1
득실,1
세트라,1
위도,1
래프팅,1
급변,1
셋탑,1
공현,1
태풍 고니,1
연식,1
마누라,1
짱아찌,1
자악,1
겉모양,1
좋은집,1
노점,1
본당,1
괴로움,1
공예,1
여사,1
책방,1
나무판,1
아산,1
여행자,1
대도,1
피파,1
잉글리시,1
저층,1
리코,1
어보,1
프롤로그,1
프리마,1
일방통행,1
이야기꽃,1
무릉도원,1
공포증,1
존대말,1
안일,1
화성시,1
시더,1
자게,1
정자동,1
관광업,1
아이러니,1
12,1
중턱,1
동명동,1
준호,1
로리,1
히드,1
중순,1
하임,1
톨스토이,1
마그네슘,1
능인,1
서도,1
오거,1
사물,1
가족캠프,1
깨달음,1
매혹,1
가동,1
비틀,1
김경민,1
하늘이,1
고명,1
신념,1
프로젝터,1
중수,1
하와이어,1
포도,1
만지,1
이지용,1
범일,1
특장,1
제작진,1
강서,1
동력,1
우선순위,1
부녀,1
남공,1
수안보,1
기지개,1
서해로,1
석지,1
허탕,1
정형,1
홍어회,1
수박,1
앞자리,1
찬물,1
육해공,1
부엌,1
루고,1
음지,1
빌딩,1
뒷자리,1
기린,1
현빈,1
신세대,1
소랑도,1
제야의 종,1
강원도의 힘,1
번리,1
풀장,1
차창,1
법회,1
그쯤,1
자신감,1
본고장,1
허한,1
가람,1
심박수,1
제설차,1
강릉시외버스터미널,1
내친김,1
에머랄드,1
건축가,1
중반,1
23,1
테스트,1
프링글스,1
조경이,1
더 시크릿,1
제트,1
청개구리,1
두마,1
고추장,1
찐빵,1
국민,1
부사,1
포고,1
그지,1
이용료,1
텐션,1
역전,1
영전,1
망망대해,1
쌀농사,1
개성,1
2015년 12월,1
애비,1
번개,1
일화,1
오하나,1
천시,1
빙어,1
게맛살,1
셔틀,1
장동건,1
해운대해수욕장,1
토목,1
연동,1
경진,1
신지,1
본관,1
혼다,1
서울까지,1
국화과,1
야심,1
고옹,1
소외,1
이승연,1
베베,1
승자,1
선라이즈,1
서현동,1
1722년,1
아이두,1
대연,1
투르,1
인제군,1
잔디밭,1
다원,1
약식,1
관건,1
경위,1
마을버스,1
서울춘천고속도로,1
사무소,1
갈고,1
일주,1
간밤,1
장군,1
관직,1
중고등학생,1
방배동,1
사당역,1
교감,1
자서전,1
멀미약,1
구경거리,1
밥반찬,1
진성,1
학원,1
빈대떡,1
오브,1
전화벨,1
베이글,1
에이치,1
이글,1
들판,1
소지자,1
지킴이,1
줌렌즈,1
코타키나발루,1
전해,1
면모,1
지수,1
전원,1
E1,1
직거래,1
기교,1
아디오스,1
도난,1
스쿠버,1
타종,1
색인,1
자타,1
마일,1
포레스트,1
성산,1
부동산,1
왕생,1
여선생,1
좌석버스,1
압권,1
폐업,1
타짜,1
인생살이,1
왼손,1
일거,1
행성,1
슈가,1
상어,1
봄철,1
더미,1
07,1
답변,1
장단점,1
입대,1
소향,1
페퍼로니,1
아수라장,1
송기,1
에스컬레이터,1
이돈,1
오산리선사유적박물관,1
마이클 잭슨,1
양파링,1
불길,1
비니루,1
에이스침대,1
동약,1
백사,1
개헤엄,1
효험,1
평택,1
트러블,1
재산권,1
산타,1
파주,1
쪽지,1
시랑,1
고락,1
공략,1
수수료,1
상남자,1
본채,1
본점,1
아포,1
화교,1
도어,1
공포,1
치장,1
신창,1
참치,1
날수,1
하내,1
소속감,1
시냐,1
인걸,1
동대문,1
자비,1
반입,1
시스템 6,1
슈퍼맨,1
애플,1
초면,1
1896년,1
잡음,1
러빙유,1
스마트폰,1
전함,1
초급,1
유무,1
시크,1
카를,1
마스크,1
튀김우동,1
놀음,1
조이,1
경대,1
개인차,1
기념물,1
추산,1
가의,1
이성우,1
사생활,1
모비딕,1
네덜란드,1
진용,1
비상,1
이상이,1
미용,1
문제점,1
리본,1
라타,1
MSX,1
젊은층,1
치솔,1
마크,1
감독,1
눈시울,1
철칙,1
장판,1
농업,1
언덕길,1
왜인,1
홍금보,1
복지,1
단방,1
지자,1
한철,1
빤짝이,1
연호,1
소금물,1
고향생각,1
소박,1
일요일 아침,1
더 가까이,1
물살,1
무제,1
전제,1
사모님,1
신문,1
무당벌레,1
불사,1
일본산,1
아침밥,1
파트,1
수거,1
게스,1
관람객,1
기침,1
변동,1
소량,1
경호원,1
고문,1
DJ,1
시체,1
적정,1
배웅,1
삼대,1
당사자,1
신라도,1
인위,1
방향제,1
수목,1
방금,1
보답,1
심리,1
스파게티,1
안동찜닭,1
오진,1
호구,1
운전대,1
고사장,1
자율,1
타블로,1
한용운,1
빙산,1
신세,1
번화가,1
오설록,1
배사,1
경기장,1
입담,1
식도,1
제야,1
영도,1
고종,1
추자,1
7월 6일,1
응모,1
감미,1
솥뚜껑,1
제나,1
상금,1
공인중개사,1
식수,1
올텐,1
자갈,1
해금강,1
소도시,1
사산,1
캔디,1
남산,1
리한,1
미트볼,1
파출소,1
보조금,1
눈알,1
두려움,1
라운딩,1
자발,1
변명,1
성취,1
장작,1
애주가,1
돌담,1
고스톱,1
양소,1
우물,1
양양송이축제,1
무궁화호,1
베스,1
동성,1
임시방편,1
매진,1
한밤,1
철학,1
고아라,1
테트라,1
도라도,1
해상,1
저질,1
남사,1
습기,1
칼로리,1
중화,1
할증,1
경기도청,1
용변,1
헤메,1
콘돔,1
산길,1
서방,1
먼발치,1
상온,1
박무,1
다래끼,1
아이돌,1
예감,1
노스페이스,1
뚱이,1
서보,1
미모,1
비닐,1
매표,1
편입,1
사로,1
부서,1
이철,1
투라,1
한강,1
여관,1
대구선,1
소모,1
선발대,1
율동,1
지침,1
정석,1
닭다리,1
개편,1
암울,1
무급,1
홍이,1
갈마,1
와르르,1
만인,1
메세지,1
비위,1
신행,1
화진포,1
마랑,1
송년,1
주근깨,1
영서,1
도수,1
색동,1
첫인상,1
푸시,1
태평양,1
카페나,1
광진,1
해시,1
헐리우드,1
위기,1
천안,1
생산,1
별로,1
무한대,1
반경,1
따님,1
롤러,1
감각,1
사시사철,1
한국어,1
인척,1
능이버섯,1
이노,1
창건자,1
소재지,1
호출,1
단수,1
여의보주,1
유형문화재,1
리피,1
주황,1
크래커,1
웨이터,1
충동,1
이수한,1
견학,1
구동,1
약과,1
독선,1
수경이,1
위장,1
게이블,1
픽스,1
하수구,1
어촌계,1
11월 12일,1
침식,1
컬링,1
메시,1
바이올린,1
강산,1
쪼가리,1
시시각각,1
불법,1
인후,1
제단,1
세네갈,1
백종원의 3대 천왕,1
큰길,1
경험치,1
어민,1
이지현,1
기프트,1
스파이,1
아스팔트,1
8월 20일,1
에다,1
7년,1
자이,1
바사,1
취지,1
황사,1
워리,1
대합실,1
안드로이드,1
원효,1
답사,1
공자,1
발산동,1
방울토마토,1
워킹맘,1
쇼핑백,1
이상의,1
수육국밥,1
중복,1
오버,1
사돈,1
재림,1
콧물,1
평안,1
생업,1
폐가,1
배누리,1
기단,1
한뜻,1
잡어,1
신전,1
중임,1
집채,1
체육,1
변산반도,1
아침형 인간,1
4월 4일,1
실버,1
동거,1
소프트,1
누드,1
따름,1
별장,1
신성,1
입체감,1
육장,1
여행사진,1
벨리,1
항수,1
성인용,1
진공관,1
표면,1
눈썰매,1
동거인,1
10월 3일,1
중앙고속도로,1
보심,1
조미,1
전재,1
조상,1
기질,1
조리개,1
방송사,1
머슴,1
주구,1
한적,1
부침,1
간헐,1
추적,1
지면,1
베일,1
시비,1
하와,1
노래자,1
방언,1
타네,1
유과,1
은메달,1
프론티어,1
어사,1
맛동산,1
사다,1
앞뒤,1
시공간,1
형제도,1
반석,1
훼손,1
성함,1
모험,1
보드카,1
교리,1
역장,1
종탑,1
청량리역,1
행서,1
안위,1
검증,1
황금마차,1
집사,1
폭풍우,1
편백,1
어구,1
점퍼,1
경청,1
유니베라,1
만조,1
여성부,1
분홍색,1
정산,1
통닭,1
소사,1
반반,1
지시,1
구체,1
몸싸움,1
물아일체,1
손발,1
아르바이트,1
높낮이,1
일반인,1
짜파게티,1
소복,1
형상화,1
초순,1
등골,1
농회,1
터보,1
구멍치기,1
의장,1
다면,1
석류,1
추후,1
플레이트,1
서론,1
꼬부기,1
전자책,1
작용,1
다신,1
이언,1
2012년,1
식칼,1
신인,1
김인철,1
급감,1
수용가,1
선발,1
콤비,1
욕장,1
군락,1
스페인,1
찌꺼기,1
인권,1
북단,1
이징,1
구어,1
성당,1
차돌박이,1
연유,1
연출가,1
역활,1
총각,1
집단,1
거짓,1
마상,1
라테,1
누리,1
인디언,1
고와,1
하늘빛,1
음식상,1
이성,1
여의주,1
스퀘어,1
육각,1
주력,1
티몬,1
침수,1
에터,1
아버,1
행렬,1
아이템,1
임진왜란,1
신한은행,1
낙성식,1
귀신,1
반가움,1
백패,1
내사랑,1
바가,1
수집,1
테리,1
이시,1
네트,1
피신,1
족장,1
눈곱,1
옆모습,1
소나기,1
어비산,1
화단,1
원격,1
중랑천,1
구용,1
승천,1
전공,1
수평,1
부요,1
울상,1
2월 22일,1
양심,1
이건창,1
경매,1
유해,1
브런치,1
전율,1
광란,1
장수하늘소,1
모래판,1
양구,1
흥업,1
뒷줄,1
개사,1
예약처,1
방심,1
야행,1
청기와,1
슈퍼맨이 돌아왔다,1
가디건,1
페르난도,1
2PM,1
임연,1
흡족,1
장화,1
마노,1
혈기,1
용돈,1
탈출,1
열한시,1
미네랄,1
구관,1
벌판,1
하정우,1
안남,1
월척,1
주두,1
상술,1
영양분,1
안계,1
가평군,1
무도리,1
마릿수,1
시어,1
출정,1
여대,1
사골,1
안일주,1
몽환,1
샵오픈,1
내장재,1
스킨스쿠버,1
인과,1
키트,1
유용,1
텀블러,1
천지,1
자매결연,1
매체,1
팔로,1
모시,1
다과,1
12년,1
수료,1
양산,1
한솔,1
쿠키,1
출퇴근,1
림보,1
정사,1
차별,1
2016년 3월,1
눈이 내린다,1
감영,1
사심,1
여장,1
카카오,1
버터크림,1
버스 터미널,1
새우깡,1
연발,1
꽃다발,1
칠곡,1
당초,1
안녕하십니까,1
발가락,1
000,1
조개껍질,1
리버,1
우회전,1
틈새,1
천왕,1
야단법석,1
이대로,1
비단잉어,1
어부가,1
앞날,1
몰골,1
학교 3,1
은어,1
나래,1
스포,1
박지아,1
죠스,1
주인집,1
433,1
정각,1
핑크색,1
원초,1
혼란,1
찬사,1
장통,1
소녀,1
노천온천,1
빛으로,1
겉면,1
장착,1
고층,1
성가,1
심해,1
비중,1
엔 주,1
겁쟁이,1
해일,1
11월 6일,1
결정체,1
티맵,1
라다,1
신조어,1
자연경관,1
고마움,1
방광,1
명상,1
춥다,1
포장지,1
통나무,1
초의,1
돌출,1
탄력,1
되새,1
형제봉,1
소서,1
살인범,1
8년,1
주량,1
정동진역,1
브로맨스,1
녹화,1
생채,1
이문,1
규정,1
캠퍼,1
악세사리,1
전문화,1
등나무,1
던지기,1
석가모니,1
더께,1
능력,1
백이,1
살점,1
특정,1
멍석,1
심판,1
죽도항,1
근간,1
트로피,1
구성원,1
땅파기,1
티에,1
술취,1
몸살,1
느린우체통,1
잡이,1
구멍가게,1
국사,1
던킨,1
해이,1
화보,1
용지,1
노른자,1
이음,1
건설,1
차고,1
글룸,1
-0,1
구리,1
감독상,1
1467년,1
모름,1
중간고사,1
족족,1
담벼락,1
구보,1
수요,1
리르,1
판도,1
의지력,1
부꾸미,1
화합,1
부자재,1
휘황,1
첨단,1
꼬치구이,1
에너지,1
본래,1
코지,1
재래시장,1
파시,1
신령,1
노심초사,1
울분,1
중부,1
리만,1
마중,1
카메라폰,1
갈매기살,1
억지,1
농협,1
트루디,1
국자,1
사막,1
지모,1
앞니,1
흉내,1
레크레이션,1
밧줄,1
이탈,1
카본,1
여의도,1
저본,1
고깃배,1
스카프,1
가격표,1
갈구,1
도자기,1
한오,1
스티치,1
친척,1
난간,1
산허리,1
유교,1
다비도프,1
씨알,1
안가라,1
넘버,1
아라,1
인치,1
춘천시,1
동아,1
80년대,1
전과,1
웰컴,1
스탠드,1
라만,1
에너지원,1
라이언,1
사현,1
리드미,1
장식품,1
독서,1
꼬지,1
졸업,1
.gl,1
제천,1
미학,1
하순,1
모토,1
수중,1
유타,1
지장,1
자기,1
미대,1
회원권,1
벤치마킹,1
크로스,1
잔가시,1
토굴,1
허허벌판,1
확산,1
비만,1
신바람,1
제설,1
아포가토,1
생후,1
정적,1
감소,1
광폭,1
테디,1
키위,1
이인선,1
임자,1
미투,1
코시,1
일세,1
원시,1
전생,1
삼성동,1
약국,1
블랙박스,1
보이스,1
몽골,1
옆방,1
나룻배,1
강하니,1
미지,1
하시,1
물소리,1
북한산,1
찬스,1
롱보드,1
두물머리,1
송해,1
시네,1
조업,1
지명,1
삿포로,1
홍천군,1
보고서,1
엄지손가락,1
제어,1
청룡,1
강사,1
관광호텔,1
분석,1
구석기,1
장난꾸러기,1
우기,1
세레나데,1
장시간,1
광화문,1
지렁이,1
콩알,1
카카오톡,1
큰딸,1
리셋,1
보라색,1
어른아이,1
전라남도,1
산간,1
때려,1
밤밥,1
눈독,1
포착,1
흔들다리,1
송천,1
소극,1
어시장,1
키친,1
은행나무,1
다라도,1
연기자,1
최신식,1
거리 공연,1
기계로,1
합성어,1
리나,1
보리,1
보루,1
신나라,1
천하,1
맨정신,1
동초,1
안해,1
저녁때,1
클레,1
마라,1
한승주,1
40년,1
찰나,1
대책,1
숲속으로,1
차편,1
출구,1
회포,1
화약,1
행정절차,1
백조,1
송강호,1
불혹,1
16년,1
음력 3월,1
광복,1
내 사랑,1
지정석,1
재팬,1
워터볼,1
여름 스포츠,1
현한,1
충천,1
만신창이,1
기재,1
자반고등어,1
타보라,1
린날,1
정서,1
장다리,1
미항,1
승용차,1
화마,1
대어,1
왕년,1
대회장,1
유리병,1
볼락,1
응신,1
바가지요금,1
호흡,1
당간,1
균열,1
자아,1
헬로,1
접속,1
조에,1
성능,1
사면,1
리오니,1
통풍,1
충청남도,1
터치,1
12월 15일,1
나발,1
드레스,1
묘적,1
커넥트,1
시금치,1
난민,1
미도,1
하조도,1
0시,1
숙영지,1
네온사인,1
전라북도,1
휴양림,1
이진욱,1
마포,1
섹시,1
사양,1
특선,1
다와,1
투썸플레이스,1
천명,1
처치,1
클리닝,1
박홍수,1
술상,1
여일,1
기증,1
유통기한,1
지호,1
마침표,1
작명,1
제재,1
타르트,1
반은,1
놀이기구,1
피카츄,1
등산복,1
함흥,1
석기,1
매니저,1
기반,1
아이유,1
설날,1
호도,1
김민재,1
밥솥,1
정글,1
청초호,1
2018년 4월,1
24년,1
교와,1
봉평,1
백씨,1
두피,1
접시꽃,1
내동,1
바비큐,1
장호항,1
개탄,1
오현,1
여주,1
습지,1
행차,1
인두,1
방기,1
사용자,1
직감,1
담당자,1
일연,1
개관,1
인산,1
다발,1
용해도,1
세상일,1
초벌,1
솔선수범,1
트랜디,1
귓가,1
예능,1
활약,1
금강고속,1
한라산,1
도쿄,1
석고보드,1
미스터,1
래시 가드,1
제대,1
여로,1
대가족,1
지존,1
다양성,1
스카,1
문밖,1
광서,1
몸뚱아리,1
쏘카,1
저기,1
포화,1
야구장,1
분류,1
119,1
밤잠,1
명대사,1
28년,1
편집,1
HOF,1
치타,1
영국,1
고열,1
아시안컵,1
나날,1
조형,1
거장,1
계기판,1
동경,1
이영희,1
미시령터널,1
경인,1
지참,1
동리,1
파래,1
연면적,1
동태,1
티파니,1
엄마와 아빠,1
라마다,1
신호,1
슈퍼문,1
더 월드,1
보시,1
해변으로 가요,1
철책,1
해탈,1
함성,1
조항,1
무한도전,1
잡념,1
퇴비,1
붉은빛,1
마약,1
관세음,1
드라이버,1
터줏대감,1
스카치 테이프,1
포스트,1
분식,1
내국인,1
개의,1
채송화,1
명숙,1
위풍,1
당구,1
붕어빵,1
페인트,1
성품,1
음성,1
손자,1
어부,1
받침,1
페스티발,1
상납,1
롯데호텔,1
2015년,1
조선의 개국공신,1
할리스 커피,1
앵콜,1
속옷,1
22,1
.re,1
수령,1
말년,1
노릇,1
허용,1
90분,1
감수,1
스타킹,1
번영,1
내숭,1
숙식,1
미르,1
일대기,1
숫자,1
조인,1
합계,1
숙이,1
상영관,1
석상,1
지름길,1
찜통,1
광목천왕,1
살맛,1
경사,1
아이디어,1
태웅,1
지국천왕,1
버블,1
중매,1
검사,1
구제,1
충만,1
풀숲,1
궁극,1
브로,1
번창,1
근저,1
섭리,1
양호,1
조언,1
분수,1
도표,1
제정,1
낙조,1
해초,1
십계명,1
살얼음,1
술기운,1
올겨울,1
마리 주,1
유닉스,1
관내,1
이성민,1
케이,1
독수리,1
수습,1
그레이드,1
후불,1
사운드박스,1
선임,1
그랜드,1
장창,1
화해,1
오미자,1
블루워터,1
멋진 하루,1
강물,1
기미,1
몇 번을,1
울음소리,1
전국체육대회,1
농기계,1
원우,1
박사,1
템포,1
퀘퀘,1
12월 13일,1
타락,1
골드비치,1
통달,1
체격,1
새벽 1시,1
사이사이,1
보양,1
달팽이,1
꽃처럼,1
화제,1
직후,1
예사,1
소장,1
점장,1
사진기,1
고려대,1
하와이안 피자,1
진풍경,1
좌회전,1
태극기,1
탐욕,1
윈도우,1
나이스,1
러버,1
그립,1
긍정,1
나뭇잎,1
축복,1
타원,1
인구항,1
뒤죽박죽,1
노적봉,1
대패,1
클린,1
육아,1
조청,1
솔방,1
꾸러미,1
힐스,1
흰밥,1
투영,1
할부,1
이엄,1
코발트,1
농담,1
개그맨,1
취급,1
로스,1
파이팅,1
11월 1일,1
촌놈,1
소지품,1
간표,1
놀이공원,1
스펙,1
대우,1
전갱이,1
질감,1
시전,1
경찰관,1
함박눈,1
야밤,1
절기,1
작사,1
중문,1
가공품,1
롤러코스터,1
자물쇠,1
황어,1
별표,1
어이,1
최인,1
독일마을,1
왼발,1
정기,1
벽지,1
양규,1
뒷일,1
기념관,1
찜질방,1
볼링장,1
파닭,1
종이컵,1
개정,1
항도,1
모자지간,1
부르,1
순정,1
세자,1
데뷔,1
울음,1
내실,1
아주버님,1
사단,1
굿모닝,1
.ng,1
신세인,1
미애,1
노가리,1
취재,1
어달항,1
잔당,1
버스 정류장,1
인산인해,1
떡쑥,1
미끄럼틀,1
개구쟁이,1
꼬막,1
토성면,1
마운,1
숙지,1
셀러,1
장기,1
만약,1
정신머리,1
대결,1
일렬,1
지식인,1
매직,1
영월,1
마블,1
아버님,1
크레용,1
숙주나물,1
뙤약볕,1
무파마,1
게라,1
전파,1
의암호,1
윤균상,1
카나,1
욕탕,1
하시나,1
박원상,1
대통령,1
승부,1
부부간,1
용어,1
김순남,1
천호,1
기장,1
머드,1
타자,1
열흘,1
키다리,1
공후,1
가랑비,1
콩과,1
파파,1
온건,1
업계,1
19,1
안온,1
씨름,1
번성,1
텔레비전,1
네네,1
등분,1
스튜디오,1
가스레인지,1
비키니,1
노령,1
염창동,1
추어탕,1
하루나,1
묵호항,1
기타리스트,1
얼간이,1
구슬,1
매스컴,1
둘레길,1
양회,1
군위군,1
범인,1
창리,1
수량,1
일념,1
7월 25일,1
불조심,1
명부,1
전봇대,1
과테말라,1
홀린,1
비의,1
종소리,1
이구,1
배포,1
비타민,1
유령,1
심심이,1
이끼,1
링컨,1
농가,1
조끼,1
미끄럼,1
컨트롤러,1
혼미,1
게시판,1
각인,1
에프킬라,1
양모,1
중광,1
월정사,1
카아,1
천주교,1
백석,1
컬렉션,1
저도,1
진후,1
물곰,1
아더,1
영양식,1
계획안,1
발레,1
실크,1
아프리카,1
소멸,1
희사,1
1908년,1
안락,1
원망,1
방자,1
퇴장,1
송가,1
불찰,1
이부,1
니모,1
수산리,1
봄바,1
강요,1
업소,1
보리새우,1
멈출 수 없어,1
문진,1
향토,1
은근,1
여파,1
외식,1
오디,1
전인,1
보도자료,1
공존,1
낙석,1
농산물,1
녹음,1
양면,1
어미,1
나루,1
타령,1
저음,1
정석용,1
정현,1
지난여름,1
대포,1
시 구,1
레노,1
동창회,1
임대,1
바텐더,1
동산리,1
소주잔,1
성재,1
격조,1
자석,1
15,1
1월,1
경험담,1
소유,1
일과,1
경상도,1
인방,1
서울과학기술대학교,1
코치,1
현황,1
양띠,1
청계천,1
분자,1
클로즈,1
가위 바위 보,1
리사,1
0.1,1
미만,1
울적,1
관람권,1
공연장,1
중앙통,1
해독제,1
환장,1
장구,1
두지,1
함순,1
아크,1
땀구멍,1
악마,1
오두방정,1
취기,1
본사,1
간도,1
뻥튀기,1
시니,1
진천,1
모집,1
주황색,1
자충,1
진흥,1
봉사,1
프리미엄,1
스템,1
네로,1
영한,1
간이,1
침입,1
적하기,1
보리차,1
스노클링,1
팻말,1
음주운전,1
부랑,1
그리움,1
11,1
아다다,1
통역,1
개입,1
웃통,1
고야,1
대천해수욕장,1
MBC강원영동,1
월말,1
통장,1
소지섭,1
영조,1
의의,1
민음사,1
분식집,1
학문,1
우현,1
가이지,1
메모,1
강구항,1
회전문,1
치료,1
이장,1
관리도,1
이모부,1
시그널,1
갈랍,1
환자,1
규격,1
수병,1
북부시외버스터미널,1
웨이트,1
벼랑,1
아미타불,1
증과,1
잡인,1
죽변항,1
단풍나무,1
트렁크,1
하마,1
입자,1
펌프,1
해당화,1
야쿠르트,1
연령,1
리진,1
다람쥐,1
수자원공사,1
해수면,1
점안,1
위용,1
분단,1
단가,1
애완동물,1
나노기술,1
성전,1
의도,1
장산리,1
원통버스터미널,1
리세,1
설치미술,1
진안동,1
제자리,1
지진,1
쐬주,1
마성,1
팔방,1
이상원,1
이왕,1
후원,1
행군,1
외투,1
볼링,1
버림,1
블랙,1
이크타,1
로켓,1
김삿갓,1
컨트롤,1
냉수,1
한국철도공사,1
임팩트,1
휴전선,1
정경,1
손짓,1
디스커스,1
봉봉,1
검둥이,1
밑바닥,1
조정,1
애경,1
일석이조,1
축소,1
보습,1
원색,1
한스,1
곱절,1
공판,1
쩔어,1
국가대표,1
이집트,1
속풀이,1
라도,1
환경오염,1
강도,1
킬로,1
합창,1
파도타기,1
광진리,1
신석기,1
장보,1
인어,1
별일,1
경고,1
화채,1
이심,1
러닝,1
남북,1
우유부단,1
영향력,1
폴리곤,1
신선,1
향후,1
카토,1
고봉,1
피스 강,1
시진,1
다양,1
여건,1
반지,1
애국가,1
예종,1
단잠,1
7월 20일,1
천수,1
네스,1
과식,1
안지,1
축문,1
정원조,1
7월 5일,1
규칙,1
니드라이,1
향연,1
화상,1
나주,1
미련,1
마늘빵,1
육도,1
무아,1
주상절리,1
소년,1
타투,1
다문천왕,1
A8,1
신동엽,1
난 호,1
나마,1
베긴,1
우왕,1
만전,1
주고 싶은 마음,1
설악면,1
해넘이,1
가진항,1
사투,1
두껍,1
명란,1
타이머,1
경전,1
모래알,1
고마워요,1
방송인,1
블리스,1
치어,1
엑스트라,1
대종상,1
족적,1
로터리,1
앞바퀴,1
마네,1
교훈,1
호응,1
구룡령로,1
방송국,1
충청북도,1
직업병,1
시간제한,1
2월 2일,1
하영이,1
국토,1
참나물,1
정암리,1
감치,1
화백,1
유종,1
열거,1
소머리,1
낙시,1
겉옷,1
여거,1
줄넘기,1
빈틈,1
구명,1
비석,1
만추,1
어떤날,1
원천,1
대동여지도,1
복병,1
연습실,1
Sweet Dream,1
주최,1
투하,1
지하도,1
협찬,1
좌선,1
전채,1
앰프,1
범벅,1
유리창,1
초원,1
침착,1
다오,1
울타리,1
개운,1
중생,1
2월 21일,1
인감,1
경비,1
체구,1
동갑내기,1
영화에서처럼,1
새집,1
사운드,1
세상만사,1
연설,1
음악회,1
호빵,1
탁구,1
우레,1
상스,1
빵가루,1
몇일,1
위력,1
리노,1
병신,1
폭설,1
간나,1
시상,1
내심,1
육탕,1
허니문,1
유원지,1
출전,1
자지,1
금지령,1
오렌지색,1
플라밍고,1
야생화,1
오부,1
반병,1
소다,1
효녀,1
도다리,1
해운대,1
강릉항,1
끼리,1
에바,1
등기,1
자인,1
달리,1
백종원,1
1/3,1
오해,1
분신,1
정오,1
소반,1
개념,1
단층,1
나비파,1
고불,1
지용,1
물줄기,1
토종,1
좋은 친구들,1
듬북,1
조차,1
을해,1
손수건,1
소하,1
팀원,1
아파트,1
염화,1
특집,1
티라미수,1
디테일,1
만도,1
제거,1
동인,1
하노이,1
기입,1
유서,1
휘닉스파크,1
약자,1
수타면,1
은산,1
아메리칸,1
실종,1
아니쉬 카푸어,1
초조,1
양양국제공항,1
삼봉,1
다크,1
통깨,1
대내외,1
모험심,1
조율,1
촉진,1
애완견,1
갈색,1
재단,1
11번가,1
베이지,1
조선 세조,1
낙엽,1
응어리,1
조르바,1
천수경,1
버스표,1
물통,1
감격,1
건축물,1
세척,1
발령,1
스텐,1
단신,1
헬멧,1
산림,1
주영,1
동물원,1
조도,1
앞길,1
사슴벌레,1
메리엘,1
책정,1
스티커,1
이동은,1
푸른밤,1
환호,1
인솔,1
제목,1
우에노,1
니콘,1
성적,1
자영업자,1
지압,1
늑대들,1
혓바닥,1
이새끼,1
자질,1
상점,1
국화,1
지난밤,1
지름신,1
소모량,1
함흥냉면,1
월포해수욕장,1
프랑스어,1
총신,1
6월 30일,1
반정,1
요절,1
나고 시,1
뒷날,1
전담,1
특공,1
즐거운 인생,1
싸인,1
농사,1
탄수화물,1
홍차,1
서양,1
말벌,1
입속,1
용문사,1
대가리,1
커피콩,1
투신,1
투표,1
낙후,1
모티브,1
은거,1
등뼈,1
게로,1
육군,1
타코,1
핸들,1
풀리,1
장각,1
찬장,1
파스타,1
개축,1
선호도,1
청년,1
심쿵해,1
약골,1
압축,1
청소년,1
라이터,1
라용,1
조관,1
8월 6일,1
움큼,1
활개,1
대답,1
복합,1
흑기사,1
야미,1
후지,1
강행,1
임시,1
황소,1
노니,1
도랑,1
로란,1
인대,1
노숙,1
피와,1
뚱뚱이,1
B2,1
참배객,1
국립,1
마산,1
노무현,1
장정,1
해드,1
굿바이,1
사다리,1
코멘트,1
우연,1
포용,1
9월 2일,1
리모콘,1
이아주,1
된장국,1
2006년 10월,1
계피,1
라디오,1
슬기,1
직사광선,1
콘크리트,1
해양박물관,1
초지역,1
배출,1
문해,1
신식,1
황포,1
오리지날,1
목조,1
야자수,1
치지,1
순종,1
뜨락,1
여독,1
붉은색,1
영화를 보고 나서,1
맨몸,1
사두,1
6년,1
이발,1
첫해,1
리다,1
냉기,1
디제이,1
중단,1
한창때,1
선셋,1
입금,1
Let's Dance,1
리모컨,1
제습기,1
당도,1
더비,1
오누이,1
윗방,1
장신,1
토질,1
우정은,1
팬히터,1
난전,1
초극,1
예리,1
1970년대,1
오침,1
두발,1
최영호,1
수입,1
치맥,1
칼라,1
선양,1
다트,1
멜라,1
명도,1
형부,1
온풍기,1
윙크,1
명절,1
고인,1
600,1
트리플,1
이수근,1
왁스,1
트롯,1
의대,1
말구,1
닭꼬치,1
태원,1
물물,1
시동리,1
전라,1
창조,1
기술,1
감탄사,1
노선도,1
요양,1
메뚜기,1
여보,1
화기,1
돈벌이,1
가두리,1
감정,1
레이,1
에피,1
허니버터브레드,1
콤비네이션,1
장일,1
반장,1
필름,1
인식,1
작곡,1
담군,1
신봉,1
사용료,1
초석,1
입관,1
한잠,1
동갑,1
사지,1
기암절벽,1
루미큐브,1
보관소,1
한보,1
세계인,1
기관,1
멜론,1
업적,1
GO,1
가오리,1
꽃밭,1
맨션,1
보리멸,1
낙오자,1
수칙,1
야야,1
메타세콰이아,1
해양수산부,1
혼잡,1
명승지,1
도끼,1
경향,1
접목,1
잠금장치,1
진신,1
창피해,1
얌전,1
아가야,1
충청도,1
난로,1
해골,1
민생,1
상하,1
올리브,1
트럭,1
재롱,1
마르고,1
조예,1
유가,1
요요,1
한구석,1
탄생,1
중개,1
햅쌀밥,1
영역,1
고질병,1
책꽂이,1
지다,1
숙녀,1
옵션,1
상당량,1
정남,1
조깅,1
별채,1
공짜,1
노고,1
전사,1
나뭇가지,1
심폐,1
니미,1
동의서,1
복수,1
풍호,1
시늉,1
우애,1
나트,1
검프,1
교대,1
기색,1
도래,1
자가,1
리민,1
기적처럼,1
취직,1
키르,1
송정,1
사상,1
서인,1
극기,1
마블링,1
음미,1
도메인,1
다라니,1
접근,1
특효,1
청각,1
국그릇,1
사투리,1
소현,1
보석,1
초가집,1
레츠고,1
목탁,1
깁스,1
아이리스,1
정책,1
아케이드,1
표지석,1
탈탈,1
한자,1
인절미,1
통차,1
채취,1
출발지,1
사올라,1
공인,1
외경,1
2017년 12월,1
국립중앙과학관,1
품격,1
OK,1
현미,1
이조,1
기계식,1
택지,1
구하기,1
타운,1
명정,1
전혜진,1
겸손,1
안식일,1
내원암,1
명심,1
한다 시,1
국산,1
니즈,1
승선표,1
발굴,1
참배,1
삼계탕,1
메이,1
대폭발,1
10년,1
흙탕물,1
목걸이,1
도색,1
아들과 딸,1
쓰레기장,1
소모품,1
미음,1
수납,1
개울가,1
선입견,1
전초,1
외박,1
아로,1
부착,1
고풍,1
식물원,1
헤어드라이어,1
야유,1
알까기,1
단구,1
서점,1
둘이,1
인도네시아어,1
지리,1
대강,1
아우,1
깃발,1
리아,1
가리,1
정색,1
우주선,1
관찰사,1
신경통,1
호기,1
이용이,1
미가,1
특산품,1
푸른색,1
포스터,1
낙서,1
모닝커피,1
백일홍,1
말재주,1
남미,1
이엘,1
브릭,1
질서,1
월미도,1
결국,1
홍시,1
겨를,1
호재,1
앞면,1
차장,1
정모,1
라베,1
구인,1
수준급,1
자유시,1
미러,1
고지용,1
오노,1
익일,1
4월 20일,1
자니,1
남아,1
지젤,1
은혜,1
새우젓,1
스태프,1
핫초코,1
지점장,1
해인사,1
미식,1
