word,counted
바다,287
해수욕장,244
해변,218
서핑,176
여행,157
파도,155
현남면,152
남애항,145
가족,118
처음,110
동해,107
추천,102
여름,101
바위,91
전화,91
느낌,89
근처,88
바닷가,88
아이들,85
모습,84
자리,83
숙소,82
거리,81
물놀이,79
출발,79
준비,79
모래,78
지도,78
날씨,78
강릉,76
보기,72
사장,72
민박,71
장소,69
수심,69
이랑,68
맛집,67
횟집,67
친구,67
사실,66
마음,66
이용,66
바람,65
완전,65
구경,65
휴가,64
마지막,63
물고기,62
하루,59
제가,59
보니,58
.com,57
비치,57
스노,56
샤워,56
풍경,55
새벽,55
가격,55
스팅,54
만원,54
전망대,54
그런지,53
카페,52
맥주,52
조개,52
음식,51
고기,51
예약,51
요즘,51
장비,50
한잔,50
혼자,49
포인트,49
소개,49
주변,49
방문,48
이동,48
점심,47
기분,47
촬영,47
안전,47
주말,47
보드,47
바닥,47
식사,46
파라솔,46
원래,46
하늘,45
다이빙,45
분위기,45
식당,45
커피,45
입구,45
동해안,44
행복,44
텐트,44
스쿠버,44
주문진,44
일출,44
안녕하세요,43
엄마,43
이름,43
기대,43
작년,42
다음날,42
죽도,42
테이블,42
최고,42
아빠,42
속초,41
화장실,41
제일,41
사용,40
조금,40
서울,40
체험,40
강습,40
아래,40
튜브,40
숙박,40
수영,39
여름휴가,39
아이,39
시설,39
명소,39
검색,39
해수욕,39
기억,39
낚시,38
선택,37
마무리,37
리조트,37
나름,37
한곳,37
오징어,36
등대,36
사이,36
블로그,36
생선,36
사랑,36
동안,36
공간,36
가지,36
그늘,36
이제,36
관심,36
강사,35
성수기,35
오전,34
방파제,34
여유,34
단위,34
기본,34
필요,33
오픈,33
만족,33
놀이,33
고고,33
얼마,32
계획,32
국내,32
추억,32
개인,32
이야기,32
바닷물,32
참고,31
재미,31
마리,31
오후,31
반찬,31
라면,31
운영,31
휴게,31
걱정,31
오랜만,31
주차,30
저장,30
내부,30
매운탕,30
조대,30
고민,30
소리,29
어른,29
손님,29
하기,29
이건,29
감사,29
마을,29
교육,29
지금,29
한참,28
슈트,28
폴더,28
전날,28
입수,28
물속,28
인구,28
정보,28
고속도로,28
친절,28
정리,28
코스,27
도로,27
테라스,27
얼굴,27
분이,27
겨울,27
내년,27
에어컨,26
힐링,26
하와이,26
시장,26
영상,26
수영장,26
샤워실,26
대여,26
남편,26
모래사장,26
산책,26
연산,26
중간,26
스노클링,26
포기,25
편의점,25
워크,25
백사장,25
덕분,25
10분,25
스카이,25
강아지,25
진행,25
캠핑,25
인지,25
주차장,25
만큼,25
자연,24
곳도,24
이예,24
한번,24
휴가철,24
결정,24
인테리어,24
여자,24
마루,24
오빠,24
항구,24
언니,24
카메라,23
매력,23
투어,23
좋아서,23
감상,23
구름,23
추가,23
요기,23
남자,23
와이,23
상태,22
예전,22
말씀,22
공기,22
아들,22
계곡,22
설치,22
건물,22
꿀맛,22
후기,22
대기,22
순간,22
계단,22
8월,21
내일,21
보트,21
개장,21
소주,21
서비스,21
모양,21
국물,21
휴식,21
타임,21
등등,21
문의,21
머리,21
배달,21
어제,21
그때,21
돌고래,21
다리,21
그릇,21
오른쪽,21
구명조끼,21
냄새,21
일정,21
기사,21
강원,21
커플,21
천원,21
연습,20
기전,20
토요일,20
당일,20
안내,20
가운데,20
해안,20
그림,20
가게,20
부분,20
바로,20
막국수,20
해주시,20
7월,20
지역,20
장이,20
야외,20
마련,20
리에,19
시즌,19
편안,19
부탁,19
굿모닝,19
가자미,19
나중,19
고래사냥,19
이다,19
아쉬움,19
여행지,19
여기저기,19
양이,19
구입,19
의자,19
경치,19
시야,19
갯바위,19
가재,19
가슴,19
대박,19
게스트하우스,18
문제,18
하우스,18
동네,18
김치,18
멍게,18
침대,18
호텔,18
영화,18
한국,18
녀석,18
포함,18
동반,18
소나무,18
왼쪽,18
요금,18
초보,18
동영상,18
다이버,18
전경,18
일요일,18
장점,17
나무,17
사고,17
낙산,17
네이버,17
대신,17
이후,17
고생,17
이유,17
발견,17
더위,17
세상,17
전복,17
차로,17
다행,17
6월,17
치킨,17
우리나라,17
관리,17
미항,17
식구,17
비교,17
처녀,17
종일,17
첫날,17
홈페이지,16
확인,16
종류,16
대부분,16
자랑,16
입장,16
절대,16
스파,16
무료,16
성인,16
서울로,16
가시,16
구이,16
새우,16
목적지,16
온수,16
인근,16
전망,16
갯마을,16
피서객,16
인생,16
밑반찬,16
부부,16
해산물,16
연인,16
태풍,16
애기,16
배낚시,15
수영복,15
양념,15
주방,15
문어,15
가드,15
한쪽,15
버거,15
미역,15
부족,15
체크,15
삼척,15
광어,15
정신,15
해먹,15
감자,15
아니,15
모듬,15
공사,15
군데,15
이때,15
장난,15
운전,15
이웃,15
.kr,15
평일,15
버스,15
청소,15
수건,15
크기,15
송이,15
냉장고,15
자유,15
포장,15
어린이,15
온도,15
간식,15
전체,15
푸른,15
지인,15
수온,15
삼겹살,15
남해,14
경험,14
바닷속,14
레저,14
맛나,14
깊이,14
가을,14
낙산사,14
설명,14
어촌,14
아기,14
무릎,14
스키,14
위험,14
경포대,14
얘기,14
완료,14
이서,14
실패,14
오신,14
파티,14
신발,14
크림,14
표정,14
신랑,14
성공,14
슈퍼,14
워터,14
월요일,14
연휴,14
시골,14
게스트,14
안나,14
사이즈,14
유리,14
가능,14
수트,14
관계,14
메인,14
드릴,14
둥둥,14
음악,14
신경,14
입맛,13
피서,13
안주,13
선물,13
피곤,13
대표,13
계속,13
주인,13
가도,13
인분,13
정자,13
수상,13
지난주,13
예정,13
가자,13
필수,13
대구,13
기가,13
도전,13
핸드폰,13
약속,13
요건,13
애견,13
불편,13
허리,13
.co,13
등장,13
해서,13
동생,13
현서,13
미터,13
안보,13
주의,13
수평선,13
판매,13
패스,13
이틀,13
도깨비,13
스타일,13
센터,13
인가,13
평소,13
할머니,13
투명,13
운동,12
야채,12
전문,12
하면,12
해외,12
지점,12
오니,12
야영,12
착용,12
시기,12
먹방,12
생활,12
장호항,12
구비,12
중인,12
방향,12
노래,12
정비,12
동산,12
체력,12
제주도,12
가야,12
나라,12
각종,12
거북,12
단체,12
가보,12
우측,12
해결,12
군가,12
애창,12
이국,12
북적,12
이론,12
자체,12
대로,12
남은,12
피자,12
스팟,12
대비,12
당일치기,12
파란,12
거실,11
해삼,11
스타,11
양양가,11
만남,11
아메리카노,11
금요일,11
가요,11
갈매기,11
직원,11
저번,11
어린아이,11
곳곳,11
햄버거,11
조개잡이,11
우럭,11
그중,11
설레임,11
음료,11
고추,11
세팅,11
여름철,11
회덮밥,11
프로,11
정식,11
규모,11
소식,11
9월,11
천국,11
리가,11
여성,11
본인,11
진심,11
접시,11
수치,11
엄지,11
실수,11
경매,11
다이브,11
중심,11
축제,11
아무것,11
후회,11
스포츠,11
외관,11
조건,11
이해,11
수업,11
조카,11
상상,11
완벽,11
일상,11
하나로,11
개별,11
그동안,11
일반,11
활어,11
건지,11
취사,11
햇빛,11
면적,10
시가,10
계절,10
터미널,10
모임,10
식탁,10
실내,10
수도,10
밥집,10
야영장,10
듯이,10
한눈,10
인기,10
메카,10
연결,10
수산,10
에선,10
초장,10
도보,10
수육,10
영국,10
지경,10
햇살,10
재료,10
라인,10
앞쪽,10
자격증,10
스킨스쿠버,10
요리,10
돗자리,10
애로,10
초보자,10
미역국,10
나머지,10
무리,10
모델,10
장님,10
건강,10
양쪽,10
트레이너,10
기간,10
자락,10
활동,10
인정,10
피부,10
열정,10
약간,10
국도,10
객실,10
옥수수,10
조망,10
시원,10
신나,10
앞바다,10
아가,10
해장,10
사온,10
신분,10
구매,10
유명,10
사서,10
방법,10
나이,10
동해대로,10
고운,10
폭염,10
조심,10
바다낚시,10
와서,10
캠프,10
옛날,10
창문,9
보고 싶다,9
와중,9
컵라면,9
오오,9
긴장,9
감성,9
복귀,9
모델링,9
반대,9
구역,9
먹거리,9
감동,9
마스크,9
난리,9
조명,9
일주일,9
수산물,9
용품,9
기록,9
홍합,9
스쿠버 다이빙,9
일차,9
애가,9
잠깐,9
쓰레기,9
바퀴,9
의지,9
안녕,9
샐러드,9
닭강정,9
세트,9
예술,9
주위,9
고래,9
비밀,9
상황,9
비빔밥,9
선상,9
가까이,9
비주얼,9
가니,9
서서,9
마당,9
잡기,9
나물,9
캠핑장,9
춘천,9
매장,9
반복,9
평상,9
취향,9
래미,9
기회,9
하하,9
부산,9
진짜,9
구조,9
물질,9
기름,9
이것저것,9
높이,9
도움,9
실력,9
양파,9
지난번,9
수중,9
삼매,9
하나,9
경우,9
시반,9
올여름,9
세척,9
센스,9
수준,9
낙산해수욕장,9
기초,9
드라이,9
구분,9
고성,9
벽면,9
사무실,9
소라,9
예상,9
안고,9
주시,9
배경,9
낭만,9
음식점,9
환영,9
아이스크림,9
젊은이들,8
장면,8
비도,8
직전,8
전기,8
아무도,8
흡입,8
양도,8
좌측,8
차이,8
볼거리,8
공유,8
내음,8
한입,8
언덕,8
소문,8
색깔,8
현장,8
이신,8
실망,8
정말,8
양식,8
회사,8
방수,8
목격,8
음료수,8
차량,8
밴스,8
즐거움,8
리필,8
거지,8
목적,8
기상,8
현실,8
10월,8
무침,8
마스터,8
번호,8
구간,8
성전,8
오시,8
주소,8
장도,8
인심,8
욕실,8
해양,8
더더,8
편리,8
포구,8
콘도,8
메밀,8
감기,8
인상,8
아이스,8
안쪽,8
얼음,8
컨디션,8
코앞,8
리뷰,8
완성,8
깨알,8
전세,8
장만,8
감탄,8
분리,8
수제,8
탐방,8
목표,8
운치,8
댓글,8
부담,8
과정,8
해녀,8
전화번호,8
게임,8
간다,8
생물,8
그날,8
젓갈,8
걷기,8
당황,8
가가,8
피해,8
보라,8
개통,8
요미,8
안남,8
제공,8
열기,8
대체,8
작성,8
정성,8
마트,8
작업,8
단점,8
이도,8
순두부,8
개월,8
튀김,8
자신,8
사이트,8
여명,8
하구,8
육수,8
연락,8
풀장,8
한장,8
출수,8
집으로,8
길이,8
박스,8
무지,8
버섯,8
지불,7
푸드,7
성비,7
내용,7
평창,7
행사,7
유료,7
인용,7
오랫만,7
평화,7
고추장,7
기도,7
손맛,7
북쪽,7
아저씨,7
-4,7
대세,7
인줄,7
상차림,7
해돋이,7
모두,7
등대도,7
투척,7
장관,7
트럭,7
최대한,7
후에,7
나니,7
대한민국,7
속도,7
파도타기,7
갈수,7
손질,7
바지,7
남쪽,7
샴푸,7
인제,7
인해,7
연안,7
주민,7
연락처,7
금지,7
인증,7
클럽,7
출항,7
보통,7
드라이브,7
관광객,7
년대,7
환상,7
감자떡,7
벤치,7
관광지,7
탈의실,7
스쿨,7
외부,7
결론,7
잠수,7
예보,7
지정,7
발목,7
가로,7
애제,7
일명,7
스킨,7
사항,7
마스코트,7
한여름,7
구름다리,7
전용,7
바가지,7
기념,7
한숨,7
도다리,7
해장국,7
장사,7
장판,7
방안,7
인원,7
라이,7
탕이,7
블로거,7
꽁치,7
소요,7
별도,7
최적,7
중앙시장,7
안목,7
최대,7
부력,7
강릉시,7
할거,7
웨이트,7
과자,7
손가락,7
가스,7
노을,7
적응,7
1박 2일,7
광진리,7
예뻐서,7
껍질,7
물이,7
비용,7
다짐,7
치즈,7
필터,7
클릭,7
참여,7
정체,7
대한,7
2시,7
출입,7
어초,7
제한,7
관광,7
전진,7
지로,7
천막,6
니다,6
멀미,6
인파,6
실습,6
신축,6
부모,6
짙은,6
보관,6
홀로,6
먹구름,6
편의,6
형태,6
지게,6
공식,6
컨셉,6
뚝배기,6
인사,6
시스템,6
셀프,6
광진,6
무더위,6
다라,6
당시,6
커서,6
아이와,6
명절,6
해안선,6
모드,6
하네,6
제철,6
추위,6
땡볕,6
픽업,6
불가,6
소재지,6
바닷바람,6
짬뽕,6
불꽃놀이,6
참기름,6
타이밍,6
자세,6
노력,6
철수,6
잘못,6
체감,6
옆쪽,6
청정,6
김정미,6
무지개,6
가입,6
한마디,6
돼지,6
막장,6
환경,6
-1,6
해수,6
표지판,6
숟가락,6
어선,6
건조대,6
구조물,6
3분,6
화질,6
식기,6
다시,6
언급,6
일행,6
폭풍,6
볶음,6
칭찬,6
해진,6
경기도,6
부동산,6
폭죽,6
체크아웃,6
안심,6
어머니,6
코로나,6
해물,6
눈치,6
결과,6
보정,6
회원,6
나가,6
포트,6
돌고,6
해도,6
소고기,6
어려움,6
진입,6
숯불,6
신청,6
간만,6
해초,6
키로,6
취침,6
방송,6
집중,6
부표,6
군사,6
맨발,6
색감,6
고객,6
일본,6
맞은편,6
금표,6
도시락,6
대형,6
비린내,6
된장,6
옥상,6
고급,6
회관,6
이집,6
자극,6
칵테일,6
일기,6
생일,6
이나,6
날짜,6
연속,6
가평,6
발리,6
동호회,6
안길,6
오메가,6
소스,6
제품,6
아파트,6
꼬마,6
아래쪽,6
어깨,6
반대편,6
게도,6
지만,6
출근,6
피서지,6
귀여워,6
변화,6
초대,6
요새,6
간판,6
워터파크,6
모래성,6
너머,6
이왕,6
냉면,6
소나기,6
안성맞춤,6
소금,6
강의,6
냄비,6
지리,6
설정,6
수면,6
수리,6
맞이,6
기술,6
깻잎,6
춥다,6
철조망,6
조림,6
며칠,6
그릴,6
건조,6
시댁,6
창가,6
해질녘,6
흔적,6
칼국수,5
우울,5
치맥,5
변경,5
채소,5
어치,5
에너지,5
기온,5
애정,5
금강산,5
영동,5
청양고추,5
잠자리,5
해제,5
서로,5
영업시간,5
자녀,5
고향,5
대게,5
광경,5
온몸,5
국민,5
스티커,5
형님,5
고양이,5
모텔,5
발길,5
모닝,5
가이드,5
오대산,5
앞으로,5
좌우,5
결과물,5
가량,5
라구,5
다음번,5
장착,5
상해,5
원주,5
위주,5
바라,5
유일,5
모시,5
수고,5
조합,5
하강,5
접근성,5
시절,5
이불,5
선풍기,5
한편,5
개시,5
풍선,5
통과,5
분만,5
영동고속도로,5
신고,5
정상,5
물치항,5
좋은 날,5
충전,5
무한,5
싱크대,5
가리비,5
수기,5
현수막,5
우리집,5
일환,5
라인업,5
주문진읍,5
괜찮아,5
상호,5
취미,5
소진,5
신이,5
주택,5
인천,5
허기,5
만해,5
한가지,5
어느날,5
도중,5
보호,5
맨손,5
종료,5
동남아,5
바깥,5
이구,5
리라,5
번지,5
하나하나,5
와인,5
마늘,5
잡어,5
철제,5
구성,5
이맘때,5
너울,5
담당,5
지경리,5
모레,5
단골집,5
분도,5
심장,5
내심,5
레스,5
막바지,5
장과,5
금액,5
조식,5
발걸음,5
사업,5
창밖,5
보일,5
말미잘,5
고정,5
중앙,5
가루,5
세계,5
샤워기,5
낮잠,5
철재,5
바우,5
식후경,5
길가,5
불고기,5
토스트,5
인연,5
계란,5
기약,5
선사,5
스트레스,5
반려,5
다발,5
남자들,5
작품,5
들보,5
호주,5
사방,5
친정,5
차원,5
꽃마을,5
레이스,5
파라다이스,5
무렵,5
호흡기,5
기타,5
불빛,5
5월,5
고장,5
오천,5
요원,5
배우,5
허벅지,5
발바닥,5
카카오톡,5
인도,5
시선,5
주심,5
매매,5
소원,5
이만,5
현북면,5
미니,5
양배추,5
방해,5
특징,5
한철,5
출동,5
다운,5
택시,5
스텝,5
해주,5
동시,5
벌레,5
성지,5
청결,5
잠도,5
교통,5
진해,5
양념장,5
침구,5
-3,5
모기,5
스노우,5
닭갈비,5
지대,5
상어,5
연상,5
마니,5
매콤,5
낙산항,5
볶음밥,5
이정,5
정면,5
문리,5
보그,5
문자,5
기운,5
효과,5
명칭,5
꽃집,5
질도,5
물결,5
고둥,5
뒷편,5
배려,5
신기,5
고요,5
주가,5
인당,5
바다색,5
멤버,5
막내,5
롱보드,5
이용한,5
에메랄드,5
상봉,4
이벤트,4
지느러미,4
회의,4
일광욕,4
잡음,4
수다,4
강조,4
나폴리,4
이고,4
사찰,4
별미,4
이마트,4
차차,4
레스토랑,4
여사,4
돌이,4
물살,4
가실,4
외출,4
디렉터,4
쇼핑,4
막걸리,4
꼭대기,4
비키니,4
설악,4
입장료,4
리어,4
빙의,4
한대,4
우유,4
축하,4
버전,4
솔밭,4
충실,4
하트,4
그물,4
인원수,4
원도,4
요청,4
디자인,4
초곡항,4
군인,4
일품,4
특산물,4
결국,4
극성,4
햇볕,4
횟감,4
코타,4
상담,4
꽃게,4
명태,4
라라,4
찌개,4
부착,4
장인,4
폭우,4
귀차니즘,4
변신,4
시각,4
챙피,4
임대,4
대관령,4
소도,4
일자,4
우산,4
용인,4
포토,4
지방,4
무시,4
택배,4
일용,4
단장,4
진한,4
기차,4
떡국,4
재촉,4
바비큐,4
베란다,4
탈수,4
복이,4
프로그램,4
경계,4
한계령,4
리프트,4
여보,4
방기,4
사가,4
수요일,4
양은,4
발도,4
코기,4
선생님,4
왼편,4
전통,4
과일,4
선장,4
별거,4
여태,4
취소,4
치약,4
지붕,4
밤새,4
관리자,4
달팽이,4
주저,4
쐬주,4
허허,4
공용,4
휴양지,4
개수대,4
즈음,4
짜증,4
대가,4
안개,4
우수,4
프리,4
컴백,4
세번,4
공원,4
만끽,4
선정,4
거울,4
베스트,4
허락,4
수칙,4
배정,4
계산,4
목이,4
주전,4
사모님,4
바지락,4
수저,4
전만,4
여러분,4
활용,4
표현,4
회랑,4
아침밥,4
아드님,4
이튿날,4
여건,4
어머님,4
외국인,4
공장,4
막도,4
소품,4
남녀,4
뉴스,4
테라로사,4
새해,4
화상,4
왁스,4
워드,4
하룻밤,4
주도,4
부추,4
링크,4
공수,4
좌석,4
떡볶이,4
매운맛,4
서프보드,4
비누,4
체크인,4
시도,4
사발,4
삼동,4
빨래,4
식해,4
리치,4
장마,4
바리,4
뒤쪽,4
국수,4
향기,4
전국,4
탱크,4
모아,4
개장일,4
성황,4
어머님께,4
순두부찌개,4
없어,4
미소,4
내외,4
가면,4
에어,4
후식,4
처리,4
상승,4
핑크,4
지형,4
머리카락,4
일부,4
태양,4
유명한,4
브이,4
유명세,4
엄두,4
새끼,4
체계,4
도시,4
정이,4
소인,4
구리,4
수경,4
2년,4
이란,4
조사,4
친척,4
통감,4
스페셜,4
생명,4
고려,4
초반,4
오름,4
제격,4
-0,4
늦잠,4
차선,4
동호,4
쌈장,4
무늬,4
요번,4
동치미,4
진정,4
연기,4
분간,4
확신,4
제주,4
시설물,4
두부조림,4
돌아오는 길,4
세면대,4
비수,4
달래,4
특색,4
-2,4
웨이,4
이사,4
조성,4
스포,4
설비,4
메추리,4
원정,4
최선,4
입술,4
고개,4
선배,4
음주,4
들깨,4
바램,4
영향,4
위안,4
포식,4
소화도,4
길목,4
공개,4
중순,4
한동안,4
하이라이트,4
일대,4
반면,4
정원,4
따위,4
교리,4
사천,4
실제,4
상단,4
미지,4
페이스북,4
평균,4
원인,4
발자국,4
버디,4
아쿠아,4
이면,4
하지,4
초딩,4
문구,4
사전,4
하얀색,4
남매,4
스케줄,4
어르신,4
간격,4
조절,4
바람막이,4
태국,4
만나,4
기능,4
기계,4
경기,4
꺼리,4
레크레이션,4
시간대,4
가정,4
산호,4
발전,4
탑승,4
슬픔,4
거주,4
불가사리,4
오리발,4
오바,4
터널,4
반응,4
광고,4
채집,4
특성,4
엘리베이터,4
성격,4
차지,4
신풍,4
취급,4
김밥,4
모자,4
하하하,4
생맥주,4
비중,4
후라이,4
표시,4
현관,4
보이시,4
브리핑,4
대미,4
조각,4
영어,4
특유,4
씨름,4
황토,4
바나나보트,4
외국,4
군소,4
세례,4
호로,4
사건,4
칫솔,4
가족사진,4
오지,4
안함,4
심곡항,4
시점,4
들로,4
오리,4
브런치,4
호수,4
주제,4
땡큐,4
업그레이드,4
여행객,4
글씨,4
수제비,4
테크니컬 다이빙,4
절임,4
할인,4
레포츠,4
해무,4
오자,4
전병,4
인터넷,4
주인장,4
핑계,4
한지,4
도로변,4
경사,4
마무,3
첨부,3
형상,3
젊음,3
셋트,3
그림자,3
한자,3
가와,3
죽도로,3
취향저격,3
패티,3
벽화,3
코너,3
번주,3
인적,3
던지기,3
월 가,3
지구,3
개념,3
호두과자,3
별관,3
사랑해,3
관람,3
맛깔,3
두부,3
샌들,3
비쥬,3
해운대,3
마음속,3
황어,3
사리,3
지기,3
이여,3
나위,3
올림픽,3
큰방,3
궁합,3
건어물,3
입문,3
터치,3
첨가,3
와도,3
거부,3
순서,3
이색,3
방문객,3
휴대,3
한계,3
자외선,3
선지,3
젓가락,3
예뻐,3
국도변,3
평온,3
질색,3
주말여행,3
용서,3
유일한,3
보이,3
석양,3
건축물,3
마실,3
8월 2일,3
패키지,3
솜씨,3
주세,3
13,3
조개껍데기,3
기절,3
외로움,3
탐색,3
30대,3
주기,3
짜장면,3
컬러,3
물가,3
팔각,3
온돌방,3
파란색,3
경제,3
산책로,3
동서울,3
지식,3
표지,3
창고,3
공부,3
차림,3
큰애,3
지라,3
님과 함께,3
-5,3
관찰,3
숙이,3
제조,3
입성,3
가에,3
매트,3
데코,3
대왕,3
방울,3
리 현,3
두근두근,3
주의보,3
이모,3
솔방,3
우정,3
호흡,3
에어비앤비,3
군침,3
황태,3
풍광,3
작가,3
기원,3
냉동,3
혜택,3
근무,3
아버지,3
장거리,3
육아,3
고속버스,3
파랑,3
명성,3
청춘,3
변수,3
법칙,3
콩가루,3
전자레인지,3
출처,3
연차,3
쥐포,3
정돈,3
해지,3
당도,3
해송,3
서식지,3
조개껍질,3
노지,3
축구,3
물색,3
유지,3
이하,3
타기,3
뒷모습,3
큰아들,3
설탕,3
아주,3
도미,3
사진가,3
막간,3
대화,3
합류,3
총각,3
산낙지,3
기쁨,3
세탁기,3
포장마차,3
이스,3
초등학생,3
내면,3
골뱅이,3
고독,3
송지호,3
사기,3
철이,3
근교,3
육지,3
여분,3
차고,3
한때,3
사냥,3
명도,3
패션,3
먼지,3
베이,3
리다,3
휴대폰,3
자전거,3
먹이,3
선셋,3
멸치,3
한우,3
만도,3
주중,3
보도,3
원본,3
어종,3
안경,3
신상,3
지지,3
행운,3
공짜,3
어촌계,3
빙수,3
상관,3
불꽃,3
땅콩,3
실시간,3
배로,3
무트,3
포즈,3
사비,3
최저,3
신흥,3
산호초,3
프로젝트,3
니들,3
수록,3
리민,3
하진,3
상추,3
웨어,3
군락,3
소속,3
야유회,3
학원,3
발가락,3
이외,3
이쯤,3
로고,3
투하,3
모녀,3
에폭시,3
수원,3
트리,3
.me,3
수조,3
조리,3
고해,3
월세,3
고추가,3
바닷가재,3
술안주,3
도랑,3
11월,3
대답,3
스피커,3
갈비,3
숫자,3
간지,3
방방,3
세월,3
노출,3
한방,3
팔로,3
제목,3
마주,3
상가,3
점령,3
호리,3
폭발,3
로그,3
확률,3
가늠,3
바닷,3
달걀,3
옆집,3
초도,3
복어,3
오른편,3
한적,3
강타,3
후문,3
담소,3
참가,3
화살표,3
탈출,3
희망,3
김치찌개,3
산봉우리,3
역광,3
사망,3
욕구,3
보심,3
소가,3
전부,3
오르막,3
목장,3
글자,3
빨간색,3
살얼음,3
잘 먹었습니다,3
쏘주,3
통화,3
화분,3
경포해수욕장,3
긴팔,3
8월 25일,3
슈즈,3
로코,3
디스커버리,3
실화,3
먼저,3
파노라마,3
취득,3
시중,3
인덕션,3
기라,3
오렌지,3
운행,3
자몽,3
형성,3
간접,3
웃음소리,3
리터,3
아지트,3
얌전,3
방식,3
활성,3
동동,3
가든,3
사계절,3
디워,3
점심시간,3
답사,3
조황,3
경계선,3
하수구,3
승선,3
반바지,3
정차,3
적극,3
마린,3
키키,3
매물,3
주먹,3
야호,3
준비물,3
즐거운 하루,3
웃음,3
일전,3
비가,3
나기,3
품목,3
전문가,3
아부지,3
온건,3
5부,3
식품,3
결제,3
중반,3
폭죽놀이,3
차례,3
일몰,3
리세,3
언니네,3
관음보살,3
강현면,3
미세먼지,3
하니,3
식수,3
여행기,3
시키,3
무단,3
문진,3
도둑,3
방황,3
실물,3
앞마당,3
바구니,3
소면,3
아아,3
룰루,3
실외,3
서방,3
싸움,3
다이어트,3
두절,3
양양읍,3
서도,3
신호,3
전환,3
커버,3
무적,3
로드,3
빛깔,3
현지,3
밥맛,3
입안,3
최소,3
낚시대,3
플라스틱,3
마시,3
상체,3
화보,3
유유자적,3
결혼,3
도마,3
번식,3
장모,3
미스,3
지하,3
성과,3
잡지,3
도매,3
주신,3
테이,3
타도,3
골목,3
후후,3
당근,3
삼촌,3
최악,3
여비,3
청년,3
시내,3
손바닥,3
개방,3
중국집,3
의미,3
인물,3
찬물,3
기와,3
발코니,3
수박,3
린스,3
이곳저곳,3
게시물,3
일요일 아침,3
신혼여행,3
위생,3
파악,3
명당,3
잔잔,3
입가심,3
유혹,3
선생,3
홍게,3
박은,3
연인들,3
원산지,3
작정,3
김정환,3
사이드,3
식빵,3
기세,3
청어,3
영도,3
명당자리,3
물기,3
만석,3
탁트인,3
여행가,3
회로,3
정숙,3
의도,3
명물,3
통일,3
비바람,3
아름답다,3
된장찌개,3
추석,3
스토어,3
촉감,3
미끼,3
간장,3
지옥,3
가나,3
무게,3
저어,3
가방,3
동료,3
개발,3
어항,3
주황색,3
남대천,3
야경,3
해상,3
블루,3
지킴이,3
센타,3
실장,3
보람,3
이든,3
살수,3
어민,3
오염,3
이자,3
거품,3
대접,3
이용료,3
공연,3
여부,3
스펀지,3
와이프,3
물품,3
믿음,3
남양주,3
밥상,3
결재,3
방생,3
왕창,3
연어,3
브라더,3
실전,3
이동하,3
무말랭이,3
남면,3
석이,3
다다,3
동화,3
파스타,3
수족관,3
안전교육,3
그루,3
필리핀,3
꼬막,3
봄이,3
롯데,3
1년,3
휴게실,3
가오,3
하늘과 바다,3
경포호,3
1월,3
전복죽,3
힘찬,3
갓길,3
거북이,3
카이,3
동산리,3
신세계,3
지두,3
신공,3
전기밥솥,3
브랜드,3
와우,3
학교,3
상주,3
할아버지,3
대명,3
사인,3
의사,3
속살,3
퍼스,3
아일랜드,3
단계,3
간반,3
오토,3
재형,3
좌절,3
보증금,3
월도,2
노래미,2
건축면적,2
수구,2
토종닭,2
스테이지,2
활기,2
모란,2
콘크리트,2
조화,2
삼시세끼,2
분과,2
메일,2
리얼,2
초입,2
탁자,2
색상,2
스케이트보드,2
후진,2
비기너,2
법당,2
차만,2
형언,2
불어,2
호박,2
둘쨋날,2
액자,2
빼기,2
다이버스,2
천장,2
에 산,2
기구,2
구석,2
이정식,2
벨트,2
대용,2
유유,2
초콜릿,2
주차공간,2
커밍,2
발생,2
쿠폰,2
숙박비,2
초코,2
노릇,2
직장,2
각광,2
빗소리,2
소질,2
재작년,2
물개,2
카약,2
원룸,2
이준호,2
동선,2
포차,2
간적,2
애초,2
난로,2
대구시,2
정겨운,2
절반,2
존재,2
지속,2
위용,2
위드,2
아메리카,2
CD,2
봉우리,2
등록,2
국적,2
페이지,2
단디,2
다시마,2
동작,2
기여,2
호기심,2
사나이,2
도서관,2
부천,2
시트,2
아파서,2
자국,2
치악산,2
손양면,2
데이트,2
유행,2
화면,2
인사말,2
다중,2
풍요,2
크러쉬,2
메시지,2
망고,2
레깅스,2
피어,2
유적,2
도래,2
무김치,2
송창식,2
마나,2
국밥,2
누수,2
청송,2
187,2
스터디,2
조준,2
덮밥,2
요가,2
판단,2
강습비,2
탈락,2
카페인,2
보험,2
다이,2
공중,2
이용이,2
도모,2
바캉스,2
탐사,2
매트리스,2
오산리,2
고요한,2
비행기,2
특산품,2
조감도,2
자칭,2
극도,2
지난달,2
오색,2
신식,2
곰팡이,2
마네킹,2
가고파,2
외할머니,2
콩나물,2
전용선,2
연못,2
누가,2
일기예보,2
오호,2
세계로,2
측면,2
공중화장실,2
자취,2
해소,2
바랄,2
사투,2
동양화,2
준공,2
송정,2
푸름,2
스피드,2
숙박업소,2
불상사,2
시간표,2
이당,2
품격,2
회장,2
대지면적,2
아주머니,2
군대,2
반도,2
시전,2
스쿠버 장비,2
목소리,2
연탄,2
위로,2
반점,2
동명,2
정감,2
감시,2
조미료,2
토요일 오후,2
디저트,2
곰치,2
백숙,2
팬티,2
어부들,2
우동,2
상대,2
음성,2
계시,2
상당,2
청국장,2
예리,2
천연,2
필자,2
형부,2
정환,2
사연,2
다트,2
중단,2
철골,2
링링,2
도데,2
한통,2
조끼,2
걸음,2
석호,2
집안,2
머니,2
겨자,2
달마,2
합리,2
무언,2
작살,2
전봇대,2
대도,2
즉흥,2
배낭,2
개조,2
죄인,2
2016년 7월,2
레몬,2
가수,2
사두,2
완비,2
도구,2
라운지,2
과음,2
첫해,2
시공,2
구릿빛,2
선단,2
파크,2
쥐치,2
라운드,2
보상,2
기력,2
2월,2
호기,2
봄날,2
바이러스,2
북상,2
무더기,2
배추김치,2
연두색,2
월경,2
부대,2
러스트,2
오프,2
형제,2
업체,2
유의,2
숭어,2
결성,2
지양,2
스티,2
마블,2
구석구석,2
소형,2
드라마,2
왕대,2
시험,2
컨테이너,2
몰디브,2
접근,2
생신,2
분할,2
후발,2
경포,2
라이트,2
사라,2
정착,2
장본,2
쇼파,2
감칠맛,2
곱창,2
오기,2
운전자,2
양식장,2
2017년,2
상념,2
지나,2
흐름,2
통유리,2
유영,2
자원,2
마르,2
밸런스,2
암석,2
인스타그램,2
올림,2
첫경험,2
분당,2
중국,2
사용자,2
번뇌,2
공휴일,2
밥솥,2
라피,2
물장구,2
낚시터,2
돌입,2
입질,2
뼈대,2
애용,2
상식,2
시부모,2
만두,2
밸리,2
마니아,2
습관,2
한해,2
백두대간,2
안전선,2
낯선,2
양해,2
타일,2
선착순,2
정글,2
채도,2
강습소,2
동호리,2
해변으로 가다,2
쓰기,2
자로,2
신혼부부,2
좀비,2
잔소리,2
교환,2
입시,2
빤스,2
두께,2
용왕,2
최소한,2
소장,2
영업,2
노래방,2
퇴근,2
고수,2
관리도,2
장날,2
축복,2
갈래,2
경관,2
에어콘,2
훈련,2
일체,2
세부,2
화장대,2
소화,2
목숨,2
행선지,2
티셔츠,2
요거,2
부스,2
집어등,2
여주,2
이또,2
순식간,2
백합,2
손목,2
장갑,2
정글의 법칙,2
미세,2
뒤죽박죽,2
난민,2
야시장,2
페인트,2
강변,2
본능,2
물위,2
한판,2
문화,2
만족도,2
22,2
어부,2
설계,2
여정,2
다수,2
전골,2
밀어,2
보물,2
양말,2
욕조,2
수해,2
킬러,2
팔경,2
한수,2
관계자,2
생방송,2
치타,2
학년,2
마다,2
한량,2
인공어,2
고 온,2
보헤미안,2
갯지렁이,2
팡팡,2
에이드,2
접수,2
차도,2
사진작가,2
알바,2
어둠,2
찻집,2
레인,2
평가,2
여수,2
매리,2
4년,2
서울특별시,2
반은,2
판교,2
부침개,2
이정표,2
이어,2
경상도,2
사위,2
소유,2
임산부,2
충격,2
남여,2
소주잔,2
주무,2
기로,2
닭고기,2
후배,2
서해,2
전동,2
향도,2
정한,2
포스트,2
현금,2
로우,2
가정집,2
위위,2
봉사,2
수염,2
장소라,2
탄산,2
이수,2
거처,2
끼니,2
양지역,2
간도,2
탈의장,2
식도락,2
잠시,2
롤백,2
우려,2
모던,2
계좌,2
타요,2
단어,2
해시태그,2
쥬스,2
코코넛,2
배합,2
밀리,2
두려움,2
이난,2
불행,2
코딱지,2
피비,2
송편,2
팔뚝,2
교동,2
의상대,2
단청,2
상도,2
출타,2
자랑거리,2
한산,2
보고,2
주인공,2
로망,2
대전,2
믹스,2
팥빙수,2
대처,2
도면,2
이래,2
제사,2
충분,2
보쌈,2
옛길,2
명문,2
흥분,2
중구,2
참가자,2
스탈,2
셔터,2
고간,2
글램,2
방면,2
산이,2
편집,2
일거,2
도로로,2
오닐,2
나이트,2
별안간,2
대청봉,2
봉지,2
시대,2
개봉,2
대망,2
오래,2
방사제,2
해파랑길,2
호두,2
먹성,2
반석,2
설악산,2
두둔,2
가장,2
가보세,2
고기잡이,2
반납,2
주 주,2
선호,2
노란색,2
귀염,2
유리창,2
인간,2
해보면,2
데리,2
이천,2
인구항,2
캐논,2
이전,2
젤라,2
평생,2
투자,2
시내버스,2
예의,2
또래,2
12월,2
고소,2
마인드,2
기념사진,2
헤어,2
수영만,2
볼락,2
해당,2
주관,2
용량,2
칠공주,2
환자,2
가장자리,2
호가,2
예나,2
탐지,2
주부,2
경상감영,2
케이크,2
박물관,2
테마,2
도망,2
백색,2
버튼,2
막판,2
상경,2
포스,2
정기,2
감정,2
태극기,2
진짜진짜,2
핫스팟,2
비리,2
14,2
수협,2
나이스,2
진리,2
대회,2
근육통,2
존경,2
차전,2
여소,2
서빙,2
루가,2
배추,2
좌판,2
내륙,2
장난감,2
마미,2
연예인,2
물건,2
사이사이,2
갤럭시,2
보지,2
수석,2
단신,2
망대,2
수중사진,2
민이,2
공감,2
욕심,2
질문,2
목줄,2
싱글,2
숙취,2
밀가루,2
신비,2
충만,2
용어,2
기암괴석,2
망설임,2
브레이크,2
국외,2
해달,2
조정,2
수산항,2
사투리,2
화이팅,2
휴일,2
점프,2
테이크아웃,2
화덕,2
먹물,2
진구,2
신뢰,2
뼛속,2
한복판,2
하드,2
장식,2
명품,2
성파,2
남짓,2
닭꼬치,2
도배,2
노원,2
치어,2
중독,2
발밑,2
바닷길,2
산악회,2
청량,2
앞뒤,2
이미지,2
김진근,2
최우,2
엑스포,2
채비,2
항아리,2
정취,2
헬멧,2
카를,2
시정,2
아냐,2
관상,2
분실,2
스케쥴,2
푸드코트,2
부엌,2
된장국,2
사와,2
주행,2
시집,2
은지,2
셔츠,2
시경,2
베네치아,2
고속,2
복도,2
독일,2
속초시,2
증상,2
재배,2
라도,2
오늘밤,2
롱비치,2
데리야,2
기승,2
트레이닝,2
빙글빙글,2
손녀,2
자작나무,2
미래,2
낮술,2
.jp,2
통제,2
농사,2
식후,2
오타,2
동해선,2
포인트 브레이크,2
동계,2
징수,2
공략,2
자급자족,2
정수기,2
어보,2
도의,2
슬로프,2
파시,2
서해안,2
미련,2
슬립,2
변이,2
판도,2
윈드서핑,2
마운틴뷰,2
각도,2
승리,2
불면,2
산행,2
꽃다발,2
숟갈,2
제작,2
로리,2
스쿠터,2
망원경,2
의심,2
문도,2
건축,2
정치,2
이지,2
문신,2
눈쌀,2
다라도,2
무어,2
낭비,2
사시,2
빈티지,2
알람,2
취지,2
고통,2
아시,2
천왕,2
한기,2
얼룩,2
가슴팍,2
노랑,2
체어,2
아이러니,2
역대,2
선착장,2
근래,2
찰나,2
경고,2
인어,2
답지,2
남지,2
스토리텔링,2
소통,2
보장,2
본적,2
깍두기,2
의류,2
보고싶다,2
원피스,2
아내,2
고오,2
보더,2
스토리,2
클로,2
패밀리,2
사당,2
불안,2
입주,2
소감,2
단맛,2
라이프,2
자자,2
대사,2
목살,2
나보이,2
뭉치,2
손은,2
용기,2
취학,2
모금,2
그저께,2
반나절,2
사물함,2
초고추장,2
한데,2
90년대,2
소녀,2
숙성,2
울릉도,2
팩트,2
화이트,2
크레인,2
밧줄,2
휴양,2
경매장,2
제거,2
눈길,2
염려,2
피크닉,2
출신,2
정류장,2
대파,2
소용,2
변기,2
기존,2
분포,2
도토리묵,2
사업비,2
갈증,2
수압,2
장작,2
유기,2
기호,2
프라이,2
갤러리,2
연중무휴,2
토탈,2
오랫동안,2
이기도,2
머구리,2
죽마,2
어파,2
위쪽,2
증가,2
버너,2
바위섬,2
참석,2
자동차,2
배관,2
도안,2
남사,2
저질,2
비보,2
안팎,2
반반,2
대중교통,2
삼교,2
오래간만,2
화해,2
전속,2
심해,2
큰소리,2
겁쟁이,2
역할,2
1.5,2
바닐라,2
입양,2
발톱,2
들기름,2
농가,2
티맵,2
지용,2
명목,2
하이브,2
교체,2
남자친구,2
아이폰,2
제부,2
치유,2
갈색,2
리프,2
아까,2
칠리,2
광정리,2
순대,2
월드,2
공격,2
야구공,2
삼대,2
플러스,2
공터,2
만족감,2
못가,2
대여료,2
양서,2
환호,2
원조,2
배치,2
골드,2
이용하,2
스킵,2
경중,2
킹왕짱,2
양의,2
난조,2
동해시,2
엊그제,2
이성우,2
잡이,2
배타,2
라만,2
백수,2
영혼,2
사정,2
냉동실,2
아이스박스,2
레져,2
혜자,2
자구,2
클래스,2
웰컴,2
설거지,2
댓가,2
하루하루,2
업데이트,2
돌맹이,2
난생,2
눈빛,2
마구마구,2
아리,2
반대쪽,2
스푼,2
멍멍이,2
작동,2
씨알,2
한옥,2
고등어,2
블루투스,2
어묵,2
정효,2
두다,2
콜택시,2
병원,2
소울,2
천지,2
스마트,2
누룽지,2
개미,2
획득,2
불만,2
자기,2
감소,2
아바이마을,2
한강,2
호스,2
제트,2
안와,2
매화,2
예스,2
위탁,2
단합,2
방학,2
소양,2
완행열차,2
해경,2
덩어리,2
운항,2
하디,2
임시,2
장가,2
전공,2
배꼽,2
아버님,2
서술,2
호강,2
담배,2
구두,2
더치,2
한가운데,2
체온,2
카운터,2
컴퓨터,2
칼라,2
인제군,2
네트,2
낙시,2
호응,2
찬호,2
한순간,2
수도꼭지,2
스릴,2
출연,2
각자,2
구스쿠,2
스파크,2
갈비탕,2
홍대,2
정선,2
무진장,2
산장,2
출입구,2
간의,2
순수,2
전해,2
비단,2
동이,2
로컬,2
노하우,2
초점,2
성남,2
전원,2
침낭,2
대구탕,2
삼일,2
여치,2
프리다이빙,2
골반,2
안정,2
귀신,2
맞춤,2
얼음물,2
진고개,2
극찬,2
내사랑,2
대상,2
테리,2
대구광역시,2
레시,2
점검,2
내주,2
직행,2
대인,2
취기,2
양하,2
23,2
소모,2
지상,2
장수,2
대교,2
해파리,2
그 후,2
이상향,2
컴퍼니,2
개설,2
인공,2
백사,2
애비,2
부근,2
눈앞,2
섬유,2
랜드마크,2
인력,2
뮤지컬,2
슈퍼마켓,2
초등학교,2
궁금증,2
성수,2
묘미,2
어떤날,2
방콕,2
KG,2
캐리어,2
참치,2
의존,2
고동,2
껍데기,2
귀염둥이,2
대구선,2
렌즈,2
한정,2
토마스,2
남동생,2
추정,2
타워,2
조류,2
보구,2
손등,2
묘목,2
복장,2
아가씨,2
초짜,2
본부석,2
번호표,2
레알,2
여가,2
사색,2
닭볶음탕,2
망정,2
블라인드,2
만지,2
고르고,2
부실,2
고시,2
한텐,2
열심,2
호랑이,2
왜가리,2
시더,2
신도시,2
산길,2
화요일,2
시범,2
손색,2
버투,2
술자리,2
식용,2
몇일,2
가동,2
한낮,2
이성근,2
초밥,2
20대,2
장아찌,2
아도,2
아마,2
키트,2
블러,2
생선회,2
자리싸움,2
용도,2
하루만,2
에도,2
냉장,2
찰떡,2
경비,2
인형,2
시외버스,2
토지,2
방도,2
섭외,2
심플,2
동전,2
이오,2
액션,2
거짓말,2
레이지,2
부처,2
마감,2
강릉시외버스터미널,2
어시장,1
동기 부여,1
탄성,1
시급,1
천하,1
친정엄마,1
치과,1
유흥,1
친목,1
실비,1
손자,1
항일,1
앙금,1
타네,1
무산,1
퍼즐,1
경품,1
제맛,1
조예,1
며느리,1
만삭,1
서식처,1
리트리버,1
스티커사진,1
일회,1
열매,1
수묵화,1
마치,1
사각,1
전염,1
지침,1
후덕,1
코팅,1
게딱지,1
단기,1
유의미,1
두드러기,1
강도,1
사시미,1
4월 17일,1
클레,1
가스레인지,1
에프킬라,1
보노보노,1
테스트,1
영수증,1
상시,1
가사,1
타보라,1
능력,1
진드기,1
견전,1
기지,1
강의실,1
아트,1
원초,1
작별,1
신진,1
장통,1
매실나무,1
목욕,1
생후,1
잠실,1
방지,1
데이,1
날파리,1
호우,1
하비,1
바람개비,1
조오련,1
천진,1
난생처음,1
표구,1
27,1
보충,1
퍼그,1
짐승,1
미사,1
증명,1
돼지갈비,1
젓가락 행진곡,1
설겆이,1
진열대,1
매너,1
속리산,1
나절,1
세대,1
헬로키티,1
취업,1
절도,1
블루문,1
환기,1
바탕,1
중앙로,1
구덩이,1
순백,1
침샘,1
알랑,1
서지,1
이마이,1
동문회,1
바깥쪽,1
승용차,1
농도,1
엔트리,1
자식,1
주어,1
안자,1
코다,1
창단,1
회칼,1
무진,1
구마,1
기재,1
되풀이,1
한녀,1
주량,1
빙하,1
부부인,1
우만,1
퍼센트,1
피난,1
엄습,1
우즈,1
고가,1
생각해보면,1
뽕나무,1
분류,1
불공,1
영양가,1
우스갯,1
페이,1
숙면,1
오죽헌,1
종이봉투,1
희소식,1
루케,1
전시,1
왕래,1
그리신,1
객기,1
지아,1
만근,1
말이,1
헬로,1
혼동,1
압력,1
아이누,1
종합,1
대리인,1
장식품,1
교육장,1
만사,1
한목,1
선곡,1
구청,1
마법,1
강구,1
두그,1
방한,1
멀리,1
탁구장,1
공지,1
일지,1
책자,1
초기,1
새소리,1
비품,1
온실,1
후일담,1
삐라,1
삼각,1
지파,1
악세사리,1
정상부,1
부르,1
탁주,1
7월 13일,1
양송이,1
양수,1
리락쿠마,1
남해군,1
아동,1
방출,1
오산,1
요정,1
합창단,1
에티켓,1
코코아,1
토요,1
혜림,1
군것,1
천이,1
칠흑,1
멘트,1
보존,1
일회용품,1
제물,1
완도,1
모찌,1
과장,1
다예,1
풀이,1
월정사,1
물량,1
레모네이드,1
차후,1
8월 17일,1
노인봉,1
버즈,1
산소,1
평점,1
문밖,1
방탄,1
고춧가루,1
남항,1
산이면,1
숙박지,1
대쪽,1
출구,1
삼총사,1
독도,1
총무,1
자매,1
승부욕,1
파나마,1
택일,1
고무보트,1
시드,1
빵모자,1
티타임,1
삭제,1
울도,1
증말,1
선포,1
방중,1
주점,1
추진력,1
소서,1
아픔,1
딸기,1
갯봄맞이,1
자이언티,1
이일,1
허세,1
작심,1
둔치,1
제습기,1
공주,1
난무,1
평탄,1
베드,1
써비스,1
추측,1
아해,1
백반,1
역경,1
백프로,1
농수산물,1
라하,1
거금,1
일정표,1
비틀,1
아침저녁,1
세시,1
유중,1
머스타드,1
저급,1
야근,1
네이버 지도,1
홀라당,1
연암,1
사수,1
구애,1
해동,1
오뎅,1
청양,1
가치판단,1
난 강,1
옆구리,1
조기,1
패션쇼,1
팔로우,1
능력자,1
출어,1
행복감,1
팽이버섯,1
발판,1
바스코,1
데친,1
악기,1
침실,1
정수리,1
대장,1
사천진리,1
잔디밭,1
내친김,1
비닐봉지,1
오형근,1
운용,1
위시,1
두서,1
삼포,1
말리부,1
예술가,1
비운,1
라 주,1
군산아리울초등학교,1
양구,1
물길,1
급수,1
파타고니아,1
풍물,1
반년,1
당장,1
윤택,1
퇴적물,1
아람,1
내용물,1
만일,1
소금구이,1
조립,1
유무,1
성대,1
싯가,1
미원,1
스테이,1
감압,1
가구리,1
주크,1
준호,1
호환성,1
웃음거리,1
안전사고,1
하동균,1
자정,1
상하,1
해랑,1
승패,1
로맨틱,1
발효,1
효율,1
볼라,1
천둥소리,1
청자,1
무안,1
더 로맨틱,1
명명,1
아줌마,1
뱃머리,1
전매,1
수채화,1
접신,1
흥정,1
수용,1
한식,1
오빠야,1
요란,1
베베,1
경강로,1
반팔,1
멋쟁이,1
토마토,1
마음씨,1
안가,1
트랙,1
영감,1
백암,1
사천시,1
족구,1
이미도,1
국산,1
실리,1
주전부리,1
소매,1
들통,1
서울까지,1
제너럴,1
요리사,1
저울,1
친밀,1
방학기,1
밧데리,1
상심,1
일원,1
도자기,1
산업화,1
생기,1
비행접시,1
때려,1
온대,1
중천,1
신장개업,1
호지,1
일랑,1
애증,1
표고,1
강사진,1
7월 12일,1
패딩,1
너는,1
수국,1
건축가,1
종점,1
강생,1
라임,1
밀고,1
재탕,1
저기압,1
팔로잉,1
정준,1
단행,1
오징어 볶음,1
역방향,1
스냅백,1
재생,1
용천리,1
집단,1
재개,1
감귤,1
낙조,1
10cm,1
케이스,1
반스,1
쿠션,1
체면,1
철장,1
파장,1
박하,1
선의,1
신선봉,1
풍부,1
패턴,1
4월,1
품속,1
마비,1
타구,1
급조,1
간사,1
드레,1
날개,1
시추,1
배산임수,1
새싹,1
실업,1
스킨수쿠버,1
쓰레기봉투,1
그니,1
남해안,1
스무디,1
함정,1
쌍둥이,1
파워,1
진보,1
양팔,1
완공,1
졸음,1
대학원,1
불명,1
젤리,1
운전면허,1
열대,1
연애,1
가람,1
중식,1
전남,1
이비,1
큰일,1
우아,1
만두라,1
한차례,1
삼팔,1
낭독,1
아라,1
전설의 고향,1
마이크로,1
불발,1
80년대,1
애니,1
동상이몽,1
시판,1
업무,1
라이언,1
솜사탕,1
보소,1
해장술,1
연중,1
점포,1
국자,1
스틱,1
각거리,1
골절,1
바알,1
슬러시,1
킬링,1
오메,1
반함,1
상층부,1
강원랜드,1
갈매기살,1
일로,1
요일,1
마누라,1
술고래,1
런디,1
흠집,1
연결고리,1
매점,1
수위,1
시리,1
인감,1
나옹,1
설빙,1
별칭,1
유스호스텔,1
올가을,1
사은품,1
금년,1
채소밭,1
해설가,1
목요일,1
신설,1
냉이,1
요트,1
콘센트,1
개그,1
자연경관,1
고마움,1
이튼,1
포착,1
눈썹,1
빛으로,1
동기,1
목욕탕,1
인테리어 디자인,1
몰골,1
이윤우,1
무서움,1
대나무,1
동물,1
소프,1
장생,1
확보,1
분점,1
대조,1
간이,1
던킨,1
요소,1
정처,1
초저녁,1
말하자면,1
라이브,1
주목,1
바스키아,1
브라운,1
외항,1
레이디,1
광주,1
여의도,1
사문,1
러시아,1
패러글라이딩,1
경보,1
롤러코스터,1
고깃배,1
고성군,1
농협,1
귀성,1
크리스마스 트리,1
꿈나라,1
파재,1
다이소,1
훗날,1
불이,1
고조,1
슬로,1
카라,1
브라더스,1
차이나,1
홈런,1
코드,1
하심,1
브로콜리,1
밀착,1
주스,1
마켓,1
투숙객,1
구가,1
일출로,1
난 주,1
밥벌이,1
본래,1
골리앗,1
산맥,1
골프공,1
카모,1
신형,1
한국어촌어항협회,1
만가,1
수요,1
염탐,1
도봉,1
37,1
연수구,1
구멍,1
빌딩,1
극한,1
이민우,1
강릉고속버스터미널,1
전라도,1
신과,1
캠페인,1
도시민,1
매니아,1
노가다,1
주당,1
생명력,1
수행,1
허탕,1
묵사발,1
6호,1
허수,1
어담,1
거래처,1
변형,1
강풍,1
열린,1
격년,1
우천,1
얼음장,1
허사,1
테라,1
다목적,1
도합,1
부지런,1
거래,1
손녀딸,1
담양,1
25,1
입간판,1
기진맥진,1
따님,1
모름,1
연계,1
마의,1
치대,1
국가,1
듀스,1
타진,1
족족,1
적용,1
대위,1
수역,1
사포,1
세균,1
실시,1
이석,1
송도,1
의뢰,1
조선소,1
지원,1
식단,1
가디,1
뒤통수,1
차트,1
당량,1
아인,1
산업,1
육면체,1
마중,1
폴 틸리히,1
랜턴,1
바람둥이,1
고자,1
경쟁,1
지하철,1
댓바람,1
특급,1
장시간,1
찌기,1
통영,1
초야,1
하이트,1
현관문,1
대물,1
요즈음,1
합승,1
오예,1
체조,1
층계,1
비뇨기과,1
조난,1
우디,1
직선거리,1
위성,1
윤상,1
다그,1
인명구조,1
호출,1
청소기,1
보류,1
면도기,1
메밀국수,1
체육,1
메기,1
서일,1
계정,1
지평선,1
나방,1
출장,1
로션,1
사교육,1
움직이는 성,1
잠결,1
쓰리콤,1
호키,1
폴대,1
헤이,1
기하,1
물거품,1
원수,1
응원,1
미리,1
빼이,1
지급,1
입가,1
잠수복,1
복근,1
예행연습,1
조용필,1
입문자,1
상원사,1
구슬땀,1
하느님,1
퍼펙트,1
자매결연,1
000,1
영광,1
논거,1
좋은사람,1
딘딘,1
체크무늬,1
척추,1
새우깡,1
연발,1
해수면,1
세 친구,1
이지포토,1
순위,1
도정,1
롯데마트,1
리버,1
못난이,1
팝송,1
다로,1
누리,1
타파,1
봉서,1
바라본다,1
귀갓길,1
온천수,1
영희,1
소비,1
33,1
로보,1
인과관계,1
소름,1
찬성,1
박수,1
태우,1
임연,1
사준,1
무실동,1
마노,1
상비,1
와동,1
격주,1
미네랄,1
정렬,1
18,1
화천,1
달라,1
진미,1
신선놀음,1
페이스,1
유머,1
어업,1
내리막길,1
바이크,1
반사,1
도약,1
영동 지방,1
기어,1
비행장,1
연우,1
와글와글,1
파슬리,1
자바,1
구별,1
10월 24일,1
빨강색,1
정법,1
형식,1
주유,1
자작,1
무식,1
어획고,1
교복,1
상점,1
서당,1
아령,1
스도,1
층리,1
간나,1
외남,1
표면,1
완두,1
스프레이,1
전술,1
스쿼트,1
모루,1
장전의,1
웨딩,1
꼴찌,1
신생아,1
질주,1
화조,1
다우,1
무사,1
백장,1
배구,1
토막,1
특선,1
업로드,1
참이슬,1
태생,1
와이파이,1
선녀,1
작전,1
여적,1
시속,1
매치,1
전달,1
물구나무,1
퇴사,1
등산,1
왕년,1
경기도지사,1
선진,1
에어로,1
트리트먼트,1
귀향,1
정진,1
복원,1
후보,1
비안개,1
양허,1
근거리,1
오늘의 강원,1
보세,1
핫바,1
내사,1
풍월,1
톨게이트,1
대낮,1
호안,1
지체,1
아담,1
진동,1
에이랜드,1
종목,1
버치,1
대공,1
보좌,1
도하,1
10월 16일,1
폐가,1
장사항,1
생가,1
장애,1
초록,1
홋카이도,1
이용객,1
이기,1
7월 25일,1
영웅,1
곤란,1
리오니,1
가자미목,1
콩나물국,1
육안,1
시다,1
콧물,1
근심,1
군더더기,1
초행길,1
약동,1
레드,1
개두,1
이상해,1
매미,1
토도,1
표준,1
포도주,1
성수산,1
동호해수욕장,1
사대부,1
실감,1
동서고속도로,1
성공리,1
양심,1
지보,1
픽셀,1
부탄,1
원칙,1
모음,1
확인서,1
할배,1
중동,1
유진,1
철거,1
가슴속,1
수식어,1
인자,1
사치,1
김수철,1
발휘,1
최상,1
스튜어트,1
뒷풀이,1
이영,1
이탈리아,1
지탱,1
개불,1
소프트,1
까망,1
한창,1
선주,1
안해,1
처자,1
섭취량,1
남양주시,1
보험사,1
김소월,1
울상,1
해프닝,1
마리에,1
캡틴,1
크리스토퍼,1
구용,1
운동복,1
예외,1
장이지,1
생략,1
나리,1
리스트,1
돌멩이,1
재킷,1
적우,1
프래,1
채식,1
LS산전,1
발음,1
소기,1
저격,1
수여식,1
피신,1
부비,1
공사장,1
대머리,1
스팅어,1
족장,1
고기국수,1
조일,1
카스,1
140,1
옆모습,1
아쿠아맨,1
코바,1
비경,1
지름신,1
원어민,1
스탭,1
다기,1
크루,1
양변기,1
무상,1
리브스,1
김경남,1
고기잡이배,1
부자,1
소시지,1
연료,1
주전자,1
두 아들,1
바른,1
리스,1
농아,1
코끝,1
까닭,1
3월 18일,1
봉평,1
교무실,1
필터링,1
주제곡,1
다운로드,1
민트,1
정요,1
배고픔,1
수집,1
오래전,1
오일,1
손수,1
오아시스,1
장익,1
해물탕,1
18년,1
밀림,1
목뒤,1
오남용,1
군용,1
가계,1
뒷줄,1
민폐,1
자판,1
짠맛,1
십상,1
골칫거리,1
재원,1
악화,1
시동,1
망이,1
서식,1
테트라포드,1
태릉,1
고와,1
카오스,1
코알라,1
동굴,1
어린이날,1
7월 21일,1
쿠키,1
심도,1
버드,1
딜리,1
마직,1
프랜차이즈,1
우길,1
하등,1
영장,1
별이,1
유통,1
슈크림,1
정해,1
양평,1
충전기,1
히트,1
한자리,1
윤정,1
내야,1
한려해상국립공원,1
중성,1
수료,1
근육,1
대중소,1
승전,1
한샘,1
별점,1
부가가치,1
09,1
맥가이버,1
완장,1
조복,1
패인,1
서울양양고속도로,1
기리,1
몸집,1
종소리,1
볼일,1
스팀,1
욕장,1
포크,1
누드,1
게리,1
리시,1
하륜,1
하모니,1
구호,1
수퍼마켓,1
목재,1
정미,1
우의,1
예금주,1
본전,1
고등학교,1
스승,1
차돌박이,1
사골,1
여타,1
민간인,1
이성,1
부정,1
색칠,1
삼리,1
몽사,1
조아라,1
유출,1
이부자리,1
엘리,1
유다,1
이효석,1
배수,1
줄기,1
세분,1
집행부,1
매우,1
78,1
헌팅,1
트라이믹스,1
전무,1
플로라,1
리닝,1
인건비,1
프로블럼,1
경위,1
연등,1
잠옷,1
휴지,1
조선,1
인접,1
넓이,1
등받이,1
찬스,1
확대,1
민족,1
외침,1
육개장,1
곡괭이,1
장터,1
언어,1
출혈,1
서울버스,1
대천,1
익스트림,1
지혜,1
영하,1
애국,1
방풍림,1
사암,1
카리,1
바스,1
6월 3일,1
하시,1
삼거리,1
실밥,1
정비공,1
예고,1
라이브러리,1
보라색,1
글로우,1
배틀,1
큰아버지,1
금역,1
놀이터,1
꽃바구니,1
궁상,1
건식,1
생활력,1
욕망,1
꽃병,1
조간대,1
옆방,1
브레드,1
흥미,1
식중독,1
윤락가,1
불량,1
수색,1
지주,1
면목,1
엔 강,1
로더,1
작성자,1
대동,1
차단,1
재즈,1
엄니,1
인터체인지,1
동해지방해양수산청,1
종업원,1
재활용,1
가니 역,1
장어,1
관건,1
영민,1
보고서,1
비만,1
지이,1
커트라인,1
파트너,1
선인장,1
8월 14일,1
한아름,1
양손,1
모험,1
10월 13일,1
친환경,1
비씨,1
중고,1
조업,1
아르,1
윤아,1
통칭,1
배터리,1
이루,1
기상청,1
가사리,1
초전초등학교,1
생채,1
행복합니다,1
친목계,1
기승전결,1
히든,1
테이크,1
퍼티,1
거미,1
꼴뚜기,1
실신,1
후레쉬,1
카페테리아,1
파보,1
프라블럼,1
연세,1
경과,1
삿포로,1
라나,1
시합,1
방석,1
크릴,1
남이섬,1
항이,1
비지,1
상품,1
퇴직,1
카토,1
덩이,1
연지,1
인식,1
펀치,1
남발,1
로드 무비,1
레트로,1
허허벌판,1
졸업,1
세로,1
웅큼,1
스파이크,1
주름,1
나야,1
사이클,1
정반대,1
안달,1
연면적,1
공항,1
호감,1
큰딸,1
해저 케이블,1
육포,1
습도,1
트론,1
현내면,1
참조,1
제때,1
제공자,1
직장인,1
설득,1
코시,1
꼬리,1
명호리,1
색색,1
큰맘,1
안티,1
기고,1
가스 버너,1
소환,1
신토,1
분열,1
기저,1
만찬,1
선재,1
화장,1
신발장,1
오락실,1
페스티벌,1
태공,1
몽골,1
화진포,1
특허,1
백촌,1
작은 수,1
분석,1
아지매,1
공지천,1
7월 29일,1
정암,1
이입,1
차양,1
오구,1
통일전망대,1
요령,1
보호자,1
항동,1
노원구,1
그린,1
노소,1
물감,1
난파,1
명부,1
유니크,1
편차,1
미래숲,1
억압,1
페소,1
45년,1
원통,1
모토,1
토인,1
운영자,1
왕새우,1
사슴,1
오브,1
회상,1
전신,1
지장,1
수익,1
물병,1
전문점,1
외모,1
감흥,1
홈패션,1
하계휴가,1
샛길,1
천둥,1
마개,1
상추쌈,1
바람에 실려,1
학원비,1
마운트,1
중계동,1
흰색,1
개최,1
민우,1
치노,1
카버,1
심야,1
8월 20일,1
만세,1
아스,1
가치,1
기증,1
친애,1
말리,1
알콜,1
하반기,1
강경준,1
빨강,1
소함,1
순차,1
위층,1
자괴감,1
오키나와,1
좌충우돌,1
창출,1
냉수,1
미술가,1
배신,1
계기,1
애플파이,1
빗방울,1
모이,1
뒷문,1
어장,1
부두,1
박마루,1
안내소,1
어젯밤,1
납치,1
재희,1
황금,1
매립,1
시흥,1
발자욱,1
명화,1
이달우,1
중앙고속도로,1
속출,1
집기,1
무형,1
암반,1
가분,1
애지,1
위메프,1
허니,1
보일러,1
역장,1
과천,1
문양,1
뭉크,1
숲길,1
애호,1
이성과 감성,1
피로,1
토리,1
갯수,1
하산,1
다윗,1
오세,1
전변,1
일이,1
신녀,1
차라,1
CU,1
-D,1
주환,1
노다지,1
망자,1
죽지,1
출발점,1
수수료,1
방울토마토,1
물보라,1
팔찌,1
피스,1
타오,1
승리자,1
양보,1
책정,1
들판,1
복습,1
다대기,1
청진동,1
갈라,1
마이,1
이케아,1
차출,1
걸스,1
개인택시,1
리버티,1
시지,1
나락,1
은애,1
애집,1
안성기,1
침식,1
안이,1
컬링,1
곁다리,1
농장,1
휘닉스파크,1
하일,1
대입,1
행서,1
아름,1
백인,1
시비,1
비의 바다,1
지치,1
닛산 알티마,1
흑역사,1
클라이막스,1
투입,1
횡단,1
잠정,1
전적,1
만치,1
캐니언,1
홀리데이,1
멸종,1
가을로,1
등극,1
라 1,1
인제터널,1
도처,1
몸무게,1
김주현,1
일반인,1
큐베,1
유턴,1
남녀노소,1
자라,1
커피숍,1
부녀회,1
중력,1
키친,1
풀밭,1
100%,1
힐즈,1
초승달,1
빠삐코,1
브랜치,1
최종,1
내려놓음,1
내륙지,1
이현,1
코리아,1
모자이크,1
수요미식회,1
적의,1
공동,1
미녀,1
트럼펫,1
지천,1
비탈길,1
팀 강,1
나진,1
최신유행,1
지레,1
흙먼지,1
예고편,1
용암,1
이거이,1
광속,1
꽂이,1
피클,1
화재,1
캐주얼,1
초심,1
케이블카,1
30,1
정강이,1
밴드,1
우짜,1
물밑,1
명령,1
측정,1
진 하,1
폭탄,1
돌출,1
줄라,1
회사원,1
마시기,1
손발,1
7월 15일,1
얼떨결,1
박승호,1
과거,1
배위,1
해저,1
죽도항,1
형상화,1
흑인,1
산지,1
오주,1
비비고,1
사실은,1
절정,1
합동,1
약소,1
위해,1
볼트,1
알로하,1
엑셀,1
이빨,1
헤드,1
킬로,1
엄지손가락,1
설경,1
화암,1
구림,1
피노키오,1
이기대,1
해피,1
대창,1
자물쇠,1
숨통,1
동산항,1
신흥사,1
견과,1
급부상,1
민중,1
레하나,1
C1,1
고도,1
횟수,1
난이도,1
앞줄,1
전개,1
두두리,1
가희,1
갈남항,1
개정,1
탐험,1
험비,1
모래톱,1
무덤,1
엔 주,1
비극,1
일대일,1
빙고,1
돌피,1
행세,1
구조대,1
집결,1
운송,1
차치,1
노선,1
옷차림,1
빠꾸,1
김정규,1
제이,1
순이,1
5월 8일,1
전갱이,1
뮤직,1
완행,1
깔깔이,1
앵두나무,1
스펙,1
흥분감,1
뒷면,1
신사,1
병태,1
거절,1
소지품,1
장염,1
계원,1
캡처,1
오차,1
크로스컨트리,1
근해,1
꿈결,1
트렌드,1
비오,1
학부형,1
정복,1
시월,1
손끝,1
어근,1
진풍경,1
여자친구,1
올림푸스,1
부지,1
얼결,1
고사리,1
과금,1
자재,1
유명인,1
예사,1
핀란드,1
직후,1
전역,1
그립,1
향토음식,1
긍정,1
매일,1
필라테스,1
이사진,1
코칭,1
클레오파트라,1
직사각형,1
행패,1
눈요기,1
장안,1
순천만,1
절규,1
자인,1
왼발,1
어용,1
출현,1
게르치,1
세랑,1
매실,1
어이,1
유래,1
유아,1
로스팅,1
토토,1
돌변,1
운지,1
기해,1
증거물,1
불상,1
천지훈,1
문제점,1
여미,1
농축,1
디어,1
분수,1
원활,1
동상,1
울보,1
코오롱,1
이상이,1
케이,1
나침반,1
모형,1
갈구,1
아이언맨,1
한일,1
블링블링,1
사주,1
다회,1
무주,1
빨랫줄,1
보유,1
옷감,1
텃밭,1
쉐프,1
후유증,1
유물,1
관리인,1
봉투,1
만화,1
오부,1
다구,1
무인,1
열무,1
공포심,1
우샤,1
산악,1
공격성,1
자격,1
뱃속,1
몸매,1
머리말,1
상회,1
로만,1
설명서,1
렌터카,1
105,1
인솔,1
뚜껑,1
안전제일,1
단양,1
가뭄,1
백과,1
사해,1
보톡스,1
전자 피아노,1
경동시장,1
스타킹,1
유튜브,1
55,1
의상,1
친언니,1
마이크,1
핸들,1
스톱워치,1
노심초사,1
물어,1
한덕,1
베개,1
도교,1
이안류,1
모네,1
나들,1
버블,1
백옥,1
계세,1
노스쇼어,1
대합,1
아이디어,1
토박,1
분안,1
방심,1
중문,1
통합,1
추적,1
비번,1
갈비뼈,1
사체,1
수령,1
감촉,1
칼럼니스트,1
박해,1
무리수,1
압축,1
자책,1
소득,1
투표,1
물장난,1
감나무,1
화장지,1
타코,1
은거,1
현명,1
수세미,1
운명,1
샌드위치,1
로커,1
동쪽,1
페로,1
아너,1
산사,1
채운,1
권리,1
빙하기,1
이리,1
절망,1
이방,1
로그인,1
스톱,1
지하수,1
울음보,1
지호,1
투수,1
여유도,1
대문,1
굴뚝,1
소독,1
학기,1
조직,1
후손,1
수확량,1
서양화,1
돌진,1
약국,1
안도,1
안산,1
요로,1
이이,1
사료,1
메리트,1
드라이버,1
커피나무,1
비법,1
신입사원,1
젤로,1
가원,1
채널,1
카카오택시,1
시샘,1
단골손님,1
제제,1
강수,1
메가,1
술상,1
마나님,1
모니,1
교주,1
감독,1
익스,1
데리야키,1
안방,1
각층,1
점심때,1
젊은층,1
가위,1
애국가,1
음질,1
피카츄,1
귀농,1
붉은빛,1
모나,1
트레킹,1
최하,1
능동,1
부른다,1
초임,1
단돈,1
점수,1
소 우,1
구봉초등학교,1
김율,1
머위,1
원공,1
통로,1
수진,1
2015년,1
당구,1
위풍,1
서치,1
가득,1
팬케이크,1
손길,1
의무,1
북새통,1
어족,1
치열,1
입금,1
.net,1
촛불,1
룰루랄라,1
일러스트,1
피크,1
무한도전,1
유소,1
신데렐라,1
단방,1
문서,1
소금물,1
카디,1
무인도,1
인군,1
지각,1
철책,1
내색,1
기념품,1
부대시설,1
포대,1
대목장,1
선잠,1
오션스,1
하내,1
회수,1
헬스,1
TH,1
포레스트,1
사무소,1
8월 22일,1
미도,1
일산,1
정작,1
농반,1
약품,1
우뢰,1
바질,1
지령,1
달이기,1
이슬,1
북풍,1
삼천,1
체질,1
사당역,1
어획,1
현대식,1
출격,1
나이키,1
카리스마,1
새알,1
샤라,1
받침대,1
소동,1
굴곡,1
결혼식,1
땡땡,1
아바이,1
오우,1
소심,1
아는 형님,1
투영,1
범바우,1
나들이,1
주성치,1
한국판,1
발끝,1
플랫 화이트,1
염분,1
양성,1
알파,1
그레,1
시골집,1
즉석,1
스테이플러,1
사이에서,1
조도,1
클린,1
초당,1
스테이크,1
한계선,1
정선군,1
가메,1
한걸음,1
시멘트,1
유모차,1
치아,1
보스,1
애플,1
핫도그,1
가작,1
둘레,1
특수부대,1
성용,1
"그 겨울, 바람이 분다",1
7월 7일,1
등급,1
자비,1
부연,1
슈퍼맨,1
넙치,1
유실수,1
다와,1
협회,1
사직,1
휴양림,1
디지털,1
역류,1
생채기,1
장미꽃,1
아누,1
변상,1
장엄,1
종이,1
라타,1
모닥불,1
뉘앙스,1
포켓몬,1
정전,1
무장,1
지형지물,1
제로,1
대추,1
10대,1
드레스,1
부들,1
하답,1
주유소,1
사나,1
잡초,1
나발,1
안타,1
활약,1
분가,1
설렁탕,1
수련,1
가의,1
삼시,1
누적,1
유년,1
비상,1
절벽,1
왕국,1
싸인,1
리펀,1
이름표,1
조인,1
거렁뱅이,1
시간제한,1
대리,1
월화,1
염증,1
한국인,1
실속,1
벨라,1
목걸이,1
10년,1
장보고,1
수로,1
다각도,1
도시화,1
선글라스,1
엔게,1
정암리,1
팥죽,1
삼계탕,1
티켓,1
잉글리시,1
보슬비,1
창건,1
고사항,1
8월 1일,1
미가,1
자부,1
체인점,1
속초고속버스터미널,1
수돗물,1
명단,1
타입,1
포도,1
옆면,1
갯민숭달팽이,1
기권,1
옴 강,1
카프리,1
플로,1
준서,1
빈틈,1
청녀,1
고령,1
자가용,1
구인,1
6월 4일,1
핑구,1
오물,1
시금치,1
미러,1
나열,1
정색,1
가격표,1
초소,1
스태미나,1
초토화,1
야구,1
삼단,1
장신,1
자장면,1
공통,1
먹이사슬,1
거진,1
지질,1
외지인,1
굴과,1
결실,1
짐작,1
불독,1
금지령,1
쇼핑몰,1
받아쓰기,1
고단,1
자부심,1
지의,1
소파,1
담그기,1
다마,1
유원지,1
프리덤,1
오케이,1
제각각,1
추석날,1
전어,1
바르,1
마카로니,1
형광,1
다오,1
유동,1
자주,1
국세청,1
사이판,1
보너스,1
구명동의,1
수납장,1
이달,1
00,1
환불,1
쓰임새,1
개밥,1
족발,1
로체,1
중복,1
핑크빛,1
몬스터,1
문항,1
영역,1
겨를,1
눈동자,1
렌트,1
아고,1
난입,1
답방,1
광양,1
웰시,1
녹차,1
중학교,1
소호,1
빈집,1
앞모습,1
옵션,1
격자,1
리도,1
조깅,1
개속,1
개도,1
보호소,1
보석,1
돈지,1
번화,1
견인,1
연광,1
쓸모,1
거제도,1
신물,1
명정,1
나뭇가지,1
민정,1
워밍업,1
입천장,1
원단,1
종아리,1
공평,1
양옆,1
마루방,1
방관,1
매니저,1
복수,1
하고,1
과도,1
대자,1
본의,1
배나무,1
보금자리,1
대상지,1
분재,1
다시다,1
갱년기,1
여행길,1
뿌셔뿌셔,1
그래퍼,1
소라게,1
메밀전,1
다라니,1
착각,1
부대찌개,1
성동구,1
집념,1
케이지,1
어쩌라고,1
깁스,1
바나나,1
선초,1
임신,1
분양,1
호적,1
군청,1
비진도,1
장애인,1
도암,1
스커트,1
태즈,1
경인,1
푸른색,1
여백,1
직업,1
증대,1
식초,1
의리,1
남일,1
정모,1
외옹치항,1
그리스,1
주일,1
우회전,1
오도독,1
빼꼼,1
층집,1
호로요이,1
사이버,1
공모전,1
줄무늬,1
울먹,1
사상,1
샤위,1
포효,1
정화,1
폐교,1
신호등,1
리듬,1
국지,1
2016년 8월,1
황무지,1
인절미,1
에일,1
방치,1
교대,1
채취,1
출발지,1
명견,1
방갈로,1
실업자,1
사실주의,1
보관소,1
얼굴색,1
규칙,1
버티고,1
백업,1
기념일,1
보신,1
강동,1
화기,1
내외분,1
고치,1
활력,1
감탄사,1
지중해,1
흑백,1
바늘,1
나뭇잎,1
아시아,1
하차,1
교실,1
항시,1
행위,1
홍보,1
프렌치,1
깨소금,1
반포,1
물체,1
융통,1
탄생,1
린지,1
고랑,1
곰탕,1
통증,1
미야,1
고교,1
늙은이,1
기관,1
애프터스쿨,1
반 주,1
편도,1
한구석,1
세계인,1
성남고,1
유가,1
게국지,1
표류,1
거세,1
몽롱,1
어탕,1
월드컵,1
열씨,1
축문,1
아니야,1
부과,1
스냅,1
강남역,1
수확,1
반장,1
장일,1
타이,1
정반,1
산모,1
로안,1
마늘빵,1
소년,1
그레이드,1
정동진,1
플랫,1
세끼,1
후계자,1
예악,1
텐션,1
살균,1
이태리,1
코로,1
서어,1
토종,1
올겨울,1
낙찰,1
해풍,1
반정,1
필름,1
가다랑어,1
커텐,1
제출,1
희생,1
뷔페,1
말다툼,1
간고,1
웨일,1
산시,1
귀환,1
나태,1
온기,1
삼실,1
진가,1
피트니스,1
향연,1
검은색,1
중요,1
재채기,1
커뮤니티,1
사용료,1
벽걸이,1
시당,1
10월 1일,1
결심,1
우왕,1
에피,1
제곱미터,1
중도,1
연무,1
선수,1
우연,1
사다리,1
상업,1
대만,1
올린다,1
폴리,1
라가,1
해드,1
타월,1
회전,1
침착,1
교훈,1
포용,1
토라,1
발산,1
어번,1
고비,1
슬리퍼,1
후반,1
반절,1
실행,1
녹색,1
라디오,1
막가파,1
직업인,1
풍랑,1
안전벨트,1
신중,1
수익금,1
영지,1
진격,1
유니클로,1
삼성,1
안감,1
동갑내기,1
소바,1
연사,1
데이터,1
성영,1
라스트,1
경과보고,1
선방,1
기함,1
유레카,1
깃발,1
미스터,1
보수,1
치평초등학교,1
스파르타,1
김치전,1
교량,1
중요시,1
신선,1
커피잔,1
가오리,1
네스,1
요엘,1
나무결,1
별명,1
카롤,1
고무,1
다산동,1
단잠,1
초여름,1
천수,1
혼잡,1
해양수산부,1
글귀,1
인내,1
천연기념물,1
페인팅,1
시행,1
남북,1
만성,1
의문점,1
타원,1
향신료,1
게라,1
집착,1
모랑,1
제라,1
심봤다,1
처음처럼,1
고질,1
드라이어,1
붉은색,1
모래밭,1
여독,1
근무자,1
용납,1
똥오줌,1
야자수,1
버프,1
상징,1
체증,1
색채,1
소금쟁이,1
검사,1
지푸라기,1
가디건,1
시진,1
변덕,1
자이언트,1
반지,1
그레이,1
초지역,1
부츠,1
적도,1
감각,1
서요,1
오유,1
합창,1
최신,1
가마,1
영양,1
강현,1
부원,1
예수,1
석도,1
비기,1
언가,1
서울숲,1
개울물,1
손톱,1
예년,1
트라니,1
시드니,1
여와,1
나시,1
품절,1
박만,1
가로등,1
장치,1
도이,1
디스플레이,1
응급,1
고등학생,1
오뉴월,1
열중,1
대역,1
치즈케이크,1
한당,1
일어,1
짜식,1
벌금,1
브라이언,1
태백산,1
신기하,1
여행자,1
대동여지도,1
노로바이러스,1
경의,1
성일,1
봄철,1
여신,1
푯말,1
물 한잔,1
상상력,1
상한,1
인부,1
처지,1
화로,1
새송이,1
모처,1
일수,1
탈것,1
전반,1
디폴트,1
이식,1
덤프,1
바로 가기,1
하양,1
3월 31일,1
위엄,1
사랑합니다,1
연식,1
시행착오,1
금요,1
동도,1
난파선,1
장기간,1
평창군,1
신학자,1
수돗가,1
멀미약,1
사천진항,1
전업,1
귀경,1
어스,1
예측,1
엉터리,1
국의,1
상다리,1
내항,1
용장,1
이유식,1
위도,1
공모,1
샘플러,1
악취,1
어도,1
단속,1
목도,1
레고,1
황홀,1
이엘,1
용이,1
교재,1
사춘기,1
급변,1
전주,1
삼은,1
체류,1
의정부,1
한글,1
머릿속,1
모양새,1
학습,1
계약,1
터전,1
강남,1
5기,1
최초,1
여운,1
브러시,1
유령,1
금연,1
뒷차,1
느낌이 좋아,1
마가렛,1
사이더,1
함유량,1
모래알,1
춘자,1
학명,1
민물,1
소금기,1
우두머리,1
다란,1
도올,1
일념,1
김고은,1
면도,1
모스,1
대군,1
내츄럴,1
이끼,1
비고,1
말투,1
처가집,1
기기,1
분기,1
기금,1
노른자,1
격투기,1
금산,1
베이커리,1
리만,1
어미,1
체형,1
단풍,1
자발,1
농산물,1
공존,1
사동,1
야생,1
내 사랑,1
녹초,1
나무판,1
데드,1
간조,1
외식,1
장의,1
공현,1
간극,1
여름밤,1
좋아 좋아,1
중광,1
저도,1
회심,1
수술,1
하천,1
데스크,1
석유난로,1
쎈스,1
도넛,1
부이,1
안과,1
이두,1
진단,1
냉정,1
소맥,1
우공,1
에이,1
보성,1
해발,1
사격,1
확장,1
파이트,1
연말,1
중형,1
인기척,1
태기산,1
본당,1
성립,1
갈대,1
눈보라,1
두유,1
비염,1
컬렉션,1
그리워,1
2018년 1월,1
밑줄,1
갯벌,1
생동감,1
조각공원,1
연서,1
실망감,1
차악,1
저스틴,1
혼미,1
취하,1
묵도,1
다보,1
본론,1
천호,1
방구석,1
피부과,1
달성,1
주온,1
결승전,1
재연,1
묘적,1
천재,1
시나,1
로테이션,1
주먹밥,1
부진,1
지진,1
별따기,1
숫가,1
기신,1
수정안,1
조덕배,1
전이,1
미백,1
취재,1
별것,1
아웃,1
일링,1
대학,1
복리,1
협의,1
편성,1
체격,1
좌회전,1
사려,1
침체기,1
김포,1
실루엣,1
애교,1
모로,1
돌덩이,1
소의,1
크리스마스,1
도라지,1
학생,1
진다,1
기겁,1
개구리,1
박현식,1
베니,1
풍경사진,1
오슈,1
방문기,1
눈가,1
운동화,1
연주자,1
티스,1
기저귀,1
화장품,1
육박,1
기업은행,1
인조잔디,1
중급,1
어처구니,1
8월 19일,1
아름다운 죄,1
은실이,1
행텐,1
태그,1
소자,1
화가,1
오드리,1
선우,1
체리,1
안마,1
순찰,1
범벅,1
베이스,1
악어,1
응원전,1
군밤,1
그럼에도 불구하고,1
에두고,1
이진,1
살다가,1
돌다리,1
조조,1
철사,1
당겨,1
고위,1
해바라기,1
기점,1
비즈니스,1
통발,1
올봄,1
해운대해수욕장,1
단축,1
팔목,1
양양초등학교,1
사랑으로,1
화관,1
쇼부,1
효소,1
불투명,1
대학생,1
와선,1
분의,1
도토리,1
이문,1
왕복,1
현상,1
승차,1
4월 30일,1
수질,1
네팔,1
선전,1
번개,1
발라,1
내리막,1
날림,1
월리,1
양초,1
오른손,1
망망대해,1
체결,1
나마,1
동향,1
방조,1
노량진,1
일요,1
표방,1
세수,1
3년,1
흡족,1
덕소,1
처가,1
복인,1
망상,1
요약,1
공놀이,1
세진,1
반원,1
만발,1
크로스핏,1
넘버원,1
건지리,1
마스,1
가시고기,1
식혜,1
백종원,1
복권,1
연출,1
망상해수욕장,1
동서울터미널,1
냉동식품,1
놀람,1
동심,1
8월 9일,1
항의,1
자태,1
급여,1
흙탕물,1
유성우,1
현수,1
양다리,1
석상,1
메르스,1
보름달,1
소음,1
요구르트,1
완성도,1
몇 번을,1
풀다,1
만월산,1
부속,1
와이키키,1
여행의 맛,1
위험성,1
흡수,1
물풀,1
트롤,1
담양군,1
파스,1
옷걸이,1
밀물,1
작도,1
명시,1
은빛,1
당구장,1
상자,1
수능,1
소만,1
라희,1
폐렴,1
고기구,1
살구나무,1
하루밤,1
스마트폰,1
IC,1
마사지,1
카드,1
택지,1
나무섬,1
안내문,1
산딸기,1
초겨울,1
닉스,1
최장,1
세븐,1
정연,1
과다,1
렌트카,1
파마,1
예비,1
사요나라,1
바둑이,1
라이드,1
고의,1
탈진,1
안대,1
콜리,1
도예,1
일탈,1
난방,1
다리 시,1
사이다,1
게으름,1
해루,1
가래,1
알로에,1
가구,1
자본주의,1
소금강,1
정지,1
장초,1
산나물,1
서초,1
분부,1
초래,1
추경,1
인터뷰,1
산토리,1
우어,1
26,1
뜻밖,1
게시,1
개칭,1
테크니컬,1
노예,1
클라우드,1
최성수,1
미만,1
펜스,1
갈치,1
핸드,1
개판,1
종합운동장역,1
도달,1
3월,1
명란젓,1
촬영소,1
라진,1
레일,1
안성,1
따리,1
일터,1
이스트,1
대포,1
잔머리,1
지영,1
15,1
오동,1
난관,1
블루베리,1
태기,1
피들,1
편견,1
너구리,1
백령도,1
승우,1
평택,1
푸우,1
광장,1
사과,1
시체,1
곽도,1
배당,1
발동,1
썰물,1
대전가오초등학교,1
청호동,1
협조,1
내민,1
익사,1
초청,1
콧노래,1
삼삼오오,1
티저,1
크리스탈,1
밤샘,1
약수,1
찬바람,1
등반,1
일마,1
슈퍼스타,1
기모,1
패드,1
주병진,1
후진항,1
제자리,1
노시,1
래시,1
고갱,1
삼각김밥,1
일석이조,1
탕수육,1
유니콘,1
생명체,1
도심,1
금상,1
프로필,1
구찌,1
두상,1
골목대장,1
속성,1
어인,1
독립,1
블랙,1
애송이,1
선실,1
버림,1
앵두,1
허물,1
외투,1
7월 22일,1
신행,1
정주영,1
미시령,1
확성기,1
유적지,1
명상,1
강제,1
격상,1
대국,1
예감,1
보사노바,1
지구인,1
중층,1
이미라,1
11월 26일,1
일과,1
병정,1
코르셋,1
꼽사리,1
모터보트,1
고역,1
경직,1
장인근,1
사과나무,1
코브라,1
지니,1
가습기,1
가시나,1
무통,1
AM,1
11월 8일,1
살길,1
가위바위보,1
드가,1
니어,1
외갓집,1
복숭아,1
동경,1
샤브샤브,1
철판,1
아발론,1
봉평면,1
소란,1
사진첩,1
직판장,1
포화,1
모험담,1
익스프레스,1
왕초,1
비가 내려요,1
석탑,1
와다,1
수신호,1
델피,1
돌리,1
야구장,1
비트코인,1
박장,1
대가족,1
남성,1
한나절,1
상판,1
일손,1
암벽,1
대니,1
교류,1
이글,1
당음,1
성취감,1
그전,1
리더,1
초중순,1
첨언,1
에이스,1
담배꽁초,1
민아,1
진열,1
페퍼로니,1
비옷,1
의의,1
길 위에서,1
게이,1
이중,1
에스컬레이터,1
도량,1
갖가지,1
DMZ,1
메이드,1
이돈,1
소규,1
밀크티,1
변한,1
그리움,1
리나,1
어귀,1
아이템,1
검색 엔진,1
기암,1
불볕더위,1
뻥튀기,1
하일라이트,1
망중한,1
닭새우,1
혼비백산,1
쪽지,1
시랑,1
휴식처,1
심보,1
입욕,1
마찬가지,1
십중팔구,1
파주,1
시발,1
눈물,1
정거장,1
모래무지,1
커피집,1
오른발,1
초서,1
여자도,1
비치발리볼,1
오프닝,1
기철,1
우드,1
산골,1
별똥,1
끄트머리,1
나사,1
주류,1
자유자재,1
효과음,1
생쥐,1
노가리,1
대포항,1
김병만,1
준비운동,1
.ng,1
물수건,1
자율,1
무대,1
병창,1
태고,1
김형철,1
캠프파이어,1
대차,1
아주버님,1
초창기,1
자승,1
관음,1
침체,1
레포트,1
범종,1
대이동,1
부위,1
임시방편,1
강둑,1
색도,1
12월 2일,1
바운스,1
설립,1
스탠드업,1
지명,1
악수,1
시장통,1
고속도로 휴게소,1
장호,1
급증,1
스튜디오,1
네네,1
감성돔,1
처남,1
가로수길,1
백성,1
수목,1
암웨이,1
부류,1
베트남,1
전파,1
보답,1
영천,1
남애초등학교,1
좌표,1
인산인해,1
230,1
상책,1
여행사진,1
구축,1
멘붕,1
컨벤션,1
중화,1
로케이션,1
강요,1
황제,1
루비,1
회복,1
기부,1
프리티,1
콧등,1
축적,1
허가,1
퇴장,1
방자,1
원망,1
안락,1
오버,1
창시,1
나스,1
통행,1
건너편,1
할머님,1
리한,1
관세음보살,1
만리장성,1
으뜸,1
리미,1
가공,1
갈고,1
잔디,1
식은땀,1
뙤약볕,1
에보니,1
테트라,1
뒤편,1
영월,1
동자,1
손주,1
성화,1
시인,1
레오,1
개리,1
일렬,1
중강,1
강정,1
케익,1
카오,1
포항,1
발안,1
만약,1
장기,1
직진,1
화성인 바이러스,1
찐빵,1
카페나,1
목장갑,1
엄수,1
증발,1
만복,1
열의,1
포리,1
오두막집,1
예기,1
배웅,1
더블,1
쿠바,1
이자카야,1
통성명,1
스님,1
도가,1
용해,1
동백,1
식전,1
뽐뿌,1
상처,1
전용기,1
건너,1
실용,1
위기,1
쪽파,1
잠간,1
단가,1
손창호,1
이노,1
이즈,1
소해,1
태풍 고니,1
오독,1
집으로 가는 길,1
내방,1
리피,1
양질,1
단독,1
가이지,1
멘탈,1
머리끝,1
태풍 다나스,1
경유,1
충동,1
감자전,1
명색,1
견학,1
바다이야기,1
요량,1
보강,1
사시사철,1
상남면,1
크런치,1
사다,1
부리,1
대통령,1
절대복종,1
기장,1
1월 1일,1
오락,1
고백,1
반영,1
민간,1
파파,1
바보,1
백로,1
승부,1
김진수,1
타자,1
획기적,1
운동장,1
속편,1
드림,1
사사,1
신세,1
가변,1
클래식,1
진눈깨비,1
경신,1
생전,1
7월 6일,1
열흘,1
다람쥐,1
초가,1
고 포인트,1
미국,1
혼합,1
책임,1
슈아,1
소집,1
하층,1
다슬기,1
데모,1
콧구멍,1
록스,1
미키,1
이어도,1
펌프,1
입자,1
장정,1
피스 강,1
백화,1
취항,1
시냇물,1
꽃길,1
검은띠,1
일쑤,1
눈밑,1
태블릿,1
