word,counted
바다,266
속초,260
물치항,235
해변,235
강현면,229
여행,178
해수욕장,169
전화,123
지도,114
처음,110
준비,110
비치,108
모습,108
맛집,108
날씨,107
등대,105
구경,104
동해,104
보기,101
거리,100
가족,99
여름,99
센터,98
파도,96
자리,96
마켓,96
주말,95
장소,95
근처,93
관심,90
추천,88
서핑,87
이용,87
느낌,86
가격,86
마음,82
주차장,80
송이,80
제가,77
요즘,76
설악산,74
보니,73
방문,72
국물,71
.com,71
서울,70
지역,70
커피,70
기분,70
겨울,68
고기,67
운영,67
입구,67
식당,66
낙산사,66
음식,66
설악,65
소개,64
가지,64
바닷가,63
안녕하세요,63
사장,63
판매,62
하루,62
이동,60
스팅,60
동해대로,60
시설,60
주변,59
예약,59
모래,58
이랑,58
대포항,58
친구,57
치비,57
풍경,57
바람,56
완전,56
점심,56
저장,56
마지막,56
만원,55
공간,55
사실,55
아이들,55
이름,55
동해안,54
체험,54
폴더,53
최고,53
축제,53
규모,53
주차,53
강릉,52
사용,52
행복,52
지금,52
여유,51
일출,51
오후,51
사이,51
그런지,50
토요일,49
예정,49
김치,49
자연,48
분위기,48
기본,48
출발,48
조금,48
리조트,48
숙소,48
강선,47
동안,47
걱정,47
식사,46
항구,46
아파트,46
중간,46
마을,46
먹거리,46
카페,46
계획,45
강원,45
일요일,45
기대,45
한잔,45
아래,45
하늘,45
오전,45
낚시,45
낙산,44
개인,44
시장,44
리버,44
속초시,43
도루묵,43
소리,43
안전,42
한곳,42
공원,42
방파제,41
고속도로,41
일정,41
정암리,41
추가,41
휴가,41
산책,41
칼국수,41
이제,41
감사,40
기억,40
관광객,40
마리,40
구입,40
주택,40
아이,39
생활,39
추억,39
진행,39
오랜만,39
화장실,39
구이,39
혼자,39
필요,38
생선,38
손님,38
설치,38
확인,38
우미,38
인근,38
도로,38
볼거리,38
정암,38
지구,37
내부,37
이야기,37
가게,37
오픈,37
공기,36
참고,36
포장,36
냄새,36
조대,36
안내,36
엄마,35
제일,35
사랑,35
정보,35
물놀이,35
이유,35
입맛,35
-1,35
새벽,35
해주시,34
호리,34
나무,34
오션,34
선택,34
하우스,34
건물,34
얼마,34
국도,34
검색,33
원래,33
보드,33
관광,33
개통,33
만큼,33
소식,33
마련,33
기간,32
좋아서,32
부분,32
그릇,32
고고,32
대표,32
터미널,32
맞이,32
이건,31
설명,31
촬영,31
친절,31
마트,31
활어,31
모양,31
예전,31
인기,31
코스,31
무료,31
동네,31
편리,30
강습,30
튀김,30
버스,30
캠핑,30
테이블,30
아빠,30
관광지,30
후기,30
정리,30
오징어,29
나름,29
환경,29
매력,29
발견,29
제공,29
국내,29
고민,29
분이,29
지상,29
호텔,29
바닥,28
샤워,28
힐링,28
사고,28
마무리,28
버섯,28
재미,28
하나로,28
만족,28
경우,28
제품,28
셀러,28
조개,28
순간,28
라면,27
그때,27
10분,27
주소,27
새우,27
단지,27
구매,27
차량,27
한참,27
지하,27
푸른,26
말씀,26
바로,26
양양읍,26
물고기,26
의자,26
막국수,26
명소,26
휴게,26
횟집,26
방법,26
반찬,26
깍두기,25
분양,25
행사,25
대부분,25
전날,25
블로그,25
가을,25
세대,25
조성,25
갈매기,25
인구,25
편의,25
머리,25
하기,25
부부,25
안쪽,25
다리,24
나중,24
하면,24
편안,24
종류,24
남편,24
놀이,24
문화,24
덕분,24
요금,24
매운탕,24
상태,24
소주,24
시기,24
양평,24
연결,24
운전,24
이후,24
인지,24
다음날,23
네이버,23
휴식,23
간식,23
관리,23
텐트,23
곳도,23
동시,23
센타,23
조망,23
기사,23
숙박,23
방향,23
설렁탕,23
대로,23
남은,23
고성,23
도시,23
천원,23
백사장,23
모델,22
일반,22
연락,22
대박,22
사항,22
건강,22
아들,22
기회,22
교통,22
문의,22
여름휴가,22
곳곳,22
햇살,22
맥주,22
인생,22
서비스,22
기전,22
경험,22
강현,22
등등,22
길이,21
유명,21
양념,21
작년,21
배경,21
밑반찬,21
해수욕,21
입주,21
여자,21
부족,21
인접,21
이예,21
한번,21
부동산,21
동해고속도로,21
단위,21
비교,21
면적,21
계곡,21
전망대,21
대신,21
타임,21
참여,21
공연,21
지인,20
모두,20
개장,20
구성,20
맞은편,20
얼굴,20
게스트하우스,20
그림,20
빵집,20
일상,20
차로,20
치한,20
전경,20
초보,20
운동,20
도자기,20
계절,20
IC,20
접시,20
왼쪽,20
도보,20
클릭,20
바닷물,20
주방,20
해안,20
가시,20
어린이,20
현장,20
자랑,20
구간,20
강아지,19
건너편,19
성공,19
블록,19
주민,19
선물,19
물건,19
포인트,19
전망,19
허니,19
북쪽,19
소스,19
육수,19
카메라,19
전국,19
인증,19
구름,19
서울로,19
택배,19
산책로,19
이웃,19
해산물,19
목적,19
오른쪽,19
불편,19
구조,19
요리,19
간판,19
조림,19
세상,19
해결,19
소요,19
농협,19
찌개,19
전원,19
교육,19
6월,19
고장,18
청정,18
그중,18
야채,18
신랑,18
제철,18
양양가,18
낙산해수욕장,18
특산물,18
장점,18
가자미,18
오색,18
필수,18
자체,18
가운데,18
연인,18
죽도,18
내일,18
앞으로,18
포함,18
사서,18
크기,18
음료,18
모래사장,18
향기,18
문제,17
장터,17
수건,17
사이즈,17
상황,17
어른,17
여행지,17
녀석,17
색깔,17
매매,17
우리나라,17
주거,17
지난번,17
주인,17
시골,17
소품,17
슈트,17
고속,17
어제,17
인상,17
인테리어,17
자유,17
신경,17
태풍,17
감상,17
아니,17
전용,17
손질,17
종일,17
가구,17
그날,17
집중,17
-2,17
부스,17
재료,17
세트,17
불꽃,16
상품,16
이해,16
3월,16
자녀,16
시외버스,16
작품,16
연산,16
경계,16
수산항,16
완료,16
위험,16
해수,16
영상,16
사리,16
단독,16
농산물,16
남애항,16
영업,16
가루,16
핸드,16
시스템,16
중앙시장,16
침대,16
주차공간,16
즐거움,16
의미,16
부모,16
하나,16
입장,16
해서,16
인분,16
사업,16
한우,16
등급,16
시식,16
요기,16
남자,15
노래,15
강사,15
치킨,15
공급,15
인정,15
롯데,15
내용,15
나니,15
자신,15
내년,15
장날,15
박스,15
자세,15
완벽,15
지방,15
.kr,15
황금,15
예뻐서,15
작성,15
동영상,15
가도,15
오빠,15
별미,15
확보,15
소금,15
연어,15
토지,15
장비,15
배치,15
대기,15
아쉬움,15
비쥬,15
인가,15
남대천,15
동생,15
가능,15
포토,15
이때,15
낭만,15
당일,15
12월,14
용품,14
대형,14
각종,14
가슴,14
레이스,14
정성,14
해당,14
주문진,14
단체,14
매장,14
오신,14
부탁,14
전체,14
성수기,14
주 주,14
언니,14
동반,14
도전,14
개최,14
장이,14
평일,14
첫날,14
일품,14
그동안,14
우미건설,14
이다,14
샤워실,14
관음,14
실내,14
에선,14
평창,14
오시,14
옹치,14
형성,14
마늘,14
그물,14
수제,14
중심,14
한눈,14
크림,14
연휴,14
11월,14
갈비,14
영업시간,14
부담,14
체력,14
주시,14
닭강정,14
고객,14
홈페이지,14
난로,14
전화번호,14
광어,14
카드,14
수영,14
8월,14
와인,13
옛날,13
원통,13
커플,13
직원,13
트럭,13
해장,13
작업,13
시즌,13
스타,13
멍게,13
점심시간,13
호로,13
수육,13
센스,13
소문,13
조심,13
더위,13
건설,13
순대,13
설계,13
비용,13
아기,13
진한,13
위주,13
난리,13
대여,13
환상,13
헬스,13
매콤,13
일원,13
문어,13
가보,13
공사,13
운치,13
평소,13
스타일,13
남향,13
만두,13
니다,13
벤치,13
푸드,13
플리,13
양이,13
어선,13
샴푸,13
애견,13
리에,13
임대,13
홍보,13
특색,13
얘기,13
파란,13
우럭,13
최대,13
고추,13
걷기,13
한편,13
후진항,13
지로,13
시범,12
여기저기,12
일시,12
프리,12
며칠,12
조형물,12
배낚시,12
아가,12
소나무,12
신발,12
앞바다,12
파라솔,12
평가,12
업체,12
인프라,12
야외,12
감자,12
드라이브,12
차이,12
결정,12
지원,12
건지,12
일부,12
패스,12
노력,12
대게,12
올림픽,12
수요일,12
춘천,12
메인,12
찹쌀,12
해돋이,12
냉면,12
언덕,12
수업,12
장도,12
산이,12
정취,12
투어,12
드라이,12
공방,12
인사,12
방면,12
발전,12
확장,12
가까이,12
실수,12
시도,12
입수,12
새해,12
다행,12
가자,12
인심,12
비주얼,11
발생,11
피곤,11
부산,11
용면,11
삼겹살,11
치즈,11
경치,11
포기,11
주위,11
상담,11
우측,11
수도권,11
냄비,11
예상,11
지난주,11
동명,11
접근성,11
거실,11
시가,11
-3,11
조양동,11
할거,11
생산,11
표정,11
휴양지,11
음식점,11
열정,11
항아리,11
한국,11
금요일,11
젓가락,11
바닷바람,11
와도,11
현지,11
공예품,11
관계,11
재배,11
냉장고,11
무인,11
부근,11
자동차,11
베이커리,11
나머지,11
포구,11
정신,11
스파,11
수심,11
택지,11
세팅,11
화로,11
등장,11
정원,11
안개,11
낚시대,11
동계,11
그네,11
천막,11
쇼핑,11
동호,11
생태,11
맛나,11
공유,11
린스,11
국수,11
객실,11
등하교,11
그늘,11
바다낚시,11
목공,11
서울양양고속도로,11
배달,11
상형,11
한과,11
겨울철,11
와서,11
감성,11
무리,11
쿠키,11
바퀴,11
노릇,10
선생님,10
한장,10
삼척,10
분도,10
차지,10
은어,10
여정,10
이미지,10
배려,10
소면,10
9월,10
미니,10
아주머니,10
인줄,10
성비,10
발길,10
콘도,10
출항,10
회사,10
오산,10
바게트,10
횟감,10
부각,10
비오,10
금액,10
식구,10
소재,10
아쿠아,10
활성,10
접근,10
해도,10
수준,10
도움,10
-5,10
구비,10
표고,10
전문,10
간장,10
어종,10
손양면,10
당시,10
조건,10
요건,10
앞쪽,10
감기,10
가방,10
감동,10
과일,10
이서,10
드릴,10
방송,10
조명,10
짬뽕,10
지만,10
수도,10
입지,10
수평선,10
목적지,10
어부,10
금정,10
시내,10
입주민,10
절대,10
도중,10
한쪽,10
5월,10
개방,10
이기,10
할인,10
보건,10
제작,10
안녕,10
미세먼지,10
여름철,10
여명,10
양파,10
계란,10
교통망,10
뚝배기,10
발걸음,10
만끽,10
선사,10
자연환경,10
가마솥,10
신청,10
10월,10
해장국,10
차례,10
놀이터,10
인해,10
의상대,10
국민,10
최우,10
당일치기,10
수산물,10
북적,10
남쪽,10
생활의 달인,10
번호,10
상징,10
메밀국수,9
음악,9
할머니,9
게스트,9
군데,9
골목,9
파티,9
불꽃놀이,9
바구니,9
곰치,9
경기도,9
가면,9
조각,9
별도,9
품질,9
연락처,9
창문,9
사무소,9
7월,9
연속,9
마당,9
건축,9
린디,9
갈수,9
제주,9
성인,9
간만,9
특화,9
이틀,9
정자,9
모텔,9
동치미,9
기념,9
바위,9
수영장,9
시대,9
전환,9
꿀맛,9
나들이,9
달인,9
포즈,9
미리,9
평상,9
본인,9
수요,9
변경,9
갈비탕,9
터널,9
눈앞,9
동서,9
결과,9
약속,9
메밀,9
외옹치항,9
고향,9
가평,9
현지인,9
수트,9
통학,9
후회,9
조리,9
보고 싶다,9
된장찌개,9
원고료,9
초가,9
2월,9
페이지,9
고생,9
일행,9
튜브,9
명태,9
방식,9
좋은 날,9
강일,9
대비,9
이집,9
표고버섯,9
기사문항,9
보그,9
이국,9
취향,9
이마트,9
연습,9
장아찌,9
손맛,9
비도,9
개발,9
비밀,9
이전,9
콩국수,9
식도,9
기자,9
기원,9
시선,9
지정,9
나물,9
가요,9
리어,9
한입,9
기도,9
방안,9
조합,9
디워,9
커서,9
메이드,9
스테이션,9
형상화,9
가드,9
초장,9
순식간,9
기타,9
기가,9
인원,9
등대도,9
무렵,9
기름,8
건조,8
신이,8
설악항,8
보루,8
고요,8
불빛,8
전시,8
공예,8
하진,8
예비,8
테라스,8
배추김치,8
인터넷,8
특성,8
진짜,8
실전,8
용도,8
피해,8
날짜,8
외관,8
시절,8
감자탕,8
철도,8
동서울,8
정식,8
캠핑장,8
스포츠,8
무한,8
2시,8
기존,8
반대편,8
실망,8
화이팅,8
주의,8
이색,8
양도,8
좌우,8
반죽,8
마시기,8
쾌속,8
안나,8
호박,8
주목,8
고기잡이,8
중앙,8
이불,8
건너,8
소비자,8
장면,8
선정,8
유리,8
이사,8
반복,8
먹방,8
어촌계,8
집으로,8
시외,8
방문객,8
경관,8
순위,8
시간대,8
사방,8
옥수수,8
채비,8
계속,8
철수,8
청약,8
물결,8
바라,8
양가,8
한동안,8
통과,8
활용,8
막걸리,8
계단,8
분리,8
민박,8
지소,8
호수,8
처리,8
작정,8
리뷰,8
기운,8
배우,8
상호,8
입장료,8
장의,8
학교,8
인당,8
장사,8
고급,8
어부들,8
세컨드,8
패션쇼,8
발달,8
조류,8
충전,8
뒤쪽,8
기약,8
이것저것,8
데이트,8
우수,8
햇볕,8
보통,8
만석,8
이란,8
소고기,8
생채,8
명칭,8
특유,8
탁트인,8
체크아웃,8
저번,8
천연,8
래미,8
소정,8
아버지,8
인형,8
조화,8
구역,8
아이스크림,8
수산,8
가치,8
눈치,8
도면,8
문자,8
조식,8
편의점,8
출근,8
단골,8
야영,8
양지역,8
나라,8
채소,8
단풍,8
부지런,7
막장,7
예술,7
인제,7
서서,7
담당,7
쌍둥이,7
지점,7
마스터,7
점포,7
하니,7
스카이,7
영향,7
미끼,7
효과,7
실시,7
입문,7
사진작가,7
흡입,7
마감,7
태양,7
송림,7
무더위,7
포트,7
기와,7
보일,7
껍질,7
바가지,7
미시령,7
.co,7
금지,7
초보자,7
순두부,7
베리,7
대회,7
문호,7
미역,7
코너,7
정돈,7
모집,7
시경,7
우드,7
선조,7
풍선,7
탕수육,7
돌이,7
장거리,7
벤치마킹,7
어머니,7
자연휴양림,7
안주,7
두부,7
해지,7
택시,7
휴일,7
피서,7
생물,7
경유,7
조선,7
개별,7
한번쯤,7
홍합,7
안심,7
고개,7
시중,7
생일,7
절벽,7
비누,7
강현중학교,7
이론,7
이고,7
참가,7
키로,7
핫도그,7
희망,7
개요,7
가족사진,7
선호도,7
촌계,7
가에,7
서해,7
에어컨,7
해진,7
월요일,7
돌고,7
치어,7
양양국제공항,7
아바이,7
스테이크,7
흰색,7
눈길,7
전세,7
쓰레기,7
장사항,7
부지,7
계산,7
적극,7
테마,7
불어,7
동쪽,7
슈즈,7
회원,7
와우,7
중인,7
공인중개사,7
천국,7
일차,7
초등학교,7
기념사진,7
다음번,7
장난,7
링크,7
실속,7
연말,7
해먹,7
잡이,7
오니,7
하차,7
계약,7
이벤트,7
아저씨,7
외국,7
휴가철,7
동산,7
납부,7
디저트,7
국밥,7
용호리,7
동서고속도로,7
우리집,7
수영복,7
황태,7
전문점,7
자료,7
프로그램,7
해파랑길,7
실패,7
우만,7
종합,7
장산,7
내음,7
서로,7
농장,7
천지,7
평화,7
안보,7
현실,7
과정,7
햇빛,7
이스,7
소통,7
표현,7
리필,7
여러분,7
무지,7
고구마,7
직접,7
일명,7
청소,7
사무실,7
호재,6
이도,6
타입,6
한계령,6
세월,6
조기,6
여개,6
누가,6
정면,6
보호,6
정동진,6
댓글,6
자주,6
고추장,6
무침,6
서도,6
팔찌,6
사지,6
4월,6
곰탕,6
어촌,6
활동,6
보증금,6
기록,6
개선,6
대한민국,6
90분,6
시반,6
채취,6
신비,6
진리,6
종이,6
보전,6
고르고,6
피서객,6
장수,6
배추,6
즈음,6
보트,6
역사,6
횡단보도,6
텃밭,6
겉절이,6
장식품,6
고양이,6
돗자리,6
전자,6
먹을거리,6
옆쪽,6
대구탕,6
식품,6
외식,6
어민,6
둘레길,6
광진,6
잔디,6
물품,6
감각,6
11월 30일,6
무대,6
반점,6
안정,6
이내,6
안전교육,6
기대감,6
선생,6
신축,6
파크,6
상대,6
시내버스,6
도루묵과,6
신속,6
캠프,6
명품,6
최적,6
은빛,6
양식,6
비빔국수,6
와이,6
인천,6
강남,6
온도,6
전병,6
사천,6
주관,6
야경,6
정비,6
수족관,6
어린아이,6
계약금,6
라마다,6
폭죽,6
역할,6
이만,6
직전,6
호떡,6
구경거리,6
가위,6
모델링,6
약간,6
노선,6
빨간색,6
군인,6
건어물,6
국토,6
신기,6
찬바람,6
결제,6
아바이마을,6
일반인,6
불안,6
원주,6
진열,6
풍미,6
매물,6
웃음,6
한국토지주택공사,6
바느질,6
평형,6
대지,6
흔적,6
대포,6
현북면,6
프로,6
삼호,6
오토,6
물가,6
사와,6
감칠맛,6
잠자리,6
카라,6
봄날,6
창가,6
서쪽,6
피자,6
현관,6
간직,6
술안주,6
임금,6
하이라이트,6
유일,6
년대,6
손수,6
돌아오는 길,6
오름,6
숟가락,6
모드,6
돼지고기,6
사정,6
현금,6
후에,6
숯불,6
강변,6
공영,6
아래쪽,6
단골집,6
캠퍼,6
친환경,6
유명한,6
연날리기,6
버거,6
출처,6
소보,6
식탁,6
시원,6
교리,6
짜장면,6
보물,6
감탄,6
염색,6
상가,6
가와,6
산란,6
전골,6
복도,6
물속,6
평생,6
복숭아,6
피난,6
선반,6
매너,6
선상,6
아시,6
민물,6
회랑,6
볶음,6
이정,6
정착,6
오미자,6
유적,6
욕실,6
케이블카,6
악세사리,6
도장,6
누나,6
발표,6
생명,6
등반,6
오기,6
연중무휴,6
자극,6
진입,6
지나,6
제주도,6
토끼,6
드립 커피,6
중국,6
오래전,6
판단,6
의견,6
사비,6
전진,6
감안,6
핑크,6
경제,6
특징,6
침구,6
마무,6
조산,6
아이템,6
중국집,6
수상,6
남문로,6
구리,6
쌈장,6
퇴근,6
잡기,6
30,5
좌측,5
현상,5
예방,5
최초,5
홍삼,5
대상,5
전통,5
밸리,5
어부가,5
어구,5
한계,5
거주,5
자갈,5
스피커,5
국도변,5
가득,5
결혼,5
자격,5
자전거,5
시로,5
자연경관,5
물론,5
그전,5
각광,5
폭풍,5
완성,5
크리스마스,5
좌석,5
통유리,5
미소,5
입주자,5
성격,5
하지,5
철이,5
제거,5
신규,5
사이드,5
폭포,5
존재,5
노을,5
건더기,5
상자,5
빈자리,5
놀이기구,5
화가,5
하사,5
낮잠,5
메카,5
회의실,5
발목,5
오랫동안,5
해양,5
근무,5
환영,5
이나,5
지부,5
샐러드,5
노래방,5
망대,5
영국,5
상류,5
청결,5
복귀,5
사전,5
입시,5
유입,5
1월,5
경포대,5
신나,5
브랜드,5
이정표,5
야자,5
국립공원,5
외부,5
정체,5
속살,5
루프,5
추석,5
작가,5
월드,5
어류,5
드라마,5
대접,5
친정,5
변신,5
여행가,5
12월 2일,5
누룽지,5
대면,5
사이트,5
하트,5
전복,5
땡볕,5
정겨운,5
쉼터,5
적응,5
꼬리,5
기초,5
자율,5
치아바타,5
눈빛,5
전문가,5
가로등,5
속도,5
꼬마,5
농원,5
급증,5
이구,5
후추,5
대체,5
개월,5
소화,5
블럭,5
운동장,5
공수,5
소인,5
맛깔,5
브레드,5
교통편,5
전기,5
아무도,5
세계,5
분대,5
공동,5
워크,5
식기,5
부위,5
교와,5
당첨자,5
이로,5
한적,5
주최,5
공공,5
버림,5
미항,5
비빔밥,5
지천,5
사과,5
길목,5
엄지,5
컨디션,5
마스코트,5
리퍼,5
라인,5
앞마당,5
청호동,5
시음,5
필지,5
여사,5
1월 1일,5
일본,5
명함,5
귀가,5
따위,5
산란기,5
다짐,5
고운,5
자라,5
실로암,5
보로,5
장식,5
님과 함께,5
본점,5
커피숍,5
돼지,5
성전,5
위로,5
애기,5
햄버거,5
게살,5
전부,5
전쟁,5
마인드,5
도루,5
나이,5
근방,5
컴퓨터,5
함경도,5
각도,5
장과,5
강현중,5
학부모,5
지경,5
김장,5
다라,5
간성,5
근접,5
비키니,5
뒷모습,5
진심,5
포스,5
일대,5
하구,5
지리,5
양심,5
미터,5
극대,5
가야,5
장갑,5
대사,5
체크,5
오지,5
체크인,5
클럽,5
교통부,5
추위,5
달빛,5
정류장,5
소원,5
중학교,5
뷔페,5
레몬,5
도마,5
백반,5
수다,5
표지판,5
고려,5
수리,5
커뮤니티,5
탐방,5
신분,5
둔전,5
남해,5
주전부리,5
여성,5
구멍,5
리가,5
경기,5
시청,5
적용,5
실제,5
대출,5
교동,5
심신,5
양쪽,5
동호리,5
수제비,5
모래밭,5
성장,5
통합,5
솜사탕,5
탄생,5
현수막,5
유의,5
서리,5
추진,5
야영장,5
두두,5
광경,5
한해,5
간다,5
책상,5
클렌징,5
시간표,5
배가,5
딸기,5
회관,5
좋은 하루,5
상추,5
허리,5
물이,5
6월 30일,5
등산,5
식초,5
특산품,5
고춧가루,5
어묵,5
벨리,5
개탄,5
베이킹,5
초겨울,5
서식,5
식물,5
조카,5
박물관,5
도둑,5
욕조,5
초대,5
교가,5
아무것,5
번지,5
동물,5
개성,5
중순,5
과자,5
심곡항,5
일주일,5
임진왜란,5
정상,5
어느날,5
나기,5
라인업,5
생신,5
낙산항,5
평수,4
객관,4
스튜디오,4
원산지,4
신호,4
차돌박이,4
야간,4
식욕,4
타이밍,4
성지,4
강현초등학교,4
피서지,4
렌즈,4
숙박업소,4
모자,4
김밥,4
바닐라,4
부대,4
얼음,4
국화빵,4
한강,4
아이와,4
사골,4
베어,4
천변,4
대국,4
민족,4
운행,4
바지락,4
초지역,4
기념품,4
방울,4
소비,4
추어탕,4
당장,4
이즈,4
명가,4
호가,4
사악,4
볶음밥,4
점검,4
손바닥,4
해물,4
빈티지,4
역대,4
딸아이,4
바가,4
사건,4
공항,4
신호등,4
한가지,4
멀티,4
디자인,4
기구,4
초입,4
총무,4
죽음,4
목걸이,4
주인장,4
백숙,4
한정,4
생산량,4
형식,4
목욕,4
소라,4
깻잎,4
오산리,4
강정,4
봄이,4
어시장,4
제맛,4
질도,4
가량,4
돼지갈비,4
출입,4
이자,4
군청,4
속초고속버스터미널,4
연인들,4
시험,4
회로,4
별거,4
가가,4
셔터,4
막내,4
발코니,4
송지호,4
모던,4
지식,4
목어,4
개불,4
관람,4
된장국,4
사시사철,4
대명,4
상차림,4
니들,4
길가,4
농부,4
단점,4
습도,4
보세,4
천한,4
마리에,4
제다이,4
하네,4
입안,4
옆집,4
분만,4
올여름,4
종이컵,4
수고,4
중복,4
제격,4
파리,4
190,4
건립,4
접수,4
사찰,4
잠깐,4
해안선,4
정보통신,4
대교,4
진풍경,4
스님,4
늦가을,4
여럿,4
파도타기,4
머랭,4
양배추,4
아이디어,4
피로,4
정이,4
원피스,4
톨게이트,4
여분,4
기로,4
바지,4
새끼,4
수저,4
기온,4
욕심,4
.at,4
식혜,4
피크,4
이모,4
순이,4
일기예보,4
투자,4
소세지,4
하나하나,4
증가,4
청초,4
컨소시엄,4
자자,4
조도,4
마르,4
개설,4
치마,4
대청봉,4
휴양,4
끝자리,4
신용,4
온천,4
요즈음,4
봉지,4
난방,4
영동,4
대중교통,4
미천,4
즉석,4
유명세,4
모바일,4
남자친구,4
겉치레,4
조사,4
목살,4
비린내,4
기름기,4
등록,4
유행,4
없어,4
두근두근,4
농사,4
첨부,4
해제,4
떡국,4
아지트,4
바비큐,4
방기,4
경주,4
2017년,4
착용,4
작용,4
사이다,4
구분,4
바늘,4
준비물,4
동산항,4
시골집,4
에메랄드,4
곤충,4
장인,4
고등어,4
고래,4
참석,4
의상,4
사온,4
치약,4
정기,4
손길,4
한일,4
점프,4
하교,4
속초시외버스터미널,4
벼룩시장,4
공고,4
테이크,4
제외,4
질문,4
아이스,4
활력,4
약수,4
우회전,4
단돈,4
수면,4
유지,4
팔달,4
한여름,4
품목,4
은지,4
창밖,4
열무,4
시점,4
하룻밤,4
마찬가지,4
성어,4
초청,4
밴드,4
케이크,4
묘미,4
관동팔경,4
해삼,4
도구,4
멸치,4
도심,4
요청,4
직거래,4
다이어트,4
김치찌개,4
보지,4
지속,4
애가,4
시공,4
구석구석,4
구축,4
청양고추,4
상당,4
남녀노소,4
프리미엄,4
구석,4
벽면,4
들보,4
노랑,4
만나,4
매표소,4
박사,4
2019년,4
대관령,4
결론,4
로만,4
훼손,4
과음,4
발자국,4
위쪽,4
여건,4
쇼도,4
베이스,4
임대료,4
남지,4
반면,4
카카오,4
본연,4
피부,4
주인공,4
온기,4
상인,4
스쿨,4
울타리,4
끼니,4
가보세,4
차선,4
3분,4
본적,4
백도,4
진해,4
바닷길,4
우려,4
각자,4
요원,4
생선회,4
대전,4
부엌,4
지난달,4
코드,4
아내,4
아삭,4
장맛,4
서기,4
5기,4
불가사리,4
발효,4
소함,4
연수원,4
1박 2일,4
삼포,4
수량,4
흥분,4
액자,4
육식,4
현우,4
사통,4
산세,4
탑승,4
거울,4
설날,4
조절,4
유기농,4
보상,4
중소,4
불고기,4
곡물,4
소가,4
행사장,4
허가,4
핸드폰,4
라이,4
밤하늘,4
해주,4
찰떡,4
인파,4
밀가루,4
광장,4
용도지역,4
모양새,4
소화도,4
효능,4
마니,4
수용,4
표시,4
서면,4
꺼리,4
-4,4
일보,4
현남면,4
문구,4
파악,4
잠도,4
가나,4
상생,4
화면,4
상상,4
못가,4
이면,4
생각해보면,4
영양,4
해마,4
효소,4
어보,4
입질,4
실감,4
오래,4
거래,4
설탕,4
왕복,4
조미료,4
반영,4
보름,4
7월 12일,4
예보,4
통일,4
업무,4
도라지,4
유유자적,4
고유,4
영화,4
파이,4
필터,4
밥집,4
형태,4
연상,4
기승,4
여행객,4
항의,4
온수,4
오프,4
모듬,4
종점,4
아아,4
절임,4
극성,4
관계자,4
강릉시,4
참조,4
농수산물,4
비기,4
고깃배,4
이식,4
명물,4
하복,4
청어,4
게이,4
하얀색,4
자로,4
유혹,4
가정,4
빈대떡,4
미로,4
셀프,4
오리,4
최선,4
만족도,4
내야,4
어머님,4
갯마을,4
하와이,4
제비,4
지느러미,4
사연,4
위원회,4
내외,4
승인,4
라운지,4
진국,4
별장,3
대왕,3
절차,3
경유지,3
푸대접,3
어파,3
배정,3
장안,3
상점,3
직후,3
주의보,3
와이프,3
체온,3
스티로폼,3
숯불갈비,3
역세권,3
웰컴,3
장호항,3
장애물,3
야시장,3
정오,3
싸가지,3
모레,3
건강보험,3
전과,3
정육점,3
쉘터,3
니어,3
육도,3
설악동,3
속옷,3
조황,3
소프트,3
추세,3
대변,3
주간,3
매트,3
동해시,3
서빙,3
급부상,3
문화재,3
젊음,3
스마트폰,3
옥상,3
연장,3
원두,3
대화,3
함유,3
화보,3
내항,3
가입,3
이신,3
양인,3
더블,3
들깨,3
다다,3
안고,3
뉴스,3
식도락,3
황어,3
번개,3
해조류,3
밥반찬,3
한방,3
인산,3
수단,3
밥상,3
벌꿀,3
강릉항,3
기상,3
이여,3
단무지,3
주도,3
실화,3
반쪽,3
비기너,3
씨알,3
근심,3
군더더기,3
트렌드,3
지그,3
네로,3
완공,3
봉사,3
들꽃,3
둔치,3
대안,3
이점,3
관문,3
제휴,3
도깨비,3
페이,3
발원,3
범바우,3
떡볶이,3
귀농,3
와플,3
에티켓,3
신라,3
세척,3
개조,3
착공,3
성토,3
고성군,3
도다리,3
초반,3
좌동,3
하수구,3
중광,3
부두,3
연화,3
허허,3
시각,3
취재,3
가장,3
어린이집,3
협의,3
바닷,3
명당,3
가수,3
반대,3
셀카봉,3
호기심,3
쓰레기통,3
의원,3
의욕,3
유래,3
색상,3
외출,3
냉장,3
공용,3
안다,3
눈요기,3
스케줄,3
한지,3
오메가,3
선도,3
뒷맛,3
이익,3
인화,3
귀천,3
조차,3
밀어,3
국자,3
후라이,3
안목,3
용해도,3
항로,3
4월 30일,3
나가,3
공단,3
풍년,3
군침,3
들기름,3
여주,3
출조,3
블랙,3
닭볶음탕,3
아메리카,3
해외,3
어둠,3
사가,3
로비,3
운송,3
무기,3
제로,3
난이도,3
번주,3
특수,3
광수산,3
골든,3
피난길,3
뿌리,3
예뻐,3
유적지,3
방어,3
고시,3
빨대,3
간격,3
친목,3
아이스박스,3
양벽,3
요미,3
개인택시,3
하하하,3
정의,3
리라,3
정차,3
최소,3
경이,3
정화,3
스테이,3
코야,3
국립,3
바닷속,3
타월,3
잔디밭,3
중식,3
무스,3
조정,3
브레이크,3
일자,3
바깥,3
퓨저,3
공신,3
홍예문,3
00,3
엑스포,3
배로,3
면도,3
환장,3
일환,3
압도,3
구명조끼,3
대가,3
강의,3
무트,3
보금자리,3
너머,3
녹색,3
조선왕조실록,3
현대,3
내장,3
젓갈,3
수칙,3
박하,3
하하,3
차별,3
주전,3
흥정,3
중도금,3
이왕,3
동이,3
사이에서,3
스팟,3
줄기,3
내용물,3
부재,3
산포,3
담박,3
토리,3
살인,3
진지,3
라라,3
천장,3
고양,3
한복,3
싱크대,3
조각품,3
손수건,3
트리,3
진동,3
창건,3
숭어,3
선글라스,3
리스,3
동호해수욕장,3
덮밥,3
수협,3
주심,3
만지,3
한성,3
샘플,3
대지면적,3
축하,3
스프링,3
내사랑,3
한식,3
아메리카노,3
바캉스,3
둥둥,3
낚시터,3
기세,3
스피드,3
기러기,3
스노,3
후드,3
부대찌개,3
그릴,3
글씨,3
소시지,3
행운,3
한창,3
윤기,3
정말,3
당도,3
청년,3
오케이,3
정부,3
25,3
소돌항,3
오호,3
각설이,3
실시간,3
구도,3
움직임,3
중개,3
노지,3
카페인,3
존경,3
구명동의,3
일광욕,3
허기,3
이하,3
내외로,3
비와,3
소진,3
6월 9일,3
온몸,3
부자,3
시행자,3
공무원,3
남이,3
글자,3
깊이,3
요트,3
가스,3
목이,3
청도,3
믹스,3
응원,3
상급,3
문리,3
중반,3
자석,3
콜라,3
옆구리,3
반반,3
사수,3
권위,3
탄산,3
값어치,3
잠시,3
구어,3
단맛,3
자락,3
메기,3
궁합,3
관동,3
블로거,3
봉투,3
가죽,3
나들,3
전면,3
고갈,3
이동하,3
양말,3
비행,3
토종닭,3
이용하,3
해물탕,3
고도,3
복원,3
가공품,3
보관,3
바알,3
세면대,3
내외분,3
보신,3
너울,3
덩어리,3
규칙,3
손가락,3
비수,3
시민,3
루트,3
전등,3
라구,3
호환,3
이맘때,3
고소,3
경사,3
무릎,3
아랑,3
경쟁,3
우선,3
군가,3
일석이조,3
거진,3
성인병,3
군수,3
행위,3
수납장,3
지출,3
보소,3
근로자,3
풍요,3
지경리,3
자차,3
제청,3
도미,3
취소,3
그니,3
모닝,3
2년,3
한자리,3
에너지,3
프랜차이즈,3
마르고,3
합류,3
기관,3
미식가,3
정선,3
불만,3
주먹,3
미담,3
레이,3
케이,3
지불,3
타당성조사,3
도시락,3
신선,3
도로변,3
내기,3
의사,3
이난,3
아버님,3
불가,3
창의,3
살얼음,3
진수성찬,3
먹이,3
사계절,3
차트,3
균형,3
경계선,3
최대한,3
차려,3
둘쨋날,3
탈출,3
무국,3
국산,3
우동,3
기암절벽,3
철조망,3
열씨,3
칭찬,3
에어비앤비,3
반지,3
제안,3
백두대간,3
반려,3
높이,3
승용차,3
듯이,3
따님,3
꽃병,3
앓이,3
답변,3
헤어,3
학습,3
양해,3
정감,3
조경,3
무시,3
소도,3
광고,3
차돌,3
전후,3
녹두,3
대구,3
어명,3
기미,3
저작권,3
하나에,3
이장,3
지목,3
족족,3
수라상,3
아지매,3
입찰,3
고로케,3
나은,3
액세서리,3
바탕,3
후진,3
전시회,3
컵라면,3
엘리베이터,3
탐색,3
다운,3
확대,3
투입,3
덩이,3
호흡,3
각지,3
대세,3
창고,3
연풍,3
어려움,3
애도,3
7월 14일,3
네이버 클라우드,3
보양,3
보람,3
부채,3
예감,3
상권,3
하내,3
건배,3
합의,3
게장,3
꼬치,3
최종,3
짙은,3
추구,3
쟁반,3
친화,3
노하우,3
수평,3
이든,3
소식지,3
카트,3
연면적,3
정답,3
사부,3
의지,3
수질,3
한마디,3
만점,3
솜씨,3
공감,3
용기,3
혜자,3
주제,3
젊은이들,3
봄나물,3
전액,3
참가자,3
위안,3
요새,3
평양,3
로컬,3
천리,3
억지,3
마리나,3
대통령,3
용어,3
플러스,3
민간,3
가을로,3
숙면,3
토스트,3
사시,3
한몫,3
실외,3
라보,3
칼로,3
년차,3
절감,3
재현,3
랜드마크,3
베란다,3
콜택시,3
페스티벌,3
열기,3
이용한,3
안방,3
주장,3
수익,3
동아리,3
묵호항,3
자란,3
극복,3
일제,3
비닐,3
원투,3
감성돔,3
춘장,3
무제,3
시냇물,3
능력,3
양송이,3
자와,3
탈의실,3
폭염,3
베스트,3
허브,3
블루베리,3
실력,3
독립,3
거의,3
포로,3
선고,3
도로로,3
화이트,3
콩알,3
페이스북,3
차림표,3
카카오톡,3
통일전망대,3
오천,3
일생,3
한대,3
선호,3
대도,3
설비,3
감자전,3
부엉이,3
국군,3
딱지,3
여태,3
왕래,3
매진,3
수확,3
세번,3
로드,3
형질,3
연간,3
화진포,3
행정,3
명절,3
쐬주,3
도리,3
홍게,3
추적,3
안성맞춤,3
군고구마,3
빌리,3
갖가지,3
그리워,3
걸음,3
집의,3
태기,3
국민임대주택,3
코리아,3
양양송이축제,3
스케치,3
밀크티,3
관찰,3
도모,3
복지,3
청춘,3
헤드,3
경매,3
공부,3
시야,3
낚싯대,3
모임,3
키즈,3
1년,3
고초,3
신고,3
크루즈,3
겨자,3
한때,3
인용,3
반나절,3
지형,3
기절,3
반주,3
기계로,3
여운,3
평균,3
감독,3
이리,3
건평,3
맛보기,3
송천,3
글램,3
모금,3
조경이,3
최신,3
해저,3
사발,3
안양,3
어르신,3
제도,3
피신,3
우유,3
황제,3
컨셉,3
미래,3
선단,3
생기,3
물살,3
포유,3
인도,3
은총,3
공지,3
경찰,3
순서,3
이성우,3
열강,3
산지,3
진흙,3
심플,3
가오,3
사모님,3
어항,3
오래간만,3
열무김치,3
참여자,2
자태,2
200,2
불효,2
도예,2
아침저녁,2
연희,2
남방,2
전매,2
무심,2
예측,2
협상,2
물색,2
알레르기,2
간청,2
우박,2
큰아들,2
다운로드,2
왁스,2
초의,2
서해안,2
4년,2
남짓,2
소금강,2
온라인 쇼핑몰,2
상관,2
비상,2
금요,2
파스텔,2
스페셜,2
올리브,2
장보고,2
이음,2
골도,2
유니크,2
천도,2
화요일,2
부화,2
배고픔,2
충무공동,2
취침,2
압록강,2
수차례,2
울진,2
방출,2
이거,2
화기,2
회장,2
기념일,2
편지,2
스탠드,2
도기,2
결재,2
송도,2
담그기,2
시트,2
바랄,2
아신,2
관절,2
정류소,2
산더미,2
광주,2
왜군,2
승강장,2
전파,2
개시,2
국제공항,2
개봉,2
레스,2
입장권,2
제수씨,2
자금,2
코아,2
화해,2
인간,2
교차,2
욕장,2
시계,2
안길,2
대정,2
만남,2
직업,2
일등,2
해소,2
어업,2
잔치국수,2
스노우,2
구박,2
써비스,2
노래자랑,2
지름신,2
성명,2
납득,2
다시,2
로고,2
해송,2
금년,2
우등,2
축구,2
분야,2
노가리,2
원형,2
동의,2
스키장에서,2
신년,2
기력,2
비계,2
오일,2
애완견,2
발굴,2
코앞,2
부추,2
뒤편,2
소홀,2
천사,2
크레인,2
가난,2
용적률,2
부작,2
코끼리,2
삼성,2
서희건설,2
외항,2
기획,2
결심,2
10월 1일,2
인산인해,2
승선,2
음력,2
셔틀버스,2
측면,2
BL,2
농민,2
전반,2
큰맘,2
주택지,2
영광정,2
비닐봉지,2
연구,2
비늘,2
뒷길,2
이외,2
이엘,2
중요시,2
물티슈,2
술잔,2
법칙,2
이사진,2
후식,2
벌레,2
운전자,2
영덕,2
해전,2
어도,2
임진강,2
으뜸,2
독도,2
마중,2
오브,2
주몽,2
방바닥,2
인승,2
해질녘,2
라디오,2
안내소,2
공휴일,2
올림,2
뱃살,2
자식,2
칼바람,2
짝꿍,2
우암,2
빌어,2
황차,2
인물,2
나나,2
농림,2
보수,2
원가,2
회귀,2
프랑스,2
숙취,2
고용,2
로란,2
사업자,2
개막,2
소이현,2
수치,2
말도,2
세로,2
장르,2
통일신라,2
망명,2
수행,2
투척,2
번영,2
수원,2
디스플레이,2
생명력,2
아트,2
퇴각,2
상승,2
.me,2
연관,2
개장일,2
뭉게구름,2
레프트,2
LH,2
골프,2
설레임,2
생략,2
가운,2
머그잔,2
연못,2
충격,2
검정색,2
자원,2
탁자,2
서유구,2
반대쪽,2
믿음,2
그린,2
임박,2
경쟁력,2
두발,2
고수,2
하천,2
석림,2
홍창,2
종료,2
저리,2
페인팅,2
건설사,2
문방구,2
사간원,2
안내판,2
절경,2
팥빙수,2
정조,2
케익,2
가격표,2
향신료,2
감시,2
비행기,2
청평,2
천년,2
여행길,2
공현,2
귀여워,2
기계,2
짠맛,2
차원,2
신고서,2
경력,2
영월,2
라운드,2
물욕,2
방범,2
클랜,2
내공,2
제곱미터,2
난 주,2
낭독,2
포항,2
춘양,2
소음,2
향수,2
간성읍,2
아우,2
와야,2
김양희,2
에어,2
실현,2
영애,2
핑계,2
둥지,2
시전,2
만해,2
스텔스,2
볼일,2
푸쉬,2
마누라,2
갈비찜,2
천둥,2
기반,2
소멸,2
유동,2
어획량,2
의식,2
무상,2
중국산,2
갈등,2
별명,2
취미,2
역량,2
타기,2
콘텐츠,2
착각,2
배수,2
콘크리트,2
수산리,2
승객,2
주자,2
조전,2
진주시,2
큰손,2
이중,2
종이봉투,2
항만,2
50,2
신선도,2
영농,2
숲길,2
제재,2
오이,2
구글,2
가죽 공예,2
잘못,2
대처,2
마디,2
보쌈,2
이래,2
다시마,2
소맥,2
절망,2
서희,2
실종,2
곤지암,2
포식,2
동작,2
낯선,2
수온,2
법당,2
개천,2
용대리,2
빛깔,2
이어,2
애용,2
장산리,2
갈치,2
호두,2
에티오피아,2
관통,2
조항,2
처녀,2
갈라,2
놀라움,2
온돌방,2
아서,2
마약,2
리스트,2
한술,2
반기,2
안산,2
토박이,2
학군,2
보행,2
평방미터,2
영랑동,2
잠수,2
어느 멋진 날,2
대목,2
민이,2
수수,2
물질,2
즐거운 하루,2
즐겨찾기,2
업로드,2
종사자,2
3년,2
초벌,2
소실,2
출수,2
회덮밥,2
추경,2
시가지,2
전각,2
위생,2
김치냉장고,2
총반격,2
재래,2
방지,2
사랑은,2
예능,2
콩나물,2
태생,2
우울,2
전구,2
편찬,2
장엄,2
연필,2
싱글,2
항공,2
땅콩,2
만리포,2
등심,2
개구장이,2
제약,2
목줄,2
한국전쟁,2
열대야,2
마니아,2
자리매김,2
진액,2
중독,2
미중,2
2018년,2
브이,2
대우,2
롱보드,2
보시,2
분식,2
베테랑,2
운모,2
조형,2
가정집,2
숙원,2
다용도실,2
임차,2
노란색,2
가로,2
진출,2
남여,2
김포공항,2
오산항,2
하이파이브,2
노도,2
화재,2
짜파게티,2
기저귀,2
충만,2
피어,2
복리,2
동산리,2
센티미터,2
평면도,2
몸통,2
기만,2
명란젓,2
응시,2
최장,2
보리밭,2
그사이,2
점심때,2
간도,2
파월,2
갈리,2
낙지,2
유림,2
송해,2
초점,2
농어촌버스,2
거처,2
수라,2
슈퍼,2
상도,2
말이,2
관공서,2
기능,2
발리,2
어장,2
병아리,2
십자수,2
포화,2
델피,2
곡리,2
쑥갓,2
장독대,2
주동,2
어깨,2
스탈,2
남녀,2
절반,2
펜스,2
대도호부,2
소방,2
상어,2
바게뜨,2
사진사,2
.net,2
분식집,2
빨강,2
범위,2
장관,2
포스터,2
화성,2
창립,2
회수,2
위풍,2
피플,2
강원도청,2
한국사진작가협회,2
아픔,2
쌀독,2
확충,2
살로,2
정례,2
금리,2
석탑,2
실향민,2
로스,2
찌르레기,2
청국장,2
에어콘,2
주재소,2
형님,2
군부대,2
왜놈,2
대진항,2
심야,2
텀블러,2
합리,2
낙엽,2
유일한,2
러시아,2
빈손,2
만세,2
체육,2
흡연,2
원산항,2
양은,2
목욕탕,2
밀집,2
설정,2
완행,2
구성은,2
국외,2
화덕,2
막판,2
반도,2
당인,2
복부,2
채팅,2
집단,2
식해,2
고찰,2
콘센트,2
자정,2
케이스,2
레포츠,2
실신,2
장만,2
플라워,2
주말여행,2
선박,2
가니,2
삼청,2
방생,2
사다,2
임연수어,2
도오,2
산천어,2
머신,2
웨이,2
방해,2
청둥오리,2
이영희,2
이튿날,2
가락,2
동화,2
젤리,2
궁금,2
토대,2
주전자,2
연령,2
가평리,2
음식사진,2
명나라,2
오염,2
고추가,2
미술,2
임야,2
용량,2
면사무소,2
송구영신,2
이천,2
물류,2
애정,2
보건소,2
유후,2
안착,2
자취,2
표시판,2
송강,2
노령,2
막바지,2
가래떡,2
백과,2
장려,2
무언,2
국보,2
전투,2
손놀림,2
사이사이,2
로라,2
리타,2
제부도,2
택당,2
연기,2
개수대,2
두말,2
개소,2
뜻밖,2
고지,2
식성,2
패턴,2
에이치,2
제사,2
쪽빛,2
순례,2
스콘,2
음력 4월 13일,2
오르막,2
간표,2
저고리,2
꽁보리밥,2
인명,2
로이,2
신뢰,2
기름칠,2
차기,2
생산자,2
충주,2
인구항,2
모빌,2
오줌,2
연어알,2
채광,2
승하,2
잡채,2
로스팅,2
수동,2
피치,2
조청,2
이곳저곳,2
물개,2
오븐,2
힐스,2
스카프,2
세탁,2
당나라,2
라임,2
코다,2
노후,2
파고,2
가사,2
트렁크,2
주유소,2
산물,2
동강,2
중심지,2
청초호,2
구별,2
개울,2
탈수,2
범종,2
일체,2
간적,2
키친,2
경희,2
의도,2
대환,2
날자,2
정작,2
경영,2
폐쇄,2
특별법,2
초곡항,2
인원수,2
에이드,2
무우,2
배지,2
물빛,2
매월,2
성황,2
아이폰,2
보충,2
참판,2
랜드,2
처가,2
고금,2
부천,2
통감,2
고 온,2
본디,2
동료,2
한자어,2
귀향,2
송탄,2
해달,2
한자,2
권역,2
첨가,2
투명,2
시세,2
어제오늘,2
조준,2
주머니,2
필수품,2
픽업,2
봄바람,2
돌고래,2
진주,2
뱃속,2
이용객,2
침샘,2
고사리,2
야광,2
보더,2
배웅,2
솔밭,2
생강,2
화강암,2
숙박지,2
초코,2
여가,2
좌회전,2
태극기,2
강구항,2
콩나물국,2
노벨,2
셰프,2
학문,2
몽양,2
가공,2
철학,2
한밤,2
다신,2
첨단,2
프림,2
풀빵,2
유배,2
용인,2
맨하탄,2
황사,2
좌천,2
물보라,2
새해맞이,2
오예,2
폭발,2
하단,2
7년,2
의뢰,2
단장,2
300,2
건국,2
마주,2
1.5,2
동동,2
가든,2
조과,2
저질,2
보장,2
창틀,2
머리핀,2
품절,2
수박,2
눈살,2
검은색,2
찬물,2
회복,2
장난감,2
징수,2
산들,2
향연,2
타오,2
25년,2
월 가,2
연시,2
이주,2
약과,2
블루,2
시바견,2
저수지,2
갯바위,2
농가,2
제목,2
주방장,2
진전,2
일개,2
초순,2
백성,2
동해항,2
고요한,2
산불,2
병원,2
칼질,2
고을,2
시행착오,2
기적,2
아를,2
샌드위치,2
일조,2
안위,2
레저,2
청호반새,2
물어,2
교체,2
만족감,2
12월 31일,2
얼레지,2
이승만,2
등골,2
오늘밤,2
영하,2
-0,2
노송,2
선언서,2
실습,2
광정리,2
유료,2
어치,2
남양주,2
손발,2
초딩,2
봉평,2
평상시,2
용역,2
심리,2
배관,2
금강산,2
대답,2
킬로,2
유물,2
노니,2
도랑,2
초고추장,2
회색,2
복어,2
통채,2
파출소,2
먼지,2
남문리,2
회의,2
조치,2
향상,2
사태,2
침낭,2
능선,2
베니키아,2
본부,2
정수기,2
의심,2
안전사고,2
시진,2
문양,2
핵심,2
효율,2
집중력,2
평안,2
데스크,2
만둣국,2
12월 9일,2
가을동화,2
달성,2
야속,2
물길,2
슬리퍼,2
절편,2
보존,2
뽀뽀,2
서류,2
마릿수,2
경비,2
아마,2
오미,2
물레,2
죽변항,2
북면,2
봄철,2
근교,2
피고,2
매대,2
연암,2
동남아,2
출장,2
공조,2
슬픔,2
약수터,2
처지,2
충의,2
쥐치,2
알람,2
샤워기,2
몸체,2
철석,2
장애,2
뒷자리,2
금연,2
동행,2
성대,2
보리밥,2
흐름,2
차창,2
빌딩,2
런웨이,2
여과,2
닷새,2
트레일러,2
변기,2
유치원,2
파스타,2
사업비,2
불법,2
기금,2
하산,2
통발,2
수압,2
빙수,2
암컷,2
주기,2
쪽파,2
집착,2
인연,2
토막,2
안전장치,2
완파,2
사물함,2
라이드,2
체중,2
11월 11일,2
아하,2
시행,2
기호,2
중급,2
이치,2
트리플,2
탄성,2
배타,2
모색,2
시속,2
의봉,2
송암,2
풍물,2
파노라마,2
동거,2
이지,2
상업,2
모름,2
법인,2
취사,2
이탈리안,2
칙사,2
꽃잎,2
스트레스,2
금전,2
부상,2
파손,2
삼층석탑,2
닭다리,2
남단,2
협회,2
군중,2
암자,2
회자,2
보이,2
아름다운 집,2
노루,2
몸살,2
죽도로,2
헤엄,2
실학자,2
마스크,2
상심,2
젊은층,2
애국가,2
전자레인지,2
하순,2
준수,2
소녀,2
모기,2
출연,2
장용,2
출입구,2
수운,2
희소성,2
스키,2
석이,2
가의,2
전달,2
날인,2
강제,2
일밤,2
수중,2
양보,2
미용,2
맨발,2
전신,2
매입,2
왕새우,2
리본,2
쾌감,2
패키지,2
감소,2
지라,2
태양광,2
명성,2
하늘색,2
무어,2
스팸,2
거론,2
네미,2
출구,2
전해,2
거름,2
언급,2
일회,2
계장,2
가훈,2
생맥주,2
과언,2
전한,2
지기,2
면봉,2
갤럭시,2
실천,2
그물코,2
개사,2
치열,2
자의,2
고속버스,2
분류,2
자매,2
운항,2
신문,2
긴장,2
꽁치,2
학기,2
교차로,2
생애,2
한정수,2
수호,2
시크,2
최낙민,2
파주,2
만사,2
잡곡,2
후손,2
동천,2
공략,2
대인,2
마라,2
소량,2
요구,2
레스토랑,2
입대,2
대표자,2
스릴,2
호위,2
고집,2
장어,2
북부,2
책임,2
총알,2
지붕,2
게도,2
라이언,2
철근,2
등기,2
미국,2
온건,2
의류,2
위기,2
멤버,2
조개잡이,2
연남동,2
고리,2
한국관광공사,2
티브이,2
짜증,2
도호부,2
매일,2
카페나,2
배변,2
허락,2
작복,2
요소,2
녹지,2
연계,2
타당성,2
간지,2
정철,2
이동한,2
소유자,2
주가,2
공정,2
국시,2
매점,2
색도,2
통제,2
체포,2
종자,2
영도,2
증말,2
동해선,2
하수,2
발각,2
효모,2
건폐율,2
앞뒤,2
12월 6일,2
개념,2
소희,2
차림,2
버너,2
삼천,2
군만두,2
반응,2
일산,2
연출,2
재촉,2
최북,2
관이,2
무술,2
커튼,2
상륙,2
상태도,2
장남,2
카운터,2
능이버섯,2
린네,2
망상,2
예술가,2
테이,2
묵자,2
몽골,2
스포,2
래시,2
이슬,2
양념장,2
지부장,2
의용소방대,2
색감,2
삼매,2
양양연어축제,2
찬스,2
정덕,2
김진하,2
개인의 취향,2
호경,2
근래,2
마님,2
국제,2
지게,2
현감,2
줄행랑,2
나룻배,2
입가심,2
아보카도,2
기우,2
원당,2
취항,2
오마이뉴스,2
살이,2
리피,2
직선거리,2
보리,2
동전,2
흙탕물,2
견인,2
10cm,2
금강고속,2
증세,2
목소리,2
좌선,2
지다,2
유리창,2
대진,2
각각,2
타전,2
동무,2
원목,2
체인점,2
베이컨,2
정해,2
원칙,2
왕이,2
담배,2
입력,2
호강,2
홀로,2
비발디,2
봄비,2
전의,2
타워,2
대란,2
친척,2
분리수거,2
발가락,2
해방,2
후쿠오카,2
광복절,2
전방,2
간의,2
강가,2
렉스,2
그물망,2
화분,2
일출로,2
고정,2
대리,2
양력,2
학생,2
칵테일,2
한국인,2
공짜,2
발사,2
둔전리,2
차고,2
마시,2
산속,2
순찰,2
산도,2
밥숟가락,2
스파이,2
안녕하십니까,2
저금리,2
조개껍질,2
연일,2
오물,2
옹기,2
우산,2
화초,2
밥솥,2
당초,2
예절,2
개관,2
산행,2
뒷풀이,2
풍어,2
불면,2
의주,2
군락,2
품격,2
환도,2
전승,2
스페인,2
양평군,2
토마토,2
하륜,2
방도,2
행복합니다,2
후덕,2
함흥,2
누리,2
전복죽,2
캐스팅,2
회송,2
이맘,2
선발,2
보유,2
이북,2
전시관,2
매우,2
주력,2
업소,2
정치가,2
초콜릿,2
양우정,2
워터파크,2
애프터,2
영자,2
남한,2
직행,2
강점,2
송시열,2
당황,2
야유회,2
12월 1일,2
두산,2
행렬,2
방학,2
인공,2
허무,2
4월 14일,2
사진가,2
열풍,2
여행자,2
한그루,2
고해,2
에드,2
호어,2
쏘주,2
스웨,2
전사,2
정당,2
여부,2
교환,2
추격,2
경상남도,2
20대,2
푸름,2
체결,2
장마철,2
탈탈,2
어물전,2
획득,2
정책,2
본의,2
을해,2
하루만,2
얼마간,2
원조,2
거지,2
자식들,2
박수,2
자부심,2
재원,2
스마일,2
남자들,2
긴팔,2
겸용,2
위협,2
씨앗,2
까닭,2
귀신,2
학급,2
수집,2
관모봉,2
면장,2
집안,2
추측,2
광평대군,2
초록빛,2
굿모닝,2
물줄기,2
호스트,2
거간,2
호응,2
삼촌,2
아드님,2
게임,2
단계,2
이안,2
어달항,2
하늘과 바다,2
내면,2
공연장,2
껍데기,2
영위,2
아치,2
북방,2
짐작,2
아주,2
가공식품,2
파스,2
육지,2
주년,2
화장품,2
루스,2
9월 29일,2
블러,2
묶음,2
칫솔,2
당근,2
래들,2
참새,2
형체,1
도나,1
창시자,1
분량,1
입추,1
훈련,1
수해,1
춥다,1
대피,1
눈썹,1
미온수,1
회포,1
텐션,1
기인,1
요시,1
위성사진,1
마비,1
산문,1
개그,1
따개비,1
전북,1
상두,1
요리사,1
요지,1
보해,1
매출,1
불허,1
특급,1
타인,1
별칭,1
수염,1
금융,1
빛으로,1
천시,1
수립,1
남면,1
프릴,1
요양,1
생활하수,1
추진단,1
도천면,1
배짱이,1
캐비넷,1
앞날,1
파랑,1
소프,1
농산품,1
굵기,1
원수,1
통신,1
갈대밭,1
귤나무,1
들로,1
개띠,1
아진,1
클로즈업,1
워터,1
변일,1
순복음,1
징검다리,1
행정절차,1
군비,1
호루라기,1
군것,1
회기,1
사문,1
해일,1
사막,1
로프,1
정상인,1
대장,1
본류,1
가열,1
목요일,1
맛살,1
출신,1
수지,1
국적,1
두마,1
정규,1
마술,1
지우,1
물방울,1
해안로,1
아래층,1
주량,1
장마,1
인쇄,1
풀이,1
원시림,1
포착,1
강시,1
일기장,1
팡팡,1
차단,1
연탄불,1
차라,1
감옥,1
모범,1
연합회,1
새내기,1
걱정거리,1
여객선,1
세입자,1
밭두렁,1
경포호,1
연장선,1
쇼파,1
수복,1
애교,1
만화책,1
그 후,1
한판,1
하행선,1
곰배령,1
2009년 12월,1
오리발,1
호주,1
천신만고,1
습득,1
도가니탕,1
관망,1
요직,1
펌프,1
미역국,1
요도,1
등고선,1
신설,1
원상,1
초기,1
테스트,1
비중,1
합성,1
희소식,1
몸값,1
생화,1
대집행,1
사 현,1
가스레인지,1
한축,1
팔로잉,1
자립,1
창원,1
달래,1
작업실,1
역전,1
성심당,1
맥주병,1
전입,1
본분,1
초월,1
5월 1일,1
위헌,1
이재훈,1
승규,1
이브자리,1
피노키오,1
송승헌,1
또래,1
수입품,1
양회,1
트로피,1
라자,1
바르게,1
스물,1
일화,1
동참,1
윤석이,1
환승,1
판매자,1
불명,1
군포,1
남궁,1
북악,1
사유,1
사유지,1
정과,1
억새,1
망망대해,1
저자,1
671년,1
파란색,1
구피,1
수훈,1
캐리어,1
암초,1
물권,1
주무,1
이이,1
협력,1
어불성설,1
알갱이,1
산골짜기,1
만삭,1
기자단,1
전도사,1
비치볼,1
머니,1
방정,1
박민규,1
스스로,1
퍼센트,1
지당,1
상기,1
솔로,1
양팔,1
대내외,1
애비,1
진보,1
전기밥솥,1
페스,1
관찰자,1
세칭,1
탄력,1
저널,1
경영자,1
비데,1
제방,1
요정,1
당연지사,1
향토음식,1
천이,1
거부감,1
스무디,1
깨달음,1
극성기,1
사현,1
유족,1
결혼기념일,1
심사,1
출동,1
우하,1
산줄기,1
구성원,1
졸음,1
다큐멘터리,1
조앤,1
백인걸,1
아동,1
휴지,1
보훈,1
첨가제,1
배낭,1
던지기,1
디니,1
드레,1
북청,1
영동 지방,1
면세점,1
물음,1
파운드,1
균형성장,1
구속,1
전동,1
부실,1
빈혈,1
자격증,1
정각,1
서지,1
오노,1
토목,1
핑크색,1
낚시인,1
삼정,1
남정네,1
오션월드,1
안성선,1
체면,1
데이,1
자두,1
바깥양반,1
어진,1
조개껍데기,1
미용실,1
경진,1
센치,1
평탄,1
열차,1
농구장,1
비참,1
세질,1
배낭여행,1
새끼 고양이,1
증명,1
주물,1
세션,1
몸매,1
세간,1
공양,1
생육,1
이어도,1
축재,1
바이킹,1
인적,1
도립대,1
2002년 10월,1
순직,1
레인,1
섬유,1
동재,1
카누,1
청개구리,1
저녁때,1
수상작,1
오크,1
충성,1
1월 19일,1
박제,1
해수면,1
한동,1
태도,1
동호인,1
홈즈,1
비폭력,1
밀착,1
가재,1
치실,1
탕이,1
통로,1
신성리,1
순조,1
학무,1
장통,1
한낮,1
운반,1
기점,1
배시,1
장착,1
횡성,1
40,1
영화관,1
180,1
공룡,1
어담,1
별생각,1
이향,1
도보이,1
양조,1
차길,1
대대,1
일몰,1
악어,1
뜨개,1
아부지,1
8월 10일,1
단추,1
한국인의 밥상,1
아제비,1
그쯤,1
자신감,1
옥양목,1
허한,1
만찬,1
극한,1
옥수,1
메이크업,1
베베,1
반값,1
10월 13일,1
세종,1
무명,1
송금,1
교항리,1
덮개,1
시아,1
북상,1
범일,1
중무장,1
직선,1
얼음장,1
산등성이,1
박자,1
대동소이,1
행복감,1
달리기,1
연수,1
토익,1
고목,1
조립,1
사회생활,1
이별,1
상한,1
테크,1
태희,1
우연이,1
움집,1
천국의 계단,1
취나물,1
토론,1
선어,1
허탕,1
야심,1
거래처,1
에리,1
다양성,1
비즈,1
생성,1
일일,1
낮과 밤,1
초여름,1
컨벤션 센터,1
중추원,1
자야,1
슬로,1
정품,1
무기질,1
분간,1
건전,1
아줌마,1
처서,1
세라,1
남양,1
사본,1
일익,1
동력,1
동남쪽,1
다정,1
기생충,1
합세,1
유고,1
꿀단지,1
소천면,1
부녀,1
몸부림,1
감수,1
몸뚱이,1
시인,1
지은이,1
한요,1
해오라,1
야전,1
에담,1
DT,1
여사장,1
연결고리,1
부상자,1
수역,1
싯가,1
비니,1
육백,1
오뎅,1
다비치,1
부인,1
홀라당,1
한텐,1
가물치,1
인수,1
낯선 사람,1
위급,1
매니아,1
옥천면,1
야근,1
청양,1
오랫만,1
강동구,1
퍼스,1
지대한,1
명륜당,1
.be,1
화학조미료,1
특보,1
감정,1
이상은,1
봄가을,1
바램,1
땅바닥,1
무궁화,1
매혹,1
일정표,1
가동,1
미토,1
거미,1
수소문,1
3월 29일,1
편향,1
고속도로 나들목,1
육성,1
하늘이,1
이드,1
베누스,1
최상,1
인교진,1
유중,1
귀여움,1
밀푀유,1
3000,1
차이나,1
내륙,1
676년,1
고명,1
정다운,1
서해도,1
우골,1
규정,1
하임,1
항해,1
연재,1
폐업,1
침실,1
좌골,1
공포증,1
낙원,1
달려와,1
포도,1
시더,1
처제,1
고자,1
코어,1
당첨,1
잔소리,1
절호,1
음주,1
41,1
좋은 주말,1
빅사,1
판매량,1
솜털,1
배견,1
천지개벽,1
참정,1
석현,1
샌프란시스코,1
건조기,1
형평,1
중 현,1
돌산,1
미남,1
오키,1
빈방,1
수작업,1
구황,1
벚꽃,1
익산,1
경도,1
경상,1
소시민,1
원인,1
프리스타일,1
아름다운 사람들,1
사은품,1
싱가폴,1
개구리,1
중석,1
파시,1
입간판,1
가구원,1
선녀탕,1
런닝,1
무장,1
후퇴,1
중금속,1
폭죽놀이,1
감자칩,1
이상자,1
거금,1
본능,1
공예가,1
에그,1
열심,1
피나물,1
한수,1
청소기,1
요목,1
보내기,1
친정엄마,1
히든싱어,1
당면,1
13년,1
테라,1
수내동,1
서민갑부,1
나야,1
덕치,1
시군,1
저울,1
유정,1
옥천,1
저어,1
문명,1
손짓,1
일상생활,1
주사위,1
방일,1
해상,1
리지,1
동기,1
기성,1
절충,1
오빠야,1
스리,1
한도액,1
살맛,1
죽죽,1
해드,1
사간,1
천진,1
주어,1
큰다리,1
금물,1
달수,1
아라,1
원주지방환경청,1
인치,1
캐치프레이즈,1
뉴스1,1
산허리,1
호수공원,1
부가,1
진드기,1
차도,1
며느리,1
상단,1
2011년,1
리얼,1
행진,1
80년대,1
편익,1
오목골,1
암수,1
기비,1
치치,1
겨울바람,1
농어촌,1
감회,1
하나라,1
소꿉놀이,1
나방,1
유교,1
주인아줌마,1
이순,1
갯지렁이,1
별점,1
확신,1
구지,1
선위,1
녹음,1
노트,1
프롬,1
아현,1
금산,1
집행,1
우비,1
경북도,1
장소라,1
샤인,1
오매불망,1
석재,1
문규,1
해장술,1
연중,1
착수,1
눈쌀,1
이종,1
간사,1
강풍,1
헌신,1
노아,1
중계,1
생식,1
인트,1
전가,1
능렬,1
성시경,1
안함,1
정글의 법칙,1
장시기,1
성심,1
머드,1
타라,1
복제,1
황영철,1
수작,1
화병,1
농촌,1
식전,1
용천리,1
브라질,1
여동생,1
재생,1
큰일,1
수현,1
차액,1
마을버스,1
함수,1
노추산,1
학원,1
주스,1
심의,1
타르트,1
눈썰매,1
효자,1
소프트웨어,1
연포탕,1
폐허,1
딸딸이,1
적막,1
날개,1
말하자면,1
꽃사슴,1
오즈,1
부꾸미,1
성악,1
비정규직,1
꿈나라,1
용지,1
포일,1
연꽃,1
감리교,1
시상식,1
부과,1
영수,1
신상,1
경상도,1
광장시장,1
석굴,1
대조,1
황금빛,1
TV,1
아인,1
피란,1
세시,1
찍소리,1
양기,1
새싹,1
속눈썹,1
변상태,1
은사,1
퍼퓸,1
파전,1
건설업,1
증상,1
방울이,1
산업,1
아침나절,1
시크릿,1
근무지,1
은퇴,1
주주,1
신공,1
잡상인,1
산미,1
흥미,1
윤구,1
타우린,1
라나,1
남남,1
피신처,1
차전,1
은행나무,1
철통,1
생활환경,1
개떡,1
워킹,1
유제품,1
바이바이,1
메일,1
본스,1
드럼,1
로션,1
예배,1
웃음소리,1
심장,1
날밤,1
취급,1
호객,1
전력,1
예정일,1
노래미,1
푸른숲,1
상대방,1
말로,1
초야,1
두실역,1
정력,1
하이트,1
시엔,1
라마르,1
리터,1
프라이팬,1
스스럼,1
왕상,1
살집,1
행운목,1
충렬사,1
발부,1
박빙,1
훈장,1
책임보험,1
레드,1
조약돌,1
양갱,1
털보,1
도동,1
주황색,1
팬덤,1
채널A,1
미사리,1
글로우,1
대미,1
척도,1
21,1
부침개,1
마실,1
오렌지,1
지계,1
기라,1
복장,1
삼일절,1
오륙도,1
건축면적,1
진정,1
한한,1
혜지,1
노회찬,1
해역,1
진미,1
구이도,1
신의,1
기성세대,1
과속,1
영화감독,1
오호츠크,1
모래성,1
퍼펙트,1
논거,1
임연,1
흡족,1
소프라노,1
어메니티,1
갈천리,1
최석화,1
앞장,1
땡큐,1
사자,1
코반,1
씹기,1
하평,1
천명,1
오자,1
내시,1
미리내,1
근수,1
화천,1
달마,1
중학생,1
위성,1
파트,1
개폼,1
밑둥,1
교종,1
애플파이,1
어패,1
밀크,1
정의당,1
미각,1
주네,1
빠이,1
볼륨,1
사랑해요,1
한걸음,1
답지,1
황금종려상,1
다만,1
앨범,1
고혈압,1
우디,1
시나,1
벼슬,1
미션,1
858년,1
사족,1
잣대,1
아마추어,1
지적,1
군단,1
나리,1
유화,1
과천,1
시시각각,1
백록담,1
작전,1
3월 23일,1
눈높이,1
하겐다즈,1
말린 곶,1
별것,1
노천,1
분소,1
2005년 4월,1
경성,1
부둣가,1
애초,1
숙박비,1
경자,1
춘분,1
비행장,1
히터,1
아리,1
개막식,1
왜인,1
구색,1
두수,1
통계청,1
요일,1
수풀,1
시국,1
실험,1
강제 징수,1
난생,1
변덕,1
아야진항,1
외출복,1
분수대,1
-D,1
은애,1
6월 20일,1
추모제,1
축일,1
복구,1
밤잠,1
쟁탈전,1
코코,1
방울토마토,1
조건부,1
나도,1
어가,1
이디야,1
사회,1
희망사항,1
참외,1
가일,1
갯수,1
업종,1
동반자,1
변환,1
특선,1
확정일자,1
요인,1
화강석,1
대용,1
발바리,1
총수,1
위드,1
.gl,1
탄부,1
8월 18일,1
표면,1
초행길,1
전지,1
아날로그,1
인덕션,1
KM,1
애플,1
해맞이 축제,1
동부로,1
옷걸이,1
위락,1
9월 24일,1
이상의,1
쿠션,1
심기,1
고모부,1
울림,1
내사,1
콧물,1
급류,1
도의,1
근거리,1
겨울날,1
본격,1
시루,1
신흥사,1
야호,1
패드,1
궁중,1
쇼핑백,1
회신,1
엄두,1
때죽나무,1
와이파이,1
유지비,1
스도,1
이나 시,1
근인,1
프레임,1
스토리,1
시공사,1
발급,1
8월 25일,1
치안,1
샤카,1
머리카락,1
스프레이,1
재작년,1
수계,1
게임장,1
경업,1
레이즈,1
반갑습니다,1
재정,1
오손,1
마진,1
호선,1
수감,1
센트로,1
샤프,1
티슈,1
새벽녘,1
경로,1
도지,1
꾀꼬리,1
클레,1
수입국,1
돌도끼,1
철거,1
거짓,1
김태헌,1
인대,1
해수탕,1
강습비,1
A5,1
지리산,1
바질,1
직립,1
활주,1
사치,1
발휘,1
제드,1
현태,1
키티,1
바깥쪽,1
플랜,1
서예,1
꽃다발,1
수납,1
포크,1
까망,1
번들,1
숙제,1
마가,1
대책,1
선열,1
찌꺼기,1
문무왕,1
이탈리아,1
거절,1
인권,1
으름장,1
병합,1
의치,1
조산리,1
성호,1
예외,1
풍랑,1
용비,1
월세,1
손님맞이,1
고등학교,1
금아여행,1
모녀,1
소양강,1
금융조합,1
연인의 길,1
성수,1
브런치,1
엽전,1
불의,1
부메랑,1
숙박료,1
무소,1
항공권,1
크루,1
랍비,1
차질,1
에스프레소 머신,1
백패,1
마시멜로,1
잉크,1
테리,1
장년,1
목격,1
길바닥,1
굴복,1
이옹,1
판매망,1
준공,1
피지,1
신검,1
우창,1
사도,1
신명,1
뱃사람,1
비경,1
소나기,1
로프트,1
낙성식,1
두 강,1
작물,1
괜찮아,1
국가,1
어업인,1
1500,1
수반,1
상실,1
약방,1
바우,1
물량,1
위국,1
돌멩이,1
프로젝트,1
새마을,1
안경,1
주입,1
관목,1
직성,1
서숙,1
아바,1
플레인,1
견학,1
루나,1
노리,1
민트,1
변화,1
상반기,1
합격,1
서재,1
순수,1
홀리,1
랏슈,1
낙산도립공원,1
하얏트,1
슈크림,1
보정,1
토산물,1
어필,1
다년간,1
고대,1
전하,1
군화,1
대한,1
왕벚나무,1
현행,1
우거지,1
군대,1
춤판,1
미온,1
수호신,1
크림치즈,1
주의자,1
응축,1
신도시,1
양주,1
뒷골목,1
브로,1
사진반,1
10월 18일,1
잡아줘,1
근육,1
노미,1
별이,1
요플레,1
품위,1
근본,1
여장,1
전주 이씨,1
미달,1
학년,1
심취,1
문화예술,1
포천,1
000,1
천왕,1
탄자,1
동서로,1
다로,1
여경,1
불사,1
설문,1
코스터,1
사심,1
대포초등학교,1
바운스,1
지역민,1
바가지요금,1
상평통보,1
이석,1
냉방,1
노선도,1
식수,1
입속,1
축조,1
공가,1
천차만별,1
꼬막,1
제자,1
민간인,1
조여정,1
휴롬,1
스파게티,1
아토피,1
기기,1
육각,1
스팀,1
유기,1
40년,1
상처,1
탐방기,1
주원,1
현희,1
의현,1
20년,1
백담사,1
일괄,1
목재,1
수납공간,1
박해,1
제한,1
독려,1
회식,1
미끄럼틀,1
커플룩,1
문인,1
하늘소,1
테트라포드,1
해류,1
사원,1
기쁨,1
65년,1
영동고속도로,1
데일,1
공작,1
로즈마리,1
양양 진전사지 삼층석탑,1
개맛,1
리시,1
전량,1
대략,1
정사,1
인간의 삶,1
민폐,1
역시 청춘,1
월경,1
인공수정,1
주공,1
정구,1
변태,1
성수동,1
통계,1
망이,1
위층,1
조합원,1
세분,1
천평,1
천혜,1
골짜기,1
성도,1
예술품,1
마들렌,1
담당자,1
마지기,1
동경,1
앞치마,1
인피니트,1
후문,1
경찰차,1
주파,1
할미,1
바스,1
냉동,1
경량,1
납품,1
매시,1
촛대,1
이참,1
자기,1
떡갈비,1
경제원,1
배터리,1
밥알,1
석양,1
물소리,1
까운,1
낭패,1
감마,1
분점,1
쥐포,1
샤라,1
열량,1
이속,1
수륙양용차,1
복고,1
금상첨화,1
취향저격,1
마한,1
철인,1
스니커즈,1
비만,1
숙이,1
고령자,1
행동,1
잠복,1
장바구니,1
빈약,1
비지떡,1
자가,1
신식,1
종려나무,1
형도,1
자치,1
북천,1
균형발전,1
해경,1
베가,1
보편,1
육개장,1
근육통,1
울산,1
날갯짓,1
공개,1
58,1
동해지방해양수산청,1
광화문,1
정보력,1
재활용,1
샴페인,1
성질,1
자살,1
관건,1
큰딸,1
배당,1
불도,1
주지,1
예고,1
담장,1
혼신,1
대포리,1
사업장,1
파트너,1
둘레,1
전자제품,1
하드,1
양손,1
섭외,1
불야성,1
물집,1
지렁이,1
박람회,1
성숙,1
엄니,1
요령,1
명덕,1
싹쓸이,1
티백,1
베이스캠프,1
친목계,1
비욘드,1
반칙,1
간이식당,1
발도,1
약국,1
국내선,1
얼떨결,1
보리멸,1
가십,1
경축사,1
소울메이트,1
정동,1
국비,1
시냇가,1
달기,1
웃돈,1
장난꾸러기,1
도망,1
다래,1
연동,1
중고,1
인천광역시,1
성품,1
가식,1
소환,1
주인집,1
논리,1
선지,1
선착순,1
접속,1
크릴,1
근덕면,1
성별,1
강습소,1
7월 13일,1
홍대,1
판매점,1
사면,1
대섭,1
현포항,1
산장,1
정반대,1
궁장,1
모스,1
왕골,1
비라,1
통풍,1
명산,1
생사,1
터치,1
우정,1
원츄,1
잠수복,1
사랑해,1
피날레,1
자연법,1
올빼미,1
정전,1
이대,1
자아,1
고통,1
설마,1
피스트,1
소란,1
탁상,1
안티,1
기고,1
휴직,1
이상인,1
마눌,1
두루마리,1
색색,1
적색,1
이채,1
이오,1
적하기,1
주니,1
호랑이,1
내 사랑,1
분사,1
자제,1
투숙,1
여름밤,1
용호,1
스낵,1
도우,1
열매,1
이일,1
숙영,1
장돌뱅이,1
부끄부끄,1
민속,1
기념식,1
고군분투,1
올레길,1
12월 7일,1
360,1
인시,1
남매,1
방앗간,1
임시방편,1
깡패,1
속초시립박물관,1
숨바꼭질,1
신바람,1
루틴,1
상한선,1
장성읍,1
사례,1
문중,1
시위,1
긴장도,1
실핏줄,1
10월 9일,1
키라,1
치자,1
직장인,1
응대,1
8월 23일,1
대원,1
어두움,1
유수,1
무위,1
물방개,1
성취감,1
귀걸이,1
세련미,1
출범,1
학창,1
양홍,1
산소,1
상품권,1
상추쌈,1
궁금증,1
군도,1
기재,1
실버,1
반동,1
고동,1
자와 해,1
특기,1
백촌,1
호평동,1
심화,1
땅값,1
병과,1
닮은꼴,1
7월 29일,1
플랜트,1
본명,1
제어,1
옆방,1
명량,1
배럴,1
본전,1
원시인,1
소변기,1
플레이트,1
암반,1
안무,1
김포,1
참선,1
남설악,1
가봉,1
호랑,1
에버,1
도요,1
협동조합,1
쇠고기,1
빙어,1
구멍치기,1
아르바이트,1
김남훈,1
12월 30일,1
킬로미터,1
공산품,1
화룡점정,1
집사,1
시리즈,1
4월 26일,1
버마,1
실비,1
수정,1
일송,1
공공주택건설본부,1
양양기,1
스푼,1
보심,1
연합뉴스,1
견과,1
등산객,1
점이,1
밤송이,1
7월 6일,1
철길,1
배위,1
도련님,1
동축,1
대파,1
재무,1
매립,1
풀밭,1
한산,1
이명,1
무기명,1
장형,1
양현,1
대포동,1
알밤,1
울릉도,1
현충사,1
보리멸과,1
군살,1
태국,1
구체,1
증거,1
안동,1
달밤,1
이형,1
버터,1
작은집,1
풍광,1
남동,1
딸아,1
추도,1
면민,1
자연촌,1
일이,1
남신,1
총리,1
법률,1
사천진,1
신가,1
세면,1
보일러,1
배탈,1
답사,1
착한가격업소,1
캐릭터,1
소방서,1
그레이스,1
패커,1
손해배상,1
큰길,1
찜통더위,1
지하층,1
핵가족,1
산수유,1
청년단,1
두름,1
문희,1
구독,1
트레,1
만약,1
주작,1
장호원,1
작대기,1
아스팔트,1
가구라,1
에다,1
고려 충숙왕,1
자연사,1
코난,1
대망,1
룰라,1
농악,1
빨강색,1
북양,1
유역,1
엔비,1
벽걸이,1
4월 4일,1
옷장,1
화물,1
빗물,1
일지,1
옛말,1
치수,1
부리,1
꼬치구이,1
버릇,1
시네,1
삼거리,1
다이빙,1
토담,1
낚싯바늘,1
조업,1
부산행,1
취사도구,1
메리,1
머리털,1
옥이네,1
손수레,1
두기,1
역광,1
종업원,1
재주,1
4월 9일,1
감곡리,1
겉면,1
피싱,1
노시,1
하심,1
인터체인지,1
치전,1
주재,1
연합,1
근거지,1
다모,1
자외선,1
파로스,1
스킨,1
거너,1
치맥,1
타이틀,1
윤도현,1
비웃음,1
불량,1
유형,1
유산,1
무창포항,1
부녀회,1
진상,1
여동은,1
하시,1
3월 1일,1
알코올,1
달동,1
처음이라서,1
조선 선조,1
질색,1
갈산동,1
미스,1
정은,1
관리자,1
통지,1
조용한 가족,1
임대차,1
패밀리,1
사설,1
토속,1
어로,1
기술,1
조리개,1
고르곤졸라,1
볼펜,1
강릉원주대학교,1
단상,1
안와,1
사과 주스,1
보살,1
침투,1
대폭발,1
45,1
조상,1
엄지손가락,1
호프,1
끝동,1
프로포즈,1
방송사,1
선점,1
시리얼,1
이변,1
산봉우리,1
삼조,1
오란,1
공격,1
지명,1
산호,1
이거이,1
조직,1
스파크,1
노출,1
농교육,1
위해,1
철릭,1
도킹,1
아냐,1
당사자,1
혈관,1
모기장,1
인제터널,1
댄스,1
오른편,1
형제도,1
안내문,1
선인장,1
부끄러움,1
선배,1
포스코건설,1
목장,1
다누,1
알맹이,1
예시,1
성함,1
업자,1
일석삼조,1
사실은,1
외지,1
은행,1
부페,1
고충,1
물체,1
만남의 광장,1
통행료,1
미사,1
고정관념,1
폭팔,1
이엄,1
온라인,1
진시,1
직할시,1
2015년 11월,1
서울시,1
일어,1
오리지널,1
김대중,1
양성,1
천통,1
굴비,1
삼복,1
난포,1
종사,1
축복,1
관모,1
매료,1
광장동,1
마카다미아,1
영화제,1
이상이,1
규현,1
모형,1
최적화,1
옥살이,1
반성,1
라용,1
뚜껑,1
솔방,1
긍정,1
컴백,1
놀람,1
책임자,1
힙합,1
구인,1
대나무숲,1
까치,1
파고다,1
탄수화물,1
세기,1
봉이 김선달,1
말벌,1
특설,1
이해관계,1
날이 갈수록,1
인솔,1
사진기,1
관리도,1
말복,1
함흥냉면,1
승승장구,1
산악,1
협곡,1
성사,1
소장,1
환호,1
중면,1
화제,1
제과점,1
함량,1
농수,1
찜통,1
분당,1
장가,1
2018년 4월,1
이교,1
겸업,1
은거,1
자수,1
수세미,1
종주,1
채운,1
봉인,1
활약,1
수비대,1
기술력,1
서정,1
모노,1
장독,1
스티커,1
누적,1
된장,1
염소,1
대합,1
밑밥,1
분안,1
배부,1
빨래,1
슈도,1
쌍별귀뚜라미,1
매개체,1
지은,1
8월 2일,1
구령,1
여우,1
오소리,1
1월 14일,1
우주,1
잡풀,1
미터기,1
옷감,1
박봉래,1
앵콜,1
용돈,1
발등,1
비야,1
써니,1
도배,1
가락시장,1
지번,1
염두,1
입성,1
감촉,1
선종,1
신리,1
농작물,1
고래사냥,1
화장대,1
닭고기,1
목도리,1
주왕,1
열창,1
다합,1
임의,1
루체른,1
잘 먹었습니다,1
처리장,1
별게,1
아성고속,1
즐거운 오후,1
하면 된다,1
해열제,1
담소,1
절기,1
레져,1
미꾸리,1
프랑,1
푸드코트,1
초행,1
해넘이,1
이동혁,1
한파,1
비가 오나 눈이 오나,1
카네이션,1
양도면,1
기계면,1
뉴리,1
예배당,1
울릉,1
소지품,1
셔츠,1
촌놈,1
두껍,1
합의서,1
미조항,1
화채,1
블루칩,1
지중해,1
하피,1
약사,1
축지법,1
행주,1
먼저,1
의문점,1
닭개장,1
타원,1
하숙집,1
속풀이,1
해녀,1
마이크,1
삼시,1
희생,1
응달,1
피드백,1
명지조개,1
멀티탭,1
조박,1
버블,1
감당,1
발매,1
공시,1
진통,1
장보,1
수석,1
별일,1
인삼,1
병행,1
11월 1일,1
야영지,1
기지개,1
로봇,1
절규,1
화상,1
슈톨렌,1
문전성시,1
할아버지,1
어멈,1
오가,1
마늘빵,1
관음보살,1
잡목,1
타투,1
거봉,1
호남,1
산타페,1
미물,1
디보,1
미숫가루,1
농담,1
전갱이,1
반병,1
미자,1
영향력,1
벽화,1
집게,1
나이스,1
안치,1
미하,1
물반,1
사키,1
버진,1
협업,1
연비,1
곡동,1
숨통,1
모래알,1
빌미,1
2014년,1
시정,1
광역,1
발밑,1
엑스트라,1
불량품,1
접종,1
전개,1
고마워요,1
소래포구,1
시부,1
관음도,1
진료,1
수생식물,1
신혼부부,1
철로,1
원통형,1
숟갈,1
존중,1
주부,1
시당,1
우왕,1
계약서,1
동호회,1
살기,1
구정,1
주문진고속버스종합터미널,1
분홍색,1
한옥,1
조선 세조,1
아메리칸,1
북새통,1
오락실,1
함경,1
연파,1
곡소리,1
깔때기,1
낭떠러지,1
마음씨,1
다크,1
피나무,1
처마,1
박명수,1
모닥불,1
촉진,1
복이,1
고여,1
부여,1
대용품,1
남성,1
한나절,1
댓가,1
간엔,1
드레스,1
마다,1
저의,1
엘지,1
체질,1
도사,1
허스키,1
머루,1
글리코겐,1
롯데호텔,1
토탈,1
로도스,1
염려,1
하의,1
호들갑,1
수강,1
받침,1
어스름,1
스텐,1
각질,1
그레,1
산림,1
서치,1
점수,1
대중,1
상영,1
말라가,1
페인트,1
암만,1
앞길,1
셋트,1
도입,1
시멘트,1
콩가루,1
강원여객,1
복지회,1
도가니,1
양신,1
카피,1
라타,1
심해,1
이종건,1
달맞이,1
급등,1
대동여지도,1
잡초,1
고무나무,1
세조,1
다비도프,1
등짝,1
랑데뷰,1
문제점,1
싱크,1
스펀지,1
견지,1
G1,1
부도,1
귤피차,1
영한,1
10월 27일,1
스템,1
합수,1
적성,1
오른발,1
생쥐,1
온종일,1
토고,1
곡선,1
박대박,1
유년,1
대가족,1
호미,1
분석,1
본건,1
순경,1
다방면,1
군밤,1
일기,1
소수,1
다이,1
석지,1
일본인,1
사랑이란,1
자형,1
폭력,1
총감독,1
치도,1
기념물,1
12월 8일,1
파래,1
류원,1
독살,1
조용한 방,1
노인,1
필리핀,1
방수,1
전철역,1
외갓집,1
의관,1
원두막,1
조선의 개국공신,1
언가,1
광고비,1
형상,1
산채,1
통째,1
그새,1
바다색,1
육회,1
미도,1
구상,1
칸막이,1
화엄종,1
횟수,1
연천,1
입양,1
홍살문,1
무덤,1
행세,1
후배,1
나위,1
명목,1
매체,1
마나님,1
러버,1
젤로,1
이쿠,1
하숙,1
지용,1
논밭,1
석기,1
마개,1
발바닥,1
대성,1
나폴리,1
바람결,1
단언,1
보에,1
후대,1
개중,1
저세상,1
프라이,1
방침,1
만두라,1
도문리,1
한데,1
심도,1
모질라,1
평온,1
호야,1
뗏목,1
처갓집,1
엽서,1
마롱,1
발포,1
말씨,1
조말,1
정직,1
금값,1
그날의 분위기,1
만도,1
생강차,1
살라,1
휴양림,1
타분,1
바니,1
경내,1
근해,1
포스트,1
등산로,1
아비,1
기침,1
드림캐쳐,1
뒷발,1
관세음,1
애국,1
위위,1
함정,1
소비량,1
트랩,1
아사,1
무인도,1
소반,1
제인,1
비룡,1
철책,1
맹신,1
동동주,1
종파,1
자재,1
난바,1
룰루랄라,1
원숭이,1
건축물,1
경향신문,1
세종로,1
조신,1
드가,1
오차,1
테레비,1
등산복,1
프라자,1
대물,1
빗방울,1
귀염둥이,1
주저,1
역상,1
아미노산,1
비트,1
수산업협동조합,1
반은,1
개털,1
피살,1
두뇌,1
뒷배경,1
덜미,1
강탈,1
헌화,1
승계,1
여유도,1
수관,1
표지,1
임산부,1
김두영,1
공물,1
어용,1
캠퍼스,1
프론트,1
남북,1
직구,1
운명,1
바리스타,1
형부,1
코치,1
풍물놀이,1
원공,1
쌀가게,1
수입,1
휴전,1
버스 정류장,1
시동,1
메밀전,1
시바,1
도토리묵,1
말사,1
내곡리,1
면역,1
포리,1
연세,1
디오,1
엉망,1
다루,1
타운,1
녹차,1
숙련자,1
사두,1
거란,1
교량,1
서프라이즈,1
앞모습,1
사투리,1
6월 10일,1
반짝임,1
베이,1
선셋,1
윤정구,1
야구,1
태풍 크로사,1
엑스포로,1
자장면,1
공통,1
산타바바라,1
그래퍼,1
추정,1
포장마차,1
특효,1
정해진,1
땅속,1
털이,1
시흥,1
현미,1
양양향교,1
쇼핑몰,1
유충,1
샘물,1
중단,1
식후경,1
상대로,1
건조대,1
철물,1
수종,1
소파,1
민가,1
마사토,1
보석,1
공장,1
남발,1
거문고,1
한라산,1
토이,1
새시,1
르마,1
까까,1
분향,1
야자수,1
목조,1
비석,1
빼기,1
이종국,1
사라,1
다구리,1
출발지,1
문해,1
12월 17일,1
뷰로,1
영서로,1
목책,1
바나나,1
투하,1
적도,1
삼척시,1
의료원,1
바위섬,1
국화꽃,1
동행인,1
붉은색,1
인절미,1
남포동,1
표지석,1
산행지,1
대만,1
랑탕,1
돌핀,1
밀접,1
물그릇,1
생명자원,1
수자원,1
매한가지,1
마산,1
서족,1
목덜미,1
작살,1
주일,1
노블,1
오도독,1
경회루,1
홍두깨,1
즉흥,1
언덕길,1
오버,1
교목,1
장래,1
운정,1
개교,1
후한,1
유닛,1
덧칠,1
차이점,1
227,1
대량,1
미가,1
청동,1
정화조,1
어망,1
고백,1
북유럽,1
여담,1
신품,1
양봉,1
신평리,1
시금치,1
시간권,1
보양음식,1
청각,1
언론,1
찹쌀떡,1
교대,1
플랫폼,1
전기 요금,1
자전거 여행,1
갈비살,1
지니,1
이시다,1
보따리,1
가계,1
여로,1
날림,1
불닭볶음면,1
공중,1
동두천,1
계세,1
명실상부,1
정재영,1
후각,1
미러,1
새순,1
손양,1
백일홍,1
선풍기,1
장애인,1
차장,1
에터,1
심야버스,1
지방산,1
팝콘,1
스트레칭,1
원점,1
2014년 2월,1
질서,1
계시,1
철골,1
임신,1
결국,1
희망자,1
한류,1
농약,1
형제,1
충실,1
플로,1
콘도미니엄,1
각오,1
커트,1
아들과 딸,1
조창호,1
일종,1
팬티,1
B4,1
고객감동,1
구려,1
꽈배기,1
회사명,1
조언,1
삼양,1
오피스텔,1
반개,1
맹방,1
서점,1
노고,1
까꿍,1
정남,1
나뭇가지,1
스티,1
조율,1
족발,1
비보,1
선희,1
과도,1
로우,1
지명도,1
헌안왕,1
홍두,1
구릿빛,1
용주,1
아토,1
토요일 오후,1
빼꼼,1
티켓,1
애인,1
지능,1
송정,1
거제도,1
회양,1
신뢰도,1
토로,1
수로,1
비지,1
점액,1
장세환,1
폐활량,1
파카,1
휴지통,1
쾌속선,1
황홀,1
판매처,1
약재,1
4월 12일,1
이주연,1
제지,1
한군데,1
리도,1
한순간,1
파괴,1
치사,1
기본기,1
상당량,1
우회,1
합승,1
고무,1
글리,1
내비게이션,1
공차,1
발암,1
오수,1
다림,1
12월 13일,1
귀염,1
누각,1
소풍,1
영령,1
쌀밥,1
동대문,1
생수,1
커피잔,1
장미과,1
상회,1
향후,1
묵과,1
로스트,1
영규,1
양서,1
포획,1
단일,1
파우더,1
천생연분,1
오늘아침,1
자랑거리,1
개국,1
드로잉,1
아르,1
제정,1
세끼,1
타이,1
미연,1
게눈,1
호구,1
묵호,1
특집,1
연고,1
자색,1
사바,1
산발,1
사기,1
구로,1
공업,1
사운드,1
해초,1
앙상블,1
세상만사,1
한화,1
이태리,1
관내,1
코로,1
현석,1
하소연,1
진공,1
올겨울,1
구릉,1
극도,1
모퉁이,1
강물,1
배수구,1
북동,1
안지,1
늦둥이,1
수긍,1
무성,1
흥부,1
구배,1
타임즈,1
디젤,1
서천,1
건소,1
일부분,1
전영,1
글귀,1
수령,1
양춘,1
대선,1
일리,1
옛길,1
재구성,1
동식물,1
백조,1
화요,1
대게잡이,1
감나무,1
양호,1
충분,1
3월 20일,1
준령,1
번창,1
개울가,1
현황,1
딱새,1
봉수,1
매기,1
킬러,1
자몽,1
분수,1
원활,1
10월 12일,1
페인트칠,1
사무국장,1
서빈,1
포니,1
숫자,1
미상,1
출사,1
연해,1
기수,1
오디오,1
속세,1
강남고속버스터미널,1
북한,1
파급,1
신토불이,1
사주,1
소의,1
자축,1
로망,1
출장소,1
땅거미,1
말차,1
향교,1
걱정하지마,1
야반도주,1
제정신,1
잔액,1
김난도,1
고교,1
적시,1
여거,1
버니,1
베아,1
1월 10일,1
고사항,1
조인,1
돌발,1
시간제한,1
요요,1
9월 26일,1
웃음꽃,1
순천만,1
1980년대,1
소변,1
몽롱,1
코코넛,1
월드컵,1
하영이,1
동선,1
남동생,1
아가야,1
얌전,1
오봉산,1
긴장감,1
등지,1
훈련소,1
츤데레,1
물리,1
기여,1
방청,1
한보,1
레이드,1
불필요,1
하회,1
의리,1
관리소,1
혼잡,1
고깃국,1
빼빼로,1
눈동자,1
무쇠,1
대도시,1
유가족,1
보고,1
자부,1
투자자,1
강조,1
밤나무,1
꽃밭,1
탈옥,1
모랑,1
백미,1
업적,1
검정,1
달고나,1
갈대,1
음료수,1
리보,1
종려,1
제출,1
식후,1
프린터,1
용수철,1
물수제비,1
마카롱,1
달구,1
릴레이,1
산시,1
조국,1
미꾸라지,1
미비,1
태백산맥,1
진가,1
주신,1
태원,1
유원지,1
열쇠,1
롱샷,1
사용료,1
퍼트,1
가실,1
발족,1
빌라,1
개운,1
무녀,1
송아지,1
남간,1
원구,1
술병,1
금지령,1
여러해살이,1
교습,1
시럽,1
카달로그,1
제각각,1
매운맛,1
로버트,1
시차,1
스마트,1
피클,1
감자떡,1
토기,1
경작,1
스타렉스,1
비결,1
다오,1
관광부,1
물말,1
나주시,1
환불,1
타이노,1
횡단,1
급진,1
똥물,1
빗장,1
사선,1
공감대,1
신건,1
수위,1
스냅,1
고의,1
아지,1
기아,1
취락,1
처키,1
비염,1
아산,1
노르웨이,1
유부,1
대청,1
인왕산,1
도하,1
원적외선,1
장기간,1
마차,1
철재,1
미스트,1
우애,1
심지,1
일치,1
다낭,1
어획물,1
경중,1
엊그제,1
거품,1
엄포,1
설원,1
빛나,1
쓸데,1
차리,1
그라스,1
가리비,1
스킵,1
에이,1
사랑합니다,1
밀어내기,1
공중화장실,1
섭이,1
대북,1
와중,1
오렌지 주스,1
가짓수,1
인지도,1
주올,1
너비,1
주님,1
의기투합,1
플라스틱,1
가렌,1
알송,1
버찌,1
2018년 1월,1
난간,1
도시로,1
도서,1
지포,1
출산,1
터전,1
타랑,1
허벅지,1
송송이,1
분기,1
연구회,1
스프레드,1
바리,1
고아,1
체계,1
설치물,1
색칠,1
도도,1
새송이,1
필로티,1
정육,1
축포,1
덕소,1
일주동로,1
위아래,1
실무,1
후니,1
요약,1
세도가,1
오동,1
새우젓,1
동서울터미널,1
동자,1
이양,1
고노,1
핫바,1
평면,1
선두,1
라온,1
무김치,1
서브,1
대다수,1
싱가포르,1
백종원,1
귀의,1
디자이너,1
신비로,1
조목,1
태기산,1
알로하,1
연근,1
권유,1
파트라,1
급여,1
빠꾸,1
수술,1
사이렌,1
박상철,1
우형,1
백호,1
바나나보트,1
김철기,1
보약,1
조지,1
미르,1
괴로움,1
다비,1
거즈,1
장기로,1
단체장,1
덕동,1
로메,1
세차,1
짱아찌,1
보신각,1
숙주,1
안사람,1
함평 이씨,1
단련,1
서울고속도로,1
착오,1
먹구름,1
조끼,1
카페모카,1
시공간,1
경매장,1
비바람,1
템포,1
의표,1
그지,1
감초,1
도문,1
기악,1
아주머님,1
성장기,1
화이트보드,1
방류,1
물기,1
졸지,1
한복판,1
제주특별자치도,1
소형,1
빙판,1
매도인,1
층수,1
12세기,1
평가회,1
약효,1
사격,1
스토어,1
운전대,1
대상자,1
보답,1
도레미,1
양복,1
표백,1
이끼,1
하루아침,1
정액,1
개근,1
방향제,1
눈꼽,1
자충,1
저도,1
우치,1
대성전,1
부활,1
외각,1
영천,1
양모,1
테라로사,1
목표,1
나그네,1
개량종,1
설거지,1
훈제,1
필자,1
전만,1
처방,1
인어상,1
모란,1
반등,1
극찬,1
다이버,1
동탄,1
더더,1
뱃길,1
면도기,1
팔정도,1
김생,1
지칭,1
두려움,1
예년,1
메탈,1
장은,1
중기,1
나시,1
장작,1
콘테스트,1
주류,1
새색시,1
7월 30일,1
고스톱,1
감바스,1
찬거리,1
강변북로,1
동상,1
로하,1
초록색,1
다람쥐,1
회한,1
목도,1
레고,1
심기일전,1
왼편,1
명인,1
성화,1
분할,1
연보,1
공비,1
오만,1
호전,1
조선 숙종,1
웹캠,1
형광,1
테트라,1
호밀빵,1
그저께,1
관세음보살,1
자갈밭,1
파이프,1
양앙,1
서귀포시,1
모니,1
84,1
쥬스,1
스타트,1
고층,1
환기,1
선입견,1
잠옷,1
아미가,1
국방의 의무,1
일수,1
외할머니,1
과거,1
생활면,1
가성,1
치성,1
충동,1
발렌타인,1
시책,1
환경일보,1
매트릭스,1
말라,1
잎사귀,1
쿨러,1
에 산,1
천만다행,1
거짓말,1
가우디,1
권금성,1
밀물,1
보존회,1
단축,1
다이브,1
체리,1
중천,1
찰흙,1
활기,1
신중,1
여행기,1
천진난만,1
남양주시,1
페인,1
상부,1
조달,1
쌍화탕,1
3월 3일,1
승차,1
콘서트,1
나사,1
2016년 7월,1
치적,1
큰길가,1
리베,1
마음속,1
채집,1
함성,1
돌변,1
정시,1
소자,1
한집,1
양옆,1
농지,1
스타벅스,1
돌밭,1
밀라노,1
일탈,1
소소한 이야기,1
메주,1
이물질,1
와선,1
대한제국,1
감흥,1
장님,1
자책,1
족구,1
패스트푸드,1
환산,1
화목,1
키조개,1
순사,1
개뿔,1
촛불,1
명의,1
철원,1
원료,1
미와,1
대불,1
사양,1
끝장,1
서종면,1
네스,1
멘붕,1
임시,1
커버,1
평촌,1
성남,1
1월 21일,1
민원,1
대학,1
트랙,1
오거,1
빨래건조대,1
기념탑,1
살수,1
K2,1
산해경,1
아남,1
공인인증서,1
신청서,1
터키,1
첫차,1
부록,1
샘터,1
코스트코,1
알래스카,1
상전,1
뒷받침,1
해국,1
올봄,1
내츄럴,1
영험,1
신석기 시대,1
인스타그램,1
불문,1
성행,1
.to,1
아들딸,1
마천,1
검진,1
망고,1
오대산,1
리드,1
외곽,1
출토,1
홍기,1
패딩,1
브라운관,1
허정무,1
성의,1
계실,1
관동별곡,1
소프트 아이스크림,1
번호표,1
복권,1
피비,1
무릇,1
주행,1
제임스,1
지신밟기,1
벽돌,1
덤프,1
태연,1
음성,1
인위,1
윈도,1
김우빈,1
종합운동장,1
대풍,1
유치,1
해루,1
고마,1
직통,1
훌치기낚시,1
의향,1
고추냉이,1
전업,1
민중,1
찬인,1
기득,1
디아,1
뱃놀이,1
식빵,1
꺽지,1
인제군,1
남동구,1
선창,1
김영준,1
박만,1
이영자,1
과다,1
양태,1
한마음,1
진찬,1
아난,1
크루아상,1
제부,1
힘찬,1
왕실,1
면장갑,1
이미나,1
퇴짜,1
구포,1
풍경화,1
내세,1
신라도,1
S7,1
회음부,1
에드워드 권,1
마게,1
이조,1
프라이버시,1
위도,1
거북이,1
의정부,1
책갈피,1
지민,1
수과,1
집시,1
아름다운가게,1
솔거,1
동일,1
추카,1
개업,1
학구,1
나신,1
하얼빈,1
이보,1
환풍기,1
밤새,1
세진,1
달력,1
삼창,1
이투,1
우리말,1
두릅,1
반장,1
개가,1
건설공제조합,1
마마,1
신세계,1
음반 커버,1
부락,1
완비,1
공놀이,1
게시물,1
창공,1
추 강,1
귀퉁이,1
매수인,1
미보,1
종식,1
빨강머리 앤,1
입하,1
플라이,1
가야동,1
인간미,1
영상 편집,1
닉스,1
박아지,1
삽입,1
아몬드,1
지유,1
진다,1
동양,1
정숙,1
연주자,1
참례,1
풍경사진,1
이 현,1
청음,1
봉준호,1
요구르트,1
이순재,1
예약처,1
군소,1
온돌,1
지킴이,1
멀미,1
전라남도,1
간반,1
참기름,1
모카,1
약도,1
너에게,1
삼삼오오,1
심곡,1
일거,1
잡지,1
왕초,1
박은,1
교류,1
황상,1
솔트,1
귀차니즘,1
이글,1
내부인,1
폐단,1
들판,1
유예,1
대자,1
유턴,1
의장대,1
키썸,1
코기,1
액정,1
절약,1
꼽사리,1
적신호,1
면모,1
무단,1
가습기,1
칸칸,1
서요,1
탄산수,1
성과,1
기념비,1
토요,1
보스,1
하부,1
사우나,1
외적,1
관할,1
슬로건,1
뼈다귀,1
열자,1
주창,1
정밀,1
글라스,1
광복,1
의왕,1
평지,1
삼림,1
가을날,1
거미줄,1
리세,1
해당화,1
숙련,1
하원,1
차선책,1
초점거리,1
사색,1
초밥,1
자동,1
봉고,1
서경,1
강릉아산병원,1
최소한,1
오산리선사유적박물관,1
고장률,1
무게,1
졸업,1
원산,1
감포,1
올인원,1
고모,1
거주지,1
산타,1
커리,1
유도,1
공동구매,1
변한,1
전시실,1
중생,1
위패,1
국화,1
심각,1
공시지가,1
키워드,1
짐승,1
동지,1
소망,1
말썽,1
단가,1
봄여름,1
비아,1
주민등록,1
성실,1
세력,1
지수,1
하규,1
식비,1
하드웨어,1
오질,1
도난,1
연탄,1
세탁기,1
스쿠버,1
07,1
진짜진짜,1
라드,1
좋은 아침,1
특권,1
진강,1
사상자,1
복사,1
사마시,1
파라다이스,1
루가,1
현대판,1
규격,1
7월 28일,1
수공,1
커텐,1
흡연실,1
주최자,1
머릿속,1
심전,1
시그널,1
일요일 아침,1
선의,1
열대어,1
강림,1
극기 훈련,1
카를,1
친숙,1
뱅크,1
기암,1
백운택,1
폐교,1
미나리,1
계산대,1
산다,1
15,1
12월 15일,1
난관,1
알코,1
오오,1
미관,1
신석기,1
대보름,1
국회의원,1
본지,1
외면,1
6월 16일,1
제조,1
근거,1
요맘때,1
아침밥,1
러시안,1
썰물,1
유무,1
전함,1
경서,1
실장,1
감미,1
기철,1
파노라마 사진,1
별빛,1
부대시설,1
자비,1
별똥,1
이철우,1
정거장,1
살 시,1
뻥튀기,1
전인,1
시스템 6,1
피오,1
몰리,1
팻말,1
토지면,1
합정동,1
해외여행,1
홀린,1
정유,1
거물,1
12월 10일,1
가짜,1
검토,1
도량,1
월말,1
종착역,1
부르스,1
장재,1
구월동,1
약용,1
잠간,1
철새,1
사료,1
패널,1
메리트,1
모나,1
트레킹,1
에일리,1
실지,1
캥거루,1
뒷바라지,1
이모저모,1
습관,1
원주민,1
요로,1
양양 진전사지 도의선사탑,1
보이시,1
지자,1
통성명,1
니즈,1
외풀,1
한철,1
루피,1
하수도,1
오디,1
석사동,1
추신,1
암벽,1
위지,1
수산업,1
영서,1
사냥,1
국의,1
전제,1
엉덩이,1
돌입,1
내민,1
강촌,1
관람객,1
벵에돔,1
안타,1
오월,1
산토리,1
중앙교회,1
센티,1
태평양,1
그간,1
더 간,1
보라,1
두지,1
향교로,1
등의,1
참을 수 없는,1
갈대숲,1
변동,1
히노,1
대소변,1
돌진,1
영구,1
우승자,1
평택,1
목전,1
법적,1
숙지,1
뽐뿌,1
협의회,1
음악인,1
레일바이크,1
보고싶다,1
현대인,1
타도,1
대치,1
4월 5일,1
혼합,1
공납,1
겨드랑이,1
올케,1
비인,1
손사래,1
위판장,1
꽃샘추위,1
6월 2일,1
에프,1
찜질방,1
카라멜,1
우리동네,1
위장병,1
형형색색,1
회재,1
틈새라면,1
어물,1
고수부지,1
매치,1
조스,1
이종순,1
괴기,1
요량,1
보강,1
태고,1
황해,1
코스타리카,1
설경,1
산신각,1
잇점,1
숫가,1
램프,1
침체,1
출퇴근,1
냅킨,1
매도,1
취학,1
평판,1
나보이,1
먹성,1
싼값,1
금의환향,1
낙산사홍련암,1
화도,1
4월 3일,1
첫인상,1
올가을,1
에펠탑,1
조회,1
그레이,1
축적,1
젊은 남자,1
사단,1
물곰,1
횡포,1
100%,1
삼성물산,1
수암,1
산자락,1
여파,1
신세,1
동법,1
인허가,1
대여료,1
도소,1
급경사,1
칠리,1
방영,1
실물,1
뽑기,1
비타민,1
지표,1
숲속의집,1
마구마구,1
청량리,1
소나,1
춘자,1
반환,1
볼품,1
금호,1
성분,1
창리,1
대치리,1
낮술,1
원망,1
운동화,1
열광,1
천정,1
창시,1
양부,1
위용,1
꽃길,1
이은,1
탄원서,1
다사다난,1
연민,1
라이스,1
장성군,1
고종,1
타령,1
위반,1
갑자,1
불평,1
어미,1
들머리,1
바닷고기,1
박보검,1
입문서,1
직장,1
4월 6일,1
공존,1
획기적,1
공식,1
절정,1
감상문,1
음나무,1
쇼오,1
수학여행,1
일쑤,1
안주인,1
보고 또 보고,1
개척,1
셋톱박스,1
매화,1
기장,1
재래시장,1
임무,1
강스,1
단층,1
해무,1
바보,1
신용카드,1
샤브샤브,1
명단,1
승부,1
배낭여행자,1
통팥,1
정문,1
서방,1
하시나,1
하양,1
스페인어,1
영원,1
퇴출,1
구장,1
햇무리,1
관리과장,1
드링크,1
지대,1
장한,1
발동,1
물자체,1
보급,1
1+1,1
박양,1
소모,1
솔바람,1
울릉군,1
이스트,1
안회,1
화력,1
붉은 웃음,1
출판,1
레일,1
기겁,1
꽃게,1
소종,1
홍이,1
천둥소리,1
입자,1
부장,1
갈마,1
블라우스,1
풍동,1
헌팅,1
매경,1
안성,1
증진,1
파파,1
업계,1
비율,1
영장,1
마미,1
무드,1
서랍,1
열반,1
항목,1
쓰임새,1
해보면,1
두덩이,1
광명,1
오독,1
거도,1
4월 1일,1
3월 9일,1
청렴,1
프레첼,1
봉포항,1
청년회,1
남모,1
선장,1
건축주,1
전대,1
쿠폰,1
사거리,1
준비운동,1
통신망,1
늦기 전에,1
12월 28일,1
무한대,1
복부비만,1
경각심,1
클래식,1
고양시,1
조명등,1
오늘날,1
찐빵,1
근대,1
직진,1
설립,1
고간,1
혁신,1
꼭대기,1
정형,1
반발,1
윈윈,1
CC,1
장호,1
소재지,1
상서,1
손색,1
참숯,1
토도,1
위조,1
네네,1
창건자,1
번성,1
씨름,1
표선면,1
실상,1
스크랩,1
안온,1
세수,1
