word,counted
조대,551
바다,428
여행,325
해수욕장,282
현북면,257
해변,222
등대,206
동해,206
파도,177
광정리,175
날씨,170
전망대,166
풍경,163
여름,160
소나무,157
바람,156
정자,154
모습,151
하륜,149
구경,146
느낌,146
속초,144
바위,138
근처,138
카페,137
보니,134
일출,125
조준,124
계단,124
가족,124
마음,123
지도,119
이름,119
기분,119
하늘,119
주변,118
자리,118
비치,118
처음,118
입구,117
추천,115
보기,115
바닷가,115
스카이,108
아래,104
거리,103
주차장,103
출발,101
경치,101
전화,101
아이들,100
워크,100
주차,99
서핑,99
숙소,98
커피,96
절경,93
사실,93
이용,92
준비,92
장소,90
겨울,90
여유,88
이동,88
분위기,87
강릉,87
맛집,86
한곳,85
스팅,84
모래,84
나무,83
사이,82
이야기,81
코스,81
친구,80
해안,79
자연,79
마지막,79
검색,79
요즘,78
이랑,78
제가,77
방문,76
기억,76
절벽,76
예약,75
점심,74
물놀이,73
소리,72
동해안,72
.com,71
그런지,71
관광,70
동안,70
지금,70
조선,69
공간,69
산책,67
휴가,67
아이,67
지역,67
서울,66
가격,66
추억,65
기암절벽,65
대전,65
그림,65
명소,64
참고,64
감상,64
모래사장,64
사랑,63
조금,63
애국가,63
최고,62
푸른,62
계획,62
보호,62
망대,62
무인,61
힐링,61
행복,61
시설,60
구름,60
테이블,60
촬영,59
고기,59
한참,59
캠핑,59
원래,58
하루,58
음식,58
낙산사,58
완전,57
가지,57
제일,57
기대,56
얼마,55
엄마,55
중간,55
한잔,55
안내,55
혼자,54
식사,54
개인,53
기암괴석,53
화장실,53
여행지,53
휴게,53
맥주,53
주말,52
관심,52
오후,52
내부,52
바닷물,52
지정,52
바닥,52
예전,51
식당,50
양하,50
새벽,50
공신,50
만큼,50
필요,49
나름,49
놀이,49
고려,49
배경,49
무료,49
백사장,49
아빠,48
오른쪽,48
다음날,47
만족,47
막국수,47
만원,47
차로,46
오랜만,45
운영,45
이유,45
고속도로,45
얼굴,44
고민,44
돌고래,44
선택,44
저장,44
안녕하세요,44
설치,44
관광객,43
샤워,43
노송,43
다리,43
출입,43
사장,43
머리,42
왼쪽,42
수영,42
해수욕,42
은거,41
추가,41
후기,41
가슴,40
소개,40
순간,40
아들,40
한눈,40
이제,40
죽도,40
마무리,40
덕분,40
설악산,40
폴더,40
파란,39
인근,39
건물,39
개국,39
강원,39
명칭,39
입장료,39
가도,38
이건,38
손님,38
오전,38
사용,38
수심,37
방향,37
인지,37
조선의 개국공신,37
주문진,37
관광지,37
10분,37
가을,37
의자,36
바닷바람,36
좋아서,36
나중,36
공기,36
아쉬움,36
일정,36
친절,36
기본,35
모양,35
평일,35
성수기,35
여름휴가,35
걱정,35
고고,35
전망,34
도로,34
방파제,34
규모,34
명승,34
길이,34
우리나라,34
국내,34
음료,34
이후,33
육각,33
상태,33
볼거리,33
호텔,33
버스,33
부족,33
침대,32
관리,32
휴식,32
곳곳,32
안전,32
종류,32
처녀,32
등대도,31
인증,31
남편,31
패스,31
총각,31
블로그,31
위험,31
유리,31
야외,31
불편,31
오징어,31
계곡,30
양양가,30
그때,30
카메라,30
투명,30
금지,30
요기,30
안보,30
시장,30
편안,30
세상,30
반찬,30
횟집,30
설명,30
감사,30
부분,30
편의점,30
장관,29
포기,29
포토,29
재미,29
낭만,29
대부분,29
실내,29
군사,29
라면,29
영상,29
건강,29
숙박,29
자체,29
해먹,29
발견,29
물고기,29
마리,28
정리,28
등장,28
경관,28
튜브,28
결정,28
마을,28
곳도,28
송이,28
대로,28
전날,28
피자,28
하면,28
보드,27
작년,27
전체,27
감탄,27
풍광,27
확인,27
등등,27
운치,27
의미,27
암석해안,27
송림,27
리조트,26
수령,26
파라솔,26
자랑,26
명승지,26
시대,26
커플,26
기록,26
조식,26
그릇,26
한국,26
포장,26
당일치기,26
주위,26
어른,26
타임,26
햇살,26
바라,26
이국,26
가게,26
우측,26
전설,26
유래,26
판매,25
경사,25
캠핑장,25
기전,25
인테리어,25
필수,25
얘기,25
대표,25
테라스,25
체험,25
집안,25
안길,25
오픈,25
조명,25
바위섬,25
옛날,25
인생,25
김치,24
대도,24
냉장고,24
동영상,24
장이,24
1박 2일,24
피곤,24
경우,24
매력,24
남쪽,24
입맛,24
태풍,24
단위,24
이다,24
여자,24
비교,24
부부,24
수평선,24
기회,24
목적지,23
운전,23
건지,23
신랑,23
오빠,23
서서,23
안내소,23
인기,23
여기저기,23
호로,23
일상,23
가운데,23
낙산,23
하기,23
구이,23
입장,22
북적,22
걷기,22
한쪽,22
포인트,22
해서,22
예정,22
오색,22
예상,22
건립,22
평화,22
강습,22
양이,22
맞은편,22
주소,22
정상,22
와서,22
체력,22
어제,22
직원,22
산책로,22
냄새,22
크기,22
예술,22
대신,22
이서,22
발길,21
정보,21
국물,21
카라,21
에어컨,21
평소,21
파티,21
한장,21
첫날,21
남애항,21
공사,21
안쪽,21
드라이브,21
현판,21
마련,21
생선,21
조심,21
천원,21
기상,21
매운탕,21
그늘,21
말씀,21
노래,21
주방,21
거실,21
성공,21
난리,21
조개,21
운동,20
양념,20
외국,20
터미널,20
진짜,20
수로,20
-2,20
조선 숙종,20
동반,20
내년,20
동네,20
국도,20
남자,20
네이버,20
낚시,20
서울로,20
자유,20
스타,20
선물,20
갈매기,20
체크아웃,20
인해,20
홈페이지,20
명물,20
구역,20
태양,20
가자,20
반대편,19
가까이,19
고성,19
.kr,19
바로,19
치킨,19
의상대,19
언니,19
애국,19
아저씨,19
신비,19
부담,19
텐트,19
아메리카노,19
정이,19
센터,19
사서,19
한번,19
기암,19
가시,19
조성,19
세근이,19
삼겹살,19
세월,19
감성,19
개장,19
일차,19
전경,18
기간,18
대박,18
수영장,18
일반,18
부산,18
스파,18
외관,18
7월,18
제공,18
기념,18
군데,18
해돋이,18
표현,18
연휴,18
10월,18
음악,18
지로,18
가보,18
동생,18
수준,18
군부대,18
새우,18
체크인,18
우리집,18
참판,18
정신,18
색깔,18
부모,18
수건,18
전용,18
하계,18
만두,18
간식,18
꿀맛,17
피서객,17
구입,17
북쪽,17
너머,17
휴가철,17
장난,17
남은,17
둘레길,17
분이,17
안녕,17
도전,17
6월,17
개월,17
내일,17
언덕,17
아기,17
문화재,17
그중,17
감자,17
대기,17
문제,17
드라마,17
글자,17
신경,17
고생,17
일몰,17
장면,17
튀김,17
바다색,17
단체,17
유지,17
수육,17
온수,17
뒤쪽,17
강아지,17
신나,17
구매,17
토요일,17
에메랄드,17
나이,17
-1,17
다행,17
와도,17
복원,17
동계,16
조선 정종,16
인상,16
선사,16
전국,16
소요,16
쇼파,16
오기,16
주의,16
오니,16
연결,16
아니,16
하나로,16
수영복,16
시가,16
조각,16
요금,16
편리,16
한여름,16
기도,16
삼척,16
기가,16
조망,16
새해,16
개방,16
돌출,16
창문,16
앞쪽,16
춘천,16
반복,16
진행,16
완벽,16
진 하,16
메밀,16
후회,16
개통,16
피비,16
국가,16
이때,16
식구,16
벤치,16
할머니,16
가야,15
매콤,15
마트,15
8월,15
인가,15
할인,15
도시,15
메밀전,15
가능,15
표정,15
제트,15
중앙시장,15
그날,15
주인,15
스트레스,15
일품,15
지난번,15
무렵,15
그동안,15
역사,15
발걸음,15
어둠,15
기사,15
지인,15
위해,15
단풍,15
연출,15
대가,15
불빛,15
구비,15
계절,15
환상,15
음식점,15
이벤트,15
그릴,15
아무것,15
해주시,15
만끽,15
낙산해수욕장,15
축제,15
한번쯤,15
좌측,15
에선,14
가면,14
돌아오는 길,14
금요일,14
나니,14
막걸리,14
이웃,14
키즈,14
전자레인지,14
비용,14
연인,14
지만,14
센스,14
약간,14
국적,14
싱글,14
차량,14
시절,14
암석,14
위위,14
행사,14
장점,14
대여,14
구조,14
천국,14
이예,14
감동,14
와중,14
온도,14
코로나,14
카를,14
접시,14
.co,14
탐방,14
월요일,14
먹거리,14
분도,14
시기,14
만해,14
완성,14
인터넷,14
인제,14
최초,14
부탁,14
안나,13
경계,13
아이와,13
4월,13
이틀,13
하얀색,13
장비,13
더위,13
택시,13
포즈,13
하나,13
해수,13
실망,13
일대,13
만년,13
물이,13
잠깐,13
육수,13
무리,13
꼭대기,13
헬로,13
당시,13
가요,13
기온,13
며칠,13
녀석,13
방법,13
소식,13
기운,13
모두,13
시즌,13
자신,13
재료,13
거지,13
아래쪽,13
건너편,13
일요일,13
구름다리,13
요리,13
팔경,13
소스,13
여행가,13
아이스,13
차이,13
군인,13
식기,13
안내판,13
장엄,13
불어,13
야채,13
별도,13
환경,13
길목,13
사항,13
정상부,13
사고,13
티라미수,13
전골,13
닭강정,13
결혼,13
지점,13
탁트인,13
부근,13
저번,13
만석,13
대관령,13
문신,13
설악,13
도구,13
수도,13
가에,13
한방,13
갈비,13
제한,12
승지,12
뒷편,12
소원,12
생명력,12
대만,12
에코,12
좋은 날,12
기약,12
바깥,12
양도,12
남대천,12
투어,12
해송,12
시선,12
조화,12
사찰,12
콘도,12
버거,12
요건,12
대청봉,12
입수,12
니다,12
바퀴,12
침구,12
수제,12
비도,12
중인,12
신발,12
간판,12
칼국수,12
마당,12
불안,12
다다,12
햇빛,12
어린이,12
대한민국,12
지붕,12
비오,12
상상,12
샴푸,12
고양이,12
현지,12
한편,12
수록,12
하늘과 바다,12
기사문항,12
침실,12
전기,12
양서,12
도보,12
온몸,12
아무도,12
욕실,12
보트,12
노을,12
그루,12
사이즈,12
식초,12
수산,12
산수,12
실패,12
터널,12
포함,12
동남아,12
피스,12
테이크아웃,12
듯이,12
이곳저곳,12
구간,12
조형물,12
작전,12
하임,12
신이,12
서비스,12
시반,12
이것저것,11
대게,11
요원,11
안고,11
폭풍,11
야영장,11
전통,11
리뷰,11
진입,11
도움,11
핸드폰,11
계속,11
관람,11
객실,11
해결,11
제주도,11
보고 싶다,11
해체,11
피서지,11
광어,11
동상,11
평상,11
성인,11
철조망,11
버터,11
중앙,11
하룻밤,11
영화,11
가보세,11
앞으로,11
고개,11
피해,11
신고,11
표지판,11
민박,11
비수,11
벼슬,11
미터,11
애견,11
스타일,11
발자국,11
순대,11
편의,11
고운,11
안개,11
미소,11
태조 왕건,11
본인,11
자연경관,11
여분,11
방송,11
정식,11
해당,11
기존,11
블루,11
시골,11
2시,11
피서,11
스노,10
색감,10
화면,10
서면,10
비경,10
자동차,10
이도,10
유명,10
주차공간,10
당일,10
인사,10
안주,10
11월,10
추위,10
욕조,10
밑반찬,10
버섯,10
보일,10
약수,10
강현면,10
지난주,10
그네,10
영업,10
짜증,10
남해,10
겨자,10
비쥬,10
물속,10
흔적,10
마늘,10
여정,10
인당,10
아파트,10
영업시간,10
로비,10
지방,10
가드,10
자연휴양림,10
산이,10
물결,10
커서,10
바닷,10
인원,10
200년,10
중심,10
욕심,10
클럽,10
최대,10
변경,10
피로,10
냉면,10
각종,10
대포항,10
훼손,10
금액,10
점심시간,10
나머지,10
돼지,10
간다,10
옥수수,10
게임,10
관음,10
메인,10
시간대,10
우유,10
먹방,10
중순,10
오시,10
치즈,10
목적,10
초입,10
어머님,10
고요,10
비바람,10
통제,10
걸음,10
와이프,10
청유,10
예뻐서,10
접근,10
과일,10
불가,10
의지,10
드라이,10
정비,10
완료,10
오신,10
타이밍,10
통과,10
반대쪽,10
대비,10
한그루,10
방기,10
스키,10
형태,10
글씨,10
다시,10
사온,10
하트,10
인분,10
오른편,10
슬리퍼,10
휴양,9
3분,9
오르막,9
문화,9
하니,9
맞이,9
장도,9
시내,9
제격,9
경인,9
한입,9
홍합,9
인구,9
기념사진,9
마찬가지,9
경포대,9
노력,9
햇볕,9
컨디션,9
이용한,9
쓰레기,9
1955년,9
우주선,9
착각,9
평창,9
파괴,9
망망대해,9
원도,9
현남면,9
현실,9
조합,9
상황,9
인파,9
샤워실,9
와우,9
전자,9
-3,9
휴양지,9
목살,9
명품,9
진한,9
특유,9
왼편,9
극성,9
소라,9
금정,9
조리,9
외부,9
코치,9
해주,9
하우스,9
펜스,9
동시,9
제외,9
스릴,9
밥솥,9
세트,9
내용,9
모래밭,9
라운지,9
사우나,9
진리,9
아아,9
대서,9
갈수,9
숯불,9
마무,9
단점,9
속초시,9
사이트,9
생활,9
창가,9
화요일,9
모금,9
간직,9
5월,9
주인장,9
군가,9
장거리,9
사유지,9
번지,9
여행기,9
감안,9
성비,9
워터,9
삼매,9
쌈장,9
길가,9
베이,9
수고,9
심신,9
용품,9
그림자,9
갯바위,9
신기,9
흡입,9
어르신,9
구석구석,9
뒷모습,9
지식,9
올여름,9
기원,9
잡기,9
지라,9
빠이,8
감기,8
탄성,8
폭염,8
금강산,8
주시,8
손가락,8
날짜,8
에일,8
사방,8
비밀,8
속도,8
무지,8
자락,8
마음속,8
빗방울,8
즈음,8
양식,8
설탕,8
현장,8
열정,8
생명,8
인줄,8
창밖,8
따위,8
반려,8
광경,8
생태,8
추석,8
자전거,8
한자,8
별거,8
미국,8
서해,8
반대,8
셔터,8
뿌리,8
적응,8
실수,8
영동고속도로,8
대왕,8
온천,8
한계령,8
낮잠,8
구성,8
셀프,8
음료수,8
미끄럼틀,8
양양읍,8
발도,8
영향,8
박물관,8
자세,8
웃음,8
이즈,8
작품,8
물색,8
취소,8
해당화,8
오랫만,8
취향,8
갈래,8
이모,8
부지런,8
인스타그램,8
물건,8
식탁,8
젓가락,8
보람,8
자료,8
방도,8
부스,8
공항,8
미니,8
링크,8
반팔,8
모듬,8
소망,8
이정표,8
와인,8
작정,8
연락,8
해산물,8
바지,8
한동안,8
연산,8
해외,8
직전,8
삼각대,8
휴일,8
구조물,8
일행,8
코리아,8
홍보,8
물보라,8
왕건,8
손양면,8
변신,8
소가,8
출처,8
더더,8
가량,8
종일,8
싱크대,8
본적,8
커피숍,8
보통,8
위로,8
렌즈,8
돗자리,8
일본,8
세팅,8
관계,8
외국인,8
양쪽,8
피어,8
공동,8
크림,8
우럭,8
약속,8
배달,8
소품,8
망고,8
해조,8
암벽,8
전부,8
동호,8
다라,8
매트,8
지불,8
이자,8
봄이,8
딴사람,8
어린아이,8
여름철,8
전세,8
종합,8
배치,8
마다,8
카누,8
컨셉,8
소주,7
순식간,7
식후경,7
단독,7
시야,7
계란,7
우체통,7
육지,7
수요일,7
아이스크림,7
브랜드,7
위쪽,7
눈앞,7
큰일,7
지기,7
일부,7
재건,7
해녀,7
투자,7
솔방,7
어촌계,7
지하,7
모텔,7
돌고,7
무트,7
레저,7
전시,7
산길,7
레이스,7
건너,7
가니,7
왕복,7
성지,7
접근성,7
필터,7
청정,7
도가,7
철문,7
세번,7
방해,7
사진작가,7
브이,7
초기,7
빛깔,7
게스트하우스,7
참여,7
보고싶다,7
국유지,7
이용료,7
심장,7
미시령,7
무한,7
우산,7
기로,7
시점,7
모닝,7
한우,7
고속,7
바보,7
주전부리,7
포트,7
해도,7
고향,7
진심,7
오오,7
3월,7
청결,7
빈자리,7
색상,7
스토리,7
연상,7
문자,7
가족사진,7
보소,7
청소,7
해파랑길,7
정은,7
묘미,7
이정,7
대화,7
공부,7
연습,7
패밀리,7
신분,7
최대한,7
서울양양고속도로,7
하와이,7
할거,7
소고기,7
여행객,7
파랑,7
절대,7
형님,7
포켓몬,7
기능,7
된장,7
찬바람,7
설정,7
비빔밥,7
방생,7
사이에서,7
글귀,7
고추,7
솔밭,7
미세먼지,7
가스,7
가로,7
깊이,7
마시기,7
상도,7
리라,7
목장,7
고래,7
이면,7
절기,7
수치,7
커튼,7
철수,7
레스토랑,7
벌레,7
햄버거,7
하하,7
보지,7
여러분,7
구석,7
탈의실,7
점프,7
단양,7
양소,7
가가,7
12월 9일,7
발리,7
흥분,7
등산,7
밥집,7
연어,7
백김치,7
경중,7
병원,7
마시,7
샐러드,7
마감,7
프라이,7
천장,7
해지,7
생일,7
제주,7
이불,7
실화,7
경험,7
좌석,7
매장,7
짬뽕,7
분리,7
하모니,7
과자,7
일주일,7
치약,7
팔각,7
초소,7
칭찬,7
효과,7
종이컵,7
야영,7
목이,7
오대산,7
옥상,7
열무김치,7
이전,7
더블,7
간장,7
이집,7
마눌,6
사전,6
다짐,6
진동,6
불고기,6
요미,6
향기,6
카페인,6
지구,6
즐거움,6
볶음밥,6
애정,6
수기,6
카드,6
감탄사,6
나가,6
클릭,6
배려,6
주제,6
페이지,6
헌장,6
3년,6
사업,6
사리,6
화강암,6
대구,6
신청,6
동해대로,6
연애,6
종이,6
라인,6
사계절,6
진입로,6
안목,6
전과,6
칵테일,6
조절,6
장과,6
시경,6
박은,6
리어,6
유료,6
파크,6
반은,6
한대,6
항구,6
지오,6
해외여행,6
고소,6
시각,6
안내문,6
호박,6
초록,6
연속,6
한재,6
오래전,6
칫솔,6
IC,6
조기,6
대상,6
토스트,6
채소,6
정면,6
물가,6
스노클링,6
양은,6
예감,6
골든,6
소소한 이야기,6
눈물,6
오리,6
은빛,6
해물,6
기대감,6
동행,6
회사,6
친정,6
개별,6
쇼핑,6
특성,6
회원,6
바다낚시,6
행운,6
소문,6
9월,6
운동화,6
먹이,6
슈퍼,6
앞바다,6
하산,6
해풍,6
취침,6
동산,6
슬라이드,6
남녀노소,6
결과,6
땡볕,6
차례,6
출장,6
냄비,6
이란,6
못가,6
샌드위치,6
시리얼,6
인연,6
나들이,6
귀여워,6
뒤편,6
내외,6
문의,6
이스,6
정작,6
실제,6
선셋,6
시도,6
태조,6
사이사이,6
허가,6
인접,6
1.5,6
소파,6
인물,6
시카고피자,6
노출,6
냉동,6
자태,6
이기,6
정원,6
국수,6
형성,6
방문객,6
시설물,6
물치항,6
해방,6
둥둥,6
높이,6
목표,6
아내,6
기반,6
거울,6
정말,6
막내,6
장난감,6
한국전쟁,6
세계,6
다음번,6
입시,6
이거,6
교육,6
플레이,6
소금,6
비주얼,6
기라,6
부엌,6
원피스,6
베이커리,6
한마디,6
아가,6
인심,6
후에,6
대형,6
휴대폰,6
송지호,6
지명,6
계산,6
모닝커피,6
한창,6
비누,6
우수,6
보쌈,6
좌우,6
입장권,6
판단,6
베스트,6
어깨,6
색도,6
가방,6
고장,6
시외버스,6
당황,6
실력,6
해안선,6
수산항,6
피스 강,6
야경,6
방학,6
년대,6
20,5
시댁,5
옆집,5
막바지,5
호가,5
화덕,5
단어,5
배정,5
수업,5
노래방,5
감정,5
강릉시,5
명당,5
정감,5
특색,5
해진,5
족발,5
영도,5
장사,5
방영,5
정기,5
예뻐,5
공감,5
소화,5
매운맛,5
정동진,5
형상,5
불상,5
메밀국수,5
청초,5
담수,5
댓글,5
아쿠아,5
역광,5
아부지,5
복귀,5
난간,5
화재,5
데이트,5
아버지,5
이래,5
래미,5
흰색,5
케이블카,5
반납,5
지혜,5
여행길,5
장소라,5
전면,5
하하하,5
정성,5
낙서,5
달래,5
인용,5
장시간,5
폭포,5
초보,5
근방,5
동서울,5
마켓,5
호기심,5
양지역,5
운행,5
이미지,5
아이폰,5
핫도그,5
홍게,5
평온,5
치맥,5
깻잎,5
오천,5
일반인,5
프로그램,5
행동,5
숲길,5
반반,5
머그잔,5
한가운데,5
고급,5
안심,5
이해,5
회랑,5
내음,5
하네,5
문어,5
오이,5
감각,5
1년,5
짙은,5
여행자,5
업체,5
실외,5
탈출,5
방식,5
여명,5
나라,5
공포증,5
유혹,5
습도,5
비계,5
경고,5
전율,5
휴대,5
장의,5
만남,5
코앞,5
아버님,5
관광버스,5
브런치,5
스티커,5
해질녘,5
별개,5
쥐라기,5
차라,5
옆쪽,5
푯말,5
잘못,5
시스템,5
호강,5
컨테이너,5
백반,5
퇴근,5
페스티벌,5
야식,5
늦잠,5
결론,5
울산,5
블로거,5
기계,5
상징,5
선생,5
무언,5
석양,5
수도권,5
직진,5
잠시,5
리에,5
공원,5
핵심,5
주민,5
인공,5
20대,5
대체,5
소도,5
한낮,5
엘리베이터,5
스토어,5
당첨,5
전화번호,5
포크,5
군락,5
번호,5
비가,5
린스,5
하늘색,5
아줌마,5
-4,5
느린우체통,5
모자,5
아주머니,5
더 가까이,5
방안,5
바구니,5
활동,5
강남,5
탈수,5
단장,5
돌진,5
돼지갈비,5
남자친구,5
마주,5
기절,5
이쯤,5
일명,5
가정,5
픽업,5
지칭,5
무더위,5
소재,5
꽁치,5
딸아이,5
큰아들,5
회덮밥,5
도리,5
연인들,5
식수,5
무단,5
가나,5
방수,5
조미료,5
신기하,5
공유,5
선정,5
아이템,5
매점,5
동동,5
엄지,5
벚꽃,5
고요한,5
에너지,5
자란,5
목욕,5
밤새,5
국민,5
기쁨,5
유행,5
결제,5
디자인,5
모기,5
아바이마을,5
단골,5
물빛,5
분자,5
정취,5
정류장,5
건축물,5
이마트,5
완공,5
지대,5
전병,5
조카,5
잡지,5
모드,5
개념,5
팡팡,5
오메가,5
이동하,5
각광,5
단골집,5
발자취,5
삼촌,5
워터파크,5
서로,5
임산부,5
방전,5
구명조끼,5
등록,5
초코,5
애기,5
마루,5
오지,5
제품,5
표시,5
아바이,5
어선,5
존재,5
근무,5
폭죽,5
짜장면,5
중생대,5
팻말,5
지형,5
아주,5
액자,5
야간,5
스님,5
허허,5
연기,5
지질,5
마니,5
위주,5
전시관,5
된장찌개,5
공용,5
홀로,5
보물,5
청량감,5
에이드,5
간만,5
요청,5
보관,5
블루베리,5
의도,5
가실,5
체크,5
최북,5
그니,5
키로,5
수다,5
관직,5
철이,5
일기예보,5
한국관광공사,4
선배,4
이방,4
가오,4
산림,4
기호,4
동명,4
시크,4
상관,4
손질,4
.me,4
강정,4
보수,4
지속,4
신년,4
활용,4
공짜,4
우체국,4
코코넛,4
이론,4
거북,4
해운대,4
목재,4
설거지,4
비린내,4
레몬,4
주의보,4
동물,4
까닭,4
성수,4
미역,4
근접,4
밀리,4
피부,4
글램,4
희망,4
현수막,4
사가,4
도면,4
맞춤,4
타코,4
허기,4
순이,4
오랫동안,4
측면,4
전라도,4
머구리,4
방면,4
눈치,4
해삼,4
일기,4
역할,4
최상,4
절정,4
윤기,4
시전,4
부자,4
핑크,4
리필,4
오자,4
비행기,4
정돈,4
광진,4
은둔,4
주전자,4
무침,4
싸움,4
틈새,4
아시,4
웃음소리,4
태백산맥,4
어메니티,4
허니,4
대교,4
책임,4
유적,4
돌이,4
특산물,4
긴팔,4
하천,4
구어,4
노랑,4
생수,4
하진,4
타입,4
파주,4
대정,4
전문점,4
마이,4
대리,4
안남,4
착용,4
구도,4
후라이,4
스포츠,4
고객,4
도깨비,4
박스,4
디저트,4
환영,4
히터,4
즉흥,4
심미,4
허리,4
너비,4
부처,4
채취,4
갈비탕,4
각도,4
횟감,4
애완동물,4
소실,4
위락,4
한가지,4
자극,4
도로변,4
인정,4
양치,4
일요일 아침,4
해리,4
상가,4
경포,4
도중,4
시원,4
토지,4
매표소,4
육도,4
천정,4
마구마구,4
열무,4
봄날,4
동전,4
자작나무,4
기름,4
다만,4
스페인,4
한산,4
트레킹,4
쿠폰,4
작가,4
고등학교,4
패션,4
노트북,4
공연,4
한군데,4
정류소,4
채운,4
유리잔,4
한통,4
공영,4
추락,4
분만,4
파노라마,4
이나,4
팔로잉,4
전해,4
영혼,4
불교,4
10년,4
심취,4
선글라스,4
메이,4
하구,4
어머니,4
평생,4
가와,4
맨손,4
창건,4
결국,4
타이머,4
알콜,4
미스,4
부추,4
우당,4
캐리어,4
풀이,4
관이,4
해양,4
바가지,4
6월 1일,4
돌계단,4
신라,4
통차,4
공터,4
바나나보트,4
황태,4
대문,4
골목,4
거품,4
큰딸,4
이왕,4
고적,4
연꽃,4
피크,4
시부모,4
말랑,4
토마토,4
해발,4
7월 12일,4
철책,4
외출,4
고구마,4
압도,4
가평,4
승용차,4
정과,4
2년,4
지척,4
태종대,4
치유,4
바비큐,4
장날,4
양파,4
렌트,4
경유,4
고가,4
기구,4
강사,4
푸드,4
다이빙,4
참조,4
천막,4
게도,4
루프,4
시공,4
중광,4
용해도,4
광고,4
장인,4
신축,4
밸리,4
에머랄드,4
리얼,4
지경,4
엽서,4
모카,4
올림픽,4
요소,4
집으로,4
활어,4
멤버,4
아이스박스,4
언가,4
어려움,4
벽면,4
적하기,4
기타,4
성전,4
일출로,4
감흥,4
젊은이들,4
조개껍데기,4
가입,4
2009년 12월,4
여지도서,4
시카고,4
우려,4
스케쥴,4
조림,4
초등,4
타워,4
게이,4
공주,4
지원,4
사과,4
수트,4
꼬마,4
여운,4
암자,4
스테이,4
취미,4
생각해보면,4
씨앗,4
도달,4
전원,4
일회,4
학생,4
열매,4
소세지,4
양수,4
피아노,4
교통,4
석탑,4
파란색,4
유리창,4
한밤,4
노선,4
아드님,4
갈마,4
하이라이트,4
라나,4
지리,4
이사,4
전복,4
초딩,4
폭우,4
다운,4
수박,4
찬스,4
식빵,4
일시,4
캐릭터,4
일자,4
당장,4
낙산도립공원,4
해달,4
스프,4
서쪽,4
백과,4
마차,4
청양고추,4
오션,4
단축,4
아파서,4
뷰로,4
온건,4
실감,4
베드,4
예보,4
말년,4
방울,4
기술,4
자매,4
담당,4
근래,4
확보,4
단맛,4
위안,4
레이,4
본능,4
침낭,4
카운터,4
잠자리,4
조정,4
인간,4
시트,4
물품,4
선녀탕,4
투정,4
통로,4
가슴속,4
17,4
떡볶이,4
화질,4
하자,4
비행접시,4
고추장,4
데이,4
나기,4
초과,4
연말,4
스스로,4
일렬,4
사지,4
친정엄마,4
반점,4
용기,4
프리,4
제안,4
개발,4
상품,4
아보카도,4
케익,4
발아래,4
미천,4
찰떡,4
개수대,4
입안,4
달리기,4
동이,4
보충,4
공장,4
농협,4
딸기,4
도용,4
설레임,4
신설,4
문구,4
정암,4
쉼터,4
원두,4
코카콜라,4
황어,4
수상,4
궁합,4
거북이,4
소인,4
컬러,4
남매,4
젊음,4
실물,4
둘레,4
유아,4
기와,4
외식,4
통유리,4
게시물,4
문화해설사,4
보세,4
한때,4
놀이터,4
1월 1일,4
육모,4
케이크,4
수차례,4
킬로,4
만세,4
태공,4
돼지고기,4
인적,4
이용객,3
시판,3
유명한,3
분간,3
부제,3
유의,3
스페셜,3
다인,3
우등,3
용도,3
환경오염,3
민물,3
대위,3
어느날,3
무릎,3
한자리,3
인어,3
단지,3
콜라,3
해장,3
라이트,3
회로,3
부리,3
상승,3
파도타기,3
남부,3
청어,3
작성,3
명명,3
커텐,3
콜택시,3
인제군,3
한파,3
생애,3
저도,3
보도자료,3
불꽃놀이,3
푸드코트,3
시식,3
서해안,3
탁자,3
여럿,3
매일,3
1872년,3
상기,3
밤하늘,3
사인,3
오일,3
아웃,3
발가락,3
전등,3
장만,3
북부,3
유적지,3
애초,3
모델링,3
풍미,3
백숙,3
사연,3
초보자,3
수저,3
문리,3
증말,3
주자,3
관리도,3
병통,3
치카라,3
최장,3
자연환경,3
11월 13일,3
광정,3
기력,3
스무디,3
라임,3
재촉,3
살수,3
종점,3
스테이크,3
때려,3
바람결,3
사이드,3
코크,3
냇가,3
범바우,3
들꽃,3
눈길,3
해피,3
스팟,3
갈림길,3
원주,3
빗소리,3
새끼,3
순찰,3
비룡,3
부지,3
체리,3
출시,3
묘사,3
에 산,3
숨쉬기,3
표본,3
의향,3
경포호,3
구분,3
해소,3
체계,3
어깨동무,3
학원,3
입지,3
파워,3
좁은길,3
남짓,3
도하,3
뚜껑,3
자격,3
사투리,3
인천,3
컴백,3
풍치,3
회한,3
센타,3
아크릴,3
나나,3
해식애,3
우회,3
방어,3
화로,3
환기,3
최소,3
매트리스,3
2월,3
요새,3
즉석,3
두말,3
전쟁,3
조차,3
누각,3
비명,3
후퇴,3
패딩,3
바알,3
지상,3
프라이버시,3
발전,3
동해물과 백두산이,3
철거,3
입산,3
파마,3
청소년,3
의상,3
동호해수욕장,3
메추리,3
곤충,3
동자,3
먹구름,3
흥미,3
소음,3
여성,3
메밀꽃,3
캠프,3
반도,3
대명,3
없어,3
으뜸,3
플로,3
주유소,3
기업,3
빨강,3
범종,3
만찬,3
중략,3
바위산,3
후식,3
손목,3
보시,3
중국,3
연령,3
오리지널,3
두근두근,3
세로,3
숭어,3
뱃속,3
야자수,3
물반,3
30대,3
가봉,3
우정,3
학교,3
리아,3
이하,3
황금,3
차고,3
종주,3
형식,3
궁금,3
한라산,3
귀농,3
가족 사진,3
축하,3
소유,3
국립공원,3
발바닥,3
낯선,3
휴양림,3
사위,3
바캉스,3
건조,3
양해,3
장식,3
도우,3
난방,3
마니아,3
공휴일,3
운전자,3
지나,3
라가,3
별칭,3
산하,3
직업,3
가이드,3
선풍기,3
담소,3
상추,3
플라워,3
해물탕,3
분안,3
벌금,3
보고,3
오륙도,3
세면도구,3
사랑이야,3
부페,3
지이,3
하나에,3
코로,3
한화,3
사기,3
진상,3
결심,3
바지락,3
온기,3
귀환,3
카약,3
과정,3
수학여행,3
껍질,3
최종,3
영문,3
소양호,3
탄생,3
기념일,3
카리,3
수요미식회,3
시럽,3
로망,3
타월,3
아침햇살,3
생기,3
만나,3
컵라면,3
방바닥,3
스티,3
스킨스쿠버,3
그린,3
압권,3
정해진,3
쇼핑몰,3
극복,3
안방,3
나들,3
육개장,3
생방송 오늘,3
본당,3
강화,3
심플,3
동쪽,3
차지,3
모진,3
공개,3
기념품,3
유튜브,3
6년,3
채비,3
현관,3
쪽빛,3
곰배령,3
소독,3
백도,3
응원,3
컴퓨터,3
방지,3
이여,3
팔찌,3
찜질방,3
해설,3
짐작,3
미리,3
며느리,3
폭설,3
난로,3
끄트머리,3
탕수육,3
찌개,3
모래성,3
평지,3
각자,3
훈련,3
자동,3
스위치,3
해안로,3
장마,3
한판,3
토요,3
발목,3
상표,3
스마트폰,3
백색,3
진정,3
앙양,3
로이,3
왕조,3
도로로,3
탑승,3
애완견,3
순두부,3
12월,3
선호,3
신선놀음,3
방울이,3
오염,3
달라,3
경상도,3
우여곡절,3
다래,3
클래식,3
파파,3
7월 10일,3
호빵,3
샤워기,3
알람,3
실행,3
유격장,3
초가,3
명절,3
사정,3
비티,3
경비,3
풍선,3
공지,3
호떡,3
매너,3
멧돼지,3
일환,3
무사,3
대가족,3
양옆,3
11월 29일,3
비단,3
바깥쪽,3
주무,3
실시간,3
서치,3
비키니,3
지지,3
.net,3
군대,3
어부,3
경내,3
숙면,3
나비,3
요정,3
사면,3
함정,3
이형,3
본건,3
산속,3
감칠맛,3
호두과자,3
물장구,3
절도,3
그간,3
식작용,3
협찬,3
너울,3
점검,3
분리수거,3
유럽,3
숟가락,3
바나나,3
버림,3
정도전,3
초등학교,3
품절,3
베개,3
향도,3
초점,3
슈즈,3
담쟁이,3
시외,3
산골,3
정화,3
사철,3
봉사,3
오버,3
5월 20일,3
점등,3
들보,3
상호,3
중독,3
바닷속,3
다기,3
괴로움,3
연계,3
등반,3
명성,3
약수터,3
뒷산,3
밴드,3
순위,3
입간판,3
아침밥,3
관찰,3
사와,3
서빙,3
모레,3
물론,3
주막,3
통일전망대,3
모델,3
미역국,3
다이어트,3
비닐,3
고등어,3
출입구,3
통일,3
기둥,3
일등,3
친환경,3
민속,3
아마,3
룰루,3
강풍,3
숙종,3
칼로리,3
평가,3
출연,3
형제,3
이신,3
고지,3
가루,3
따름,3
웨딩,3
늦더위,3
친숙,3
카카오택시,3
지게,3
감자전,3
바닷길,3
공놀이,3
룰루랄라,3
라미,3
겨울날,3
사자,3
레알,3
하면 된다,3
아이러니,3
복도,3
진국,3
누나,3
로프,3
병과,3
사막,3
산소,3
청개구리,3
양념장,3
오산,3
오래간만,3
반바지,3
소녀,3
목요일,3
출입문,3
대인,3
고난,3
마스코트,3
교리,3
출신,3
간첩,3
두산,3
오토,3
로만,3
회전,3
게스트,3
플라스틱,3
모서리,3
기승,3
치즈버거,3
이기도,3
시간표,3
작동,3
광수산,3
보일러,3
하루만,3
5기,3
야자,3
양보,3
한숨,3
무게,3
야심,3
선라이즈,3
데스크,3
비만,3
출동,3
허브,3
폭발,3
양송이,3
이문,3
가치,3
하지,3
월드,3
아하,3
산도,3
셀카봉,3
날수,3
아삭,3
참치,3
안와,3
스쿠버,3
학년,3
드릴,3
코코,3
장작,3
로컬,3
수족관,3
수압,3
얼음,3
두려움,3
고백,3
바가,3
두통,3
내리,3
실천,3
주목,3
화이트,3
모양새,3
긴장,3
연중무휴,3
잔디밭,3
날개,3
아름답다,3
산행,3
무적,3
원통,3
절약,3
꽃게,3
새해맞이,3
딱지,3
코피,3
서울춘천고속도로,3
이글,3
초록색,3
녹차,3
수위,3
출사,3
사시사철,3
태백,3
식품,3
부침개,3
따님,3
매매,3
게살,3
안성맞춤,3
테크,3
춥다,3
후후,3
시계,3
빛으로,3
주년,3
상자,3
이만,3
반면,3
원위치,3
해장국,3
제작,3
라타,3
발코니,3
장애,3
담배,3
개성,3
무서움,3
초가을,3
자외선,3
라구,3
초반,3
초겨울,3
가자미,3
성격,3
30,3
여념,3
뷔페,3
건식,3
합격,3
면적,3
대여료,3
바닐라,3
운동장,3
허락,3
철망,3
구멍,3
차림,3
코끝,3
당근,3
포착,3
반나절,3
크리스마스,3
한정,3
핑크색,3
선생님,3
지정면,3
테리,3
시인,3
물줄기,3
피신,3
손맛,3
간반,3
슬픔,3
머리카락,3
백패,3
가구,3
서리,3
퇴락,3
상어,3
장사항,3
문도,3
자아,3
소나기,2
수익,2
로그,2
주구,2
스냅,2
멕시코,2
행위,2
문양,2
자발,2
도서관,2
승자,2
남설악,2
강물,2
진가,2
감바스,2
무채색,2
케이블,2
고스톱,2
숨바꼭질,2
여파,2
주먹,2
베란다,2
목도,2
교토,2
쉼표,2
제피,2
기념사업,2
처리,2
이세,2
철폐,2
모야,2
8월 20일,2
매니아,2
감소,2
쿠팡,2
조건,2
산장,2
인걸,2
레져,2
대바,2
할아버지,2
스탠드,2
발생,2
에너자이저,2
갈비찜,2
리한,2
아씨,2
주류,2
로나,2
워터 슬라이드,2
송어,2
안온,2
내야,2
다예,2
전문,2
포차,2
간지,2
큰방,2
전인,2
삼척시,2
논문,2
이구,2
생전,2
유령,2
넘버,2
이루,2
추억팔이,2
김치찌개,2
활성,2
마리나,2
배터리,2
행각,2
용량,2
흐름,2
빨래,2
스타벅스,2
장보고,2
미닫이,2
경매,2
방풍림,2
렉스,2
민간,2
듀오,2
화해,2
외할아버지,2
미항,2
피크닉,2
원룸,2
주가,2
호랑이,2
프레임,2
올겨울,2
장가,2
살얼음,2
뽀뽀,2
교량,2
침묵,2
이지,2
일진,2
손짓,2
권금성,2
차려,2
민족,2
선인,2
담요,2
자녀,2
경계선,2
집사람,2
향토,2
배속,2
레트로,2
워드,2
야생,2
변기,2
편지,2
테마,2
타이,2
자로,2
마인드,2
태양빛,2
미가,2
전시물,2
디워,2
주스,2
정문,2
맥주병,2
다구,2
에이,2
도마,2
이참,2
고의,2
공식,2
점봉산,2
단계,2
반석,2
현빈,2
태국,2
페어,2
공포,2
잔치,2
만요,2
소멸,2
술잔,2
미지,2
어번,2
관음보살,2
퇴장,2
몬스터,2
알코,2
야구,2
오레오,2
파리,2
입술,2
아비규환,2
오진,2
독립,2
잔디,2
화마,2
건국,2
개구쟁이,2
보너스,2
선녀,2
풍류,2
사무실,2
에어,2
.org,2
아신,2
슬라이더,2
화장대,2
보전,2
5월 13일,2
만신창이,2
연주,2
조율,2
마중,2
프로,2
하심,2
봄가을,2
조선소,2
글래스,2
장승,2
대출,2
의식,2
면도,2
참나무,2
별미,2
심리,2
삼총사,2
수협,2
수입,2
천연,2
설화,2
음주,2
스탬프,2
명도,2
관세음보살,2
바램,2
선점,2
눈빛,2
과거,2
도토리묵,2
프로모션,2
황사,2
포장마차,2
비비고,2
공통,2
여행사진,2
재난,2
설립,2
아지트,2
후진,2
중요시,2
멜론,2
타도,2
화분,2
봉변,2
관통,2
참기름,2
인제터널,2
충만,2
털이,2
실습,2
22,2
차원,2
공존,2
급경사,2
스크래치,2
트레일러,2
건어물,2
수제비,2
가격표,2
네모,2
-5,2
연장,2
곰탕,2
인산인해,2
무우,2
제곱미터,2
잔잔,2
독사,2
라다,2
자라,2
나루,2
주둥이,2
잠금장치,2
불법,2
모랑,2
마케팅,2
이용하,2
사설,2
해상,2
유형,2
전후,2
재수,2
얼음장,2
우왕,2
부흥,2
여사,2
장갑,2
화물차,2
노후,2
눈높이,2
마르고,2
보행,2
모니,2
한반도,2
효도,2
사료,2
사계,2
막도,2
콘크리트,2
해양박물관,2
적도,2
고명,2
고기잡이,2
출근,2
기차,2
무산,2
라거,2
상남자,2
중수,2
달인,2
숫자,2
안전제일,2
포도,2
오리지날,2
번외,2
포스,2
야호,2
우울,2
이지용,2
저질,2
어촌,2
노란색,2
8월 24일,2
섭취,2
풍요,2
저리,2
젓갈,2
물티슈,2
잔소리,2
막무가내,2
주전,2
불필요,2
경향,2
뽑기,2
무대,2
분기점,2
경로,2
콧물,2
단거리,2
각인,2
봉수,2
천진,2
반경,2
마디,2
야광,2
동남쪽,2
피카츄,2
레포츠,2
우리들의,2
흔들다리,2
주인공,2
태평양,2
앞뒤,2
공급,2
행복한 주말,2
톨게이트,2
요령,2
한아름,2
젤로,2
화난,2
가득,2
불볕더위,2
후배,2
지역민,2
놀이기구,2
새소리,2
저자,2
양배추,2
등산로,2
보그,2
보로,2
수유,2
사이다,2
불가사리,2
무선,2
온돌방,2
뉴스,2
대쪽,2
주기,2
아냐,2
여태,2
도예,2
여유도,2
5월 12일,2
텐션,2
샴페인,2
잔해,2
순번,2
보름,2
나이프,2
역동,2
부실,2
겨울바람,2
보온,2
비와,2
하나라,2
동서,2
큰애,2
장수풍뎅이,2
반도체,2
산봉우리,2
지킴이,2
백두대간,2
중앙로,2
독도,2
유영,2
보이시,2
쿠션,2
부침,2
이마,2
블랙,2
수산물,2
상영,2
문외한,2
안타,2
단청,2
하도,2
빨대,2
경품,2
손잡이,2
숙박지,2
하조도,2
고심,2
잠수,2
로고,2
망상,2
예방,2
영어,2
메르스,2
도호부,2
옹치,2
핸드,2
미래,2
등심,2
방출,2
집중,2
분식집,2
우비,2
충전,2
감회,2
안산,2
장님,2
화목,2
가늠,2
탕이,2
임시,2
말이,2
애비,2
영하,2
사회,2
친화,2
수첩,2
불철주야,2
멘붕,2
부여,2
자두,2
간도,2
청룡,2
스킵,2
인위,2
협곡,2
밤잠,2
단무지,2
대기업,2
절임,2
만인,2
아래층,2
치타,2
그 후,2
작업,2
부르,2
대학생,2
불투명,2
제휴,2
카버,2
페이,2
휴식처,2
볶음,2
추첨,2
사랑해,2
침식,2
강요,2
결혼기념일,2
법전,2
실루엣,2
넓이,2
선곡,2
벽화,2
앵글,2
다이,2
책자,2
허벅지,2
안착,2
괜찮아,2
콩알,2
재주,2
동지,2
1월,2
수묵화,2
횡성,2
탐색,2
불도,2
부대시설,2
기점,2
동의,2
회상,2
부친,2
라메,2
에도,2
잠실,2
코다,2
장동건,2
육체,2
화암사,2
차도,2
스크린,2
청춘,2
와이,2
미나리,2
땀구멍,2
읽기,2
행복합니다,2
목도리,2
더 뷰,2
산림청,2
슈퍼문,2
국도변,2
타전,2
권장,2
셋트,2
님과 함께,2
표현력,2
장착,2
치마,2
페인트,2
기지,2
신생,2
즐겨찾기,2
한계,2
동해고속도로,2
강조,2
공양,2
승리,2
휴게실,2
쥬스,2
로드,2
외모,2
좀비,2
무늬,2
상의,2
물거품,2
세미나실,2
쥐포,2
머릿속,2
안마,2
초행,2
연중,2
복구,2
빙의,2
프랑,2
팔로,2
적조,2
점퍼,2
하리,2
열기,2
5부,2
쿠바,2
통합,2
왕새우,2
물병,2
자물쇠,2
동산항,2
단속,2
주말여행,2
선박,2
휴전선,2
대지,2
용왕,2
지배,2
행선지,2
브라운,2
연차,2
할라,2
인원수,2
배회,2
헤어,2
라온,2
고니,2
영양,2
대중교통,2
고도,2
진짜진짜,2
열중,2
구라,2
아이디어,2
배추,2
탄산수,2
허허벌판,2
겨울철,2
문중,2
빨간색,2
머신,2
트렁크,2
이의,2
갈대,2
장호항,2
낙지,2
말차,2
오호,2
아스팔트,2
논리,2
욕망,2
자니,2
얼마간,2
이튿날,2
음식물,2
물류,2
사주,2
양양국제공항,2
상차림,2
타요,2
감나무,2
양호,2
무심,2
서프보드,2
봄날은 간다,2
등산객,2
여지,2
고수,2
풀장,2
명단,2
이안,2
파편,2
실비,2
모던,2
권유,2
인시,2
상식,2
진도,2
좋은 하루,2
번창,2
삼팔,2
구체,2
몽사,2
유일한,2
에어콘,2
청초호,2
귀가,2
재미나,2
폐쇄,2
오우,2
운전대,2
보심,2
한걸음,2
길라잡이,2
문명,2
밸런스,2
고소영,2
무진장,2
솥밥,2
물소리,2
반성,2
8월 16일,2
기적,2
원목,2
카바,2
2019년,2
설마,2
축복,2
동호리,2
버스 터미널,2
집의,2
주최,2
필두,2
사천,2
동심,2
금상,2
상환,2
밥맛,2
유모차,2
세부,2
열창,2
갓길,2
약국,2
시내버스,2
취사,2
무제,2
무장,2
리릭,2
유라,2
동화,2
특급,2
트레,2
집어등,2
우편,2
보구,2
치하,2
서울특별시,2
나이스,2
보존,2
써클,2
여름밤,2
거짓말,2
귀소,2
손끝,2
한시,2
꿈나라,2
달걀,2
파인애플,2
윤구,2
일석이조,2
집게,2
옹이,2
구림,2
리자,2
로스팅,2
위협,2
물질,2
칠성,2
솜씨,2
도심,2
만연,2
투숙,2
원색,2
비지,2
콘센트,2
요트,2
귀경,2
이식,2
탄산,2
만점,2
나야,2
절망,2
패키지,2
독서,2
호실,2
대조,2
코발트,2
위엄,2
나뭇잎,2
주니,2
이고,2
복어,2
여인숙,2
우아,2
이 노래,2
파악,2
대추차,2
핫초코,2
장보,2
지수,2
마성,2
벽지,2
보름달,2
자르,2
상업,2
로라,2
광진리,2
전기밥솥,2
묶음,2
색연필,2
서랍,2
솔트,2
화보,2
최고봉,2
슬로,2
칠레,2
맨날,2
신명,2
규칙,2
남북,2
7월 6일,2
양구,2
자자,2
소름,2
발밑,2
속세,2
북한,2
의문,2
미션,2
철석,2
바랄,2
라이프,2
팔자,2
우드,2
좋은 아침,2
항의,2
압력,2
최적,2
황토,2
안지,2
식별,2
담벼락,2
자취,2
덩어리,2
내외분,2
여건,2
초월,2
솔로,2
송파구,2
부동산,2
출몰,2
새우젓,2
다락방,2
주서,2
오지랖,2
기거,2
카이,2
모래땅,2
전환,2
원정,2
막간,2
슬로건,2
파김치,2
레스,2
여보,2
열대어,2
보정,2
시당,2
정차,2
스케일,2
지당,2
웨이,2
리스트,2
늦여름,2
청량음료,2
일거,2
판다,2
초밥,2
사색,2
산양,2
강바닥,2
종각,2
인디언,2
로한,2
하루밤,2
오리고기,2
갯수,2
재질,2
네일,2
매미,2
수상스키,2
라보,2
시나,2
연락처,2
하루하루,2
환불,2
호주,2
현지인,2
업소,2
오렌지,2
내심,2
발동,2
결말,2
안녕하십니까,2
소변,2
인구항,2
자와,2
압승,2
두부,2
나선,2
메일,2
수정,2
하이,2
조류,2
바로 가기,2
000,2
미술,2
선바위,2
불면,2
아름,2
후보,2
경이,2
국토,2
곰치,2
녹색,2
전주,2
연발,2
책상,2
가짓수,2
40,2
중부,2
핫바,2
도미,2
레일,2
소한,2
제각각,2
추정,2
상담,2
일전,2
명주,2
상비약,2
이득,2
도어,2
개선,2
청하,2
교체,2
집단,2
소풍,2
생태계,2
하늘정원,2
막장,2
수원,2
신선,2
상업시설,2
캐논,2
초도,2
모름,2
커피집,2
불공,2
연화,2
수인,2
멍게,2
외돌개,2
주입기,2
크림치즈,2
지밀,2
라스트,2
-0,2
먼지,2
천지,2
오동,2
리나,2
소규,2
코너,2
예정일,2
통상,2
시엔,2
우애,2
선방,2
근교,2
구리,2
기성,2
페퍼로니,2
스파르타,2
종교,2
작은 도시,2
층계,2
토끼,2
대환,2
영광,2
내외로,2
지침,2
광란,2
위생,2
자인,2
달력,2
유니,2
발휘,2
지갑,2
비중,2
무상,2
중년,2
프론트,2
프로젝트,2
쓰레기통,2
외가,2
해일,2
우기,2
아비,2
정종,2
감시,2
그럼에도 불구하고,2
결재,2
사생활,2
춘천시,2
슈퍼맨,2
이색,2
책사,2
디테일,2
뒷면,2
국제,2
풍경사진,2
생략,2
여미,2
견과,2
로그인,2
국밥,2
소양강,2
영국,2
시주,2
나위,2
준수,2
신자,2
나르샤,2
리본,2
이태원,2
수라,2
애플,2
후발,2
사건,2
대나무,2
주심,2
제로,2
모로,2
목격,2
조도,2
준공,2
땅끝마을,2
아까,2
크루,2
파우더,2
일산,2
성찰,2
조대비,2
현대식,2
내사랑,2
샤라,2
특이점,2
고정관념,2
적격,2
분노,2
여자친구,2
개신,2
가의,2
첫경험,2
노이즈,2
플레인,2
말라,2
데코,2
자재,2
버스표,2
민트,2
감격,2
미술관,2
들로,2
내리막,2
배고픔,2
전신,2
샌들,2
촛점,2
옆길,2
10대,2
발령,2
오바,2
기겁,2
깨달음,2
임팩트,2
커버,2
공작,2
관람객,2
순수,2
지난달,2
이맘,2
욕장,2
네스,2
남발,2
호소,2
보라,2
광장,2
모형,2
촉감,2
이로,2
이동식,2
위층,2
소금강,2
상대,2
굴뚝,2
부채,2
제목,2
하늘소,2
식혜,2
애가,2
트레이드마크,2
보이,2
국군,2
이리,2
그전,2
대하,2
짠맛,2
맛나,2
함흥냉면,2
원한,2
양평,2
물살,2
니들,2
하윤,2
연도,2
안도,2
브로,2
내세,2
아메리카,2
대답,2
이이,2
원초,2
동선,2
한지,2
트리,2
파스타,2
편찬,2
장구,2
엉망진창,2
나물,2
소용,2
개불,2
프라이드,2
남양주,2
순서,2
인도,2
잡음,2
참가,2
방태산,2
이기대,2
경주,2
저세상,2
갤러리,2
불화,2
러브,2
꼬막,2
합류,2
장마철,2
보유,2
특정,2
남지,2
텃밭,2
교실,2
관리인,2
전형,2
도배,2
백이,2
계산대,2
어린왕자,2
손바닥,2
모티브,2
지번,2
일치,2
누드,2
욕구,2
남진,2
비번,2
좋은사람,2
소의,2
다비도프,2
교환,2
양앙,2
주중,2
효능,2
대각선,2
보도,2
주택,2
안이,2
마린,2
비상,2
상태도,2
조각품,2
개인택시,2
사단,2
목탁,2
경찰,2
사랑합니다,2
오도,2
오두막집,2
10월 31일,2
스타트,2
아고,2
적극,2
정겨운,2
빼꼼,2
체감,2
원산지,2
음미,2
덮밥,2
누가,2
군사훈련,2
금표,2
덮개,2
세일,2
사춘기,2
주간,2
대국,2
구마,2
잎새,2
장보기,2
월정사,2
주세,2
그물,2
균형,2
워커,2
의류,2
조회,2
음지,2
건축,2
체어,2
관망,2
피고,2
조개잡이,2
샘플,2
소아과,2
도모,2
스웨,2
문학,2
8월 25일,2
기모,2
장담,2
매기,2
의존,2
개천,2
노블,2
법당,2
코드,2
네이버 지도,2
동창,2
사시,2
골뱅이,2
빈티지,2
팜플렛,2
참외,2
차선,2
구려,2
여대,2
보장,2
빙수,2
팥빙수,2
한식대첩,2
사격,2
의외,2
볼라,2
기린면,2
사바,2
수채화,2
최신식,2
어금니,2
샤인,2
산수화,2
나뭇가지,2
익살,2
몽환,2
대양,2
점멸,2
평상시,2
의욕,2
오늘날,2
고독,2
기초,2
부녀,2
개도,2
송정,2
자제,2
가스레인지,2
부둣가,2
업로드,2
손색,2
소면,2
최악,2
지다,2
밥상,2
생활의 달인,2
노천,2
목소리,2
전달,2
소란,2
사운드,2
천하,2
중국집,2
해산,2
먹을거리,2
망설임,2
장수,2
서울로 가는 길,2
거도,2
보금자리,2
묘적,2
두도,2
농어촌,2
해파리,2
강제,2
견학,2
월화,2
형형색색,2
성황,2
스톤,2
인덕션,2
군청,2
대군,2
익스프레스,2
장미여관,2
대장,2
브레이크,2
기행,2
대사,2
쓰리,2
개시,2
출구,2
가로등,2
임신,2
다사다난,2
정선,2
계기,2
.be,2
하단,2
전반,2
포스터,2
하수,2
호스,2
푸른색,2
두부전골,2
오심,2
경기장,2
서기,2
식단,2
개미,2
조사,2
자작,2
징검다리,2
수량,2
화장,2
반사,2
허니버터칩,2
봉지,2
지평선,2
조인,2
철골,2
두유,2
부피,2
계시,2
청년,2
트리트먼트,2
경기도,2
의전,1
너는,1
철원,1
고 온,1
하부,1
매그넘,1
상류,1
옥집,1
서도,1
뭉게구름,1
인수,1
카디,1
강사진,1
도시민,1
장송,1
닭꼬치,1
승차,1
방충망,1
무가,1
걸리,1
통나무,1
윤계상,1
여소,1
인기리,1
불량,1
조작,1
설겆이,1
시일,1
옛적,1
터치,1
몰이,1
분해,1
복식호흡,1
내장,1
파고,1
유산,1
오름,1
사통,1
묘도,1
개복,1
군사력,1
이용자,1
2017년,1
열대,1
체적,1
아웃백,1
애증,1
숨결,1
영양가,1
영일,1
캐스,1
평범한 날들,1
나래,1
행주,1
뿌셔뿌셔,1
순화,1
무진,1
뽁뽁이,1
존경,1
핑클,1
수용,1
코팅,1
탄신일,1
함유,1
순식,1
인도네시아,1
호사,1
삭제,1
그램,1
장내,1
초의,1
보리쌀,1
우문,1
빙글빙글,1
주막집,1
진료,1
식이,1
우량,1
선순위,1
사람의 마음,1
겉절이,1
가사,1
피아,1
나방,1
1월 19일,1
임원,1
화진포,1
우는 남자,1
호화,1
닭갈비,1
능력,1
입문,1
주부,1
동료,1
보마,1
노하우,1
고량주,1
수주,1
사랑으로,1
몸살,1
정이랑,1
마야,1
기상특보,1
난 주,1
외곽,1
보리,1
강행,1
일원,1
모니터,1
호우,1
와야,1
정중,1
상단,1
과언,1
오른손,1
섭외,1
피치,1
장죽,1
카카오톡,1
페인,1
행진,1
화음,1
언더,1
스포,1
쌍화탕,1
강변,1
살판,1
애교,1
이진,1
여진,1
전남,1
순사,1
유자,1
정신건강,1
조가,1
캠프파이어,1
심호흡,1
필요시,1
중무장,1
불리,1
아티스트,1
스탠더드,1
선비,1
맥도날드,1
수호천사,1
상향,1
승전,1
기동,1
소지,1
학부모,1
평탄,1
낭군,1
문밖,1
제철,1
유난희,1
통행료,1
웰리,1
옷걸이,1
로맨틱,1
국군의 날,1
주거,1
묵사발,1
사각,1
2월 1일,1
고조,1
포장도로,1
선암,1
케미,1
이오,1
시루떡,1
케일,1
정각,1
빈혈,1
레인,1
선전물,1
소화도,1
동굴,1
플로어,1
새우잠,1
정통,1
돈가스,1
명가,1
혼란,1
경유지,1
응신,1
가리,1
가중,1
관계자,1
한도,1
정규,1
내륙,1
G4,1
발라,1
나무위키,1
오솔길,1
튀김우동,1
물위,1
아그드,1
바게트,1
승용,1
비프,1
그레이,1
아이덴티티,1
꺼리,1
코볼,1
난생처음,1
일간,1
옆방,1
부인,1
리드,1
광화문,1
밀착,1
수행,1
내진,1
봉안,1
10월 14일,1
수채,1
학부,1
패거리,1
비하,1
땅바닥,1
머시,1
핏대,1
껍데기,1
안자,1
유대,1
민자,1
파일,1
유자차,1
산거,1
상권,1
아랫층,1
추 강,1
막차,1
지중해,1
비라,1
퍼포먼스,1
양산박,1
강행군,1
조반,1
삼포,1
정체,1
똥물,1
유치환,1
인맥,1
촌년,1
예스,1
롤리,1
도지,1
사브,1
소설,1
체면,1
새미,1
두리,1
대수,1
개인기,1
적자,1
디지,1
감자떡,1
확산,1
케이스,1
써비스,1
이난,1
유부남,1
보내기,1
한로,1
모험,1
1/2,1
목사,1
한국사진작가협회,1
배꼽,1
유기농,1
원시,1
방석,1
해학,1
하루의 일,1
전향,1
꽃받침,1
권세,1
프라이어,1
또래,1
에어비앤비,1
닥달,1
언급,1
파장,1
정적,1
눈코,1
환자,1
중심지,1
이든,1
연근,1
안정제,1
고덕동,1
곤혹,1
졸업,1
빙판,1
오미자,1
사이클,1
경춘로,1
사일,1
감독,1
정서,1
여치,1
음력,1
혹한,1
안테나,1
한송이,1
저하,1
풍화작용,1
브라질,1
자판기,1
베이직,1
턱시도,1
시아,1
이만큼,1
킬러,1
실인,1
스케치,1
주체,1
비서,1
라피,1
한차례,1
교항리,1
주관,1
수역,1
멋진 인생,1
저녁때,1
이인,1
산포,1
가관,1
올레길,1
찔레꽃,1
영광정,1
사랑했는데,1
우암,1
움집,1
식전,1
사천진리,1
앵무새,1
25,1
혈압,1
한국도로공사,1
하락,1
40년,1
발판,1
페이스북,1
사회생활,1
본 얼티메이텀,1
진자,1
세종,1
키위,1
촌락,1
잠바,1
깡패,1
듀스,1
라이,1
데리,1
부끄부끄,1
적용,1
CF,1
미로,1
대접,1
짬봉,1
여행스케치,1
곤욕,1
부채살,1
단짝,1
팽이버섯,1
이천,1
패기,1
패턴,1
진부령,1
플로우,1
운용,1
번뇌,1
한상태,1
서진,1
호루라기,1
여사장,1
스쿨,1
기린초,1
어쩌라고,1
호수공원,1
꽃가루,1
카레,1
한가위,1
구세주,1
도합,1
술집,1
오메,1
다스,1
전투,1
기생충,1
빨래건조대,1
태열,1
마라,1
바깥양반,1
니트,1
도공,1
연봉,1
유성,1
배후,1
클레,1
향초,1
매출,1
함백산,1
야생동물,1
브로맨스,1
유유자적,1
오래,1
크리스마스 트리,1
요리사,1
마술,1
주공,1
타마,1
영가,1
군내,1
죽도로,1
번식력,1
국립산림과학원,1
대보,1
감옥,1
도둑,1
종이 가방,1
애마,1
모터보트,1
동해시,1
수험,1
하계휴가,1
설날,1
경순왕,1
조선의 교육,1
찌기,1
퉁명,1
양표,1
양고기,1
7월 17일,1
세배,1
제수,1
베어,1
은행나무,1
어진,1
의금부,1
상심,1
키친,1
치명,1
한약재,1
저녁노을,1
공굴,1
슈리,1
다라도,1
눈망울,1
천국의 계단,1
특징,1
양말,1
식칼,1
겨울 사랑,1
기치,1
눈밭,1
트랙,1
조선 정조,1
만개,1
음량,1
아배,1
선대,1
병신년,1
게딱지,1
아르헨티나,1
목욕탕,1
회원권,1
일보,1
족구,1
성왕,1
저어,1
실리,1
억새,1
사유,1
현금,1
수호,1
타인들,1
우후죽순,1
수간,1
가이드북,1
루틴,1
송도,1
갈라고,1
노인봉,1
기념탑,1
소극,1
궁금증,1
두부조림,1
디스코,1
기세,1
세시,1
투자가,1
낚시터,1
작업실,1
조참,1
초저녁,1
송편,1
쌍벽,1
상관관계,1
찹쌀,1
검토,1
아담,1
두주,1
언저리,1
다슬기,1
신상,1
목록,1
운영자,1
모아,1
흡연,1
씨알,1
미학,1
중소,1
솜사탕,1
방진,1
나쁘지 않아,1
오구,1
정점,1
예술인,1
패대기,1
장초,1
사시미,1
하순,1
연분홍,1
군자,1
고자,1
시정,1
시간을 달려서,1
졸음,1
실버,1
스케치북,1
충격,1
미지수,1
울진,1
의사,1
마구잡이,1
오프,1
송죽,1
자기,1
탄력,1
3월 11일,1
플러스,1
초고추장,1
라운지 음악,1
니사,1
로보트,1
대한민국의 고속도로,1
라즈베리,1
8월 29일,1
도형,1
디그,1
캔디,1
이수,1
본거지,1
성찬,1
V.,1
간접,1
파전,1
신공,1
수중,1
차편,1
50,1
변성암,1
본래,1
연가,1
소유자,1
상상력,1
112,1
게라,1
그라운드,1
터울,1
리크,1
물개,1
공방,1
앞장,1
미세,1
루시,1
소피,1
재작년,1
어파,1
보르,1
롯데월드타워,1
혈기,1
악의,1
이중문,1
흡족,1
푸들,1
워렌 버핏,1
하평,1
개폼,1
용돈,1
분산,1
돛단배,1
열한시,1
바이크,1
군더더기,1
초행길,1
아날로그,1
크러쉬,1
고정,1
신생대,1
기어,1
관광도로,1
식용유,1
슈퍼맨이 돌아왔다,1
빗줄기,1
준비물,1
가디건,1
뭇사람,1
2005년 4월,1
손가방,1
퇴사,1
전통문화,1
숙박비,1
협정,1
무식,1
표지석,1
지부,1
레이지,1
스웨이드,1
특수,1
스마,1
퍼펙트,1
블루워터,1
천태만상,1
박수,1
함경도,1
숨은 그림 찾기,1
밀접,1
구별,1
기습,1
라늬,1
패드,1
의거,1
질라,1
캐치볼,1
해외직구,1
충남,1
마실,1
도약,1
지난 시,1
볼리비아,1
잇속,1
프라이팬,1
헤이,1
모래시계,1
이성계,1
드레싱,1
주정,1
포터,1
마레,1
표고버섯,1
고찰,1
할리,1
안주시,1
노동자,1
스크류바,1
다변,1
술안주,1
프랜차이즈,1
인터뷰,1
반짝반짝 빛나는,1
아수라,1
상대방,1
셔츠,1
하이트,1
물새,1
요즈음,1
42년,1
전만,1
비행,1
미망인,1
색색,1
레인저,1
인과,1
고맙습니다,1
통감,1
서주,1
격파,1
생각하는 사람,1
염전,1
배가,1
퍼스,1
금강문,1
시세,1
출발지,1
보초,1
간다 정,1
근거리,1
일설,1
제맛,1
다중,1
씨방,1
팔달,1
대낮,1
안내원,1
포털,1
모란,1
가락,1
여름옷,1
강동구,1
은신,1
스마트,1
잡귀,1
원숭이,1
지그,1
사례,1
나이트,1
삼삼오오,1
주접,1
타인,1
창립,1
그사이,1
꽃길,1
송일국,1
아카데미,1
파스텔,1
강의,1
2017년 6월,1
대야,1
수륙양용차,1
가시연,1
송정해수욕장,1
건축비,1
메카,1
콧방귀,1
158,1
열대야,1
리정,1
명성이,1
코디,1
이케아,1
이타,1
유난,1
가장,1
단박,1
하든,1
사진사,1
육보,1
폐가,1
본부,1
감자 튀김,1
정원사,1
인정사정,1
원시인,1
이또,1
호리,1
다시마,1
암반,1
안무,1
식도락,1
진에어,1
천상,1
51,1
병산,1
육류,1
도요,1
라자,1
주황색,1
파파라치,1
개최,1
재배,1
우보,1
블록,1
산더미,1
벅스,1
교통량,1
아랑,1
리버티,1
청록,1
부남,1
폐교,1
천혜,1
직선거리,1
표기,1
홀몸,1
꾸밈,1
포지역,1
푸조,1
모에,1
치악산,1
월차,1
마의태자,1
보급,1
스컬,1
비전,1
우진,1
풍상,1
인권,1
나도,1
여담,1
이디야,1
벌판,1
신의,1
타래,1
모즈,1
질주,1
다우,1
백장,1
슬로프,1
비어,1
신물,1
이차,1
가로수,1
경하,1
랜덤,1
장본,1
서현,1
난도,1
남하,1
전력,1
미진,1
농장,1
완주,1
말로,1
무궁무진,1
딸아,1
어디로 가야하나,1
교사,1
피리부는 사나이,1
설사,1
누이,1
무릉,1
세면,1
구글,1
차표,1
차만,1
승정원일기,1
빵집,1
혜지,1
전교,1
토리,1
장기예보,1
이근,1
국민은행,1
슈크림,1
끝자리,1
정해,1
만지,1
에스프레소,1
100,1
삽질,1
레드카펫,1
손실,1
마가,1
신형,1
00,1
이탈리아,1
옥주현,1
수조,1
데카,1
목욕재계,1
마리에,1
정인,1
동서고속도로,1
조산리,1
오디오,1
갈이,1
목장갑,1
화각,1
라비,1
사업자,1
개점휴업,1
투척,1
케이프,1
13일의 금요일,1
교암리,1
플랜,1
폭포수,1
행렬,1
나에게 오라,1
손수,1
진다,1
문패,1
38년,1
완구,1
민간인,1
여타,1
사골,1
노심초사,1
전구,1
우의,1
포구,1
볼일,1
자손,1
스팀,1
고양,1
뒷전,1
체결,1
획득,1
주객,1
식욕,1
성당,1
수납공간,1
자주,1
세미,1
수속,1
팔선,1
이외,1
공가,1
역대,1
월 가,1
뒷풀이,1
축협,1
줄기,1
뉴뉴,1
상반기,1
양시,1
우동,1
드립 커피,1
교차,1
변수,1
사임당,1
백사,1
세계로,1
적정,1
제행,1
신포,1
의견,1
부케,1
아자,1
고소 공포증,1
버팀목,1
삼각김밥,1
고구려,1
화성,1
수온,1
양양향교,1
항공권,1
설법,1
함덕,1
아랑곳,1
140,1
기후 변화,1
이당,1
만둣국,1
낮술,1
주문진읍,1
초로,1
시리즈,1
마나,1
꼬치,1
지리산,1
장미꽃,1
손은,1
비방,1
양심,1
수식어,1
슈프림,1
강습비,1
유진,1
환호성,1
사치,1
카나,1
상실,1
유치,1
안정감,1
돌멩이,1
독약,1
길바닥,1
마님,1
안경,1
연료,1
구시,1
소시지,1
바른,1
삼박,1
에바,1
리스,1
제프,1
카니,1
도다 성,1
잠재,1
내리막길,1
상당,1
각각,1
선교,1
자장가,1
차별,1
청바지,1
얼마나 좋길래,1
오계,1
이구동성,1
뒷줄,1
수관,1
징글,1
증강현실,1
토닉,1
외딴섬,1
신경과민,1
민폐,1
팬케이크,1
과음,1
눈발,1
시청,1
야유회,1
넝쿨,1
마상,1
도라,1
만삭,1
비바,1
문인,1
시선집중,1
그리움,1
주봉,1
18년,1
무전,1
모시,1
원판,1
10월 18일,1
허비,1
청소기,1
실로폰,1
하느님,1
특화,1
유후,1
근육,1
양산,1
철벽,1
미러,1
리지,1
찬성,1
리셋,1
대관,1
젝스,1
생사,1
커피타임,1
항아리,1
리무진,1
18,1
612,1
고배,1
쿠키,1
올린다,1
출퇴근,1
초상권,1
에다마메,1
이성,1
잠버릇,1
굉음,1
연접,1
수호신,1
자메이카,1
면역력,1
고깃배,1
젊은 태양,1
산모,1
평영,1
운동선수,1
직장인,1
오뚜기,1
수리,1
차남,1
태동,1
조의,1
세상사,1
바이러스,1
잎채소,1
인지상정,1
신의 한 수,1
동해안 산불,1
짐승,1
길잡이,1
찌꺼기,1
엑스포,1
방방곡곡,1
부대,1
아름드리,1
열병,1
나가사끼 짬뽕,1
델피,1
대개,1
대한,1
연유,1
고구,1
체중,1
정정,1
부정,1
기기,1
우길,1
유기,1
오키나와,1
불꽃,1
아랫길,1
애드,1
은어,1
채중,1
자형,1
생신,1
강탈,1
매우,1
농사,1
간행,1
티몬,1
헌팅,1
전진,1
잡목,1
회포,1
역활,1
복싱,1
세기,1
크레이터,1
단비,1
정수기,1
건설,1
하시,1
생성,1
운운,1
보컬,1
서식지,1
행서,1
스푼,1
이 현,1
통한,1
일순,1
6월 2일,1
대결,1
반신반의,1
사랑에 빠졌어,1
군고구마,1
꼬리,1
큰맘,1
입추,1
자구,1
김종성,1
분열,1
기저,1
배위,1
도련님,1
번개,1
개비,1
밭작물,1
형상화,1
방조제,1
초순,1
남이섬,1
이드,1
하와,1
빛무리,1
집으로...,1
큰형,1
방송사,1
피난민,1
상징물,1
의연,1
산촌,1
미간,1
마라도,1
곡물,1
타일,1
8월 8일,1
운동량,1
자식,1
킬로미터,1
고래상어,1
양식장,1
모임,1
개장일,1
공격,1
하비,1
재팬,1
루트,1
바이런베이,1
확률,1
가라사대,1
조선의 공신,1
만발,1
전도,1
아트,1
김유정,1
러프,1
알밤,1
진부면,1
골짜기,1
학창,1
잠수복,1
부적,1
슈트,1
요거,1
굴욕,1
태양열,1
농원,1
고온,1
조짐,1
이파,1
선거,1
모태,1
놀이방,1
간격,1
대목,1
태종,1
대미,1
명랑,1
네로,1
양사,1
성향,1
설맞이,1
군도,1
바람에 실려,1
탁구,1
복숭아,1
미정,1
장문,1
외침,1
특허,1
오드,1
병력,1
흙먼지,1
틈바구니,1
스낵,1
무아,1
임직원,1
울릉도,1
후추,1
교회,1
작별,1
송림사,1
이빨,1
봉평,1
재평가,1
내밀,1
조산,1
삼발,1
원대,1
도로포장,1
개학,1
도다,1
박수근,1
오락실,1
신발장,1
팜파스,1
갈고리,1
막대,1
에펠,1
금색,1
가비,1
기근,1
서론,1
기질,1
조상,1
박제,1
장임,1
페인트볼,1
방음,1
고춧가루,1
친화력,1
군것,1
찻집,1
삼거리,1
불허,1
엔 강,1
진흙,1
캐스퍼,1
조업,1
배낭여행,1
꽃마을,1
합의,1
동북,1
엄살,1
신혼,1
기의 날,1
창고,1
돈 한,1
쇠스랑,1
라파,1
조호,1
8월 21일,1
테이크,1
중 현,1
홍천군,1
보고서,1
최강,1
허세,1
굵기,1
아픔,1
테레사,1
오죽헌,1
중학교,1
오리발,1
피난,1
썬글라스,1
허브차,1
활쏘기,1
방광,1
불린,1
더 셀,1
후일담,1
원내,1
방한,1
숲속의집,1
수해,1
진시,1
기인,1
달동,1
질색,1
서버,1
사극,1
기저귀,1
협박,1
갈산동,1
가정집,1
수염,1
형체,1
감내,1
라크,1
버릇,1
베이지,1
저작권,1
재떨이,1
이력,1
키파,1
갈대밭,1
조음,1
형제도,1
잘못했어,1
다누,1
금빛,1
7월 16일,1
강타,1
아동,1
미식가,1
등장인물,1
강문동,1
겨드랑이,1
삼양,1
옆얼굴,1
비데,1
풀밭,1
갑부,1
가을 여행,1
천이,1
방언,1
일동,1
대소,1
안남미,1
윤다이,1
청청,1
45,1
안면도,1
스노우,1
말문,1
고속버스,1
가이,1
레모네이드,1
차렷,1
대본,1
시시,1
계명산,1
농도,1
세제,1
바이브,1
대동,1
갱년기,1
성리학,1
르마,1
신사동,1
게다,1
유입,1
이어도,1
사천면,1
디니,1
정안,1
천안,1
암초,1
작심,1
잠도,1
2015년 1월,1
멀리,1
사요나라,1
거인,1
알갱이,1
삼각,1
작은 수,1
드라이빙,1
8월 12일,1
페이퍼,1
델리,1
오프로드,1
친근감,1
모터사이클,1
투입,1
천리,1
구진,1
광범위,1
후삼국,1
미나,1
삼삼,1
등극,1
출력,1
진수,1
댄스,1
노친,1
대처,1
프리맨,1
시언,1
폐부,1
나진,1
사탕,1
우승,1
분할,1
스프레이,1
자청,1
소치,1
자승,1
하우,1
공공,1
하재,1
발표,1
광대,1
워킹맘,1
다윗,1
이성용,1
통행,1
시시각각,1
우동 한 그릇,1
채광,1
용호,1
분소,1
삼색,1
제단,1
쫄면,1
관리자,1
보필,1
산물,1
원근,1
편마암,1
숭늉,1
화학,1
빠방,1
모자이크,1
중문해수욕장,1
토담,1
민이,1
서비스업,1
금강산성,1
파니니,1
출발점,1
정벌,1
볼스,1
2012년,1
와글와글,1
혈당,1
클렌징,1
춘천 분기점,1
양지말,1
공중도덕,1
전통주,1
페루,1
측정,1
물길,1
홋카이도,1
폭탄,1
7월 25일,1
앞집,1
진국이,1
울림,1
1월 17일,1
종대,1
반갑습니다,1
양양기,1
중국인,1
사돈,1
아지만,1
육안,1
어장,1
시다,1
재능,1
근심,1
지적,1
동년배,1
양군,1
유스호스텔,1
갑산,1
안전장치,1
피클,1
스파크,1
혁명,1
즉시,1
사실은,1
염장,1
2016년,1
벽장,1
클론,1
이등,1
강준우,1
클리닝,1
손톱,1
고르곤졸라,1
예나,1
2005년 7월,1
에브리데이,1
스탈,1
평균,1
주유,1
교복,1
진공관,1
신봉,1
경동,1
내사,1
2017년 8월,1
확충,1
오밤중,1
산호,1
수차,1
견해,1
생가,1
파티장,1
타락,1
예인,1
휴지,1
신비감,1
맛깔,1
오질,1
무당개구리,1
취향저격,1
마한,1
브레드,1
가마,1
생일도,1
대회,1
수색,1
장바구니,1
증조,1
7년,1
수거,1
파리바게뜨,1
칼집,1
용서,1
엔비,1
취지,1
빈약,1
압박,1
고추가,1
오뚝이,1
자소,1
일지,1
업그레이드,1
양재천,1
합숙,1
닭집,1
지렁이,1
토너먼트,1
혼기,1
집합,1
골조,1
카시오,1
부서,1
와이키키,1
네온,1
어젯밤,1
학산,1
서남,1
석고,1
보호자,1
토르,1
도프,1
리멤버,1
기념식,1
무용지물,1
교촌,1
탈색,1
김상중,1
성국사,1
월급,1
결과물,1
고갈,1
끝판,1
깨알,1
먼저,1
검정,1
행정,1
포켓몬스터,1
열심,1
과소평가,1
종착점,1
이양,1
엄습,1
평수,1
위장,1
저지,1
화물,1
레이저,1
임무,1
금실,1
명량,1
정부,1
타오,1
하수구,1
다목적,1
새언니,1
쥬디,1
자유인,1
박자,1
한민족,1
윗층,1
선회,1
나무껍질,1
어제오늘,1
스파이더맨,1
강산,1
터득,1
애니메이션,1
시한부,1
하드,1
확대,1
울대,1
양손,1
도망,1
큰길,1
포부,1
자차,1
뒷정리,1
바스,1
면목,1
동아,1
촛대,1
글라이드,1
달밤,1
사천진,1
가든,1
청록색,1
기상청,1
생채,1
날갯짓,1
기분 좋은 날,1
춘장,1
당면,1
베이스캠프,1
수국,1
핫소스,1
간이식당,1
갈증,1
자축,1
얼떨결,1
김유정역,1
실신,1
구형,1
7월 20일,1
답사,1
복습,1
사둔,1
진면목,1
리더,1
기숙사,1
우리들의 행복한 시간,1
빈터,1
차이점,1
캡사이신,1
고진,1
오케이,1
영역,1
접지,1
폐기,1
정박,1
성패,1
자비,1
전화기,1
신식,1
산세,1
옥션,1
자장면,1
먹이사슬,1
당도,1
국공,1
비례,1
조선 중종,1
실개천,1
진달래,1
라볶이,1
설피,1
중단,1
도마뱀,1
난전,1
담그기,1
다트,1
콩국수,1
아마 주,1
헌화,1
복음,1
산후,1
장대비,1
신세,1
월산,1
창조,1
참가비,1
티켓,1
당사자,1
회오리,1
단우,1
드림,1
부스러기,1
행락객,1
원형,1
기독교,1
옷깃,1
타기,1
칠리,1
병목,1
천만다행,1
삼대,1
해피투게더,1
삼진,1
사이판,1
지표,1
메꽃,1
노약자,1
맹방,1
서점,1
고속도로 휴게소,1
은영,1
조사단,1
형부,1
대장내시경,1
들풀,1
동후,1
라디오,1
카라지,1
발톱,1
십자,1
계피,1
여울,1
선수,1
영해,1
강남구,1
방류,1
국립,1
발산,1
도문,1
피셔,1
오목,1
용인,1
안전지대,1
붉은색,1
문턱,1
토이,1
광합성,1
물상,1
NH농협카드,1
요조,1
뇌리,1
버프,1
목조,1
형언,1
하오,1
오만,1
마산,1
조바심,1
대성전,1
몽정,1
광교,1
대중,1
연관,1
스파게티,1
하인,1
국자,1
오판,1
노무현,1
겁쟁이,1
보답,1
안감,1
휴전,1
하야,1
실크로드,1
거점,1
성인병,1
콜라겐,1
탱화,1
감개,1
배경 화면,1
독기,1
포용,1
우연,1
살림,1
말투,1
잔설,1
코스프레,1
탐마,1
해드,1
스텐,1
인중,1
큰손,1
백발,1
진압,1
귀틀집,1
정주,1
어종,1
선봉장,1
고둥,1
다라니,1
베이컨,1
석이,1
옵션,1
병따개,1
여비,1
씨리얼,1
대금,1
회자,1
제지,1
불안감,1
재기,1
사상,1
도수,1
배변,1
계통,1
취학,1
프로방스,1
진보라,1
기적처럼,1
경비정,1
딜로,1
협의,1
당뇨,1
기분좋은 날,1
방치,1
여백,1
마지노선,1
현답,1
목걸이,1
귀기,1
회색빛,1
비율,1
프린트,1
하양,1
콧노래,1
이내,1
좋은 주말,1
11,1
사투,1
만천하,1
동의서,1
자시,1
충동,1
명예,1
장본인,1
외장,1
을해,1
나와 나,1
노고,1
스펜서,1
별채,1
일종,1
호출,1
조깅,1
일광욕,1
부어스,1
컨트롤러,1
미트,1
소진,1
돈대,1
설경,1
레일바이크,1
니즈,1
생산,1
매한가지,1
호기,1
나열,1
여드름,1
보양음식,1
레드,1
쑥부쟁이,1
신이 구,1
도암,1
의식의 흐름,1
무릉계곡,1
콘트롤,1
불평,1
후한,1
러스트,1
재앙,1
플랫폼,1
예견,1
전단지,1
바늘,1
공수,1
거렁뱅이,1
동그라미,1
올텐,1
쓰레기장,1
바이스,1
기절초풍,1
아들과 딸,1
살림살이,1
실속,1
공후,1
죽음,1
월동,1
류신,1
간호사,1
저녁밥,1
질환,1
등산길,1
피아골,1
게장,1
부킹,1
신사화,1
별로,1
질서,1
자식들,1
브릭,1
무한대,1
동북아,1
남미,1
스트레칭,1
소통,1
충실,1
우표,1
단면,1
배사,1
봄봄,1
등허리,1
구덩이,1
설인,1
호반,1
런던,1
부대찌개,1
기러기,1
삼은,1
백로,1
꽃나무,1
살이,1
중매인,1
리듬,1
비빔국수,1
전광,1
해동용궁사,1
일병,1
용의 눈물,1
소방관,1
신건,1
이용권,1
좋은아침,1
벨기에,1
넉살,1
연해,1
한데,1
변위,1
박달나무,1
오대,1
땅거미,1
컨소시엄,1
소예,1
오리털,1
지니,1
노릇,1
도라지,1
유격,1
이주,1
게로,1
석상,1
아악,1
산들바람,1
에이프릴,1
양의,1
비자,1
사모님,1
영수증,1
동홍천 나들목,1
새순,1
주 주,1
울음소리,1
생동감,1
밥통,1
백화점,1
배타,1
내기,1
청와,1
속지,1
귀염,1
바리,1
관음증,1
통달,1
분기,1
결합,1
국방부,1
오늘아침,1
60분,1
외계인,1
오부,1
하방,1
제정,1
예불,1
가죽,1
원적외선,1
상광,1
다보,1
복자,1
봉투,1
피부과,1
오타,1
의림지,1
연식,1
콘솔,1
지하수,1
화이팅,1
헌혈,1
실명,1
비가 오나 눈이 오나,1
성장,1
뮤직,1
가슴이 두근두근,1
청솔,1
동맥,1
질감,1
회의,1
강변역,1
에세이,1
원사,1
거절,1
잠실역,1
훈장,1
영동,1
이해도,1
서두,1
떨기,1
음질,1
날벼락,1
요동,1
유인,1
한복판,1
원인,1
흡연자,1
막판,1
28,1
예수,1
7월 1일,1
암묵,1
반값,1
산사,1
고슴도치,1
봉산,1
뜻밖,1
앞마당,1
구제,1
인기척,1
앨리스,1
쓰 시,1
약사,1
뚝배기,1
믹스,1
운명,1
시련,1
명당자리,1
극찬,1
교동,1
조치,1
희생,1
형제간,1
보랏빛,1
미인,1
힙스터,1
버블,1
발매,1
한민,1
공예,1
다림,1
다비,1
별게,1
레드불,1
입학,1
공포심,1
수납장,1
편육,1
가인,1
해골,1
사모,1
회복,1
가제,1
올리브,1
거세,1
벨트,1
접목,1
행정기관,1
긴 의자,1
연사,1
벅차,1
칼자루,1
진신,1
첨부,1
박사,1
얌전,1
세계인,1
오봉산,1
앞뜰,1
연대,1
양양송이축제,1
왁스,1
이디르,1
원평,1
우물,1
이비,1
실사,1
교부,1
좌절,1
두꺼비,1
12월 31일,1
사마귀,1
오토바이,1
테트라,1
도라도,1
강당,1
기여,1
백내장,1
고무,1
봉우리,1
11월 16일,1
청둥오리,1
갈고,1
가공,1
광지,1
진척,1
캐리,1
참석,1
혼잡,1
수칙,1
세니,1
종회,1
응답,1
라피아,1
내면,1
동서울터미널,1
반투명,1
도봉구,1
확정,1
양시 현,1
내공,1
여왕,1
할리우드,1
리오니 강,1
고교,1
못 잊어,1
매사,1
글쓰기,1
뒷덜미,1
도가니,1
주력,1
라멘,1
열기구,1
초장,1
효녀,1
정지,1
활력,1
안정,1
향교,1
서인,1
자취방,1
동력선,1
글방,1
변화무쌍,1
개봉,1
단련,1
블럭,1
공업,1
라 주,1
참전,1
독수리,1
제값,1
파워에이드,1
집하,1
덴마크,1
하소연,1
국제공항,1
금연,1
과시,1
해초,1
산화,1
여과,1
10월 1일,1
냇물,1
딱따구리,1
수분,1
홈플러스,1
기금,1
율곡,1
상원사,1
7월 5일,1
녹초,1
인격,1
도자기,1
아몰랑,1
구축,1
배우,1
태클,1
저분,1
사용료,1
돌담,1
7월 30일,1
화이트칼라,1
나태,1
사업비,1
피사,1
찰리,1
기 티,1
피트니스,1
서천,1
탭댄스,1
정제,1
방학동,1
스케이트보드,1
팔로우,1
근덕면,1
이중환,1
우주정거장,1
지름신,1
부더,1
소모량,1
제비,1
송년회,1
조관,1
복합,1
자치,1
우주,1
흑기사,1
일용,1
신문,1
입양,1
온양온천,1
유명산,1
이납,1
늦겨울,1
국화,1
매료,1
랜드,1
로얄,1
지팡이,1
빗속,1
냉커피,1
꿀벌,1
산삼,1
엉덩이,1
실바,1
다수,1
설명서,1
우리는 신,1
도랑,1
해피엔딩,1
.ly,1
다니엘,1
서정,1
핸들,1
마스크,1
제작자,1
자리다툼,1
낱말,1
창피,1
멍멍이,1
공덕,1
소방차,1
어린애,1
아수라장,1
진해,1
향어,1
사망,1
페로,1
참깨,1
시모,1
가칭,1
게임방,1
설상가상,1
보더,1
일주문,1
비눗방울,1
망원경,1
태양광,1
정권,1
분출,1
고래사냥,1
비법,1
로마,1
후손,1
푸른빛,1
택리지,1
한계선,1
보우,1
무비,1
부위,1
이용기,1
자신감,1
요로,1
부상,1
유봉,1
소년,1
타투,1
거봉,1
주창,1
리그,1
총무,1
촛불,1
모르나,1
삼림,1
부른다,1
스도,1
단돈,1
가을날,1
신간,1
새송이,1
철로,1
중화요리,1
합성,1
하교,1
말라가,1
막내딸,1
왕생,1
족적,1
지각,1
조보아,1
마요네즈,1
신달자,1
그저께,1
조베,1
매봉산,1
독창,1
수지,1
걸작,1
지루함,1
신분증,1
환호,1
변동,1
명란젓,1
등의,1
흰둥이,1
귀동냥,1
분분,1
와이드,1
정봉,1
무어,1
싸인,1
이모저모,1
장판,1
화도,1
지자,1
빤짝이,1
추신,1
반정,1
트레이닝,1
은둔자,1
잘 먹었습니다,1
토종,1
소다,1
산악회,1
시초,1
야야,1
세척,1
천수경,1
물통,1
킹메이커,1
고집,1
원조,1
수호지,1
그랑,1
영조실록,1
줄행랑,1
투자수익률,1
10원,1
카피,1
드레스,1
하의,1
시장통,1
일본인,1
데코나,1
개인의 취향,1
월등,1
약자,1
꽃말,1
이삿짐,1
매생이,1
등급,1
돌산,1
날인,1
충절,1
얼라이브,1
경대,1
린단,1
꿈결,1
린네,1
아너,1
선산,1
신문지,1
신구,1
눈총,1
강원여객,1
저니,1
체질,1
아메리칸,1
신우,1
아카시아,1
유사,1
의뢰,1
치아,1
결혼식,1
장터,1
다크,1
스틱,1
사슴벌레,1
진사,1
앞길,1
혼쭐,1
유해,1
시골집,1
안막,1
갈색,1
연륜,1
가옥,1
다이아몬드,1
그레,1
파만,1
기사도,1
덕산,1
환대,1
일밤,1
인드라,1
땅덩어리,1
통째,1
날밤,1
맹구,1
골목길,1
요염,1
순경,1
관찰사,1
퇴색,1
정오,1
셰이크,1
끈기,1
41년,1
김경미,1
구가 군,1
험비,1
제거,1
이웃집,1
만도,1
조말,1
키우시,1
처갓집,1
공정,1
슬픈 추억,1
정유,1
함박,1
협회,1
복근,1
가짜,1
팀원,1
사발,1
분홍색,1
세븐일레븐,1
리보,1
도다리,1
지용,1
화단,1
서적,1
대동여지도,1
미용,1
오해,1
1/3,1
멜로디,1
강원도민일보,1
맨발,1
등짝,1
요술,1
등기,1
눈요기,1
역상,1
실파,1
서울까지,1
주도,1
시리,1
주저,1
인제스피디움,1
비트,1
귀염둥이,1
옥이,1
이사진,1
해군,1
돌격,1
아미,1
캡처,1
끼리,1
비극,1
난분,1
수익률,1
논공행상,1
부과,1
매입,1
스커트,1
여동생,1
광복절,1
폭풍우,1
심사숙고,1
구박,1
좌선,1
요시,1
자각,1
한강,1
자본,1
소수,1
쾌감,1
로기상,1
서방,1
디스,1
구두,1
차마,1
세대,1
송천,1
제비집,1
속도감,1
깁스,1
년차,1
목책,1
서보,1
리좀,1
외옹치항,1
위키백과,1
이 섬,1
포도밭,1
쿠쿠,1
연시,1
윤회,1
조방,1
풍동,1
대기실,1
고여,1
정암리,1
재정,1
신호,1
긴장감,1
개인사,1
오이도,1
리스크,1
출판,1
단풍나무,1
정석,1
전어,1
선착장,1
안성,1
꽃잎,1
앵두,1
고래밥,1
허물,1
제정신,1
2월 2일,1
시간제한,1
육상,1
광희,1
한몫,1
불만,1
바이트,1
솔잎,1
조선일보,1
낚시대,1
그리스,1
해마,1
욕설,1
스케이트,1
시범,1
소재지,1
직행,1
시바,1
액땜,1
능이버섯,1
차주,1
피와,1
레시,1
취약점,1
생명체,1
유니콘,1
궁금타,1
다루,1
그래퍼,1
좋아해줘,1
미금역,1
영자,1
배로,1
만회,1
공룡,1
누룽지,1
리피,1
귀곡사,1
대님,1
응시,1
이어폰,1
화나,1
국그릇,1
힘겨루기,1
어떡하지,1
면상,1
장아찌,1
패스트,1
후진항,1
슬기,1
청학동,1
혈맥,1
억측,1
편입,1
현대,1
츄츄,1
탈탈,1
달 호,1
정책,1
코스모스,1
테마파크,1
콩순이,1
왜가리,1
래시,1
빨랫줄,1
인척,1
레츠고,1
충족,1
번화,1
보석,1
무안,1
기물,1
미미,1
적개심,1
서프라이즈,1
출원,1
보드카,1
계급,1
6월 23일,1
분실,1
형광,1
폐업,1
세탁실,1
암반수,1
타임즈,1
일부분,1
소양,1
다낭,1
시행,1
백조,1
가습기,1
야드,1
보스,1
낼모레,1
스웨터,1
식비,1
연세,1
천수,1
초여름,1
호조,1
오마,1
출장소,1
새벽 1시,1
공략,1
왕권,1
경악,1
관점,1
자몽,1
머리칼,1
애자,1
만물상,1
기적을,1
능선,1
석사,1
청도,1
면모,1
일조,1
바다에 가면,1
슈도,1
진보면,1
칩거,1
보신,1
슈가,1
지분,1
인생살이,1
착상,1
몸무게,1
차선책,1
경전,1
표구,1
모래알,1
맛대가리,1
늦가을,1
물체,1
유치원,1
전송,1
서지,1
올림,1
6시 내고향,1
아가씨,1
서시,1
감당,1
성취감,1
사진첩,1
다반사,1
DF,1
몸짓,1
지역주의,1
화려한 변신,1
장려,1
이해인,1
호스트,1
스릴러,1
평택,1
자지,1
병천,1
퍼센트,1
식후,1
지구본,1
민성,1
열대 과일,1
미비,1
벨기에 와플,1
학급,1
밀도,1
레이 양,1
5월 24일,1
시체,1
거진,1
위력,1
프리덤,1
인내심,1
급진,1
제이슨 본,1
번화가,1
협조,1
사또,1
호미곶,1
소모,1
선발대,1
우어,1
초원,1
외국어,1
노예,1
풍속,1
열쇠,1
남포동,1
관음사,1
경종,1
가슴팍,1
고비,1
산천어,1
마크,1
일쑤,1
둔치,1
눈초리,1
돌파,1
드로잉,1
삼천,1
진열,1
깃발,1
증차,1
자회사,1
반 짱,1
성경,1
산발,1
6월 25일,1
통조림,1
코스트코,1
대녀,1
부다,1
에스컬레이터,1
변한,1
신부,1
중생,1
영지,1
울타리,1
방갈로,1
개정,1
괴롭힘,1
앞부분,1
덩이,1
춘자,1
홀린,1
비의,1
말경,1
이맘때,1
천시,1
마녀,1
선교장,1
단조,1
일정량,1
코기,1
은근,1
사나이,1
휴식 시간,1
소금기,1
벌초,1
일념,1
유리문,1
그쯤,1
남과 북,1
안배,1
맥심,1
이윤,1
기획,1
양현,1
컬렉션,1
그리워,1
차창,1
거사,1
프런트,1
KM,1
허풍,1
봉양,1
면허,1
단벌,1
재능기부,1
무량,1
청평,1
홍법,1
치익,1
창안,1
가을철,1
기린,1
아프리카,1
대우건설,1
우사,1
원망,1
열흘,1
캘리포니아,1
절반,1
무한궤도,1
타령,1
성묘,1
거두,1
어미,1
녹음,1
급수,1
직장,1
해보면,1
예진,1
고목,1
문진,1
풍물,1
음풍농월,1
사내,1
기틀,1
농가,1
에프킬라,1
풍화,1
명인,1
알레르기,1
저격,1
허탕,1
강일 나들목,1
발버둥,1
엄선,1
궁예,1
생맥주,1
확장,1
페스트,1
폴대,1
정 때문에,1
말기,1
학정,1
공비,1
경제,1
눈살,1
찬물,1
신묘,1
일어,1
자선,1
기후,1
워너,1
공복,1
배추김치,1
약과,1
슬로우 비디오,1
공통점,1
오산리,1
순간순간,1
성일,1
비행선,1
깡통,1
로스,1
3구,1
우선순위,1
동력,1
뒷북,1
본론,1
대상지,1
홍천읍,1
훈제,1
뷰파인더,1
극한,1
학식,1
오빠와 나,1
사무직,1
증후군,1
조각공원,1
가이델,1
마을버스,1
따개,1
왜건,1
숨길,1
깍두기,1
독야청청,1
혹자,1
착오,1
카페인 중독,1
노가다,1
물기,1
깜짝쇼,1
복전,1
기별,1
길옆,1
반공,1
기부,1
랜드로버,1
주축,1
업계,1
밥그릇,1
오뎅,1
오늘밤,1
성애,1
현관문,1
바버,1
식물,1
제사,1
퓨저,1
참가자,1
강릉시외버스터미널,1
내친김,1
명륜당,1
권력,1
콘셉트,1
역경,1
웨이브,1
활엽수,1
19,1
무덤,1
가동,1
스튜디오,1
뮤지,1
개나리,1
미스터리,1
네네,1
컬리,1
응어리,1
텔레비전,1
씨름,1
비틀,1
동서식품,1
대통령,1
한식,1
입자,1
콩과,1
양 현,1
한발,1
갤럭시,1
적실,1
하마,1
성씨,1
애수,1
양조,1
옥수,1
베베,1
명함,1
엉망,1
향수,1
가랑비,1
가을동화,1
장하,1
치기,1
신동면,1
통섭,1
숙취,1
보고 또 보고,1
자정,1
누님,1
스토리텔링,1
둥가,1
사드,1
정언,1
용어,1
분당,1
고기구,1
스크랩,1
두절,1
상실감,1
둘이,1
이탈리아 남부,1
가무,1
영월,1
안전사고,1
백두,1
소절,1
경상,1
장모,1
만족도,1
이야기꽃,1
서부,1
성대모사,1
1월 15일,1
낙산사홍련암,1
건배,1
구애,1
승화,1
대략,1
템플스테이,1
달려와,1
부채꼴,1
포항,1
만약,1
자게,1
셀러,1
애비뉴,1
신도,1
비인,1
페더,1
구슬,1
티에,1
바진,1
먹성,1
차림표,1
카페테리아,1
체증,1
지평,1
유중,1
노상,1
베트남,1
유니크,1
화이트 크리스마스,1
사열,1
하늘이,1
에콰도르,1
버드와이저,1
홀라당,1
행방,1
화가,1
서문,1
체육관,1
선장,1
캘리그래피,1
준비운동,1
.ng,1
사수,1
굿모닝,1
관리실,1
반죽,1
뒤통수,1
모터,1
최선,1
대일,1
강상,1
사쿠라,1
퀴즈,1
테이,1
산미,1
이감,1
융기,1
질도,1
독주,1
김밥,1
분대,1
증수,1
보상,1
모터스,1
차차,1
음성,1
고리,1
북리,1
친척,1
자본주의,1
스넥,1
소만,1
가상현실,1
정처,1
생물,1
장맛,1
흉내,1
크루즈,1
살아생전,1
필드,1
겉보기,1
촉진,1
앞줄,1
고결,1
하반기,1
경제육전,1
핑계,1
주책,1
능력자,1
어묵,1
단테,1
장애물,1
나가야,1
전수,1
야영지,1
길거리,1
라이드,1
우시,1
광주원주고속도로,1
인덕,1
이영자,1
냉동식품,1
트롤,1
꽁무니,1
아라,1
무법자,1
성립,1
치비,1
쟁반,1
신라도,1
S7,1
하행선,1
곰팡이,1
공포감,1
라이언,1
렌트카,1
네이버 클라우드,1
크릭,1
책갈피,1
점포,1
파진,1
첫차,1
나마,1
담당자,1
지유,1
차기,1
은비령,1
차영,1
정력,1
흑백,1
고마움,1
젤리,1
배드민턴,1
가바,1
티맵,1
전이,1
푸지,1
산불,1
크로아티아,1
수구레국밥,1
미스코리아,1
사려,1
동치미,1
식목일,1
소맥,1
함성,1
돌변,1
북면,1
소자,1
기획자,1
권해,1
김민규,1
사절,1
농지,1
경영,1
배낭,1
반응,1
리가,1
별따기,1
목련,1
재물,1
여의도,1
이나 정,1
경보,1
포기자,1
링링,1
월트,1
경지,1
교통비,1
칼날,1
시로,1
착공,1
전라남도,1
원지,1
피난길,1
사문,1
진부,1
육박,1
후예,1
처분,1
거주,1
어획,1
청국장,1
8월 19일,1
프레스,1
반증,1
더덕,1
정경,1
합리,1
복판,1
왕문,1
날자,1
진주,1
다신,1
산업,1
의기투합,1
장호,1
10월 10일,1
짝꿍,1
섭이,1
이엘,1
판도라,1
연못,1
프레셔스,1
머스캣,1
단기간,1
샘플러,1
이유식,1
친정아버지,1
랜턴,1
한글,1
안전교육,1
경쟁,1
공중화장실,1
안제,1
배짱,1
논길,1
출산,1
나무숲,1
불우,1
승객,1
황금빛,1
풀섶,1
용장,1
조장혁,1
이순신,1
운전사,1
대세,1
무김치,1
훈련장,1
최후,1
가미,1
연포탕,1
롯데,1
강화도,1
탐사,1
군사분계선,1
조정화,1
사라,1
외할머니,1
일수,1
유가,1
화병,1
단편소설,1
7월 24일,1
생로,1
병풍,1
이점,1
수미,1
경기,1
나시,1
요가,1
티타임,1
러시,1
장치,1
대식,1
9월 13일,1
특공대,1
외직,1
인트,1
프랑스,1
소용돌이,1
다방,1
안함,1
코펠,1
기념품점,1
송파,1
트라니,1
고려인,1
부속,1
카페나,1
저주,1
오공,1
진단,1
미르,1
이동한,1
만화,1
현혹,1
본점,1
종사,1
손석희,1
움직임,1
동치,1
일요,1
노트,1
시냇물,1
좌대,1
상원,1
손주,1
확신,1
요약,1
요장,1
여가,1
연곡면,1
설렁탕,1
콜리,1
중화,1
세월호,1
백호,1
트램폴린,1
동양화,1
정자동,1
성준이,1
금요,1
알프스,1
유부,1
스피커,1
유례,1
고을,1
이기주의,1
잠수함,1
게으름,1
소두,1
오빠야,1
가세,1
NO,1
회장,1
예측,1
종교인,1
43년,1
셔틀버스,1
대청마루,1
후세,1
가리비,1
소랑도,1
관절,1
현존,1
족족,1
목발,1
자유형,1
여명의 눈동자,1
질문,1
용소,1
익스,1
가위,1
나폴리,1
벙커,1
프렌드,1
산부인과,1
주성치,1
버디,1
사무소,1
러버,1
불감증,1
술상,1
안다,1
태교,1
전복죽,1
이반,1
이인임,1
4년,1
와플,1
민속주,1
타조,1
인력,1
냉장,1
관동팔경,1
활기,1
예비,1
액수,1
고성군,1
트위스트,1
착시,1
정시,1
신선도,1
상왕,1
물웅덩이,1
구룡령로,1
균형발전,1
세진,1
징역,1
당연,1
치세,1
유흥,1
재난 영화,1
한양,1
다량,1
열풍,1
실로암,1
개중,1
대설주의보,1
페퍼,1
막대기,1
이익,1
연면적,1
강일,1
궁극,1
만리포,1
단양팔경,1
땅콩,1
디지털,1
뗏목,1
장한,1
정준하,1
소양강댐,1
산채,1
연륙교,1
네온사인,1
0시,1
미도,1
표지,1
일탈,1
화력,1
자유로,1
지천,1
붕어빵,1
성품,1
소 우,1
점수,1
폴리니,1
고랭지,1
강가,1
락스,1
금가면,1
리즈,1
2015년,1
박정,1
신라면,1
튤립,1
엑스 마키나,1
당구,1
조니,1
위풍,1
크리에이티브,1
산딸기,1
이찬,1
차단,1
라마다,1
개구리,1
의무,1
덴주,1
메이스,1
올림픽공원,1
성남,1
99년,1
패티,1
나신,1
남향,1
스모,1
고택,1
무한도전,1
접수대,1
살균,1
해시태그,1
가래,1
답인,1
포승읍,1
고르고,1
소율,1
포스트,1
뜨리,1
평방미터,1
모노레일,1
배치표,1
어린이집,1
무기,1
송시열,1
카키,1
배반,1
일러스트,1
밀물,1
해탈,1
허무,1
도안,1
묵도,1
분식,1
저항,1
근해,1
해국,1
잡이,1
삼봉,1
개관,1
금방,1
포르쉐,1
공현,1
자동차 경주,1
살구,1
여주인공,1
F4,1
사진기,1
범죄도시,1
계약,1
소매,1
왜곡,1
시월,1
평창군,1
좌회전,1
태극기,1
직후,1
사회인,1
달팽이,1
긍정,1
시행착오,1
조성하,1
유추,1
시늉,1
보호 지역,1
부양,1
동부그룹,1
블룸,1
아는 형님,1
어스,1
남대문시장,1
플랫 화이트,1
상직,1
필수품,1
황홀감,1
상민,1
탐방객,1
올레,1
시부,1
과학,1
크루아상,1
저위,1
식량,1
일대일,1
국외,1
이순원,1
박만,1
조롱,1
중도,1
패러글라이딩,1
원통형,1
토지개혁,1
데일리,1
편식,1
UN,1
황홀,1
휘파람새,1
스냅백,1
대천,1
세트라,1
자와 해,1
마른오징어,1
왕귀뚜라미,1
성우,1
계란찜,1
의정부,1
구포,1
담배꽁초,1
원추리,1
전풍,1
최영,1
농촌,1
아랫동네,1
스쿠터,1
천사,1
대란,1
추석날,1
남양주시,1
지엔,1
모도,1
장특,1
명사십리,1
추노,1
플라이,1
기름기,1
벤취,1
재건축,1
미끼,1
웃음꽃,1
박해,1
도루묵,1
활약,1
예능,1
뱃사람,1
왕인,1
저먼,1
수련,1
직감,1
실종,1
매진,1
티끌,1
군소,1
글로리,1
티브이,1
변방,1
풍랑,1
모바일,1
거덜,1
삼치,1
헤비급,1
육아,1
노바,1
입금,1
클린,1
초당,1
최적화,1
수현,1
봉황,1
김나영,1
B&B,1
하사,1
외풍,1
별점,1
독감,1
설악동,1
겉옷,1
왕발,1
실타래,1
대진,1
집기,1
행차,1
습지,1
여주,1
7월 13일,1
주특기,1
11월 18일,1
호선,1
평안,1
멕시칸,1
동편,1
양양고속시외버스터미널,1
의왕,1
탕아,1
군데군데,1
제자리,1
구조도,1
국산,1
현기증,1
그지,1
쐬주,1
점성,1
대대로,1
관할,1
장항,1
놀이감,1
자매결연,1
시드니,1
종량제,1
고드름,1
가수,1
양관,1
캐모마일,1
목숨,1
컨트롤,1
이 역,1
셰프,1
요란,1
시추,1
일주,1
너에게,1
각수,1
간밤,1
갯마을,1
부사,1
토종닭,1
학문,1
금고,1
이스라,1
호미로,1
평형,1
철새,1
플리,1
첩첩산중,1
오산리선사유적박물관,1
클로즈,1
화천,1
탐구생활,1
부호,1
대리석,1
기백,1
대성문,1
모션,1
의령,1
보리수,1
체험기,1
입가심,1
입덧,1
현한,1
기슭,1
외투,1
가출,1
감과,1
옷장,1
머리털,1
유실,1
화장품,1
바우,1
버크셔 해서웨이,1
축소,1
대우,1
구민,1
동창생,1
날마다 행복해,1
용해,1
영리,1
푸드점,1
석가,1
수라상,1
장군,1
사냥,1
1700년대,1
토트백,1
복사,1
스트롱,1
부진,1
수면,1
상처,1
이그,1
실용,1
크런치,1
받침,1
망둥이,1
위용,1
국고,1
선의,1
사다,1
월남쌈,1
꼭지,1
관측자,1
마사토,1
측근,1
조선 영조,1
왕자,1
생식,1
조종,1
수줍음,1
수질,1
비타민 C,1
그룹,1
귀차니즘,1
환장,1
전각,1
대자,1
나사,1
특혜,1
낙상,1
쓰레기봉투,1
원본,1
산성,1
에드,1
짠물,1
교감,1
북해,1
쩔어,1
몰두,1
화두,1
태풍 다나스,1
아구찜,1
주진,1
입동,1
개소,1
램프,1
쌍둥이,1
여인,1
벼랑,1
루가,1
공연장,1
중반,1
낭떠러지,1
가을 여자,1
베드로,1
외갓집,1
불교문화,1
동원,1
가위바위보,1
야시장,1
필리핀,1
동태,1
각양각색,1
필라,1
파래,1
머루,1
.do,1
인프라,1
치도,1
소이,1
모범,1
화관,1
남자들,1
도식,1
동북아시아,1
혼잣말,1
몸통,1
나날,1
설계,1
허탈,1
현덕,1
바탕,1
강림,1
프리미엄,1
온종일,1
단백질,1
방침,1
갈대숲,1
하와이안 피자,1
광주,1
상판,1
사명감,1
당진,1
저마,1
콜롬비아,1
화답,1
이별,1
보헤미안,1
미와,1
터키,1
연맹,1
수라도,1
주상절리,1
위방,1
초등학생,1
응달,1
대니,1
발사,1
반감,1
냉수,1
하디,1
편집,1
연예인,1
대구탕,1
공공시설,1
서술,1
김정호,1
벤치마킹,1
손사래,1
대학,1
민심,1
아이젠,1
작고,1
여준,1
다나,1
사하,1
청량,1
6월 12일,1
보아,1
브룩,1
소주잔,1
처마,1
줌렌즈,1
봉분,1
남여,1
15,1
우프,1
축소판,1
임대,1
유행어,1
연동,1
중천,1
시 구,1
돌잔치,1
쿨러,1
여름날,1
오월,1
속사,1
산토리,1
나보이,1
26,1
더 간,1
본연,1
만년필,1
관람료,1
연리지,1
관여,1
최단,1
신창,1
호상,1
노폭,1
그랜저,1
버티고,1
별빛,1
모집,1
우리말,1
정거장,1
신해,1
박살,1
향토음식,1
월리,1
민아,1
점심때,1
등외,1
케나,1
서바이벌,1
길 위에서,1
영조,1
보리밭,1
허가증,1
한섬,1
전선,1
갖가지,1
참관,1
늑장,1
모과차,1
면민,1
몇일,1
취기,1
후사,1
