word,counted
바다,259
비치,250
여행,241
맛집,208
낚시,207
손양면,190
체험,187
수산,173
횟집,166
요트,163
가자미,155
속초,150
가족,143
전화,135
처음,132
추천,130
동해,128
거리,124
근처,120
문어,114
동해안,114
지도,111
마을,111
가격,106
보기,105
배낚시,103
요즘,96
모습,96
조개,95
날씨,94
항구,93
어촌,92
여름,92
아이들,91
해변,89
방파제,88
준비,87
음식,87
낙산,85
예약,85
수산리,85
보니,84
국물,83
투명,79
친구,79
기본,79
사실,78
느낌,77
카누,77
방문,76
선상,76
자리,74
마리나,74
바람,74
오후,74
식당,74
만원,74
반찬,73
바다낚시,73
식사,73
마리,72
추억,71
장소,71
주변,70
주말,70
낙산사,69
구경,69
이용,68
가지,67
운영,67
이랑,67
최고,67
손님,67
점심,67
파도,66
해수욕장,66
밑반찬,66
매운탕,66
고기,65
한곳,64
출발,64
복전,64
서울,63
연산,62
리조트,62
검색,61
사장,61
오징어,61
강릉,61
입구,59
관심,58
오전,57
완전,57
추가,57
공기,57
제가,57
마음,57
마지막,56
코스,55
아이,55
테이블,53
승선,53
기대,53
해산물,53
스팅,52
생선,52
개인,52
숙소,52
이름,52
안녕하세요,51
안전,51
기분,51
바닷가,51
포인트,51
걱정,51
어선,50
조대,50
다래,50
고민,50
보트,49
휴가,49
아래,48
양이,47
.com,47
소개,47
전문,47
참고,47
지역,47
등대,46
지금,46
낙산해수욕장,46
칼국수,46
대박,46
인근,46
만족,46
대게,45
분이,45
풍경,45
물고기,45
원래,45
제일,45
캠핑,44
자연,44
한잔,44
저장,44
폴더,43
새우,43
이동,43
구이,43
그런지,43
대표,42
단체,42
사이,42
연인,42
미끼,42
사용,42
무료,41
인기,41
하루,41
안쪽,41
엄마,41
서핑,41
필요,41
조금,40
여름휴가,40
친절,40
중간,40
전망대,39
하늘,39
진호,39
예전,39
우럭,39
요리,39
해녀,39
주차장,39
그릇,38
사리,38
부추,38
가게,38
.kr,38
동호,37
볼거리,37
계획,37
고속도로,37
손맛,37
활어,37
설악산,37
산책,37
모듬,37
이건,37
사랑,37
여유,37
만큼,37
먹거리,36
얼마,36
재료,36
선택,36
정박,36
소리,36
비누,35
입맛,35
해양,35
분위기,35
행복,35
주차,35
새벽,35
재미,35
시장,34
문의,34
이예,34
7월,34
오랜만,34
축제,34
안내,34
미역,34
멍게,33
시설,33
전복,33
감사,33
여행지,33
낙산항,33
바위,33
선장,33
크기,33
광어,33
동호리,32
동네,32
이유,32
등등,32
야채,32
가을,32
겨울,32
포장,31
내부,31
선사,31
초보,31
후기,31
낚시대,31
소면,31
차로,31
이제,31
3분,31
강원,31
수요일,31
해초,30
호텔,30
마무리,30
동안,30
대명,30
이야기,30
커피,30
기억,30
나중,30
회로,29
관광객,29
토종,29
나름,29
남애항,29
필수,29
채비,28
참가자,28
홍합,28
해삼,28
건물,28
대포항,28
복무,28
관광,28
손질,28
블로그,28
프로그램,28
발견,28
요금,28
출조,28
라면,27
어항,27
비교,27
이서,27
혼자,27
해장,27
어른,27
타임,27
오토,27
한참,27
전문점,27
소주,27
확인,27
다음날,27
골든,27
앞바다,26
각종,26
서비스,26
일반,26
대구,26
10분,26
8월,26
피싱,26
주소,26
오시,26
작년,26
행사,26
아빠,26
양양가,25
메인,25
경험,25
종류,25
힐링,25
육수,25
평일,25
아들,25
매력,25
일출,25
오산,25
봉수,25
화장실,24
최대,24
미역국,24
전경,24
기가,24
바닥,24
진행,24
커플,24
여성,24
부부,24
자체,24
방법,24
휴게,24
결정,24
말씀,24
규모,24
제공,24
공간,24
일요일,24
클럽,23
일정,23
조황,23
인분,23
탕이,23
설명,23
물치항,23
튀김,23
푸른,23
고고,23
주문진,23
회랑,23
영상,23
유적,23
내항,22
최신,22
고등어,22
오른쪽,22
생활,22
김치,22
부분,22
사이즈,22
네이버,22
방송,22
구름,22
한식대첩,22
일품,22
모양,22
하우스,22
브레이크,22
무침,22
포함,22
운전,22
2시,22
전국,22
정보,22
양념,22
숙박,22
조사,21
레저,21
인지,21
얼굴,21
대한민국,21
제철,21
-1,21
실수,21
이선장,21
오픈,21
남은,21
전날,20
모임,20
방향,20
래미,20
상태,20
도전,20
소라,20
주인,20
위험,20
녀석,20
국내,20
경우,20
출항,20
미항,20
회의,20
상황,20
판매,20
버섯,20
장비,20
입질,20
가시,20
모두,20
젓갈,20
영업시간,20
비주얼,20
야외,19
송이,19
접시,19
이색,19
기회,19
조림,19
6월,19
매콤,19
그때,19
시즌,19
그중,19
하기,19
지인,19
국수,19
남편,19
편의점,19
이것저것,19
고추장,19
대기,19
비용,19
이후,19
등장,19
맥주,19
구입,19
지정,19
도로,19
설치,19
바닷물,18
멸치,18
정리,18
인증,18
진짜,18
대부분,18
감상,18
간판,18
바로,18
해안,18
카페,18
바늘,18
죽도,18
5월,18
그림,18
우리나라,18
구명조끼,18
센터,18
이국,18
오신,18
초장,18
한번,18
예정,17
덕분,17
대로,17
일행,17
대신,17
실망,17
편안,17
얘기,17
소원,17
단위,17
소나무,17
한눈,17
양도,17
바지락,17
영자,17
건지,17
전진,17
씨알,17
가루,17
휴가철,17
문제,17
분도,17
통발,17
언니,17
남녀노소,17
여기저기,17
옛날,16
수도,16
해서,16
계절,16
수족관,16
평소,16
안보,16
이웃,16
순간,16
연락,16
서해,16
솔밭,16
인당,16
전망,16
해물,16
바닷바람,16
작업,16
꽁치,16
수제비,16
철수,16
왼쪽,16
인원,16
명소,16
주시,16
현장,16
조심,16
내일,16
당일,16
즐거움,16
더위,16
픽업,15
아쉬움,15
피곤,15
다행,15
캠핑장,15
10월,15
결과,15
외항,15
이신,15
수상,15
고요,15
도루묵,15
별미,15
음식점,15
고향,15
후회,15
정말,15
비쥬,15
사고,15
맞이,15
소스,15
포기,15
영업,15
동생,15
먹방,15
꿀맛,15
카약,15
볶음,15
초보자,15
좋아서,15
투어,15
산길,15
해주시,15
순대,15
직원,14
복도,14
인승,14
관광지,14
잡기,14
맛나,14
갈매기,14
속도,14
조성,14
커서,14
대회,14
어르신,14
요건,14
동시,14
절대,14
아저씨,14
회덮밥,14
공사,14
남자,14
촬영,14
고성,14
삼치,14
자랑,14
유명,14
주민,14
체크인,14
부모,14
개통,14
간장,14
부족,14
국가,14
한쪽,14
머리,14
완성,14
목적지,14
파란,14
부탁,14
국도,14
스노클링,13
횟감,13
휴식,13
보드,13
생수,13
북쪽,13
가자,13
그동안,13
예상,13
경력,13
건강,13
약간,13
냄새,13
한번쯤,13
토요일,13
소요,13
목적,13
천원,13
발길,13
시골,13
양식,13
군데,13
정상,13
영양,13
흥미,13
사서,13
식구,13
와이프,13
연어,13
어린이,13
해먹,13
마트,13
마련,13
시원,13
니다,13
옥수수,13
외옹치항,13
의자,13
조과,13
경치,13
도다리,13
어종,13
불편,13
기간,13
남대천,13
대여,13
밥상,13
1박 2일,13
리필,13
이때,13
파티,13
할인,13
닭강정,13
첫날,13
연휴,13
골뱅이,13
채취,12
햇빛,12
조화,12
연결,12
성수기,12
서울로,12
어제,12
공원,12
고생,12
바닷속,12
마감,12
취향,12
텐트,12
노래,12
류장,12
화요일,12
햇살,12
가면,12
정신,12
초밥,12
인상,12
흡입,12
우왕,12
안심,12
감탄,12
가족캠프,12
활동,12
메탈,12
박해,12
아주머니,12
속초시,12
만점,12
운동,12
인구,12
하면,12
시대,12
여자,12
포구,12
소문,12
밀가루,12
막국수,12
요청,12
레포츠,12
기념,12
주방,12
피로,12
내음,12
버스,12
테트라,12
두께,12
젓가락,12
전통,12
인생,12
계곡,11
진심,11
관계,11
선물,11
한입,11
월요일,11
동산항,11
동영상,11
약속,11
와서,11
한국,11
이다,11
신청,11
간만,11
해결,11
곳도,11
물속,11
가요,11
인사,11
자극,11
배타,11
변경,11
하나로,11
장이,11
노력,11
나무,11
이전,11
기록,11
현지,11
신랑,11
배경,11
나이,11
실내,11
인정,11
무리,11
선착장,11
가능,11
금요일,11
전체,11
원투,11
에선,11
환영,11
이모,11
쉼터,11
미세먼지,11
감칠맛,11
기사,11
안주,11
이정,11
물놀이,11
계속,11
오빠,11
외관,11
불가사리,11
계단,11
현지인,11
아내,11
마늘,11
가도,11
인가,11
지방,11
포토,11
-5,11
지로,11
차량,11
남쪽,11
기술,11
구역,10
길이,10
세상,10
출연,10
포트,10
개최,10
사전,10
감자,10
세트,10
회원,10
신경,10
엑스포,10
도둑,10
인용,10
호박,10
호로,10
아이스박스,10
로만,10
성비,10
두꺼비,10
동쪽,10
기사문항,10
종일,10
그늘,10
좌측,10
지난번,10
참가,10
무한,10
로드,10
전용,10
수준,10
스타일,10
보그,10
치즈,10
아니,10
인테리어,10
바퀴,10
태양,10
아기,10
양양연어축제,10
택시,10
간식,10
중인,10
번지,10
대형,10
라인,10
공항,10
비빔밥,10
신분,10
치킨,10
이집,10
그날,10
모래,10
의미,10
최선,10
카드,10
오산리,10
시기,10
어초,10
음료수,10
복어,10
기름,10
산마을,10
한편,10
새끼,10
요기,10
인구항,10
레이스,10
당일치기,10
차이,10
아무것,10
낚시터,10
하나,10
생명,9
박스,9
구성,9
노을,9
예술,9
사업,9
특징,9
어묵,9
육지,9
유일,9
신발,9
대가,9
폭풍,9
난리,9
자유,9
아시,9
수면,9
황어,9
시내,9
.net,9
박물관,9
정비,9
덩어리,9
적극,9
서서,9
얼음,9
정식,9
미래,9
출처,9
성공,9
조선,9
어부들,9
카메라,9
시간대,9
특유,9
조각,9
리어,9
환상,9
상상,9
링크,9
오색,9
숟가락,9
점심시간,9
캐스팅,9
아버지,9
고급,9
풍광,9
노릇,9
당황,9
우미,9
안정,9
수심,9
금지,9
인천,9
영화,9
개방,9
이면,9
껍질,9
지만,9
설악,9
취미,9
무늬,9
된장,9
현북면,9
주관,9
내용,9
아이와,9
연인들,9
전동,9
전화번호,9
동해대로,9
드릴,9
만끽,9
작정,9
시가,9
교육,9
포즈,9
평화,9
기능,9
부산,9
완공,9
휴양지,9
동호해수욕장,9
식혜,9
내년,9
가량,9
보통,9
소진,8
데이트,8
기자,8
부담,8
음악,8
드라이브,8
앞쪽,8
베이스,8
음주,8
어촌계,8
성인,8
섭이,8
운치,8
며칠,8
보이,8
곳곳,8
에어컨,8
지그,8
세일링,8
초가,8
고장,8
조합,8
광정리,8
호수,8
등산,8
일주일,8
장사,8
대비,8
아우,8
반죽,8
군사,8
프로,8
나들이,8
노후,8
유지,8
계란,8
식목일,8
너울,8
초대,8
스타,8
한여름,8
어구,8
도시,8
진입,8
시절,8
놀이,8
패스,8
비도,8
와도,8
샤워,8
마린,8
가슴,8
터미널,8
제주도,8
강현면,8
돌아오는 길,8
일기,8
기전,8
가야,8
자신,8
요새,8
양은,8
발전,8
집중,8
9월,8
음료,8
다운,8
기타,8
시반,8
윤기,8
사가,8
생태,8
역사,8
미터,8
정원,8
막걸리,8
터널,8
4월,8
도구,8
게스트하우스,8
어업,8
스포츠,8
태풍,8
탑승,8
전복죽,8
인터넷,8
배달,8
센스,8
수용,8
일명,8
해장국,8
만해,8
여분,8
역할,8
상담,8
해진,7
여행객,7
보관,7
대청봉,7
정자,7
경제,7
튜브,7
전갱이,7
낚싯대,7
서해안,7
여름철,7
수리,7
장면,7
수산물,7
스페셜,7
도면,7
입안,7
고양이,7
걷기,7
누룽지,7
객실,7
불가,7
.co,7
연날리기,7
여러분,7
단어,7
장난,7
동명,7
선생님,7
위주,7
과거,7
거점,7
미니,7
엔진,7
양식장,7
회사,7
삼겹살,7
외부,7
주인공,7
기대감,7
리더,7
의사,7
구분,7
한계령,7
소식,7
년대,7
이해,7
불빛,7
멀미,7
형태,7
군청,7
북적,7
상차림,7
낭만,7
영동,7
주의,7
지기,7
외국,7
금강산,7
준비물,7
구매,7
부침개,7
금액,7
차례,7
가까이,7
상추,7
숭어,7
진리,7
핸드폰,7
믿음,7
강습,7
도미,7
만족도,7
우측,7
가구,7
대상,7
살얼음,7
뚝배기,7
건조,7
무지,7
전형,7
한가지,7
어머니,7
가운데,7
양파,7
다리,7
박장,7
양양읍,7
의상대,7
순식간,7
동반,7
세번,7
유명한,7
편리,7
장용,7
베스트,7
12월,7
완벽,7
안나,7
응원,7
셀프,7
홈페이지,7
오산리선사유적박물관,7
배로,7
학교,7
한옥,7
한때,7
고추,7
계산,7
잘 먹었습니다,7
묘미,7
11월,7
유래,7
좋은 날,7
실패,7
상당,7
안성맞춤,7
정해진,7
식후경,7
즉석,7
산이,7
길가,7
고대,7
저번,7
사정,7
침대,7
비단,7
문화,7
차원,7
노래미,7
인제,6
주저,6
호가,6
변화,6
절경,6
우선,6
너머,6
이즈,6
이성우,6
이란,6
청정,6
무더위,6
고구마,6
접근,6
수온,6
방생,6
냉장고,6
개발,6
조리,6
경포대,6
머구리,6
피서,6
인간,6
비오,6
중심,6
효과,6
싸움,6
관리,6
테라스,6
계류,6
일상,6
희망,6
취소,6
샐러드,6
최소,6
좌석,6
천국,6
수영,6
전설,6
에어,6
오뎅,6
일시,6
오랫만,6
그물,6
장사항,6
아이스,6
숯불,6
관음,6
인줄,6
목표,6
물이,6
궁합,6
나라,6
해수,6
일부,6
영향,6
경관,6
단맛,6
개월,6
안내판,6
해루,6
절벽,6
일차,6
초입,6
남해,6
모델링,6
볼품,6
팽이버섯,6
제격,6
진한,6
삼척,6
반대편,6
체크,6
식품,6
전면,6
화질,6
코앞,6
와우,6
일자,6
효능,6
양양국제공항,6
임연,6
군부대,6
나머지,6
집의,6
상대로,6
형상,6
쓰레기,6
주인장,6
학생,6
부스,6
주위,6
구독,6
형님,6
사계절,6
수조,6
탐색,6
암자,6
편의,6
지라,6
어부,6
게임,6
주제,6
대물,6
반은,6
방학,6
쇼크,6
지점,6
매장,6
스팟,6
뒤쪽,6
밥집,6
어린아이,6
광고,6
해파랑길,6
프리,6
건너편,6
바라,6
퇴근,6
착용,6
이도,6
평상시,6
앞으로,6
야유회,6
선박,6
원정,6
경사,6
열정,6
세팅,6
양의,6
간도,6
수고,6
기존,6
가정집,6
황금,6
잔해,6
즈음,6
한숨,6
피고,6
골목,6
쌈장,6
생물,6
완료,6
구조,6
카라,6
번호,6
미리,6
연출,6
꼬마,6
오동,6
황태,6
뉴스,6
갯바위,6
파라솔,6
구간,6
컨디션,6
일종,6
사항,6
햄버거,6
선호,6
후에,6
냄비,6
맞은편,6
사발,6
무게,6
불어,6
별도,6
운행,6
비가,6
협회,6
공짜,6
현남면,6
정취,6
강아지,6
실시,6
바깥,6
동산,6
항이,6
표시,6
달고나,6
블로거,5
서빙,5
와중,5
댓글,5
메밀,5
순위,5
나니,5
화이팅,5
통신,5
성격,5
마무,5
미소,5
해지,5
피자,5
하룻밤,5
공감,5
시야,5
전문가,5
민물,5
연예인,5
종료,5
멋쟁이,5
발걸음,5
수령,5
일원,5
자전거,5
눈앞,5
맛깔,5
양푼,5
잠자리,5
서면,5
화면,5
유적지,5
사인,5
제정,5
수영장,5
명단,5
할머니,5
한장,5
해상,5
보고,5
지불,5
낚시인,5
인접,5
하면 된다,5
오천,5
단풍,5
창밖,5
가평,5
계세,5
유일한,5
도움,5
스릴,5
고가,5
양해,5
오니,5
애기,5
송해,5
사모님,5
스테이,5
간다,5
님과 함께,5
마릿수,5
나물,5
코시,5
해수욕,5
초점,5
아지,5
본적,5
주도,5
만석,5
면적,5
스키,5
가리비,5
차지,5
온건,5
연락처,5
폭염,5
비밀,5
평가,5
안녕,5
무렵,5
사찰,5
베이,5
내장,5
싸인,5
스쿠버,5
창문,5
지중해,5
겨울철,5
솜씨,5
입장료,5
전달,5
경찰서,5
가니,5
도시락,5
남성,5
가보,5
마다,5
관찰,5
오기,5
소형,5
마니,5
지마,5
대관령,5
타기,5
감성돔,5
시경,5
선정,5
양회,5
동동,5
우리집,5
밑밥,5
인심,5
3년,5
왕창,5
기로,5
폭발,5
자세,5
라이트,5
가치,5
간의,5
정착,5
통과,5
색깔,5
.at,5
설해,5
레져,5
횃불,5
방지,5
날짜,5
공유,5
동료,5
갯지렁이,5
기쁨,5
사촌,5
부두,5
한수,5
30,5
식해,5
지렁이,5
냉동실,5
연기,5
손가락,5
실제,5
연장,5
오션,5
조업,5
전골,5
일기예보,5
여명,5
명칭,5
물색,5
둥둥,5
여럿,5
폴링,5
바가지,5
식탁,5
부침,5
다이,5
예뻐서,5
작성,5
명태,5
구석구석,5
휴양,5
시각,5
다시마,5
여행기,5
선착순,5
농어,5
과정,5
입장,5
경기,5
이내,5
한대,5
표현,5
마니아,5
집적,5
하나하나,5
백사장,5
연계,5
채널,5
시도,5
천장,5
내외,5
지경,5
선수,5
게도,5
홍게,5
전이,5
사이에서,5
개조,5
1년,5
홍보,5
군가,5
분리,5
풍요,5
주차공간,5
소자,5
참기름,5
과자,5
산책로,5
보고 싶다,5
체크아웃,5
연안,5
도보,5
마구마구,5
방식,5
고려,5
용품,5
피부,5
대접,5
아래쪽,5
순두부,5
지난주,5
3월,5
안녕하십니까,5
상시,5
보호,5
기약,5
스카이,5
마찬가지,5
오이,5
공략,5
대교,5
신호,5
복장,4
회복,4
지원,4
쇼핑,4
상징,4
조차,4
게딱지,4
추진,4
면도,4
투숙객,4
소화,4
6시 내고향,4
관람,4
들꽃,4
맛탕,4
신선,4
여건,4
신이,4
장뇌삼,4
히트,4
사투리,4
수압,4
선후,4
둔치,4
라나,4
개장,4
스파,4
코로나,4
행사장,4
송어,4
극성,4
요정,4
성화,4
어머님,4
별거,4
레이,4
문자,4
운항,4
칭찬,4
개국,4
활용,4
색도,4
소득,4
오산항,4
볼락,4
졸음,4
공신,4
가정,4
모형,4
매운맛,4
후킹,4
기념일,4
참석,4
육상,4
탈수,4
육개장,4
장만,4
남자친구,4
소유,4
상호,4
끼니,4
조형물,4
전시,4
등록,4
인해,4
석양,4
석축,4
꽃게,4
출발지,4
후진항,4
렌즈,4
새해,4
엄지,4
조식,4
자료,4
정암,4
조망,4
향기,4
어망,4
빈티지,4
태공,4
하구,4
바닷,4
상단,4
해풍,4
종이,4
냉면,4
신나,4
이용한,4
한강,4
파란색,4
이하,4
설정,4
어깨,4
딩기,4
전병,4
만인,4
고집,4
오버,4
참여,4
이곳저곳,4
대선,4
국민,4
슬로프,4
눈치,4
소닉,4
종합,4
착각,4
작전,4
불안,4
샤워실,4
제외,4
미술관,4
군침,4
수확,4
하네,4
탁트인,4
정겨운,4
허락,4
우지,4
제도,4
생정보,4
이난,4
버터,4
아이폰,4
기암괴석,4
장터,4
꼬리,4
전어,4
토지,4
리뷰,4
투하,4
없어,4
안목,4
발라,4
사과,4
편집,4
온천,4
2년,4
후배,4
명함,4
멀미약,4
어로,4
배추,4
화대,4
삼매,4
지리,4
흔적,4
유럽,4
회장,4
산도,4
옆쪽,4
하륜,4
경찰,4
월척,4
에도,4
캔커피,4
전분,4
파래,4
크릴,4
쪽빛,4
요령,4
해외,4
이듬해,4
진정,4
쿠키,4
야경,4
150년,4
이구,4
주말여행,4
라이,4
라구,4
복귀,4
환경,4
동해선,4
클릭,4
전반,4
한적,4
광경,4
봉화,4
철이,4
메밀국수,4
장어,4
춘천,4
옥상,4
3월 15일,4
생태계,4
콘도,4
토속,4
씨앗,4
리에,4
부근,4
델피,4
한창,4
처지,4
크림,4
말라,4
스타트,4
마당,4
아무도,4
수정,4
마켓,4
분만,4
기상,4
-2,4
견과,4
칼디,4
구석,4
보유,4
아바이마을,4
슬로,4
절반,4
특색,4
이정표,4
질도,4
공연,4
이미지,4
해주,4
구멍,4
단점,4
와인,4
조명,4
매매,4
초반,4
모델,4
캠프,4
사천,4
식전,4
군인,4
한방,4
손바닥,4
동계,4
이불,4
아나,4
임금,4
항해,4
아가,4
단계,4
비수,4
줄기,4
목장,4
실력,4
벽면,4
육성,4
인치,4
행운,4
노하우,4
두부,4
양지역,4
뒷편,4
방문객,4
서울양양고속도로,4
내용물,4
코야,4
시마노,4
거실,4
닭새우,4
헤드,4
마시기,4
조건,4
확충,4
모자,4
인연,4
합사,4
지식,4
한지,4
컨셉,4
사비,4
장점,4
북면,4
대파,4
나도,4
조류,4
파악,4
직전,4
표정,4
생일,4
해송,4
수도권,4
해보면,4
단배,4
고패,4
위장,4
오세,4
예보,4
함정,4
벤치,4
하트,4
골뱅이 무침,4
활성,4
실감,4
햇볕,4
출근,4
미세,4
골프,4
콩나물,4
두리,4
프라이,4
명당,4
방면,4
채소,4
대진항,4
회한,4
합류,4
정감,4
유튜브,4
부표,4
장인,4
국밥,4
갈비,4
과장,4
수평선,4
뿌리,4
초고추장,4
광장,4
아까,4
찌개,4
센타,4
주최,4
열무김치,4
미시령,4
여태,4
하지,4
위생,4
길목,4
국자,4
1.5,4
국경,4
해도,4
5월 10일,4
이왕,4
해물탕,4
전율,4
해돋이,4
안고,4
의문,4
구비,4
조항,4
땡볕,4
동호회,4
한정,4
배멀미,4
아드님,4
노트,4
오리,4
한낮,4
단골,4
해조류,4
타이밍,4
반응,4
피해,4
정답,4
반대,4
에메랄드,4
출동,4
이로,3
동물,3
수입,3
코다,3
순환,3
이벤트,3
모기,3
정적,3
생략,3
걸이,3
톨게이트,3
천혜,3
명도,3
횡성,3
입수,3
중앙,3
장날,3
소음,3
20년,3
확보,3
부대시설,3
설계,3
정체,3
높이,3
본점,3
일대,3
용기,3
조립,3
형부,3
웃음,3
안와,3
바깥쪽,3
사회,3
전해,3
강릉항,3
단돈,3
아이스크림,3
방바닥,3
출입,3
해당화,3
컵라면,3
정화,3
수치,3
당장,3
추어탕,3
경영,3
베이직,3
셋트,3
00,3
뒷산,3
세계,3
캠퍼,3
늦여름,3
업로드,3
생김새,3
보람,3
예방,3
후라이,3
위풍,3
키로,3
존재,3
피어,3
신분증,3
영종도,3
씨름,3
심정,3
해무,3
경포,3
아라,3
의지,3
콜택시,3
터치,3
이용객,3
리다,3
교통,3
점수,3
유동,3
정면,3
추 강,3
가나,3
말로,3
해리,3
조준,3
사라,3
이사,3
생강,3
다이어트,3
오오,3
기념비,3
색감,3
양쪽,3
출현,3
약국,3
최강,3
다시,3
동행,3
지붕,3
2월,3
한통,3
안전교육,3
각지,3
신뢰,3
불안감,3
망대,3
대가리,3
제안,3
험비,3
전주,3
형상화,3
원조,3
통째,3
파워,3
롯데,3
엄두,3
사우나,3
연중무휴,3
밥반찬,3
명절,3
김진하,3
흔들바위,3
공장,3
빛깔,3
물결,3
정동진,3
기해,3
주간,3
무트,3
양보,3
일수,3
한국관광공사,3
봄날,3
한동안,3
강요,3
유명세,3
통제,3
워크,3
기온,3
목소리,3
바운스,3
포리,3
실시간,3
블로,3
경유,3
큰길,3
스케줄,3
이자,3
돌고래,3
반려,3
더블,3
복수,3
투표,3
돼지,3
우수,3
셀카봉,3
소함,3
파고,3
부처,3
헌장,3
대세,3
게장,3
기도,3
잡지,3
한시,3
관계자,3
화이트,3
물질,3
애정,3
풀이,3
침샘,3
-4,3
간격,3
난 주,3
유료,3
지느러미,3
질색,3
육질,3
곁가지,3
가와,3
유명인,3
감기,3
반주,3
대지,3
해경,3
양장,3
기라,3
종목,3
GS25,3
연습,3
본부,3
냉동,3
젊은이들,3
카운터,3
수록,3
흡수,3
오름,3
공포,3
된장찌개,3
아메리카노,3
방울,3
가득,3
열기,3
잡어,3
복원,3
전인,3
스트레스,3
주꾸미,3
자란,3
배추김치,3
영진항,3
카를,3
스마트폰,3
바닷길,3
하계,3
순서,3
사이트,3
철조망,3
날치,3
상품,3
한계,3
우려,3
창고,3
.be,3
장애,3
건축물,3
아카시아,3
미만,3
아바이,3
수단,3
고 온,3
후원,3
세월,3
하얀색,3
하하,3
오예,3
비린내,3
상어,3
귀가,3
할거,3
의종,3
어치,3
깻잎,3
특산물,3
세척,3
-3,3
코너,3
갈대숲,3
병조,3
건강관리,3
바보,3
자연휴양림,3
타입,3
통일전망대,3
오원,3
파랑,3
원도,3
강사,3
말이,3
소재,3
거품,3
워터,3
대전,3
게살,3
물장구,3
모래사장,3
TV,3
산행,3
도가,3
주머니,3
투숙,3
일주,3
전부,3
파출소,3
둘레길,3
돼지고기,3
서울춘천고속도로,3
가세,3
올여름,3
군도,3
큰일,3
사랑으로,3
고소,3
상추쌈,3
그람,3
그리워,3
땅크,3
동이,3
문구,3
타구,3
더더,3
택배,3
투입,3
약수,3
가보세,3
미천,3
부실,3
정기,3
도모,3
짙은,3
월 가,3
조진,3
무시,3
두두,3
견인,3
아지매,3
후면,3
우산,3
바이킹,3
사업비,3
하나라,3
행렬,3
막장,3
옥수,3
손길,3
FC,3
대왕,3
발생,3
대답,3
접수,3
평균,3
숲길,3
잠깐,3
건더기,3
절임,3
반성,3
아웃,3
연중,3
한마디,3
완비,3
출장소,3
공수,3
역활,3
피클,3
낮술,3
화재,3
회식,3
인스턴트,3
풍미,3
폭우,3
예사,3
직후,3
예의,3
기원,3
낙시,3
낚싯배,3
형성,3
선배,3
가방,3
활력,3
해피,3
감시,3
향토음식,3
담당,3
찰떡,3
불만,3
이리,3
배속,3
최저,3
근교,3
허가,3
위로,3
다다,3
심곡항,3
동양,3
합격,3
빨간색,3
인명,3
강릉시,3
오장,3
봄철,3
물빛,3
오르막,3
소금,3
표지판,3
고단,3
소가,3
사이다,3
장님,3
10월 19일,3
고운,3
서쪽,3
백합과,3
껍데기,3
망상해수욕장,3
기와,3
안함,3
수다,3
국의,3
시청,3
발휘,3
631,3
자태,3
중용,3
숫자,3
다이빙,3
이당,3
한일,3
마루,3
온돌,3
정성,3
신축,3
스노,3
남양주,3
참새,3
스피드,3
에세이,3
어보,3
감자떡,3
임시,3
대구탕,3
경비,3
외국인,3
페이지,3
고르고,3
거지,3
태도,3
평창,3
그린,3
예산,3
수육,3
아하,3
탐험,3
보지,3
개별,3
아삭,3
망망대해,3
최종,3
비타민,3
이틀,3
빌라,3
대도,3
끝장,3
기념사진,3
머니,3
은빛,3
가스,3
도루,3
보세,3
아아,3
놀이터,3
잡이,3
질문,3
와이,3
쏘주,3
직장,3
그루,3
먼지,3
각자,3
욕심,3
뒷모습,3
장식,3
지속,3
신발장,3
주지,3
식용,3
오독,3
살이,3
볶음밥,3
조절,3
휴양림,3
언덕,3
지하,3
.ng,3
김밥,3
대만,3
토이,3
발바닥,3
장아찌,3
수요,3
흥분,3
정직,3
소돌항,3
도요,3
간직,3
세종,3
플랜,3
다면,3
자차,3
국제,3
고성군,3
오염,3
밧줄,3
미로,3
선단,3
사시,3
계기,3
초딩,3
공휴일,3
구리,3
전과,3
매화,3
신기하,3
가위,3
특급,3
조미료,3
탐방,3
판단,3
하늘이,3
배려,3
배정,3
고기잡이,3
백김치,3
네이버 지도,3
아카데미,3
할배,3
전도,3
당시,3
혜자,3
낮잠,3
민간,3
일몰,3
교체,3
재미나,3
사무소,3
무릎,3
이나,3
감안,3
조기,3
세일,3
하천,3
병마사,3
반납,3
비닐,3
빨강,3
행동,3
청소,3
안길,3
무지개,3
하이라이트,3
해양수산부,3
밤새,3
광진,3
보장,3
더덕,3
최대한,3
파노라마,3
기운,3
누적,3
장호항,3
청초,3
추위,3
아버님,3
깍두기,3
전라도,3
연속,3
영광정,3
시선,3
보물,3
거도,3
이고,3
디자인,3
동치미,3
덩이,3
대사,3
말썽,3
장착,3
사면,3
엉망,3
상가,3
지갑,3
자자,3
2017년,3
건설,3
가을바람,3
파전,3
테스트,3
석이,3
거주,3
매표소,3
부위,3
최악,3
고무,3
투척,3
미네랄,3
종주,3
돌파,3
연관,3
넝쿨,3
설레임,2
내야,2
벚꽃,2
배스,2
딸아이,2
베란다,2
자미,2
은근,2
무대,2
불상사,2
김장,2
슬기,2
두덩이,2
해안선,2
달구지,2
수라상,2
활성도,2
초등학교,2
가가,2
구미,2
구명,2
이상만,2
황기,2
시중,2
선조,2
와이파이,2
웰빙,2
대체,2
연말,2
당첨,2
시설물,2
안내문,2
찹쌀,2
먹구름,2
화장,2
언니네,2
경기도,2
여거,2
정문,2
조끼,2
수역,2
만세,2
목이,2
꼬막,2
라운지,2
절정,2
제사,2
여운,2
교과서,2
뒤편,2
패기,2
야영,2
승화,2
거란,2
허리,2
템플스테이,2
알바,2
야간,2
세피아,2
가재,2
본론,2
숙취,2
오물,2
1월 1일,2
반값,2
페스티벌,2
차림표,2
전신,2
비티,2
파파,2
병과,2
후진,2
민박,2
리진,2
묵호항,2
드라마,2
주택,2
황룡,2
탈탈,2
노블,2
신고,2
단풍나무,2
듯이,2
비바람,2
눈물,2
들로,2
교육장,2
향수,2
이끼,2
피서객,2
걸음,2
구하기,2
대리,2
하시나,2
선언,2
창시,2
근래,2
중앙시장,2
여개,2
직행,2
집사람,2
타운,2
요리사,2
매니저,2
8월 2일,2
화장대,2
받침대,2
곰탕,2
별실,2
만남,2
베드,2
지번,2
페인팅,2
나기,2
타지,2
커피숍,2
장국,2
획득,2
사온,2
백반,2
신기,2
남녀,2
가에,2
돛대,2
리가,2
청호동,2
기름기,2
잡채,2
전투,2
일링,2
데친,2
거세,2
등대도,2
부장,2
속옷,2
정작,2
어달항,2
국보,2
발가락,2
선거일,2
장모,2
주신,2
여인,2
인력,2
페이스북,2
점심때,2
자연환경,2
국립,2
다구,2
겉보기,2
마디,2
크루즈,2
미중,2
점퍼,2
관동팔경,2
양배추,2
식용유,2
살림,2
뒷길,2
레몬,2
보전,2
10월 8일,2
라디오,2
당선,2
의식,2
빨대,2
가로,2
본회,2
지처,2
오륙도,2
모래밭,2
낙지,2
진다,2
노화,2
체결,2
바른,2
닉스,2
보일,2
세시,2
화가,2
대식,2
수분,2
통합,2
장거리,2
제주,2
로스팅,2
미인,2
국제공항,2
사이사이,2
외곽,2
한화,2
감탄사,2
프랑,2
구조대,2
구성은,2
중고차,2
파이팅,2
원주,2
버거,2
라임,2
감나무,2
내비게이션,2
토대,2
교동,2
백과,2
복불복,2
국적,2
쥬스,2
사주,2
모드,2
로망,2
뱃속,2
쌀밥,2
내기,2
안개,2
베이트,2
송림,2
다라,2
요미,2
에너지,2
단축,2
내사랑,2
10월 25일,2
사지,2
나이스,2
테러,2
낙조,2
랜드,2
탐욕,2
상계동,2
애견,2
구축,2
체전,2
시트,2
소인,2
전환,2
대국,2
집게,2
진가,2
타이,2
러버,2
삼각대,2
반장,2
회로도,2
경계선,2
데일리,2
장과,2
시와,2
기포,2
둘쨋날,2
풍랑,2
에 산,2
젊음,2
쿨러,2
좋은 하루,2
에피타이저,2
해동,2
김치전,2
폐점,2
선풍기,2
메밀전,2
계시,2
대포,2
안타,2
센티,2
뜻밖,2
갑오징어,2
증대,2
메이트,2
직업,2
에이드,2
핸드,2
푸른색,2
시계,2
포스터,2
6호,2
수트,2
형식,2
형제,2
미각,2
미가,2
향도,2
칼로,2
체력,2
어귀,2
실향민,2
해소,2
경상도,2
일과,2
박문수,2
최적,2
자칭,2
라보,2
산업,2
뭉게구름,2
남짓,2
감성,2
방심,2
음미,2
설악항,2
나나,2
포스,2
보습,2
일석이조,2
디저트,2
귀차니즘,2
여행길,2
꽃잎,2
용왕,2
최소한,2
의도,2
구도,2
기념품,2
개소,2
덮밥,2
우아,2
곱창,2
컨트롤,2
입항,2
습관,2
아일랜드,2
결국,2
이용이,2
장난감,2
승객,2
설명서,2
인파,2
학습,2
꽃마을,2
경남,2
축하,2
벌레,2
유리,2
갖가지,2
갈리,2
여유도,2
강원도청,2
여관,2
수채화,2
선셋,2
치마,2
당도,2
나가야,2
읍내,2
라마다,2
발굴,2
메밀꽃,2
출자,2
호화,2
주식,2
간엔,2
나가,2
야유,2
말라가,2
실외,2
산일,2
경내,2
키퍼,2
가드,2
유모차,2
제복,2
세조,2
본연,2
갈치,2
하루밤,2
언론,2
태연,2
동해시,2
천연,2
상대,2
외출,2
기행,2
족발,2
스티,2
국비,2
삼계탕,2
선글라스,2
싯가,2
원형,2
첨부,2
우여곡절,2
구현,2
통화,2
모집,2
대화,2
시니,2
식도락,2
순례,2
갈림길,2
이중,2
귀여워,2
라운드,2
이슬,2
구명동의,2
.ly,2
자반,2
돌고,2
보험,2
좌대,2
노인,2
지참,2
마리네,2
샤브샤브,2
남자들,2
화제,2
대대,2
초소,2
시어머니,2
만일,2
양인,2
온몸,2
행위,2
다음번,2
초록색,2
수영복,2
엔 강,2
다이버,2
패밀리,2
정부,2
플라스틱,2
조경,2
커튼,2
허벅지,2
고수,2
루프,2
바리,2
생동감,2
회비,2
기계,2
제작,2
취급,2
용품점,2
여행가,2
하시,2
배랑,2
타이틀,2
박람회,2
협약,2
손놀림,2
저분,2
인수,2
학창,2
아쿠아,2
극찬,2
휴대폰,2
달인,2
메기,2
자락,2
전자,2
사다,2
고속버스,2
블루,2
요번,2
봄이,2
고속,2
강정,2
우체통,2
뱃길,2
리만,2
라운딩,2
주네,2
장작,2
엽서,2
바이브,2
심장,2
안주시,2
앞마당,2
기승,2
이물,2
위안,2
승리,2
물론,2
감동,2
다슬기,2
군소,2
고도,2
합리,2
동서,2
동아리,2
봉포항,2
시조회,2
.gl,2
지체,2
대낮,2
도장,2
확산,2
다량,2
공개,2
추정,2
얼음물,2
비욘드,2
꿈나라,2
상다리,2
의견,2
품절,2
여행자,2
짱아찌,2
보라색,2
불도,2
브레드,2
큰딸,2
열중,2
원고,2
광화문,2
정치망,2
뱃놀이,2
수기,2
단속,2
보리멸,2
전곡항,2
주행,2
급변,2
출입구,2
베어,2
로컬,2
보존,2
마음속,2
방류,2
혜택,2
취침,2
과식,2
오심,2
강제,2
룰루,2
큰아들,2
자원,2
지대,2
농장,2
갈비탕,2
밴드,2
원산지,2
도중,2
참조,2
밸런스,2
보강,2
양념장,2
증거,2
출몰,2
리피,2
맨손,2
비취,2
침구,2
감자전,2
민망,2
서방,2
한자리,2
운전대,2
소수,2
참치,2
오메가,2
아랑,2
유도,2
매표,2
주가,2
성과,2
발동,2
국립공원,2
백두대간,2
정석,2
순조,2
단지,2
순차,2
대구선,2
장대,2
갈마,2
지나,2
황사,2
어느날,2
한몫,2
생신,2
정류장,2
서로,2
증가,2
고지혈증,2
변신,2
취중,2
영도,2
축구,2
지형,2
드림,2
각각,2
월경,2
도로변,2
사방,2
안면도,2
독가시치,2
판도,2
연면적,2
막대,2
빈손,2
방언,2
연차,2
마치,2
용역,2
아마추어,2
요거,2
농원,2
화살표,2
식도,2
통로,2
따님,2
플레이트,2
무당,2
손발,2
토시,2
현실,2
투망,2
구멍치기,2
클린,2
알도,2
선거,2
후식,2
자동차,2
배위,2
건너,2
울릉도,2
자제,2
생산,2
서도,2
주류,2
크레인,2
우리동네,2
중심가,2
내면,2
처리,2
부각,2
노라조,2
순서도,2
지구,2
강용,2
로한,2
순수,2
가람,2
수행,2
지난달,2
주기,2
국군,2
갈라고,2
능력,2
숫가,2
배우,2
찬물,2
부자,2
일렬,2
랜덤,2
만나,2
첨단,2
가입,2
중독,2
매립,2
티타임,2
풍물,2
페스,2
지상,2
케이블카,2
안해,2
위해,2
종이컵,2
야영장,2
약수터,2
장관,2
고명,2
마눌,2
마라,2
제보,2
건조기,2
관음보살,2
우리들의,2
대미,2
베리,2
유혹,2
추석,2
가을철,2
중순,2
이론,2
성지,2
정유,2
양송이,2
집기,2
확장,2
토리,2
27,2
시지,2
흰색,2
공터,2
마시,2
비중,2
가이드,2
작동,2
고춧가루,2
과음,2
처제,2
업무,2
고리,2
목요일,2
장맛,2
출신,2
카본,2
농협,2
대망,2
러시아,2
본부장,2
고깃배,2
영국,2
가격표,2
족족,2
난조,2
확률,2
매우,2
의외,2
10월 14일,2
암반,2
정각,2
고사,2
법당,2
백한,2
코스프레,2
경쟁,2
대나무,2
완주,2
발송,2
개점,2
누계,2
부리,2
테라,2
부지런,2
안이,2
산문,2
공식,2
티맵,2
이득,2
신세계,2
즐거운 하루,2
드라이,2
대합실,2
다짐,2
슬라이드,2
꽃망울,2
속살,2
구옥,2
금물,2
하나에,2
소실,2
삼촌,2
나은,2
유행,2
성황,2
발사,2
누나,2
곤란,2
한가운데,2
각광,2
슈퍼마켓,2
.do,2
담쟁이,2
합계,2
시책,2
지역민,2
만능,2
애니메이션,2
고맙습니다,2
첨가,2
온도,2
직장인,2
따위,2
수업,2
판다,2
잠시,2
액션,2
버튼,2
사진기,2
결혼,2
하니,2
포차,2
해달,2
허무,2
태조 왕건,2
성질,2
사드,2
봄나들이,2
휴일,2
배가,2
방앗간,2
남매,2
일요일 아침,2
앞산,2
죽죽,2
도산,2
여부,2
현우,2
그니,2
제맛,2
어시장,2
모닝,2
날개,2
산란,2
잡신,2
오호,2
훈련,2
전기,2
울라,2
겨울날,2
사탕,2
승자,2
충족,2
행복감,2
이래,2
주심,2
개요,2
고무보트,2
기암절벽,2
부다,2
서울까지,2
월드,2
기계로,2
점검,2
수학여행,2
자라,2
키즈,2
수요미식회,2
고래사냥,2
미녀,2
보리,2
전래,2
인공,2
소계,2
관자,2
2018년,2
초등,2
목줄,2
싱글,2
구별,2
용대리,2
두마,2
행정,2
이용료,2
국산,2
캐리,2
신라,2
팀원,2
어패,2
발목,2
제휴,2
최우,2
태풍 말라카스,2
진입로,2
키키,2
애마,2
소도,2
1149년,2
지게,2
오랫동안,2
안남,2
쉘로우,2
이외,2
밀집,2
눈길,2
짜증,2
쿠폰,2
침수,2
수건,2
동화,2
문화재,2
물위,2
트릴,2
과일,2
조카,2
전집,2
한판,2
어용,2
집안,2
방수,2
물엿,2
애초,2
고래,2
미련,2
자인,2
뒷전,2
5년,2
연꽃,2
초록,2
감소,2
반전,2
카피,2
고유,2
방음,2
중임,2
이맘때,2
내내,2
근무,2
인대,2
해군,2
제막식,2
볼일,2
킬로,2
상관,2
배고픔,2
초짜,2
제조,2
제로,2
아담,2
부제,2
칼바람,2
남평 문씨,2
중사,2
이타,2
어른아이,2
마법,2
통행료,2
모녀,2
자주,2
보신,2
공지,2
달래,2
가진항,2
슈퍼,2
아가미,2
거절,2
작품,2
단장,2
동굴,2
시름,2
장안,2
시전,2
태열,2
환호,2
사조,2
천지,2
레인,2
설탕,2
핸들,2
하루하루,2
함유,2
새벽녘,2
해질녘,2
그저께,2
테트라포드,2
세대,2
서식,2
공급,2
대포동,2
이바지,2
국인,2
이납,2
총각,2
우주,2
뱃살,2
대결,2
경유지,2
차별,2
교통비,2
청소년,2
종사,2
탈락,2
거짓,2
청결,2
백옥,2
시점,2
간조,2
낚싯줄,2
자루,2
디테일,2
재정,2
5월 31일,2
제거,2
증말,2
차고,2
듬북,2
붕장어,2
빈자리,2
바다색,2
6월 30일,2
박수,2
방어,2
누드,2
요람,2
유치원,2
주력,2
친환경,2
조개껍질,2
사각,2
동서고속도로,2
을해,2
피아,2
경주,2
학년,2
하드,2
용호리,2
사무실,2
연발,2
가을 여행,2
배회,2
새우깡,2
고기잡이배,2
사바,2
출장,2
사이드,2
스케일,2
초당,2
인적,2
가을날,2
북한,2
트레킹,2
군역,2
아침밥,2
창가,2
개운,2
사건,2
토요,2
속풀이,2
담배,2
신성,2
시외버스,2
가실,2
요맘때,2
쥐치,2
싸이,2
굴뚝,2
이어,2
모레,2
여행사진,2
착수,2
기종,2
핵심,2
인도,2
인제터널,2
한달음,2
마력,2
물살,2
학과,2
의심,2
새집,2
검색어,2
아가씨,2
그전,2
돌이,2
이이,2
트레일러,2
경매,2
벨리,2
기호,2
명성,2
산모,2
영혼,2
준공,2
보소,2
반지,2
변동,2
다비도프,2
초여름,2
대책,2
갈수,2
촛불,2
알람,2
구어,2
깃발,2
기둥,2
애국가,2
결론,2
비경,2
카카오택시,2
연간,2
진해,2
야속,2
오래전,2
시속,2
이기,2
친목,2
부동산,2
노지,2
가짜,2
더크,2
꽃집,2
어민,2
따름,2
암초,2
반복,2
호강,2
여객선,2
초로,2
남지,2
킬러,2
블러,2
외로움,2
우렁쉥이,2
차선책,2
바가,2
타임즈,2
실천,2
에탄올,2
와글와글,2
백패,2
언급,2
오일,2
플레이,2
강남,2
쇠소깍,1
어업인,1
바르셀로나,1
요르드,1
고객,1
회인,1
시간문제,1
비커,1
설렁탕,1
유령,1
처가집,1
레드락,1
초급,1
함경도,1
항도,1
9월 29일,1
기구,1
코바,1
동문회,1
기어,1
카스,1
선일,1
뽀빠이,1
경로,1
어획고,1
질겁,1
엊그제,1
전전긍긍,1
금표,1
목축,1
원피스 수영복,1
허기,1
서당,1
수제,1
스도,1
트롤링,1
제방,1
손에 손잡고,1
현수막,1
도매,1
뜀박질,1
모바일,1
칸칸,1
의향,1
사슴,1
가장,1
과학기술,1
여가,1
2호선,1
내습,1
5호선,1
갈라,1
외각,1
직영,1
제기동,1
후발,1
무상,1
구색,1
굴욕,1
향가,1
원룸,1
이정식,1
샤인,1
체계,1
수량,1
동서남북,1
신생아,1
강위,1
도깨비,1
무사,1
세계로,1
신작로,1
마스,1
서민,1
관문,1
도우미,1
수신,1
커피콩,1
산나물,1
상습,1
실연,1
브이,1
급파,1
비의,1
사임당,1
내세,1
계승,1
1호선,1
능력자,1
성탄절,1
아낙,1
타이타닉,1
게으름,1
명부,1
전장,1
상반기,1
건배,1
남단,1
예비대,1
기본기,1
난방,1
개발원,1
풍년,1
배꽃,1
오사카,1
업체,1
필레,1
수수료,1
출근길,1
봄꽃,1
장애물,1
생활신조,1
녹진,1
표지석,1
트롤,1
족하,1
돌입,1
오빠와 나,1
미진,1
정국,1
마음가짐,1
장악력,1
도서관,1
목격,1
흐름,1
과수,1
말세,1
이형,1
연료,1
필자,1
풍상,1
바로미터,1
왜인,1
백숙,1
파마,1
길거리,1
한마음,1
휴가 시,1
일이,1
조종자,1
토성,1
딸아,1
양현,1
임인,1
신포,1
생산고,1
저도,1
색상,1
농민,1
상징물,1
부지사,1
일관,1
콧등,1
프런트,1
컨테이너,1
보상,1
동북동,1
테라로사,1
오리고기,1
밀림,1
공방,1
몽사,1
사준,1
오가,1
전무,1
상당수,1
훼손,1
출산,1
해역,1
논길,1
면목동,1
X2,1
신선놀음,1
아름드리,1
어획량,1
공중화장실,1
센트로,1
일등,1
환기,1
자르,1
요한,1
하이브리드,1
한글,1
백도,1
파충류,1
초등학생,1
토닉,1
눈발,1
홍성은,1
내빈,1
가짓수,1
민간인,1
솔리드,1
시나,1
기력,1
아시안게임,1
빠이,1
중국집,1
비무장지대,1
비행기,1
먹을거리,1
아산,1
전용기,1
적응,1
낙안,1
워터 슬라이드,1
회차,1
사랑합니다,1
신부,1
공생,1
주소지,1
기후,1
공복,1
고양,1
특화,1
유후,1
늦잠,1
접촉,1
수인,1
유휴,1
표시판,1
오라버니,1
사골,1
녹색,1
격려,1
식욕,1
곰치,1
관람료,1
쌀알,1
산낙지,1
세션,1
류수영,1
하차,1
판별,1
청해,1
짠맛,1
이석,1
유의,1
비기,1
가로등,1
러시,1
우열,1
언가,1
대한,1
결승,1
해체,1
품위,1
지방질,1
지칭,1
군용,1
보정,1
금어,1
튀각,1
애가,1
맥락,1
워치,1
탐사,1
백제,1
만수동,1
우동,1
결성,1
내시,1
비닐봉지,1
이스,1
무더기,1
빛나,1
누리,1
비늘,1
타파,1
충분,1
레고,1
세상사,1
선교장,1
친정아버지,1
시동,1
아미가,1
연못,1
네델란드,1
불구,1
초선,1
딜리,1
발기,1
왕가,1
영동고속도로,1
칸타빌레,1
헬로,1
유용성,1
동상,1
일괄,1
목재,1
연탄,1
선양,1
두레박,1
서울역,1
콘도미니엄,1
장미꽃,1
반도,1
심기,1
스터디,1
지혈,1
두말,1
도넛,1
시세,1
하객,1
보약,1
한복,1
이두,1
양재,1
로라,1
연인의 길,1
나리,1
보름달,1
씨방,1
청송,1
겸비,1
현혹,1
TT,1
바나나보트,1
마나,1
과메기,1
피나,1
수급,1
전쟁,1
초봄,1
동서울터미널,1
세탁,1
현은,1
무우,1
고래회충,1
트럭,1
자판,1
방문자,1
노량진,1
점멸,1
초코,1
근심,1
군더더기,1
디자이너,1
인덕션,1
단체장,1
추로,1
근접,1
신통,1
항목,1
온스,1
효도,1
종의,1
앵커링,1
신명,1
여행의 맛,1
소녀시대,1
철거,1
의상,1
포털,1
가락,1
어메니티,1
직판장,1
공모,1
셔틀버스,1
.me,1
개불,1
올림픽,1
충남,1
분야,1
에스프레소,1
캐논,1
고찰,1
손수,1
서가,1
복기,1
술안주,1
발버둥,1
소꼽,1
연구,1
가늠,1
복호,1
시금치,1
3월 20일,1
요충지,1
농로,1
시엔,1
귀빈,1
학원,1
요즈음,1
인류,1
유채,1
접근성,1
시보,1
입장권,1
단골집,1
협회장,1
길옆,1
마리에,1
비행,1
사이렌,1
명품,1
생산력,1
오렌지,1
토종닭,1
일상생활,1
취객,1
문무왕,1
비엔나,1
잠결,1
포터,1
단백,1
건축면적,1
설치물,1
왕대,1
해발,1
풍요의 바다,1
고갯길,1
경험치,1
무말랭이,1
워킹,1
바이바이,1
최북,1
손실,1
머리통,1
카네기,1
시드,1
팽이,1
멜로디,1
업그레이드,1
강탈,1
이어도,1
관인,1
쇼핑센터,1
여비,1
작은오빠,1
중무장,1
메카,1
오일펜스,1
동북,1
수초,1
인물,1
공양,1
중식,1
전남,1
통한,1
한양,1
주무,1
잠도,1
에기르,1
한의원,1
생각해보면,1
유전,1
패러다임,1
임연수어,1
감수,1
분비,1
보안,1
실로암,1
삼각,1
메이플,1
새소리,1
망설임,1
물량,1
입지,1
통섭,1
순번,1
어려움,1
다시 시작해,1
정철,1
시스템,1
접객,1
상선,1
학자,1
묵사발,1
퍼즐,1
어음,1
황영철,1
모내기,1
웃음바다,1
강매,1
방명록,1
젤라,1
초기,1
강호동,1
방사,1
분홍,1
헤라,1
위험천만,1
환장,1
증명,1
게이,1
게집,1
부친,1
평점,1
조개껍데기,1
자녀,1
5월 11일,1
지친,1
모금,1
해전,1
식사대,1
차편,1
물가,1
아픔,1
마수,1
매니아,1
피코,1
시외,1
매도,1
정과,1
연수원,1
주니,1
휴가 국,1
공부,1
수구,1
인스타그램,1
컴팩트,1
검은 모자,1
큰맘,1
현충일,1
성시경,1
포진,1
군고구마,1
설득,1
장담,1
감독,1
유유자적,1
문명,1
이사장,1
색색,1
중국,1
풀코스,1
배분,1
비지니스,1
영지,1
진부면,1
본가,1
스낵,1
운용,1
위시,1
줄거리,1
아부,1
책벌레,1
미더덕,1
구지,1
호시,1
알고가,1
스노우,1
써비스,1
이드,1
남동쪽,1
보컬,1
성분,1
비치볼,1
시부모,1
이세상,1
커피타임,1
볼라,1
로아커,1
그놈,1
폐위,1
그린벨트,1
대면,1
치과,1
대양,1
독도,1
요리 프로그램,1
아동,1
우하,1
일본,1
팥빙수,1
허탈,1
낯선,1
사하,1
함순,1
석굴,1
보고회,1
참을성,1
신상,1
아트,1
메추리,1
10.19,1
피니,1
가라사대,1
조선 단종,1
장갑,1
시크릿,1
운전자,1
지누,1
상장,1
제청,1
슬픔,1
오죽헌,1
인양,1
매몰,1
솥밥,1
플리,1
5월 28일,1
암면,1
삶기,1
이수,1
닷새,1
허난설헌,1
꺽지,1
담벼락,1
거제,1
퇴치,1
신풍,1
블라디,1
영산,1
파견,1
감도,1
상승,1
흙벽,1
공영,1
방울이,1
루트,1
작용,1
자로,1
조작,1
낭창,1
중금속,1
여정,1
트집,1
방석,1
모세혈관,1
우편,1
다목적,1
달리기,1
엘리트,1
양말,1
목욕탕,1
뭉텅이,1
할로,1
스노보드,1
신곡,1
파스타,1
오미자,1
국립수산과학원,1
후보자,1
삼팔,1
차액,1
여사장,1
연결고리,1
견고,1
양수,1
거더,1
브라질,1
유기농,1
지나 정,1
만두,1
사은품,1
분간,1
무기질,1
극사실주의,1
토박이,1
시판,1
연상,1
효자,1
입춘,1
축소,1
주목,1
다이소,1
등각,1
검토,1
찔레꽃,1
호군,1
잔가지,1
움집,1
19,1
오메,1
해장술,1
배후,1
길섶,1
무서움,1
나쁘지 않아,1
분점,1
잔소리,1
5월 1일,1
의료,1
아티스트,1
내륙,1
봄가을,1
관광호텔,1
이재,1
인나,1
포클레인,1
궁둥이,1
시리즈,1
외손,1
농수산물,1
막내딸,1
승전,1
홍성,1
블루스,1
팡팡,1
리얼,1
차이나,1
진수식,1
우량,1
가열,1
MT,1
삭제,1
불이,1
시집살이,1
조감도,1
강릉역,1
심호흡,1
그 후,1
바게트,1
땅바닥,1
정규,1
베누스,1
수지,1
번주,1
이창,1
희열,1
다예,1
기국,1
라메,1
기착지,1
빌트,1
원인,1
뒤통수,1
고심,1
보충,1
나방,1
데스,1
당량,1
히든카드,1
감회,1
호출,1
탄성,1
가사,1
롯데리아,1
뱀딸기,1
전염,1
기세,1
군락,1
도화리,1
기타큐슈,1
요란,1
나소,1
노랫소리,1
육체,1
며느리,1
홍도,1
주의보,1
퍼포먼스,1
계좌,1
장미,1
구름다리,1
해설,1
룰루랄라,1
주어,1
쉐보레,1
천진,1
이여,1
비장,1
테이크아웃,1
사간,1
춘천부,1
펀치,1
추첨,1
소소한 이야기,1
귀로,1
도토리,1
5월 13일,1
현상,1
진수,1
라시오,1
라 1,1
간 현,1
콘서트,1
연일,1
행진,1
포커스,1
울릉,1
방한복,1
다모,1
근거지,1
자청,1
죽도항,1
한해,1
산지,1
헌것,1
가로수길,1
루아,1
소맥,1
발돋움,1
애교,1
화천,1
관통,1
불참,1
합동,1
은행,1
비비고,1
노르웨이,1
사절,1
의원,1
배낭,1
단경,1
주재,1
편대,1
선점,1
기업,1
전후,1
말재간,1
학대,1
빗살,1
오스트리아,1
퇴계원,1
고물,1
아나운서,1
조가,1
호사,1
사랑합시다,1
이산화탄소,1
치맥,1
쥐노래미,1
표본,1
전투력,1
신앙인,1
에두고,1
한상준,1
이탈,1
앞부분,1
오른손,1
이빈,1
플라이,1
전기장,1
전성기,1
모자이크,1
지지부진,1
파쇄,1
바우,1
외가,1
순찰,1
경계심,1
친정엄마,1
김치찌개,1
보행,1
빗소리,1
아야진항,1
옆길,1
게시물,1
오일도,1
화룡점정,1
원두,1
야생초,1
평생,1
빙어,1
평시,1
인코딩,1
배럴,1
농락,1
남설악,1
파다,1
천상,1
오피스,1
위원회,1
귀착,1
수확량,1
안무,1
선생,1
인위,1
지유,1
내무,1
심야,1
책정,1
엉망진창,1
허니,1
코난,1
스텐,1
다방,1
봉지,1
7월 9일,1
지지,1
좌우,1
트레,1
아비,1
최장,1
식별,1
타작,1
화조,1
투자,1
육박,1
쇠고기,1
취재,1
폭탄,1
만요,1
측정,1
물밑,1
팔뚝,1
심플,1
매주,1
자족,1
병아리,1
영원불멸,1
영양소,1
부시,1
바이트,1
마차,1
손해,1
염두,1
이거이,1
산호,1
두릅,1
원장,1
인체,1
노출,1
지회장,1
청국장,1
세인트존스,1
양군,1
후경,1
노란색,1
반증,1
영시,1
농어촌버스,1
어장,1
강릉종합운동장,1
한산,1
참돔,1
하서,1
어란,1
장려상,1
철길,1
파이,1
올봄,1
담요,1
남경,1
토르,1
보호자,1
결별,1
7월 29일,1
드레,1
갱스터,1
예인,1
이든,1
한약재,1
바알,1
샴푸,1
외침,1
인형,1
마이너스,1
송인,1
케이스,1
TG,1
대원,1
객원,1
옆집,1
별관,1
취향저격,1
금상첨화,1
욕망,1
싱가포르,1
콧물,1
제례,1
신지,1
배틀,1
고만이,1
사례,1
전기밥솥,1
에릭,1
온실,1
깨알,1
정가,1
농경,1
도소매,1
이유찬,1
테이스티로드,1
차전,1
분량,1
막내,1
우정,1
중독자,1
섭취,1
막도,1
반팔,1
이순,1
이천,1
나야,1
데리,1
현포항,1
송강,1
들기름,1
리프,1
89,1
기적,1
심신,1
이천원,1
오드,1
검정색,1
잠수복,1
가분,1
미조항,1
또래,1
시스,1
천둥,1
식성,1
패턴,1
쓰기,1
마비,1
료이,1
갈래,1
문리,1
회상,1
동감,1
돌돔,1
슈트,1
할라,1
식중독,1
몰티즈,1
고니,1
점프,1
관동별곡,1
덩치,1
연세,1
송헌,1
중고,1
연타,1
학살,1
장내,1
뷰로,1
겨울잠,1
월악산,1
7월 20일,1
방통,1
청진,1
국내선,1
기여,1
당면,1
종점,1
터득,1
낭패,1
수국,1
성숙,1
발치,1
지목,1
울림,1
명가,1
중년,1
정육점,1
망고,1
오대산,1
랜스,1
인양기,1
에소,1
파트너,1
피시,1
위액,1
강사진,1
패딩,1
시에 강,1
커버,1
산더미,1
루어 낚시,1
초월,1
용량,1
앞치마,1
안전시설,1
개미,1
장어구이,1
저녁노을,1
집으로 간다,1
어진,1
사실 나는,1
퉁명,1
용서,1
좌판,1
휴지,1
배산임수,1
전포,1
안방,1
신촌,1
창작,1
소정,1
박자,1
필지,1
청록색,1
강성,1
이루,1
배터리,1
만개,1
피트,1
기념탑,1
올버니,1
살수,1
매시,1
가장자리,1
이양,1
영덕,1
자평,1
지원비,1
바스,1
하심,1
모아,1
교과목,1
수립,1
예절,1
초겨울,1
스킨,1
안대,1
바이오,1
연맹,1
체온,1
돌기,1
2월 19일,1
자문,1
순치,1
울언니,1
당근,1
회가,1
지진,1
박상현,1
마사지,1
캐디,1
돗자리,1
하하하,1
접수대,1
깃털,1
잎사귀,1
거짓말,1
테마,1
주문진고속버스종합터미널,1
생물자원,1
24,1
화목,1
상자,1
한순간,1
나신,1
강가,1
하디,1
남풍,1
주년,1
물건,1
일화,1
양서류,1
악어,1
타전,1
백파,1
치어스,1
앉은뱅이,1
심심풀이,1
백합,1
기점,1
브리,1
선발,1
발현,1
생활상,1
칵테일,1
애비,1
소매점,1
장탕,1
국한,1
개체,1
사임,1
모범,1
태그,1
해양환경관리공단,1
초록빛,1
이보,1
대학생,1
서리,1
강림,1
왕복,1
쌍둥이,1
역순,1
결과물,1
단답,1
일장,1
위엄,1
거북이,1
식기,1
묶음,1
의정부,1
평창군,1
입력,1
여간,1
이조,1
가을꽃,1
안동,1
갯마을,1
올레길,1
하늘과 바다,1
네로,1
위도,1
세트라,1
창려,1
박만,1
증후군,1
서브,1
성철,1
옥집,1
판가름,1
시내버스,1
고등학생,1
풍경화,1
산포,1
이포,1
올레,1
요나,1
사명,1
득실,1
동심,1
비바,1
이상이,1
수산청,1
혼례식,1
닭볶음탕,1
조우,1
도립공원,1
영흥도,1
냉장,1
채집,1
어전,1
도마,1
한집,1
의회,1
허연,1
2019년,1
산조,1
낭송,1
상주,1
SX,1
충전,1
이마,1
매진,1
지킴이,1
선서,1
이북,1
연탄불,1
몰드,1
중랑구,1
골프장,1
불꽃놀이,1
옹치,1
망상,1
도시인,1
공인,1
텐션,1
중반,1
나세,1
순두부찌개,1
차키,1
솔로,1
푸드,1
김남길,1
자신감,1
이쯤,1
체험학습,1
루고,1
동력,1
팜플렛,1
전념,1
야산,1
서해로,1
노가다,1
경지,1
반면,1
굳기,1
의약,1
바램,1
낙원,1
진국,1
멜론,1
달려와,1
곰팡이,1
12,1
주축,1
몸매,1
호동,1
돌비,1
새치,1
잔잔,1
유지인,1
스텝,1
이섬,1
다양성,1
수박,1
카메라폰,1
한물,1
단기간,1
자급자족,1
중부,1
문화유산,1
랜턴,1
안달루시아 지방,1
하단,1
방영,1
나무숲,1
이모부,1
절정기,1
사포,1
2015년 7월,1
제왕,1
통일,1
앞자리,1
주스,1
소화도,1
천차만별,1
용머리,1
사와,1
독선,1
부자재,1
이쑤시개,1
디워,1
일출로,1
분수대,1
발악,1
이점,1
군수,1
축척,1
공포증,1
하와이,1
하임,1
5기,1
자와,1
단합,1
연애,1
홀로,1
조은주,1
멍석,1
경위,1
진실,1
복숭아꽃,1
보나,1
먹성,1
달고,1
유연,1
동무,1
귀자,1
비려,1
재산,1
우비,1
먹이,1
강생,1
화구,1
조경이,1
번식,1
팔로잉,1
고형,1
삼단,1
영감,1
보구,1
스프,1
주전부리,1
고진감래,1
콜라겐,1
박하,1
태백,1
봉안,1
오토파일럿,1
백세주,1
아마,1
귀여움,1
의장,1
한약,1
에센셜,1
신념,1
8월 6일,1
정다운,1
재난,1
포도,1
만지,1
물오리,1
안전사고,1
비틀,1
일정표,1
컴퓨터,1
조석,1
홍규,1
이펙터,1
렉스,1
침실,1
잔디밭,1
선인,1
체감,1
팔짱,1
이초,1
성애,1
아주대,1
면장,1
콘셉트,1
봉쇄,1
녹차,1
죽변항,1
우천,1
요량,1
이스트,1
우어,1
지침,1
연수,1
결정판,1
뒷풀이,1
강장,1
레일,1
프린스,1
방콕,1
10월 6일,1
안성,1
증진,1
드링크,1
앵두,1
일단,1
소모,1
1+1,1
의양,1
치장,1
날수,1
오리엔테이션,1
토마스,1
불볕더위,1
진열,1
이돈,1
평택,1
뮤직,1
변한,1
1월,1
유감,1
소망,1
조마,1
메세지,1
기울기,1
한별,1
인맥,1
손색,1
교통편,1
소재지,1
그라운드,1
등극,1
소상,1
동결,1
쏘우,1
휠체어,1
병사,1
이쪽저쪽,1
친정,1
농부,1
입가심,1
인척,1
재현,1
요시,1
결제,1
쾌감,1
매입,1
물꼬,1
니카라과,1
여동생,1
지자,1
티탄,1
꼭대기,1
팔꿈치,1
년차,1
기관실,1
단오,1
등반,1
절감,1
생애,1
도어,1
커피집,1
무어,1
동경,1
더 가까이,1
홈통,1
비스타,1
메리트,1
덕목,1
장판,1
안도,1
러브,1
유월,1
으뜸,1
거만,1
지각,1
주창,1
요로,1
밥그릇,1
마리 주,1
촉감,1
일주문,1
도로로,1
태양광,1
정권,1
신문,1
생존,1
엉덩이,1
돌진,1
시크,1
수거,1
보라,1
공중파,1
선체,1
지루함,1
상권,1
합성,1
환절기,1
HD,1
기만,1
복숭아,1
범용,1
07,1
답변,1
파격,1
좋은 아침,1
한민족,1
시랑,1
장타,1
파주,1
세력,1
기술인,1
소의,1
전원,1
가습기,1
카약커,1
색인,1
개사,1
치열,1
입금,1
작업복,1
진보면,1
에코,1
승용차,1
뱀장어,1
사진첩,1
말도,1
더듬,1
수돗가,1
순환도로,1
장하,1
감상문,1
명자꽃,1
기술력,1
경춘북로,1
고스톱,1
섭씨,1
꼬치,1
보배,1
박기원,1
총사,1
돌맹이,1
업데이트,1
전국소년체육대회,1
추억팔이,1
배양,1
닭발,1
블루투스,1
편육,1
김우진,1
변명,1
재치,1
접선,1
350,1
용인,1
이상호,1
수련원,1
테디,1
가공,1
한국수산자원관리공단,1
관리자,1
양양송이축제,1
라 주,1
가야금,1
물대포,1
고립,1
습기,1
이주,1
맵쌀,1
결합,1
세린,1
성립,1
남용,1
사태,1
모종,1
좋은집,1
태기산,1
여사,1
7월 1일,1
권유,1
심성,1
콘크리트,1
숙주,1
탈의실,1
새송이,1
창원시,1
수술,1
토씨,1
이치,1
시식,1
관광부,1
밀어,1
사형,1
부가가치,1
다기,1
거의,1
에이,1
쓸데,1
갈대,1
연착,1
경중,1
이인한,1
당질,1
전쟁터,1
오래간만,1
니아,1
경매장,1
우연,1
전동차,1
여념,1
찜질방,1
어물,1
초가을,1
소통,1
하층,1
혼합,1
IC,1
귀결,1
승합차,1
경기장,1
다사다난,1
비난,1
김남조,1
백지영,1
감미,1
평형,1
감각,1
잠수정,1
도수,1
돼지국밥,1
사랑해요,1
양동이,1
반나절,1
소비자,1
취학,1
우산도,1
박도,1
함박,1
베짱이,1
조개잡이,1
백로,1
4월 6일,1
잔설,1
설거지,1
간반,1
화음,1
눈빛,1
클래스,1
별식,1
적재,1
모니터링,1
칠리,1
북서,1
개간,1
눈이 내린다,1
오진,1
고마,1
지영,1
비례,1
.org,1
위반,1
칼로리,1
미닫이,1
상금,1
도원,1
운동장,1
홍예문,1
산자락,1
사사,1
사계,1
신세,1
대여료,1
만족감,1
하마,1
삼대,1
급증,1
플레이어,1
경찰청,1
창호지,1
상조,1
명언,1
아리,1
요일,1
서귀포시,1
각인,1
주막,1
선녀,1
벨로,1
1990년대,1
스프레이,1
핑크,1
반갑습니다,1
골목골목,1
초무침,1
우표,1
학파,1
클로즈업,1
해인,1
동반자,1
레이저,1
청주,1
조정,1
메시,1
코코,1
엄명,1
타락,1
제단,1
하산,1
은미,1
실험,1
국가대표,1
염주,1
불법,1
물화,1
김승진,1
주유,1
인문학,1
도하,1
살집,1
등살,1
신전,1
당신,1
통발과,1
단박,1
고택,1
현장감,1
정재,1
풍월,1
마석,1
전갈,1
신속,1
뒷맛,1
정수기,1
스위트룸,1
고모부,1
자작,1
미유기,1
사물함,1
수원,1
트렌디,1
아이언,1
터전,1
개두,1
육안,1
재림,1
둑길,1
이맘,1
10월 17일,1
생업,1
교차로,1
제비꽃,1
공자,1
필사,1
가을로,1
반신반의,1
김주현,1
일반인,1
후평동,1
반쪽,1
이카로스,1
보심,1
등골,1
글자,1
달걀,1
이빨,1
연오,1
시댁,1
유입,1
치수,1
버전,1
만치,1
버클리,1
밤사이,1
방송사,1
8월 21일,1
산봉우리,1
파이어,1
선반,1
하와,1
아름,1
큰형,1
고은,1
공격,1
취사,1
1991년 1월,1
본전,1
스피커,1
답사,1
가니 시,1
자이,1
바사,1
아스,1
로그,1
퍼스널 트레이너,1
고추가,1
추도,1
삼교,1
불로장생,1
파나마,1
신서,1
사천진,1
가든,1
보일러,1
회의실,1
피드백,1
추후,1
통닭,1
붉은 노을,1
인도 요리,1
프란,1
G2,1
여성부,1
레이싱,1
반반,1
집합,1
밀면,1
성덕왕,1
다섯 손가락,1
속출,1
한텐,1
열심,1
드럼,1
동남아,1
관측자,1
북방,1
김동원,1
개구리,1
연륜,1
운전기사,1
파비아,1
신의,1
숙제,1
스페인,1
길잡이,1
휴업,1
행복합니다,1
이징,1
고등학교,1
빨간날,1
팔선,1
개구쟁이,1
라파,1
제한,1
콜레스테롤,1
친지,1
현관,1
간지,1
익일,1
집계,1
어린이날,1
모래땅,1
실사,1
그릴,1
기기,1
아역,1
용해,1
상처,1
현희,1
구가,1
트리,1
약재,1
수집,1
스위치,1
코끝,1
귀신,1
아미,1
시위,1
반가움,1
우편물,1
리스,1
쟁탈,1
피신,1
곡류,1
대머리,1
뱃사람,1
홍시,1
아바,1
소시지,1
방황,1
코리안,1
신형,1
샤프,1
장가,1
해석,1
리스트,1
싱커,1
장마,1
인동,1
피닉스,1
지리산,1
양심,1
혈안,1
프로젝트,1
마님,1
민폐,1
커밍,1
20대,1
형수,1
모텔,1
위성,1
쐬주,1
아구찜,1
체육,1
차선,1
안구,1
예술단,1
콩국수,1
바나,1
밥통,1
흡족,1
장화,1
대학,1
벼슬,1
다만,1
씹기,1
흙탕물,1
성업,1
어부라,1
어디로 가야하나,1
각도,1
리터,1
소고기,1
폐쇄,1
몽환,1
여자라서,1
한한,1
관제탑,1
자석,1
밝기,1
합승,1
균형,1
분산,1
여의,1
치치,1
표고버섯,1
막바지,1
관대,1
정해,1
모시,1
다과,1
사진가,1
수전,1
근육,1
주원,1
하루만,1
박상민,1
초상권,1
정사,1
외부인,1
회전,1
탈출,1
가칭,1
바이크,1
스킨스쿠버,1
화분,1
새섬,1
그물망,1
쇠뜨기,1
경단,1
못난이,1
은지,1
당초,1
꽃대,1
호주,1
리버,1
베니키아,1
영접,1
현악기,1
거래,1
번안,1
자매,1
긴장,1
탄소,1
저널,1
로비,1
경영자,1
당연지사,1
규정,1
47,1
전문화,1
시집,1
난생,1
원님,1
보노,1
저녁때,1
레이더,1
오프,1
딜레마,1
그림자,1
트로피,1
아보카도,1
수간,1
월정사,1
억새,1
몸살,1
민어,1
조가비,1
못가,1
썬글라스,1
삼도,1
던지기,1
창해,1
탄력,1
유관,1
한승주,1
용도지역,1
차라,1
작업실,1
마르지,1
고지,1
로프,1
밭두렁,1
송천,1
숟갈,1
생맥주,1
동하,1
티어,1
익살,1
노멀,1
지미,1
고통,1
사시미,1
멋진 인생,1
40년,1
대도시,1
법도,1
찰나,1
검경,1
불고기,1
하락,1
마실,1
메모,1
건축,1
호루라기,1
거름,1
멘트,1
계장,1
포교,1
축배,1
기자단,1
나치,1
신진대사,1
알프스,1
확신,1
에미,1
대명사,1
낙산도립공원,1
마도로스,1
반환점,1
핑계,1
유류,1
정월,1
몸값,1
그네,1
착공,1
귀성,1
데커,1
유황,1
움직임,1
고층,1
못자리,1
입간판,1
습지,1
왕전,1
모름,1
폭죽놀이,1
판 현,1
중화,1
귀성객,1
박난,1
코펠,1
매점,1
후포항,1
경아,1
송파,1
지옥,1
자원봉사,1
특정,1
혼란,1
교와,1
중층,1
소환,1
분대,1
데이,1
원초,1
꺼리,1
일루,1
난생처음,1
동호인,1
소녀,1
증정,1
백이,1
살점,1
태풍 타파,1
사육,1
리라,1
포착,1
자판기,1
취항,1
구영,1
해일,1
긴박,1
고마움,1
크루,1
특성,1
빛으로,1
몰골,1
쾌속,1
블랙펄,1
일간,1
개소식,1
목욕,1
과언,1
퍼레이드,1
생활비,1
물소리,1
반사,1
짬뽕,1
전현무,1
달동,1
기념행사,1
찬스,1
확대,1
제삿상,1
익스트림,1
피처,1
소감,1
시네,1
철망,1
나일론,1
개보,1
미지,1
불량,1
38,1
소품,1
밤비,1
진시,1
건성,1
늦더위,1
장시간,1
샴페인,1
비하,1
방역,1
박일,1
일치,1
꽃바구니,1
조선 세종,1
출국장,1
벼룩시장,1
경과,1
광합성,1
출하,1
미식가,1
개막,1
강문동,1
로더,1
교리,1
메르스,1
살결,1
모험,1
체포,1
려자,1
체중계,1
쥐돔,1
목동,1
남학생,1
혼령,1
실리콘,1
버릇,1
아냐,1
동지,1
레벨,1
오두막,1
애도,1
게다,1
종업원,1
지천,1
압도,1
작성자,1
가이,1
갈대밭,1
앞뒤,1
대유,1
좌충우돌,1
화진포,1
울산,1
잔가시,1
안전선,1
집으로,1
삼일,1
리트,1
산소,1
개인차,1
기재,1
단기,1
삼총사,1
부속,1
금호리조트,1
정서,1
특기,1
앙탈,1
집밥 백선생,1
이일,1
노년,1
김창완,1
열매,1
기절,1
동문,1
이채,1
탐탐,1
일회,1
데인,1
하부,1
처갓집,1
마른오징어,1
홍대,1
면상,1
판매점,1
하늘색,1
산장,1
스쿨,1
작가,1
유용,1
활주로,1
45년,1
원통,1
편광,1
방랑벽,1
수중,1
여지,1
지장,1
사이클,1
수익,1
은정,1
속주,1
대조,1
과란다,1
슬하,1
제천,1
랜드마크,1
화환,1
간헐,1
오랑캐꽃,1
허리춤,1
키위,1
훈민정음,1
연등,1
임자,1
율도,1
꼬지,1
수륙양용차,1
결실,1
철인,1
사무장,1
인식,1
이산,1
대보름,1
보더,1
CM,1
방화,1
주민등록번호,1
방침,1
갈기,1
리한,1
롱보드,1
7월 2일,1
통유리,1
친목회,1
삼박자,1
정수,1
최초,1
분당,1
사쿠라,1
방기,1
청초호,1
문화가 있는 날,1
평온,1
뽕똘,1
안드로이드,1
처치,1
육회,1
영랑동,1
네온사인,1
잠수,1
장엄,1
선후배,1
넙치,1
명물,1
땅콩,1
맥도널드,1
사양,1
사위,1
호야,1
모노,1
기억력,1
큰스님,1
왕릉,1
찜통,1
완전체,1
염치,1
환인,1
뒤죽박죽,1
최적화,1
단층집,1
콜도,1
목살,1
궁리,1
꾸러미,1
알파,1
힐스,1
방문기,1
금기,1
인권,1
세부,1
케스,1
열창,1
굴곡,1
지경리,1
투데이,1
입성,1
분수,1
쇼잉,1
강화,1
미모사,1
행차,1
버스 터미널,1
손목,1
변수,1
성장,1
중점,1
메가,1
속지,1
탱고,1
함양,1
두리도,1
궁금증,1
농어목,1
딱지,1
콩기름,1
사춘기,1
꼬챙이,1
인어,1
특산,1
전세,1
근해,1
분식,1
포대,1
상영,1
페인트,1
재건,1
점원,1
코타,1
고여,1
라벤더,1
석탑,1
분류,1
위쪽,1
28년,1
시카고피자,1
대중교통,1
마뉴,1
소세지,1
서치,1
쌀농사,1
휴먼,1
다수,1
동동주,1
고두,1
해원,1
곰배령,1
술값,1
할머님,1
활기,1
놀이기구,1
귀농,1
꽃님,1
표지,1
빗방울,1
4년,1
뚱이,1
원기,1
젤로,1
기반,1
투수,1
소독,1
밭일,1
마약,1
본인,1
무인도,1
여수,1
아사,1
정전기,1
피크,1
청춘,1
오우야,1
로티,1
포스트,1
조신,1
수여,1
온돌방,1
호떡,1
오리지널,1
절망,1
한나절,1
유추,1
허용,1
90분,1
후유증,1
번영,1
강원대,1
내숭,1
컴백,1
양치질,1
장도,1
넉살,1
대형화,1
미상,1
무능,1
복사꽃,1
청양고추,1
무성,1
고스,1
복사본,1
산사,1
아줌마,1
깊이,1
신비,1
녹지,1
나들,1
충만,1
믹스,1
맹성,1
운명,1
번창,1
섭리,1
양호,1
책임,1
옛길,1
원활,1
파랑새,1
봉투,1
정지,1
강철,1
횃대,1
독수리,1
사기,1
고전,1
묵호,1
시심,1
주산,1
걱정하지마,1
동력선,1
차려,1
면허증,1
에피,1
케이,1
성원,1
발달,1
배수구,1
9월 14일,1
예불,1
강물,1
사해,1
쾌속선,1
항만,1
전국체육대회,1
대동단결,1
과시,1
글리,1
귀염,1
골드비치,1
화해,1
전화통,1
난류,1
증폭,1
아서,1
초면,1
한자,1
불상,1
한일전,1
옹이,1
운지,1
상상력,1
보양,1
무엇에 쓰는 물건인고,1
필수품,1
부수,1
어이,1
북아메리카,1
수칙,1
벌집,1
거부,1
물반,1
동급,1
엔 주,1
달팽이,1
유아,1
두근두근,1
빙하기,1
솔방,1
연호,1
긍정,1
민들레,1
총리,1
아궁이,1
걸프,1
고사리,1
6월 13일,1
진풍경,1
손끝,1
청바지,1
지오그래픽,1
별로,1
먹물,1
쿠타,1
벤트,1
고개,1
초행,1
똥물,1
옷차림,1
하리,1
폐막,1
절기,1
담소,1
중문,1
늦가을,1
살맛,1
정희,1
멘사,1
귀족,1
모래톱,1
급부상,1
파닭,1
소래포구,1
움집터,1
갈남항,1
호평,1
막판,1
2014년,1
호일,1
마미,1
중대형,1
초고,1
압력솥,1
계원,1
지은이,1
쏘카,1
정시,1
동탄,1
상의,1
안착,1
도민,1
가르시아,1
연설,1
승부,1
마인드,1
애수,1
문치,1
빨래,1
용어,1
주원이,1
객지,1
증강,1
음식사진,1
자정,1
클래식,1
신병,1
기타리스트,1
실상,1
밥숟가락,1
버스 정류장,1
단결,1
발언,1
경각심,1
전정,1
카페 뤼미에르,1
하루나,1
네네,1
개나리,1
어드벤처,1
고양시,1
순간순간,1
고간,1
타자,1
서장,1
겨자,1
부대,1
비둘기,1
스님,1
미카,1
지척,1
관리도,1
사냥,1
최성수,1
동맥경화증,1
안마,1
목장갑,1
7월 8일,1
화포,1
환자,1
녹두,1
화합물,1
로이,1
숙박업소,1
이함,1
가을동화,1
포텐,1
양 현,1
가두리,1
토성면,1
갤럭시,1
내촌,1
단가,1
연령,1
울릉군,1
트렁크,1
병인,1
해수면,1
유공자,1
객관,1
동서울,1
일생,1
바이오매스,1
따귀,1
연패,1
소쿠리,1
루이스,1
나무젓가락,1
유리창,1
구본,1
소멸,1
한국어촌어항협회,1
꿈속,1
매스컴,1
영이,1
대용,1
190,1
좌초,1
봉황,1
위판장,1
보도자료,1
외식,1
싸가지,1
생산량,1
실물,1
기틀,1
나무판,1
문진,1
재능기부,1
할아버지,1
공존,1
반대쪽,1
스틸,1
스텔스,1
기차,1
페더,1
건립,1
상위,1
괴기,1
함대,1
고려 의종,1
화도,1
고하,1
하이에나,1
킬로미터,1
침체,1
식은땀,1
콩고물,1
강상,1
아주버님,1
17,1
조로,1
전위,1
100%,1
직접,1
요크,1
상사,1
성불,1
시인,1
만약,1
수질,1
2012년 9월,1
끝판,1
케익,1
조회,1
싱싱싱,1
대략,1
손주,1
파리,1
대열,1
둘이,1
조종,1
남해안,1
결명자차,1
구민,1
개입,1
음주운전,1
정은,1
인조,1
그램,1
악당,1
중립,1
추상,1
강구성,1
할매,1
뻥튀기,1
거행,1
우리말,1
산골,1
별빛,1
부랑,1
이민,1
케나,1
남여,1
5월 2일,1
임대,1
정영식,1
동산리,1
국회의원,1
닭고기,1
스톡,1
주얼,1
산다,1
유쾌하,1
경험담,1
연안부두,1
폐교,1
세이블,1
주황색,1
사철,1
명분,1
미시령터널,1
순의,1
지니,1
어둠,1
앵글,1
부동자세,1
군밤,1
향내,1
저감,1
당주,1
진동,1
지존,1
당선자,1
생방송,1
세배,1
육신,1
주둔,1
벼락,1
휴식처,1
2016년 6월,1
토기,1
양병,1
유괴,1
정평,1
5월 20일,1
부르,1
동원,1
등산가,1
몸통,1
자만,1
도식,1
치도,1
이영희,1
버림,1
벵에돔,1
일터,1
숨바꼭질,1
탕수육,1
동작구,1
노시,1
툇마루,1
티셔츠,1
항공,1
이 역,1
금상,1
밑바닥,1
단감,1
고드름,1
필터,1
자동,1
원재료,1
도심,1
대자,1
망중한,1
몰두,1
오줌,1
진짜진짜,1
헤어,1
인원수,1
2017년 9월,1
초곡항,1
무단,1
특혜,1
새것,1
한우,1
임팩트,1
5월 5일,1
인내심,1
본시,1
국제선,1
논의,1
오월,1
펜스,1
이스라,1
마안,1
베테랑,1
로켓,1
분식집,1
분자,1
부호,1
추적,1
시구,1
칠판,1
소니 A7,1
원사,1
태평양,1
일성,1
애용,1
약용,1
뼈다귀,1
옷장,1
점성,1
강릉 단오제,1
잿빛,1
품목,1
이마트,1
반합,1
김현수,1
약시,1
볼룸,1
루피,1
동종,1
골병,1
블랙,1
보이시,1
가난,1
사용료,1
소홀,1
녹조,1
커텐,1
매물,1
고마워요,1
아몬드,1
트위스트,1
만화가,1
관음도,1
진행자,1
허균,1
정차,1
벽걸이,1
주입,1
수절,1
향연,1
팔도,1
침강,1
발밑,1
해양심층수,1
불전,1
신석기,1
경고,1
원피스,1
한파,1
을지,1
마운틴뷰,1
해넘이,1
바다에 가면,1
애월,1
사투,1
내외분,1
콜라,1
벽난로,1
지분,1
저수지,1
션 리,1
무아,1
문헌,1
상원사 동종,1
즐거운 인생,1
참모총장,1
상해,1
함흥냉면,1
연도,1
푸대접,1
서양,1
마요네즈,1
뚜껑,1
안전제일,1
단양,1
온대,1
서울시,1
열무,1
탄수화물,1
600년,1
새끼손가락,1
소년,1
플랫,1
발도,1
신동엽,1
인피니티,1
미숫가루,1
길고양이,1
수정란,1
리릭,1
다코야키,1
누비,1
올인,1
스코어,1
대나무숲,1
다반사,1
몸짓,1
상업,1
등산복,1
내심,1
지질,1
공감대,1
조각가,1
자지,1
낙점,1
레스,1
급진,1
유소,1
무임승차,1
야생화,1
마름,1
움막,1
체구,1
짐작,1
스쿠터,1
대치,1
스파크,1
경이,1
태국,1
대기실,1
정암리,1
금정,1
문수보살,1
고추냉이,1
환불,1
오이도,1
소머리,1
사물놀이,1
제각각,1
다툼,1
호응,1
신중,1
기함,1
남북,1
순경,1
국순당,1
안개비,1
리더십,1
단잠,1
천수,1
박준표,1
일부분,1
골목길,1
사우,1
다낭,1
백조,1
위탁,1
야드,1
청도,1
프로펠러,1
살다가,1
브레이크뉴스,1
노랑,1
자리돔,1
재클린,1
샤워기,1
개선,1
슬리퍼,1
2008년,1
한기,1
송현,1
커피잔,1
향후,1
양시 현,1
고봉,1
검사,1
애자,1
성적,1
농어민,1
손은,1
철책,1
최염,1
걸작,1
스테이크,1
앞길,1
시멘트,1
진사,1
선도,1
콩가루,1
지간,1
우승,1
삼천,1
체질,1
일산,1
병풍,1
1월 8일,1
시골집,1
대중,1
아는 형님,1
남애초등학교,1
매일,1
라드,1
진출입,1
매생이,1
꽃말,1
허탕,1
물통,1
떡볶이,1
포상,1
포위,1
염려,1
발표,1
하의,1
양갱,1
대서,1
김승찬,1
상태도,1
자비,1
부도,1
준수,1
시행,1
좌상,1
오나시스,1
노약자,1
근원,1
안장,1
몸부림,1
최대어,1
건어물,1
강수,1
남진,1
인걸,1
미용,1
리프트,1
치아,1
저의,1
조율,1
촉진,1
지퍼,1
발음,1
10대,1
온풍기,1
배치,1
들보,1
그랑,1
차림,1
코미디언,1
문대,1
날인,1
진보,1
비보,1
프론트,1
정오,1
타코,1
옛적,1
은거,1
샌드위치,1
욕구,1
참깨,1
페로,1
비번,1
진전,1
어섬,1
개축,1
베개,1
선호도,1
대등,1
대우,1
동해항,1
멍멍이,1
유빈,1
어포,1
어중간,1
뒷동산,1
매료,1
화살촉,1
국화,1
호소,1
이동은,1
추장,1
구령,1
로거,1
총괄,1
잡풀,1
텃밭,1
범주,1
일식,1
항공사,1
공용,1
귀염둥이,1
북부,1
끼리,1
캡처,1
차오,1
보리밭,1
이사진,1
시리,1
지용,1
오호항,1
에바,1
적응력,1
눈요기,1
추출,1
달리,1
논밭,1
나위,1
선원,1
순이,1
노선,1
문장,1
아파트,1
저세상,1
대봉,1
갤러리,1
학업,1
무덤,1
지장전,1
거제시,1
수저,1
괴성,1
바지,1
난이도,1
1980년대,1
시간제한,1
익스프레스,1
정선,1
보수,1
노소,1
26년,1
시공,1
천순,1
깜빡이,1
생화,1
원공,1
코치,1
비타민 A,1
소파,1
표준어,1
탐사차,1
지의,1
도데,1
사두,1
된장국,1
협의회,1
뚱뚱이,1
보건,1
살인,1
드라이어,1
연주,1
삼시세끼,1
마중,1
배우자,1
코멘트,1
참배객,1
과목,1
마산,1
죄인,1
해드,1
폴리,1
서울특별시,1
진달래,1
털이,1
티켓,1
가리,1
정색,1
창건,1
종묘,1
만장일치,1
부착,1
회오리,1
바르,1
갈채,1
닭갈비,1
10년,1
뱃멀미,1
중류,1
한국인,1
발효,1
조언,1
육각,1
물라,1
포장마차,1
단당류,1
회두,1
문안,1
야구,1
초토화,1
수선,1
연해,1
부산광역시,1
양하,1
보너스,1
꼰대,1
인고,1
메꽃,1
산속,1
반타,1
묵가,1
쿠팡,1
유출,1
찻길,1
피서지,1
부화,1
글쓰기,1
못 잊어,1
시럽,1
상원사,1
상계,1
양속,1
보관소,1
강냉이,1
오봉산,1
열갱이,1
큰소리,1
주방장,1
난로,1
감정,1
피트니스,1
삼실,1
천공,1
조성하,1
스스로,1
유언비어,1
왕숙천,1
성인병,1
초과,1
태클,1
폭행,1
주먹,1
비정,1
스냅,1
동선,1
열씨,1
문해,1
공구,1
사료,1
회관,1
저리,1
임박,1
혼잡,1
원거리,1
봉우리,1
연무,1
갯벌,1
관리소,1
보온,1
어린,1
적도,1
동풍,1
모랑,1
백미,1
문배,1
선진국,1
코코넛,1
올리브,1
벨트,1
워크맨,1
한반도,1
돌발,1
게이트,1
업적,1
진신,1
일전,1
기관,1
과당,1
가지미,1
훈련소,1
논둑,1
중장비,1
동그라미,1
발굽,1
발코니,1
홍콩,1
미미,1
오지,1
번화,1
회항,1
쓸모,1
산양,1
주일,1
개인택시,1
즉흥,1
동화책,1
보도,1
아이리스,1
이유리,1
배신,1
달빛,1
원일이,1
산호초,1
점선,1
개설,1
워밍업,1
장수,1
합심,1
문화원,1
레시,1
감포,1
명정,1
섭렵,1
불꽃,1
통안,1
마리면,1
상루,1
냉난방,1
어획,1
무쇠,1
협찬,1
좌선,1
선미,1
아이유,1
빼빼로,1
체인점,1
전방,1
좋은사람,1
범벅,1
다리품,1
원자재,1
웃음꽃,1
만경대,1
정이,1
도요 정,1
이상민,1
현대,1
평화로,1
라라,1
특주,1
고해,1
니스,1
만추,1
충동구매,1
원천,1
노송,1
근신,1
깁스,1
속도감,1
구조라항,1
분리수거,1
구두,1
현미,1
특효,1
관세음보살,1
56년,1
원점,1
하진,1
개시,1
렌트,1
황무,1
어군,1
제고,1
옆면,1
특산품,1
백장,1
새순,1
비자금,1
성수,1
집념,1
속초고속버스터미널,1
습성,1
고백,1
침묵,1
득오,1
최적지,1
플랫폼,1
핫소스,1
땡큐,1
군바리,1
의식의 흐름,1
은혜,1
찹쌀떡,1
각오,1
감행,1
경계,1
서식처,1
충실,1
언성,1
누수,1
기주,1
비키니,1
군악대,1
인사말,1
꽈배기,1
별채,1
LB,1
곱배기,1
토제,1
상당량,1
만천하,1
배나무,1
동창,1
로우,1
쏘가리,1
농촌,1
풍어,1
옵션,1
교대,1
MVP,1
겉모습,1
방치,1
겨레,1
협의,1
본건,1
얀마,1
보잘것,1
허한,1
빼꼼,1
누가,1
회양,1
워너,1
지다,1
숙녀,1
노동,1
