word,counted
해변,433
서핑,370
현남면,279
바다,278
죽도,249
여행,208
해수욕장,191
파도,178
맛집,174
느낌,170
카페,163
여름,150
추천,146
처음,141
날씨,140
근처,126
분위기,126
가격,126
보니,122
예약,119
사장,119
보드,119
구경,117
친구,114
요즘,114
준비,113
음식,112
안녕하세요,110
모습,108
제가,108
자리,108
거리,105
전화,105
식당,104
맥주,103
바닷가,102
숙소,101
이용,100
지도,99
게스트하우스,98
방문,98
주말,97
테이블,95
마음,95
스팅,94
완전,92
커피,91
강습,91
그런지,91
고기,90
서울,90
운영,90
바람,89
공간,89
보기,86
구리,85
버스,84
사실,84
이랑,84
기분,84
동해,82
가족,82
소개,82
내부,82
출발,78
다음날,78
강릉,77
주변,77
.com,77
파티,77
막국수,75
식사,75
인테리어,75
장소,75
손님,75
걱정,74
한잔,73
강원,73
가게,73
이동,72
비치,71
마지막,71
사용,70
고민,69
점심,69
건물,69
여유,67
아래,66
나름,66
소주,65
만족,65
참고,64
행복,64
이름,64
개인,63
힐링,62
최고,62
후기,62
제일,62
하늘,61
오후,61
숙박,61
리단,61
휴가,60
주문진,59
검색,59
사이,58
오픈,58
실내,58
모래,58
캠핑,58
속초,57
필요,57
만큼,56
화장실,56
판매,56
가지,56
이유,56
동안,55
셀프,55
만원,55
오전,55
물놀이,53
산책,53
동네,53
친절,53
기본,53
나중,52
하루,52
입구,52
호텔,52
전화번호,52
오랜만,51
얼마,51
재료,50
진행,50
관심,50
작년,50
풍경,50
감사,49
기억,49
원래,49
기대,49
조대,49
이야기,49
음료,49
의자,49
아이들,49
재미,49
지금,49
테라스,48
확인,48
새벽,48
조금,48
단체,48
음식점,48
마을,47
주소,47
만두,46
메밀,46
시설,46
선택,46
추억,45
설렁탕,45
겨울,44
반찬,44
대표,44
블로그,44
계획,43
성수기,43
예전,43
낚시,43
혼자,43
소품,42
코스,42
여자,41
세상,41
중앙,41
교육,41
야외,41
식구,40
정리,40
슈트,39
커플,39
저장,39
터미널,39
하기,39
설명,39
사랑,39
타임,39
그때,39
마무리,38
주방,38
매력,38
편의점,38
주차,38
엄마,38
외관,38
스파,38
폴더,38
등등,38
번호,37
수육,37
남자,37
인기,37
방파제,37
라면,37
침대,37
일출,37
좋아서,37
한우,37
휴게,37
클릭,36
경우,36
덕분,36
초보,36
국물,36
중간,36
강사,36
이제,36
공기,35
평일,35
간판,35
해서,35
한참,35
짬뽕,35
추가,35
전날,35
종류,35
일정,34
얘기,34
이건,34
해주시,34
연습,34
발견,34
장비,34
요리,34
국내,34
분이,34
감성,34
수트,33
바닥,33
아들,33
제공,33
부분,33
네이버,33
김치,33
고고,32
술집,32
이후,32
도전,32
텐트,32
자유,32
센스,32
인생,32
불편,32
소리,31
문의,31
인지,31
수심,31
시즌,31
샤워,31
.kr,31
해결,31
마리,31
온도,31
안전,31
이미지,31
전체,31
사이즈,31
토요일,31
설치,31
지역,30
한쪽,30
스타일,30
전망대,30
아니,30
나무,30
안주,30
동영상,30
모래사장,30
한곳,30
성공,30
그릇,30
전병,30
정보,30
머리,30
매장,30
대신,30
무료,29
남편,29
왼쪽,29
그림,29
기회,29
한번,29
이론,29
언니,29
고속도로,29
일요일,29
인구항,29
수영,28
객실,28
오시,28
상태,28
필수,28
메인,28
하우스,28
곳곳,28
편안,28
순간,28
자연,28
구매,28
여름휴가,28
메카,28
소스,28
얼굴,28
냄새,28
꿀맛,28
인근,28
와서,28
크림,27
바로,27
하면,27
치즈,27
조식,27
체력,27
영업시간,27
바위,27
안내,27
아이,27
자체,27
건강,27
포함,27
경험,27
스팟,27
결정,27
제한,26
강아지,26
스타,26
마트,26
영상,26
대부분,26
주차장,26
특급,26
감자,26
주방장,26
직원,26
마련,26
성지,25
지인,25
자세,25
레시,25
안쪽,25
연인,25
홈페이지,25
아이스,25
아빠,25
특색,25
아메리카노,25
피자,25
다이빙,25
수업,25
시장,25
조명,25
모양,25
양념,25
튀김,25
오른쪽,25
동시,25
구입,24
2시,24
-1,24
대박,24
수용,24
60,24
체험,24
송이,24
음악,24
스키,24
옛날,24
휴가철,24
매콤,24
도로,24
부담,24
냉장고,24
놀이,24
천원,24
창문,24
소식,24
취향,24
노래,24
일반,24
바닷물,24
기사,24
새우,23
운전,23
슬러시,23
포토,23
인가,23
예정,23
오신,23
기전,23
포인트,23
-4,23
명소,23
부산,23
부부,23
동산,23
제품,23
신경,23
운동,23
해수욕,23
곳도,23
크기,23
외국,23
여기저기,22
빈티지,22
양이,22
가도,22
후회,22
해안,22
버거,22
대기,22
서울로,22
게임,22
문제,22
주인,22
초보자,22
골목,22
건지,22
동해안,22
입수,22
부탁,22
정신,22
가드,22
말씀,22
비용,22
시골,22
눈꽃,22
수건,22
휴식,22
패키지,22
이서,22
다행,21
이해,21
문화,21
야채,21
외부,21
가시,21
계절,21
생활,21
카메라,21
예상,21
금요일,21
연락,21
햇빛,21
부족,21
계단,21
보관,21
이때,21
입맛,21
구름,21
방법,21
남은,21
바퀴,20
감상,20
일상,20
각종,20
전망,20
공사,20
8월,20
스포츠,20
살얼음,20
신축,20
연휴,20
수도,20
안보,20
택시,20
우리나라,20
장이,20
비수,20
인상,20
하나,20
체크인,20
시가,20
포기,20
1박 2일,20
아쉬움,20
진짜,20
대여,20
중심,20
절대,20
구이,20
선생님,20
천연,20
편리,20
촬영,19
저번,19
방향,19
냉면,19
이국,19
인분,19
삼겹살,19
이다,19
햄버거,19
수제,19
양양가,19
포장,19
그늘,19
가슴,19
비주얼,19
감동,19
사항,19
조합,19
물고기,19
버섯,19
스쿠버,19
차로,19
샤워실,19
성비,19
해당,19
푸른,19
10분,19
요기,19
바깥,19
칵테일,19
퍼스,19
전문,19
내용,19
내일,19
생맥주,19
고요,18
장점,18
대비,18
유지,18
접시,18
북적,18
밑반찬,18
화이트,18
미니,18
모두,18
물속,18
다리,18
생선,18
오빠,18
오토,18
아저씨,18
인증,18
사이트,18
에이드,18
나이,18
등장,18
에어컨,18
계란,18
여행지,18
산책로,18
가을,18
해외,18
하와이,18
드라이,18
첫날,18
리필,18
게스트,18
가자,17
시외버스,17
사서,17
볼거리,17
하이,17
인터넷,17
위험,17
배달,17
한장,17
현장,17
투어,17
소세지,17
리뷰,17
녀석,17
하나로,17
공연,17
표현,17
링크,17
어제,17
동생,17
수온,17
예뻐서,17
규모,17
관광객,17
안녕,17
주의,17
자신,17
젊은이들,17
사고,17
요새,17
핸드폰,17
정류장,16
서비스,16
기념,16
이불,16
-5,16
신청,16
인줄,16
6월,16
빙수,16
제주도,16
카라,16
반점,16
바닷바람,16
파라다이스,16
실전,16
도미,16
이것저것,16
-2,16
낙산사,16
무한,16
가요,16
실패,16
계속,16
실력,16
결제,16
영업,16
간만,16
분도,16
프로,16
더위,16
특정,16
시반,16
별도,16
다음번,16
5월,16
감각,16
당일,16
가루,16
패스,16
고생,16
전국,16
지난번,16
욕실,16
해진,15
배우,15
취미,15
도보,15
전경,15
.co,15
와도,15
우유,15
와우,15
인스타그램,15
완벽,15
경치,15
청소,15
추위,15
9월,15
관리,15
동남아,15
실제,15
용품,15
먹거리,15
청결,15
체크아웃,15
그중,15
비쥬,15
남애항,15
그니,15
흡입,15
약속,15
해장,15
이웃,15
열정,15
색감,15
선물,15
한국,15
색깔,15
시도,15
입장,15
전문점,15
미터,15
와인,15
오기,15
단점,15
아무것,15
치킨,15
토리,15
비교,15
인원,15
카드,15
7월,15
해먹,15
중인,15
낭만,14
파리,14
스트레스,14
타스,14
동반,14
오징어,14
인사,14
상황,14
한눈,14
야자수,14
고양이,14
환경,14
우럭,14
실수,14
일행,14
미리,14
점심시간,14
종일,14
수다,14
이예,14
폭풍,14
회사,14
침구,14
10월,14
기가,14
감탄,14
슈퍼,14
길이,14
내년,14
소요,14
차이,14
거실,14
오프,14
등대,14
횟집,14
그동안,14
샴푸,14
업체,14
샐러드,14
정상,14
나머지,14
지난주,14
노을,14
지상,14
금지,14
무리,14
일본,14
앞쪽,14
세트,14
수산,13
세븐일레븐,13
리조트,13
개별,13
장난,13
로컬,13
난리,13
어촌,13
첨부,13
개통,13
피곤,13
볶음밥,13
팔로잉,13
타이밍,13
앞으로,13
낙산,13
양도,13
짜장면,13
활용,13
레이스,13
드라이브,13
발리,13
조화,13
집중,13
천국,13
모자,13
게시물,13
낮잠,13
소문,13
고급,13
공유,13
파란,13
테이크,13
-3,13
이정,13
주스,13
카루나,13
해산물,13
무렵,13
리어,13
가운데,13
타이,13
종이,13
가에,13
가면,13
구비,13
무트,13
하룻밤,13
관광지,13
코코넛,13
장착,13
시야,13
자극,13
아이스크림,13
자랑,13
해돋이,13
리얼,13
당장,13
밥집,13
영화,12
한입,12
우리집,12
장사,12
기간,12
단계,12
피부,12
차량,12
특유,12
주시,12
구성,12
한여름,12
위주,12
무지,12
입문,12
동산항,12
표정,12
시스템,12
수영복,12
된장찌개,12
레몬,12
세번,12
광어,12
연결,12
4월,12
단위,12
활동,12
충전,12
세팅,12
전기,12
수영장,12
페이지,12
민박,12
태풍,12
도시,12
정면,12
가야,12
나루,12
안나,12
항구,12
에선,12
작정,12
며칠,12
육수,12
벽화,12
디자인,12
구석구석,12
사온,12
컨셉,12
얼음,12
과일,12
그릴,12
취향저격,12
맞은편,12
컨테이너,12
와중,12
젓가락,12
옥상,12
기름,12
국수,12
창가,12
목적지,12
기록,12
요금,12
당일치기,12
관계,12
밀크,12
쌀국수,12
옥수수,12
간장,12
결과,12
구조,12
온몸,12
막걸리,12
햇살,12
도움,12
이전,12
기도,12
볶음,11
시내,11
마시,11
그날,11
셔틀버스,11
동작,11
순두부,11
마감,11
휴양지,11
불꽃놀이,11
낙산해수욕장,11
조리,11
교체,11
조개,11
서서,11
우측,11
기초,11
황소,11
추석,11
이신,11
노력,11
월요일,11
올여름,11
.at,11
숯불,11
즐거움,11
상품,11
남자친구,11
잡기,11
식기,11
햇볕,11
프리,11
평소,11
니다,11
하니,11
여행기,11
애기,11
주류,11
후라이,11
리즈,11
맛나,11
3분,11
피로,11
소고기,11
파라솔,11
태양,11
신나,11
참여,11
관광,11
캠핑장,11
반납,11
국도,11
라인업,11
이벤트,11
최대한,11
백사장,11
허리,11
반복,11
오니,11
고명,11
시간표,11
대로,11
코너,11
아아,11
상가,11
운행,11
월도,11
만해,11
티셔츠,11
가보,11
젊음,11
국밥,11
고속버스,11
약간,11
학교,11
군데,11
본인,11
물건,11
인해,11
신분,10
쥬스,10
대체,10
토스트,10
야영장,10
차도르,10
포차,10
아무도,10
수준,10
현실,10
브런치,10
거품,10
불가,10
좋은 날,10
적응,10
백반,10
흔적,10
금액,10
나미,10
컵라면,10
철수,10
구분,10
당황,10
커서,10
옆쪽,10
루프,10
가까이,10
반죽,10
고수,10
배경,10
완성,10
목적,10
데이트,10
박스,10
신랑,10
바다낚시,10
댓글,10
학생,10
완료,10
토마토,10
한번쯤,10
시선,10
문구,10
일품,10
빌라,10
워터,10
사계절,10
두근두근,10
가니,10
일차,10
마당,10
스킨스쿠버,10
가능,10
체크,10
인당,10
칭찬,10
장도,10
오오,10
하진,10
찌개,10
영향,10
빨대,10
이색,10
비밀,10
돗자리,10
한지,10
운치,10
조미료,10
기운,10
거울,10
직전,10
모텔,10
여러분,10
벽면,10
축제,10
무릎,10
선셋,10
안전교육,10
천장,10
보세,10
이틀,10
튜브,10
해지,10
선호,9
스케이트보드,9
차례,9
해양,9
매너,9
리에,9
합리,9
퇴근,9
대한민국,9
여행객,9
롱보드,9
포즈,9
주민,9
차돌박이,9
형태,9
진한,9
자몽,9
마무,9
정자,9
두부,9
요건,9
목표,9
돌고,9
기상,9
부모,9
팥빙수,9
이스,9
후식,9
베이컨,9
신이,9
비키니,9
극성,9
주인장,9
클럽,9
가방,9
소나무,9
뒷모습,9
표시,9
열기,9
로고,9
실습,9
아기,9
뒷편,9
보람,9
반려,9
전자,9
간식,9
다짐,9
유명,9
욕조,9
여럿,9
기로,9
술안주,9
스테이,9
블로거,9
기라,9
스피커,9
좌석,9
행사,9
인정,9
순서,9
탑승,9
콜라,9
스노,9
지점,9
상호,9
토닉,9
광고,9
야경,9
비누,9
간다,9
레트로,9
제트,9
문어,9
시기,9
칫솔,9
다운,9
고추,9
가평,9
일주일,9
호로,9
상당,8
하구,8
중국집,8
네이버 지도,8
듯이,8
정성,8
불어,8
고개,8
해물,8
다시,8
계산,8
린스,8
명칭,8
일회,8
의미,8
비오,8
가량,8
나니,8
어깨,8
팔찌,8
속도,8
대회,8
동서울,8
깍두기,8
발생,8
사이다,8
아이템,8
야영,8
북쪽,8
맞이,8
화장대,8
세계,8
할거,8
장만,8
사비,8
양양읍,8
주택,8
숟가락,8
여행가,8
대가,8
라피,8
길가,8
동호,8
가보세,8
망고,8
불빛,8
모듬,8
인도,8
나라,8
유리,8
조심,8
된장,8
코로나,8
이집,8
신발,8
핫도그,8
현지,8
즈음,8
마켓,8
설악산,8
스토어,8
쇼핑,8
먹방,8
스무디,8
년대,8
안와,8
작성,8
세월,8
세탁,8
참조,8
레스,8
개조,8
효능,8
전시,8
카운터,8
플리,8
스틱,8
상상,8
도면,8
돌아오는 길,8
뒤쪽,8
하차,8
과자,8
후에,8
하네,8
반대편,8
이곳저곳,8
눈물,8
고속,8
라이,8
티켓,8
쇼파,8
투명,8
결심,8
가와,8
어른,8
아주머니,8
정식,8
디워,8
밤새,8
사전,8
평창,8
준비운동,8
결론,8
공수,8
모기,8
대게,8
평화,8
매운탕,8
효과,8
직접,8
조정,8
착용,8
디테일,8
궁합,8
차지,8
돼지,8
그린,8
모던,8
지그,8
진리,8
만남,8
한편,8
컬러,8
라인,8
출처,8
모임,8
방면,7
취사,7
현북면,7
파타고니아,7
시청,7
기존,7
사이에서,7
스티커,7
정말,7
침실,7
단무지,7
아가,7
인파,7
파인애플,7
쏘주,7
불고기,7
사이드,7
찰떡,7
청춘,7
마실,7
막바지,7
벤치,7
애견,7
구간,7
미역,7
도중,7
만끽,7
손가락,7
화요일,7
카페나,7
프라이,7
피서,7
래미,7
시내버스,7
캐리어,7
강조,7
비빔밥,7
연예인,7
잠자리,7
인용,7
양배추,7
전용,7
성인,7
훈련,7
브레이크,7
소원,7
11월,7
조각,7
마다,7
마늘,7
영도,7
타코,7
태국,7
후후,7
위로,7
비도,7
경포대,7
만둣국,7
정돈,7
장판,7
오랫만,7
환상,7
신상,7
브랜드,7
예방,7
큰일,7
캠프,7
갈비,7
이만,7
직행,7
피서객,7
마니,7
편의,7
하늘과 바다,7
발걸음,7
메밀국수,7
부채,7
협찬,7
음주,7
소파,7
면적,7
음료수,7
제격,7
절임,7
약시,7
작업,7
엄두,7
공식,7
우동,7
남녀,7
이스트,7
이든,7
에메랄드,7
어름,7
차림표,7
분리,7
바닷속,7
상추,7
안남,7
시대,7
접근성,7
아내,7
탄산,7
좌측,7
유튜브,7
없어,7
눈길,7
제주,7
자전거,7
이외,7
해주,7
이기,7
개월,7
사방,7
기술,7
순식간,7
요청,7
코카콜라,7
동물,7
출근,7
먼지,7
버터,7
오이,7
배려,7
방송,7
손바닥,7
서울양양고속도로,7
긴팔,7
잡지,7
쓰레기,7
예술,7
군가,7
대나무,7
폭죽,7
공감,7
대중교통,7
고장,7
안개,7
고객,7
오렌지,7
장관,7
날짜,7
육지,7
개장,7
곱배기,7
스테이크,7
디저트,7
셔틀,7
다이버,7
컴백,7
진심,7
중독,7
한판,7
차트,7
포트,7
안정,7
강생,7
꼬리,7
소인,6
멀미,6
해녀,6
샌드위치,6
소화,6
휴대폰,6
해외여행,6
무게,6
중반,6
조이,6
마시기,6
새해,6
선바위,6
파티장,6
구역,6
김치찌개,6
드로잉,6
제외,6
서빙,6
연기,6
센터,6
취침,6
배낚시,6
여분,6
아이스박스,6
동산리,6
바나나,6
오해,6
거주,6
무지개,6
.in,6
애정,6
파도타기,6
소머리,6
파크,6
가로,6
장난감,6
보라,6
영어,6
커리,6
소금,6
별거,6
파랑,6
심플,6
육도,6
바질,6
강릉시,6
자유분방,6
기암괴석,6
점프,6
레크레이션,6
호가,6
부동산,6
가위,6
광진,6
도안,6
닭볶음탕,6
나가,6
바가,6
배치,6
일기,6
가자미,6
더더,6
할머니,6
도구,6
기온,6
해도,6
대답,6
번호표,6
들보,6
아버지,6
할인,6
개성,6
수기,6
픽업,6
안함,6
퇴식,6
부력,6
래시,6
3월,6
에그,6
슬리퍼,6
휴지,6
역할,6
성격,6
플라스틱,6
플랫,6
부근,6
대도,6
용도,6
소모,6
부상,6
마스코트,6
조선,6
선결,6
하면 된다,6
욕심,6
플로우,6
형제,6
서프보드,6
최적,6
정원,6
문리,6
핑크,6
농협,6
엄지,6
렌트,6
내외,6
과정,6
주부,6
소진,6
보호,6
식후경,6
자주,6
카레,6
강남,6
고려,6
불안,6
컨디션,6
무더위,6
보통,6
출입,6
식물,6
냄비,6
멍게,6
만석,6
사와,6
개발,6
면사무소,6
선풍기,6
모닝,6
양파,6
복귀,6
이득,6
프로그램,6
윈드,6
인심,6
가나,6
감기,6
만화,6
최대,6
안고,6
호수,6
건조,6
해보면,6
진가,6
하와,6
조절,6
금강산,6
삼척,6
안성맞춤,6
여름철,6
신세계,6
시계,6
숫자,6
반팔,6
당시,6
여행길,6
와플,6
매운맛,6
로그,6
일몰,6
에너지,6
방식,6
미세먼지,6
전복,6
균형,6
입안,6
꽃집,6
황금,6
캠퍼,6
맞춤,6
어르신,6
출동,6
유행,6
경찰,6
주심,6
지만,6
방도,6
불꽃,6
공짜,6
소프트,6
별미,6
특징,6
키친,6
노지,6
조류,6
카약,6
정작,6
바비큐,6
수고,6
바보,6
보이,6
오션,6
한창,6
실감,6
근육,6
세탁기,6
실망,6
글씨,6
통유리,6
수평선,6
돼지고기,6
브라이언,6
지정,6
메일,6
가정,6
매니아,6
푸쉬,6
집으로,6
문자,6
커피숍,5
연출,5
스쿨,5
미숫가루,5
엘리베이터,5
긴장,5
자장면,5
아일랜드,5
지속,5
실시,5
딸기,5
복도,5
레이,5
우선,5
대화,5
물질,5
관음,5
지경,5
선상,5
탈수,5
홍게,5
사찰,5
여명,5
시간대,5
건너편,5
악세사리,5
홍보,5
리스트,5
양서,5
증말,5
분만,5
종료,5
영양,5
우왕,5
조망,5
레깅스,5
실신,5
잠깐,5
높이,5
프리미엄,5
습도,5
귀여워,5
땡볕,5
사연,5
해달,5
그 후,5
스프,5
드릴,5
닭강정,5
남매,5
수산항,5
실외,5
해장국,5
페스티벌,5
도우,5
연어,5
주전,5
원목,5
패티,5
찰나,5
시나,5
의견,5
이즈,5
물품,5
정체,5
남쪽,5
건축,5
배가,5
와이프,5
갈수,5
고통,5
숙지,5
배식,5
화상,5
전반,5
도장,5
주중,5
비빔국수,5
외국인,5
몸매,5
고향,5
낚시대,5
레포츠,5
허기,5
이고,5
모드,5
수원,5
우드,5
다다,5
소라,5
본점,5
투척,5
설악,5
고정,5
도어,5
블랙,5
변경,5
공부,5
페퍼로니,5
겨자,5
목이,5
유일한,5
주가,5
치약,5
방수,5
주의보,5
오랫동안,5
된장국,5
토요,5
로션,5
자재,5
아가씨,5
웃음,5
아까,5
연인들,5
화장,5
단골,5
나물,5
호두과자,5
백패,5
잡음,5
봉평,5
귀신,5
변동,5
교통,5
윤기,5
비닐,5
커버,5
핸드,5
불교,5
레트,5
계곡,5
쿠폰,5
배고픔,5
포크,5
변화,5
민트,5
김밥,5
화면,5
연락처,5
인간,5
후배,5
모델,5
채널,5
임대,5
걷기,5
담요,5
회랑,5
바닷,5
길거리,5
산이,5
유명한,5
라운지,5
집합,5
지구,5
베개,5
구독,5
의류,5
대한,5
미국,5
수요일,5
허락,5
계정,5
유료,5
칼국수,5
물가,5
스노우,5
인시,5
해수,5
유니크,5
대세,5
가정집,5
도가니,5
칠리,5
뽑기,5
시로,5
환영,5
나가야,5
친정,5
꽃마을,5
더블,5
강제,5
진입,5
로코,5
의지,5
윗층,5
아이디어,5
버블,5
우등,5
화분,5
아지트,5
횡성,5
막내,5
반바지,5
아파트,5
조림,5
모레,5
여관,5
바닐라,5
갈래,5
교통편,5
소재지,5
수저,5
고등어,5
기구,5
코코,5
원주,5
위생,5
자자,5
팟타이,5
라이프,5
거지,5
덮밥,5
방어,5
알콜,5
리가,5
여성,5
라구,5
장의,5
푸드,5
타코라이스,5
묘미,5
베란다,5
당첨,5
누가,5
선글라스,5
공용,5
모범,5
입간판,5
주위,5
공원,5
중순,5
왕복,5
초가,5
찹쌀,5
체계,5
명당,5
존재,5
여태,5
대형,5
메모,5
채소,5
이나,5
인연,5
개시,5
손맛,5
2년,5
봉지,5
게도,5
둥둥,5
전통,5
상승,5
상점,5
개방,5
실시간,5
아이와,5
샤워기,5
산도,5
숙취,5
죽도로,5
보지,5
스마트,5
컴퓨터,5
지게,5
어묵,5
의심,5
목소리,5
깃발,5
구명조끼,5
시각,5
유일,5
필라프,5
깻잎,5
고성,5
형님,5
생일,5
상담,5
예보,5
싱글,5
세대,5
소음,5
각자,5
감칠맛,5
루트,5
너머,5
수박,5
보일,5
현금,5
비기너,5
일대,5
두리,5
갈비살,5
치즈버거,5
예뻐,5
레스토랑,5
미시령,4
나위,4
가구,4
색상,4
싱크대,4
깊이,4
키키,4
인건비,4
바라,4
정수기,4
프라이버시,4
매일,4
순두부찌개,4
클렌징,4
에어,4
지형,4
캠프파이어,4
쉼터,4
애플,4
표면,4
경기,4
통일,4
와이키키,4
커튼,4
김장,4
사골,4
연차,4
부처,4
제목,4
경사,4
세면도구,4
줄기,4
타오,4
명함,4
요가,4
외식,4
모름,4
한가지,4
마이,4
흔들바위,4
설탕,4
소통,4
벌레,4
데이즈,4
정착,4
30,4
자동차,4
음식물,4
병원,4
평가,4
폭염,4
발목,4
복어,4
수정,4
멍멍이,4
도랑,4
할아버지,4
진다,4
게장,4
이용하,4
인치,4
수차례,4
삼촌,4
핑계,4
정이,4
와이파이,4
로만,4
보일러,4
바지,4
직진,4
부대,4
님과 함께,4
초입,4
하하,4
유래,4
현지인,4
밀크티,4
캐릭터,4
주구,4
희망,4
입가심,4
살인,4
뒷골목,4
프렌치,4
위층,4
영동고속도로,4
옆집,4
의사,4
일요일 아침,4
배정,4
횟감,4
하지,4
시원,4
폭우,4
관세음보살,4
창밖,4
이동하,4
조성,4
부엌,4
빨래,4
오일,4
마린,4
지불,4
방학,4
정육점,4
적격,4
군사,4
스톤,4
어메이징,4
담배,4
측면,4
홍합,4
종이컵,4
작품,4
맨발,4
갈매기,4
매트리스,4
동해대로,4
두말,4
피해,4
장면,4
최소,4
주문진읍,4
아웃,4
토지,4
육회,4
수리,4
퀴즈,4
목살,4
주력,4
판단,4
타일,4
사천,4
한식,4
음식사진,4
모금,4
간격,4
콩나물,4
수국,4
복합,4
빙고,4
쌈장,4
매니저,4
안심,4
전이,4
사모님,4
파고,4
이자,4
초등학교,4
하도,4
황태,4
조건,4
미소,4
합격,4
가동,4
소시지,4
기약,4
여운,4
물살,4
카스,4
반대쪽,4
현수막,4
시행,4
라임,4
밥솥,4
안목,4
환기,4
판다,4
후추,4
흡연,4
니즈,4
매진,4
에스프레소,4
무침,4
드레,4
잠도,4
온건,4
떡볶이,4
안길,4
급부상,4
대망,4
매매,4
양쪽,4
광경,4
형상,4
인형,4
헤드,4
반사,4
신호,4
이면,4
강의,4
최악,4
실화,4
케이스,4
눈치,4
이왕,4
여자친구,4
위쪽,4
잠실역,4
화이팅,4
한시,4
전세,4
유도,4
그룹,4
잔잔,4
남대천,4
지로,4
발바닥,4
회로,4
민폐,4
카페인,4
소재,4
구멍,4
이리,4
간지,4
호주,4
집사람,4
정과,4
명정,4
신가,4
빛깔,4
천지,4
회전,4
경리단길,4
먹구름,4
마찬가지,4
민망,4
가이드,4
보트,4
짜증,4
골뱅이,4
본론,4
콘도,4
만찬,4
풍랑,4
진열,4
마구마구,4
무심,4
보유,4
장날,4
결혼,4
보우,4
물위,4
지옥,4
발전,4
주네,4
젓갈,4
노랑,4
생강,4
오예,4
대접,4
이란,4
발도,4
진정,4
의도,4
보장,4
일요,4
학습,4
장님,4
탁트인,4
라다,4
취급,4
취소,4
따위,4
파워,4
앞마당,4
구석,4
퓨전,4
차돌,4
스케이트,4
장마,4
각각,4
확대,4
준비물,4
경계,4
정거장,4
베스트,4
올림픽,4
왁스,4
주관,4
로하,4
파스타,4
전신,4
방생,4
동동,4
뒷정리,4
동서울터미널,4
괜찮아,4
둘레길,4
흐름,4
스펀지,4
우산,4
식초,4
군인,4
허벅지,4
블루투스,4
늦잠,4
이도,4
기호,4
고구마,4
오리,4
책방,4
만화책,4
지원,4
미역국,4
능력,4
남자들,4
방지,4
최초,4
의문,4
시리즈,4
사랑합니다,4
장식,4
리다,4
선녀탕,4
암자,4
골목길,4
시외,4
아보카도,4
고 온,4
세시,4
문신,4
글귀,4
내음,4
기능,4
이하,4
리라,4
경로,4
페스,4
실천,4
포착,4
돼지갈비,4
스테이지,4
3년,4
교실,4
쓰기,4
들로,4
수요미식회,4
원룸,4
내외분,4
변비,4
등심,4
송죽,4
남녀노소,4
용기,4
빌어,4
원형,4
하늘색,4
휴일,4
스팸,4
선수,4
초록,4
다량,4
목욕,4
등록,4
미노스,4
시공,4
사무실,4
밴드,4
브이,4
아하,4
순위,4
군침,4
흥미,4
재질,4
끼니,4
이용이,4
축구,4
둘쨋날,4
울면,4
면허증,4
소나기,4
가오,4
선인장,4
종합,4
참석,4
사악,4
온수,4
난간,4
원두,4
피서지,4
타이거,4
목욕탕,4
랜드,4
오자,4
행동,4
세부,4
머신,4
야간,4
생명,4
스노클링,4
중급,4
병과,4
금상첨화,4
카버,4
코앞,4
호흡기,4
길목,4
시크릿,4
기념사진,4
터널,4
전구,4
물색,4
원피스,3
멸치,3
경인,3
채운,3
6년,3
표지판,3
콜택시,3
하얀색,3
일부,3
호도,3
보드카,3
초반,3
남해,3
일본인,3
지방,3
폴리,3
선생,3
신비,3
어치,3
액자,3
아몬드,3
라오,3
로얄,3
여인숙,3
연상,3
형성,3
이모,3
초벌구이,3
모래밭,3
노트북,3
미러,3
연주,3
기타,3
자지,3
추세,3
승차,3
무가,3
보구,3
남문리,3
비트,3
윈드서핑,3
입시,3
환장,3
반지,3
춥다,3
컨트롤,3
라이브,3
국적,3
갈색,3
꼬마,3
자부심,3
해피,3
머스타드,3
장창,3
매거진,3
삼치,3
도시락,3
90분,3
순대,3
보건소,3
혜자,3
학년,3
구도,3
한군데,3
분당,3
제리,3
벚꽃,3
난 주,3
사발,3
교시,3
광복절,3
현대,3
잔디,3
회원,3
키우시,3
스페셜,3
싸이,3
공지,3
기획,3
하나하나,3
가득,3
조언,3
치도,3
강탈,3
친숙,3
담당,3
수협,3
도암,3
페퍼,3
관리자,3
내야,3
보소,3
가격표,3
가가,3
테이크아웃,3
사은품,3
신기,3
장가,3
아버님,3
렌즈,3
간반,3
주간,3
베드,3
상업,3
공휴일,3
사과,3
전면,3
미용,3
의상대,3
책장,3
철이,3
착각,3
두피,3
우체국,3
포스,3
베이,3
쇼핑몰,3
설레임,3
백정,3
진로,3
방기,3
축하,3
특성,3
지번,3
경계선,3
기억력,3
철조망,3
전자레인지,3
인식,3
패션,3
조카,3
대선,3
바늘,3
오리발,3
서울고속,3
포스터,3
문제점,3
참가,3
트럭,3
잠실,3
한국관광공사,3
서치,3
확보,3
뉴스,3
신분증,3
올리브,3
동의,3
내장,3
정감,3
무서움,3
조차,3
식빵,3
간도,3
가마,3
아주,3
화덕,3
치타,3
고소,3
발라,3
스트레칭,3
초행,3
서해,3
뚜껑,3
본사,3
목요일,3
입장료,3
역사,3
장갑,3
어종,3
질문,3
두려움,3
이사,3
로비,3
시럽,3
일자,3
향기,3
완수,3
수도권,3
주차공간,3
싸인,3
에두고,3
콘센트,3
장아찌,3
벙커,3
두꺼비,3
배회,3
제휴,3
실기,3
승부욕,3
만도,3
수분,3
시점,3
포스트,3
건조기,3
정비,3
음질,3
온돌방,3
모닝커피,3
만점,3
편식,3
언덕,3
헬리,3
가스,3
모델링,3
우슈,3
에어비앤비,3
교동,3
해질녘,3
편집,3
뱃속,3
시청역,3
하루하루,3
근무,3
품격,3
주영,3
자료,3
청량감,3
여사장,3
접근,3
경부,3
카풀,3
중식,3
콘크리트,3
금어,3
부티크,3
한계,3
기둥,3
선도,3
사진기,3
청정,3
웨이,3
엉덩이,3
한해,3
결국,3
스타트,3
동치미,3
자가용,3
보조,3
팡팡,3
워터파크,3
잠수,3
집게,3
플로,3
하의,3
소지품,3
멀리,3
사무소,3
흥분,3
인제,3
해물탕,3
동태,3
달리기,3
여정,3
주무,3
마스터,3
녹스,3
가리,3
에티켓,3
행위,3
회관,3
부대찌개,3
자로,3
번주,3
급진,3
왼발,3
생수,3
피크,3
탈탈,3
충실,3
가고파,3
대장,3
평상,3
구축,3
동호회,3
함정,3
모래성,3
주 주,3
빗방울,3
초대,3
모아,3
냅킨,3
어머니,3
인승,3
일전,3
에어콘,3
블루,3
산미,3
안방,3
진실,3
저질,3
기절,3
인지상정,3
과언,3
1년,3
완공,3
오래간만,3
시댁,3
워크,3
카레라,3
키즈,3
개개인,3
사정,3
연애,3
테이스티로드,3
학원,3
대포항,3
설거지,3
눈높이,3
메종드,3
봄이,3
전부,3
주공,3
충만,3
안팎,3
터치,3
팔로,3
보정,3
실물,3
슬라이드,3
애가,3
만세,3
마음속,3
리퍼,3
하나라,3
전문가,3
과거,3
사용자,3
도심,3
장죽,3
연접,3
홍대,3
파출소,3
여파,3
인천,3
베리,3
좌절,3
리한,3
폭발,3
천막,3
가로등,3
탁자,3
정책,3
해삼,3
네온,3
40,3
상체,3
함박,3
웨이브,3
비린내,3
야속,3
한낮,3
노래방,3
사시사철,3
변신,3
시집,3
동계,3
양송이,3
농부,3
용어,3
아마,3
한대,3
성황,3
감자전,3
역대,3
단독,3
롯데,3
번지,3
오뎅,3
옵션,3
어시장,3
파인더,3
가족사진,3
마디,3
수입,3
노출,3
참기름,3
이구,3
깨알,3
손질,3
대처,3
관람,3
철제,3
드림,3
한산,3
참이슬,3
노란색,3
긴급,3
즉석,3
반갑습니다,3
낮술,3
볼일,3
기계,3
민물,3
춘천,3
보름달,3
천정,3
초심,3
기쁨,3
최선,3
드럼,3
조황,3
제작,3
등받이,3
찬스,3
타도,3
비만,3
본적,3
한국인,3
익스트림,3
노래미,3
패밀리,3
하나에,3
소감,3
드림캐쳐,3
삼거리,3
정류소,3
베이스,3
응원,3
애니메이션,3
레저,3
초등학생,3
댄스,3
지친,3
비어,3
주기,3
해송,3
도로변,3
믿음,3
포항,3
주먹밥,3
자락,3
가래,3
보그,3
시절,3
약국,3
멘붕,3
케이크,3
카카오톡,3
한글,3
상주,3
다이브,3
보라색,3
꽃바구니,3
자기,3
분과,3
활어,3
고도,3
미션,3
어민,3
진상,3
단어,3
와이,3
스쿠터,3
자태,3
하트,3
장어,3
지식,3
통로,3
뷰로,3
파라,3
방해,3
입술,3
명절,3
추정,3
호프,3
논현,3
대학생,3
서리,3
양의,3
방울,3
선반,3
보심,3
신논현역,3
사실은,3
핫소스,3
은행,3
망망대해,3
생동감,3
컬러풀,3
아삭,3
누나,3
마리나,3
활성,3
고르고,3
이용한,3
자승,3
아이폰,3
드라마,3
심장,3
청량,3
사실 나는,3
헤어,3
주제,3
아드님,3
탈의실,3
귀여움,3
오천,3
첨가,3
치즈케이크,3
버튼,3
귀마개,3
주년,3
한숨,3
재즈,3
한동안,3
인원수,3
레고,3
고혈압,3
무장,3
직통,3
중고,3
새우젓,3
분리수거,3
내용물,3
로라,3
공중화장실,3
평양,3
낯선,3
신고,3
대국,3
배추김치,3
신공,3
분해,3
회식,3
버너,3
강풍,3
스텝,3
월세,3
메리트,3
경품,3
신규,3
공포감,3
바램,3
20대,3
무사,3
사우나,3
입금,3
한정,3
발휘,3
비가,3
각광,3
바른,3
입욕,3
다이어트,3
00,3
아인,3
장단점,3
사람과,3
화로,3
백이,3
버스 정류장,3
연발,3
수산물,3
전쟁,3
고등학교,3
출연,3
마크,3
숙성,3
오래전,3
딸아이,3
자신감,3
아시,3
지지,3
중국,3
업로드,3
땅콩,3
참가자,3
말썽,3
청년,3
심정,3
캐리,3
해소,3
참치,3
자식,3
장용,3
어린이,3
그네,3
자차,3
이마트,3
대지면적,3
손등,3
허니,3
초딩,3
스쿠버 다이빙,3
신기하,3
서문,3
기본자세,3
잘못,3
시험,3
확신,3
손양면,3
수집,3
삼각김밥,3
제자리,3
대상,3
반대,3
전해,3
도라,3
극복,3
유노,3
안온,3
숙박업소,3
그림자,3
근방,3
차원,3
유리창,3
호박,3
친척,3
플러스,3
배럴,3
코드,3
별칭,3
양념장,3
집의,3
월화,3
보더,3
일어,3
이본,3
가장,3
리피,3
습관,3
안전사고,3
개최,3
기세,3
도깨비,3
피비,3
각도,3
빌리,3
선단,3
스트로,3
초코,3
진국,3
최상,3
찬바람,3
서요,3
리스,3
카누,3
갈비탕,3
다만,3
연면적,3
꼭대기,3
젊은이,3
경보,3
.me,3
광안리,3
하이라이트,3
살이,3
입문자,3
1월 1일,3
이점,3
일거,3
굴욕,2
토이,2
철골,2
타입,2
대구,2
국제,2
돌입,2
찰옥수수,2
뒤편,2
특수,2
형식,2
모닥불,2
캐치,2
아스파라거스,2
점수,2
후불,2
정모,2
숙박비,2
지라,2
핫초코,2
몇 번을,2
.be,2
소환,2
웃음소리,2
퍼다,2
바캉스,2
나도,2
냉동,2
조립,2
만두라,2
해시태그,2
요즈음,2
거절,2
불필요,2
한치의,2
오구,2
진열장,2
셋트,2
어린이날,2
타자기,2
시인,2
사자,2
무제,2
뿌리,2
분석,2
어머님,2
움직임,2
소유,2
지오,2
원리,2
요번,2
울산,2
닭갈비,2
써니,2
인명구조,2
장인,2
레드락,2
졸업,2
프로모션,2
성수,2
예측,2
지명,2
마포,2
속살,2
슬로,2
의뢰인,2
깡패,2
박자,2
상급,2
전달,2
빼기,2
전파,2
요소,2
매직,2
퇴사,2
직장인,2
서랍,2
이정표,2
키로,2
처리,2
업무,2
백장,2
적도,2
얼음물,2
항이,2
감탄사,2
반년,2
이인,2
브릭,2
금전,2
곱창,2
임신,2
심해,2
일회용품,2
겁쟁이,2
투숙객,2
통행,2
여인,2
출구,2
서울역,2
날인,2
대도시,2
받침,2
담그기,2
영하,2
중단,2
구가,2
테이프,2
결재,2
조사,2
고무보트,2
내륙,2
탕이,2
돌출,2
보리,2
아라,2
난생처음,2
10년,2
뷰티,2
장보고,2
호기심,2
엔게,2
횡성휴게소,2
그램,2
서식,2
관찰,2
스케치,2
홈런,2
참나무,2
털이,2
혼란,2
둘이,2
배낭,2
양치,2
잡이,2
계좌,2
규정,2
모터,2
금요,2
곤욕,2
대충,2
군더더기,2
자매,2
바르,2
타기,2
흡족,2
비품,2
질라,2
영수증,2
희소성,2
환승,2
용도지역,2
정해진,2
창건,2
8월 17일,2
포장마차,2
당도,2
무늬,2
못가,2
야자,2
야구,2
딱지,2
차이점,2
저녁때,2
어스름,2
밀착,2
김소영,2
반응,2
대명,2
트레이닝,2
오름,2
본업,2
로한,2
의식의 흐름,2
인산인해,2
조에,2
콘서트,2
발산,2
수행,2
지소,2
열무김치,2
잔소리,2
노하우,2
단골집,2
스포,2
식수,2
워킹,2
그레이,2
티맵,2
다빈치,2
단기,2
꽁치,2
라디오,2
이일,2
건축면적,2
각오,2
정겨운,2
공주,2
초야,2
실행,2
주니,2
방안,2
소함,2
부타돈,2
스도,2
와르르,2
사기,2
물개,2
스카프,2
산거,2
나날,2
호기,2
청어,2
티라미스,2
신나라,2
면도,2
책상,2
경찰서,2
현상,2
꼬막,2
수준급,2
초심자,2
문진,2
자아,2
호흡,2
주전자,2
나열,2
댕기,2
라하,2
전광판,2
채비,2
성적,2
보시,2
진동,2
챙피,2
대낮,2
사면,2
지혜,2
내공,2
생물,2
어이,2
내면,2
손양,2
집안,2
빅보이,2
이탈리아,2
최신,2
앨범,2
금빛,2
아담,2
박수,2
8월 15일,2
자석,2
온천,2
리터,2
탐험,2
지향,2
개정,2
내역,2
제철,2
예술인,2
훈제,2
프랜차이즈,2
플랜,2
두도,2
숙박지,2
묘적,2
조끼,2
신제품,2
영화제,2
상기,2
싸움,2
유리컵,2
물반,2
전만,2
일수,2
무념,2
꽃다발,2
좋은사람,2
사인,2
절약,2
영광,2
자루,2
차고,2
강현,2
구성은,2
코스트코,2
매점,2
강변역,2
프랑,2
손톱,2
디스,2
이상해,2
레드,2
하리,2
성분,2
콧물,2
공포,2
박형,2
삼각형,2
중문,2
트렌디,2
러스트,2
사이사이,2
웨어,2
간나,2
패턴,2
요양,2
명품,2
제이,2
부침개,2
서명,2
바이킹,2
체육,2
황치열,2
시경,2
출장,2
파이팅,2
슬픔,2
작용,2
떨기,2
방사제,2
초고,2
전등,2
호일,2
뽀뽀,2
오색,2
비디오,2
스펙,2
예금주,2
성장,2
평상시,2
걸음,2
.gl,2
반칙,2
아자,2
트렁크,2
접선,2
비와,2
부비,2
질도,2
저격,2
받침대,2
호강,2
오디오,2
은하,2
장호항,2
세계로,2
분노,2
연말,2
5년,2
0시,2
발등,2
여주,2
데코,2
알레르기,2
맥주잔,2
수련회,2
코끝,2
뱃사람,2
참새,2
송재림,2
이당,2
출수,2
트랜디,2
귓가,2
비결,2
시카고,2
파악,2
야자나무,2
안타,2
게시,2
사가,2
스피드,2
공복,2
프로젝트,2
이천희,2
안정감,2
포켓몬,2
절반,2
앵콜,2
손목,2
여미,2
국가,2
조여정,2
무상,2
대왕,2
나들이,2
주자,2
디지털,2
긍정,2
근접,2
반상,2
작가,2
초상권,2
구조물,2
직후,2
단디,2
물치항,2
하루만,2
충전기,2
트레킹,2
비바람,2
양자,2
오븐,2
불규칙,2
기름기,2
변수,2
질투,2
하륜,2
내기,2
바리스타,2
한걸음,2
에폭시,2
영덕,2
찜통,2
천안,2
미사,2
낙원,2
육아,2
애초,2
실사,2
동명,2
엽서,2
축복,2
상처,2
예의,2
자작,2
여왕,2
후드,2
커뮤니티,2
솔로,2
수명,2
입장권,2
마우스,2
캘리포니아,2
강타,2
팝송,2
개수대,2
천명,2
대문,2
마카롱,2
배웅,2
뷔페,2
울진,2
박지윤,2
은지,2
성인병,2
시트,2
다이어리,2
사용료,2
골프,2
번개,2
업그레이드,2
처분,2
시키,2
2019년,2
닥터페퍼,2
코끼리,2
몸무게,2
직장,2
여유도,2
일상생활,2
유입,2
월 가,2
한적,2
팀장,2
이성우,2
영장,2
모네,2
필름,2
제때,2
호스트,2
안면도,2
확정,2
전주,2
멤버,2
무언,2
바구니,2
의기투합,2
마케팅,2
니모,2
선정,2
건식,2
마르고,2
정독,2
유가,2
뒷발,2
백도,2
군만두,2
가족 사진,2
감수,2
버스 터미널,2
양구,2
에프,2
걸리,2
유후,2
특화,2
달마,2
아줌마,2
난로,2
동선,2
사구,2
창시,2
친화,2
도둑,2
매니,2
식탁,2
고갈,2
삼매,2
웨이트,2
스카이,2
주재료,2
정차,2
하시,2
미지,2
달라,2
스릴,2
불량,2
방문자,2
드립 커피,2
구로,2
반쪽,2
초면,2
사주,2
그럼에도 불구하고,2
유다,2
노릇,2
다라,2
비타민,2
후유증,2
통과,2
하산,2
갯수,2
패스트푸드,2
나가사끼 짬뽕,2
전투,2
이용권,2
어떡하지,2
신의 한 수,2
유학,2
위장,2
큰길,2
갈증,2
양보,2
조달,2
표고,2
막간,2
수록,2
힙스터,2
썬글라스,2
2016년,2
맥락,2
비축,2
과테말라,2
따름,2
걸음마,2
우수,2
미술,2
절망,2
소가,2
양호,2
감나무,2
톨게이트,2
보쌈,2
오르막,2
야호,2
벽돌,2
동행,2
사무엘,2
청양고추,2
장치,2
집사,2
밀면,2
어린아이,2
실리콘,2
놀이기구,2
분홍색,2
레이싱,2
증가,2
무인,2
반은,2
해초,2
피크닉,2
추후,2
버전,2
써비스,2
킬로,2
성원,2
주세,2
달걀,2
교회,2
회색,2
오디,2
레벨,2
쌀밥,2
유의,2
액티브,2
모기향,2
봉투,2
버디,2
빗물,2
업소,2
활기,2
김치볶음밥,2
데리,2
악기,2
물이,2
2월,2
오뚜기,2
지체,2
라운드,2
스케줄,2
광안리해수욕장,2
다구,2
사나이,2
야구공,2
너트,2
도래,2
이규,2
탕수육,2
단장,2
수질,2
좌판,2
비행기,2
텀블러,2
마주,2
분홍,2
장안,2
파이프,2
욕망,2
라 주,2
다차,2
전골,2
양준,2
동서고속도로,2
박은,2
브레드,2
방명록,2
광정리,2
해제,2
열풍,2
신속,2
페이,2
초록색,2
순례,2
녹초,2
세레,2
장작,2
현서,2
볼락,2
누비,2
일명,2
만족도,2
수압,2
수첩,2
육개장,2
왼편,2
셀프서비스,2
커트,2
서지,2
회복,2
입속,2
어중간,2
삼삼오오,2
소다,2
로맨틱,2
인조,2
경관,2
교통비,2
100%,2
정은,2
압축,2
매트,2
정예,2
미닫이,2
우려,2
자율,2
나이프,2
초당,2
불평,2
욕구,2
청포도,2
비번,2
우리동네,2
정암,2
고야,2
도배,2
노니,2
스케일,2
신세,2
표고버섯,2
인적,2
고마,2
스파게티,2
의의,2
클래스,2
행정,2
정한,2
스프라이트,2
앞머리,2
큐어,2
경력,2
라이터,2
소울,2
상차림,2
우아,2
대여료,2
고가,2
게이,2
붉은빛,2
부대시설,2
에이스,2
녹차,2
인어,2
지이,2
석도,2
지문,2
대다수,2
낙지,2
멘트,2
요약,2
진짜진짜,2
휴식처,2
지중해,2
푸드코트,2
위아래,2
버티고,2
덩치,2
연탄,2
5월 9일,2
회의,2
서쪽,2
명란,2
무선,2
감당,2
미야,2
연산,2
치맥,2
일시,2
어게인,2
철판,2
휴게실,2
상의,2
사마시,2
지목,2
이여,2
모양새,2
리더,2
거북이,2
대진항,2
위협,2
서면,2
자장,2
산포,2
8월 14일,2
일대일,2
베네치아,2
차라,2
양은,2
타투,2
순례자,2
공개,2
만취,2
컴퍼니,2
고무,2
생채,2
배터리,2
별빛,2
소년,2
이참,2
청초,2
지침,2
성도,2
밤거리,2
주최,2
변기,2
강릉역,2
수확,2
관객,2
좋아 좋아,2
원적외선,2
춘장,2
은색,2
최소한,2
저지,2
평수,2
안막,2
소지,2
골드,2
뚝배기,2
검은색,2
투게더,2
풀이,2
강변,2
오른발,2
명당자리,2
알로하,2
반나절,2
엊그제,2
계해,2
정지,2
시식,2
반입,2
뽐뿌,2
스킵,2
샤브샤브,2
싱크로,2
장터,2
트레,2
모카,2
마일,2
제로,2
지기,2
고체,2
애용,2
반주,2
강현면,2
원정,2
보온,2
고집,2
압권,2
나은,2
근력,2
새송이,2
가의,2
아트,2
전도,2
해루,2
박준형,2
결혼식,2
소란,2
베어,2
기업,2
6월 17일,2
시멘트,2
아바이,2
상남자,2
다이스,2
보이시,2
콩가루,2
하단,2
답변,2
파우더,2
푸켓,2
소도,2
재촉,2
밸런스,2
현대식,2
대전,2
전국구,2
상권,2
민중,2
대중,2
산재,2
홀린,2
요정,2
소량,2
이불속,2
아침밥,2
26,2
신식,2
뜻밖,2
산발,2
굴뚝,2
낮과 밤,2
진해,2
양해,2
별개,2
카를,2
비법,2
디즈니,2
탱크,2
마스크,2
젊은층,2
우승자,2
의향,2
너울,2
안도,2
와썹,2
구지,2
리그,2
지나,2
언급,2
체험기,2
데리야,2
운명,2
주도,2
노예,2
산토리,2
증정,2
무어,2
아지,2
포켓,2
백두대간,2
자비,2
선사,2
요로,2
커피집,2
감퇴,2
사도,2
횟수,2
기원,2
정직,2
누룽지,2
제거,2
자격증,2
외모,2
기지,2
통째,2
빈자리,2
퇴짜,2
우정,2
자국,2
원산지,2
고자,2
바가지,2
두기,2
쟁반,2
탭댄스,2
도리,2
마성,2
방황,2
색도,2
사시,2
물음,2
사회자,2
인조잔디,2
발길,2
배낭여행,2
인구초등학교,2
원더,2
요량,2
비율,2
서로,2
이내,2
을해,2
출입구,2
충동,2
저세상,2
천둥,2
어려움,2
닥스훈트,2
한데,2
오세,2
아미,2
토피,2
지랄,2
브리핑,2
안성,2
약자,2
여름밤,2
본지,2
꽃게,2
싸이클,2
감격,2
캡틴,2
밥맛,2
파란색,2
수면,2
번화가,2
적정,2
감과,2
물결,2
염려,2
지즈,2
마눌,2
바알,2
위위,2
만인,2
휘닉스파크,2
한몫,2
영지,2
팔도,2
허허,2
티슈,2
자인,2
속풀이,2
1월,2
의외,2
서보,2
바이크,2
수량,2
수운,2
산다,2
석이,2
둘레,2
오심,2
서방,2
바깥쪽,2
소수,2
선착순,2
다낭,2
야장,2
과식,2
이언,2
달빛,2
공존,2
유중,2
우회전,2
GS25,2
딸기우유,2
잠옷,2
호리,2
이 섬,2
집기,2
양지역,2
스웨,2
게르만,2
콜롬비아,2
노숙,2
고해,2
청평,2
강릉시외버스터미널,2
보증금,2
남이,2
오버,2
만나,2
약수터,2
앞발,2
페페,2
타운,2
공포증,2
정문,2
접수,2
거란,2
서프라이즈,2
절경,2
파파라치,2
말리부,2
포도,2
하와이어,2
교환,2
주일,2
킬러,2
즉흥,2
미항,2
마인드,2
리좀,2
트라우마,2
군부대,2
오물,2
에드,2
팔뚝,2
여부,2
브라운,2
냉수,2
일쑤,2
밧데리,2
피클,2
공소,2
보고 싶다,2
주전부리,2
이아,2
본건,2
주인공,2
파이어볼,2
그지,2
충격,2
시승,2
원피스 수영복,2
만요,2
웃음꽃,2
지대,2
호스,2
누님,2
투하,2
기와,2
렉스,2
보미,2
산불,2
재능,2
타구,2
동이,2
박하,2
상도,2
쿠션,2
애완견,2
재생,2
마을버스,2
체인점,2
명단,2
초저녁,2
교감,2
근래,2
물장구,2
레이저,2
송정,2
취득,2
랜턴,2
적극,2
견인,2
병따개,2
구피,2
양평,2
가로수길,2
개도,2
스카,2
보리차,2
리도,2
기본기,2
품절,2
오메,2
연구,2
부리,2
생전,2
동호리,2
미로,2
적용,2
가입,2
방영,2
화보,2
이동한,2
공터,2
선곡,2
전화기,2
뮤지,2
조니,2
하이에나,2
베베,2
부지런,2
밤하늘,2
9월 1일,2
극기,2
전원,2
구글,2
빼꼼,2
고사,2
지하,2
소면,2
토요일 오후,2
리버티,2
카푸치노,2
단비,2
좌우,2
불굴,2
사리,2
거더,2
풀장,2
산호초,2
뒷자리,2
초콜릿,2
이지,2
놀라,2
워밍업,2
야밤,2
반면,2
멕시칸,2
테크,2
그래퍼,2
메밀전,2
스프링,2
프리다이빙,2
허한,2
일본어,2
손길,2
동창,2
70,2
일광욕,2
브로콜리,2
동글,2
봉오리,2
부자,2
이케아,2
소화도,2
지모,2
애인,2
찬물,2
데이,2
마법,2
고오,2
왕창,2
29,2
피스,2
스토리,2
엉망진창,2
2017년 8월,2
한방,2
벌금,2
도오,2
예감,2
망둥이,2
신뢰,2
시청각 교육,2
긴장감,2
알람,2
상자,2
도도,2
제이드,2
탁구,2
화재,2
껍질,2
교훈,2
거짓말,2
선조,2
이탈,2
액션,2
근교,2
예절,2
밀집,2
라스트,2
동기,2
힙합,2
가실,2
촛불,2
개운,2
경비,2
양말,2
어둠,2
신명,2
제맛,2
토시,2
방문기,2
돌이,2
사다,2
도쿄,2
신중,2
귀뜸,2
닭발,2
소풍,2
우울,2
메니,2
소맥,2
부표,2
광진리,2
니어,2
속세,2
자라,2
탈권,2
최종,2
무말랭이,2
돌고래,2
메리,2
군소,2
제안,2
로데오,2
동심,2
압력,2
바나,2
드가,2
안다,2
스킨,2
레알,2
2018년,2
불가사리,2
오른손잡이,2
보건,2
조형물,2
처음처럼,2
용납,2
아니야,2
수평,2
대관령,2
달력,2
필리핀,2
공동,2
탄성,2
허브,2
모자이크,2
열쇠,2
다발,2
잠시,2
노르웨이,2
빵집,2
점검,2
연령,2
농사,2
리노,2
거북,2
내심,2
턱밑,2
부실,2
텐션,2
호응,2
평균,2
이튿날,2
이래,2
우여곡절,2
에티오피아,2
발코니,2
돈가스,2
초등,2
호두,2
설정,2
양식,2
대리석,2
팻말,2
말도,2
기점,2
취기,2
보스턴,1
정육,1
오마,1
트렌드,1
에 산,1
소금강,1
주식,1
자연경관,1
반도,1
바운스 바운스,1
여가,1
퓨마,1
쑥갓,1
8월 13일,1
섭이,1
승객,1
여아,1
기신,1
어도,1
영양소,1
누림이,1
연주자,1
협의,1
김경래,1
위의,1
폰트,1
양털,1
잔여,1
코크,1
자개장,1
매주,1
디너,1
시립,1
한밤,1
유니,1
외가댁,1
디아,1
티끌모아 로맨스,1
소자,1
한마음,1
가바,1
밤문화,1
.to,1
사업,1
덕소,1
청국장,1
지다,1
여자부,1
고유,1
기대감,1
스네이크,1
수린,1
개봉,1
제복,1
선배,1
분야,1
상원,1
편성,1
자기만족,1
가리비,1
오대산,1
링링,1
자막,1
라보,1
가짓수,1
종각,1
리드,1
기력,1
이 현,1
여진,1
조준,1
냉동식품,1
나신,1
피자 치즈,1
패자,1
용이,1
산나물,1
악취,1
어부들,1
찻잔,1
결혼기념일,1
음성,1
파마,1
항의,1
피드백,1
채택,1
명장면,1
사려,1
길라잡이,1
종기,1
아라라,1
보상,1
웨버,1
8월 9일,1
라몬,1
유모차,1
나시,1
화가,1
전라남도,1
젤리,1
낭비,1
경고,1
가면무도회,1
프라이드,1
울음,1
노숙자,1
프랑스,1
릴리,1
액세서리,1
닉스,1
리듬,1
종대,1
토종,1
체리,1
초간,1
갈림길,1
신부,1
선두,1
브로스,1
라에,1
비커,1
조지,1
견인차,1
스핑크스,1
선전,1
센타,1
희배,1
숨쉬기,1
이태원,1
순찰,1
나마,1
난한,1
골든,1
스파르타,1
달래,1
발해,1
가미,1
생존,1
파스,1
신위,1
만화방,1
카이,1
언가,1
비기,1
놀람,1
예년,1
식별,1
삽입,1
요동,1
진주,1
체육인,1
압구정,1
완비,1
라사,1
진도,1
하계,1
윗자리,1
역효과,1
파이,1
니거,1
서양식,1
메트리스,1
족욕,1
판타스틱,1
공설,1
의용소방대,1
술친구,1
안남미,1
종아리,1
7월 17일,1
불독,1
팔목,1
거스름돈,1
유자,1
역부족,1
애제,1
올봄,1
4월 30일,1
후광,1
첫걸음,1
용궁,1
범벅,1
이진,1
만난 사람,1
우시,1
화조,1
지난달,1
지유,1
제부,1
산등성이,1
피나,1
출산,1
살다가,1
탐사,1
인맥,1
유부,1
가객,1
선유도,1
미드나잇,1
꿈엔들,1
창업,1
메탈,1
도하,1
창업자,1
조립식,1
낚싯대,1
일링,1
외할머니,1
싱하,1
수상,1
자유형,1
혁명,1
다방,1
보안,1
애증,1
타인,1
재배,1
평생,1
녹음기,1
사이공,1
장식장,1
상수,1
구석기 시대,1
아랑,1
흰색,1
나이트,1
빨강,1
연화,1
오키나와,1
빙어,1
토니,1
칠판,1
만사형통,1
포르투갈,1
난생,1
돌돔,1
초급,1
수경,1
장본,1
샤쓰,1
사내,1
호우,1
가니쉬,1
소돌항,1
제보,1
원장,1
선점,1
확충,1
민규,1
브라우니,1
7월 27일,1
파래,1
꽂이,1
케이블카,1
불행,1
견과,1
측정,1
폭탄,1
회고,1
젤라,1
스키장,1
아리야,1
근심,1
사다리,1
윤태호,1
매표소,1
큰곰자리,1
매립,1
소외,1
행보,1
그람,1
배신,1
남신,1
법당,1
배탈,1
왕년,1
공책,1
아이돌,1
고글,1
듀크,1
밀접,1
스캐닝,1
기어,1
책임감,1
몸뚱아리,1
숯불갈비,1
치안,1
승강장,1
지폐,1
달동,1
점화,1
바게트,1
슈즈,1
이용객,1
푸들,1
본격,1
내세,1
미아,1
전지,1
아날로그,1
롤러스케이트,1
크러쉬,1
표지석,1
서구,1
부둣가,1
노천,1
착한가격업소,1
패커,1
이정식,1
즉각,1
어초,1
찜통더위,1
두에,1
다시마,1
서희,1
사바,1
복구,1
월차,1
미지수,1
경위,1
우진,1
백조의 호수,1
자위,1
사회,1
신생아,1
질주,1
참외,1
스텔라,1
작전,1
빗줄기,1
킨텍스,1
글램,1
고르곤졸라,1
별관,1
도망,1
매시,1
시음,1
방과,1
기상청,1
석호,1
다이소,1
당면,1
온종일,1
공도,1
아르,1
얼떨결,1
디노,1
전직,1
헤어밴드,1
싹쓸이,1
새언니,1
활동비,1
심의,1
주지,1
스파이더맨,1
편집장,1
면봉,1
호날두,1
16,1
돌무더기,1
양손,1
명불허전,1
비스트로,1
2016년 6월,1
상견례,1
협찬품,1
타요,1
라나,1
사례,1
포켓몬스터,1
10월 9일,1
놀이터,1
심산,1
14,1
미장,1
맛깔,1
오질,1
주장,1
BMX,1
차전,1
장바구니,1
찰리,1
인접,1
칼집,1
심신,1
이학,1
근육통,1
위험성,1
뭉크,1
지엠,1
뒤꽁무니,1
모야,1
합석,1
지윤,1
나진,1
투입,1
박연수,1
부호,1
번외,1
혼수,1
출력,1
김수,1
진수,1
5월 13일,1
도처,1
가창력,1
겨울날,1
사탕,1
새해맞이,1
맹장,1
소치,1
냉방병,1
귓속,1
시샘,1
맏이,1
촌지,1
모태,1
부합,1
산티아고,1
관통,1
위해,1
하심,1
수르,1
광대,1
힌트,1
수건돌리기,1
파슬리,1
시연,1
농업기술센터,1
식욕,1
달러,1
노후,1
포만감,1
부석,1
민자,1
하자,1
망대,1
기항지,1
투정,1
댄스댄스,1
강북,1
어 워,1
뉴트로지나,1
사부,1
루미큐브,1
인솔,1
취사도구,1
목줄,1
용대리,1
400,1
인덕션,1
내가면,1
피부색,1
섭취량,1
.bb,1
러브,1
카펫,1
심도,1
가부,1
포켓볼,1
손수,1
트윅스,1
특명,1
손실,1
마가,1
처자,1
생략,1
목재,1
유연석,1
오바,1
수납,1
죽도시장,1
콘서트홀,1
하강,1
분임,1
파리피포,1
용비,1
손님맞이,1
적응자,1
뒷마당,1
수납공간,1
다운타운,1
동작대교,1
더위사냥,1
리시,1
여음,1
배호,1
느린우체통,1
론 놀,1
해독,1
일품진로,1
깊은 생각,1
갈등,1
변태,1
주입식,1
"6,7",1
번창,1
창틀,1
나기,1
민간인,1
전형,1
레미,1
다마,1
내내,1
고양,1
첫경험,1
태백산맥,1
조을,1
아시안게임,1
소속,1
청송,1
커밍,1
의식,1
목격,1
교무실,1
막심,1
상관,1
작물,1
숙박료,1
슈슈,1
불경,1
화평,1
두다,1
사건,1
골뱅이 무침,1
콘텐츠,1
프래,1
서예,1
선탠,1
황순원,1
레몽,1
아랑곳,1
트래블,1
사당,1
정가,1
제재,1
복근,1
냇가,1
스탭,1
노동,1
땡땡이,1
망태기,1
고래,1
흑맥주,1
묘약,1
해병대,1
이끼,1
경청,1
재채기,1
중동,1
때밀이,1
종의,1
온스,1
수식어,1
강습비,1
활쏘기,1
뱃살,1
국민학교,1
흰자,1
지갑,1
인공,1
시전,1
길바닥,1
감명,1
단색,1
향가,1
바우,1
팔씨름,1
노스쇼어,1
바이러스,1
사리곰탕,1
봄날,1
일기예보,1
피자헛,1
해면,1
타이탄,1
숨은그림찾기,1
올림픽대로,1
상대방,1
카세트,1
정답,1
관광버스,1
셔츠,1
HK,1
손놀림,1
빠이,1
큐브,1
원칙,1
유유자적,1
메기,1
무도,1
성숙,1
산지,1
오라버니,1
곡식,1
밥반찬,1
소름,1
웨스턴,1
사준,1
분홍빛,1
바짓가랑이,1
이모작,1
마려,1
색색,1
소녀시대,1
별자리,1
92,1
부천,1
백호,1
캄보디아,1
귀향,1
후보,1
수양버들,1
핫바,1
스포츠맨,1
아이시스,1
21,1
빗자루,1
북미,1
기암,1
호객,1
프라이팬,1
10월 8일,1
시부,1
돼지국밥,1
지급,1
간접,1
고찰,1
열외,1
항아리,1
35,1
전진,1
코스터,1
업장,1
재료비,1
자형,1
생신,1
탈시,1
어느날,1
금지명령,1
파스텔,1
결승,1
히트,1
요플레,1
지양,1
비쉬,1
합천,1
디케,1
대부도,1
비대,1
플레이,1
가계,1
델피,1
기반,1
거리낌,1
십상,1
골칫거리,1
두발,1
롤빗,1
출몰,1
희수,1
맨손,1
로보,1
18,1
마치,1
올린다,1
이카,1
페이스,1
내리막길,1
죽도항,1
도정,1
산봉우리,1
포진,1
머리통,1
제수씨,1
할리데이비슨,1
로꼬,1
땡큐,1
간직,1
정보 검색,1
결성,1
비계,1
근본,1
지출,1
매미,1
두두,1
소주병,1
러브러브,1
물감,1
어리,1
좋은 주말,1
열린,1
패딩,1
송도,1
구황,1
각성,1
생애,1
한정수,1
아신,1
호출,1
연가,1
아욱,1
수혈,1
네모,1
시중,1
수역,1
교항리,1
대위,1
벼리,1
기숙사,1
종업원,1
개천절,1
신혼여행,1
25,1
거제,1
퇴치,1
잠바,1
샤크,1
요구사항,1
멜라닌,1
베네딕트,1
폐업,1
훗날,1
도봉,1
해전,1
중부고속도로,1
별것,1
뭉게구름,1
세긴,1
생명력,1
백가,1
낭군,1
27,1
학부모,1
조오,1
고조,1
수소문,1
레인보우,1
땅바닥,1
메탈릭,1
이창,1
대추차,1
차이나,1
대수,1
와야,1
주니어,1
감정,1
휴대,1
강좌,1
단짝,1
말하자면,1
스탠드,1
토박이,1
추인,1
뼈대,1
엄정화,1
솜사탕,1
연중,1
카카오,1
엉망,1
컨설턴트,1
호군,1
타라,1
주목,1
한문,1
불알친구,1
저스트,1
광주,1
은퇴,1
필요시,1
용성,1
밤길,1
워홀,1
철도,1
웹 서비스,1
오염,1
꽃향기,1
안정제,1
권준,1
손오공,1
삼팔,1
영광정,1
쇼지,1
도마,1
패기,1
빨래건조대,1
생필품,1
김윤덕,1
형제애,1
최신식,1
상념,1
번뇌,1
세면대,1
안식,1
에어포트,1
시설물,1
피라미드,1
라벨,1
타나,1
손끝,1
유부초밥,1
자야,1
분간,1
브라질,1
하나은행,1
진 마시,1
사유지,1
덮개,1
여주시,1
저하,1
영화관,1
채도,1
방문지,1
이남,1
졸음,1
돌리지,1
운전면허,1
오래,1
정상부,1
물귀신,1
조관,1
해안선,1
자판기,1
퉁명,1
체면,1
정동진,1
뉴욕,1
꽃가루,1
스콘,1
저하증,1
수진이,1
정산,1
스모,1
갈바,1
전가을,1
이천원,1
신라면,1
통닭,1
이슬,1
안가,1
개뿔,1
행주,1
로스팅,1
명의,1
특가,1
대불,1
상쾌한 아침,1
박람회,1
애로,1
여심,1
경부선,1
음량,1
살수,1
블랙커피,1
소신,1
등분,1
마루,1
빙글,1
만기,1
대남,1
출시,1
군내,1
스트라이커,1
인쇄,1
초월,1
이체,1
창시자,1
옆구리,1
인스턴트,1
이충,1
석굴,1
참을성,1
충남,1
브레이,1
메추리,1
말랑,1
해산,1
60년대,1
2020년,1
원액,1
본연,1
동해시,1
우후죽순,1
테헤란로,1
막스,1
접영,1
명명,1
연수원,1
가중,1
에담,1
밀가루,1
망설임,1
신시도,1
폐지,1
만일,1
대상포진,1
담장,1
부추,1
중학생,1
현충일,1
신사임당,1
종점,1
섭취,1
팔로우,1
팽이버섯,1
발판,1
상급자,1
순번,1
계열,1
맛살,1
모델료,1
소닉,1
북한,1
달수,1
응시,1
듀크 카하나모쿠,1
위시,1
농업,1
난 강,1
일판,1
이난,1
D3,1
할배,1
황금비,1
신앙,1
대조,1
신설,1
한자리,1
180,1
한글날,1
슬럼프,1
푯말,1
가을 여행,1
커피타임,1
이세상,1
공돌이,1
농지,1
박제,1
연주회,1
테스트,1
상시,1
예약권,1
연간,1
중앙로,1
티나,1
암거,1
상한가,1
방탄소년단,1
고린내,1
비위,1
품질,1
만발,1
관섭,1
아진,1
김범수,1
여담,1
추진력,1
미숙,1
만타,1
터보,1
이어도,1
바탕,1
디니,1
쩔어,1
기라델리,1
대쪽,1
전도사,1
천주교인,1
대리인,1
글짓기,1
노무,1
양수,1
재떨이,1
바르게,1
임연수어,1
입질,1
키파,1
생각해보면,1
숙면,1
아동,1
대책,1
독도,1
거부감,1
45,1
재가,1
사하,1
유의미,1
합숙소,1
.tc,1
도다,1
검은깨,1
중독자,1
행선지,1
머리숱,1
상사,1
부적,1
요거,1
피날레,1
회상,1
조짐,1
혜택,1
노크,1
대동단결,1
부품,1
귀걸이,1
마이산,1
상추쌈,1
군도,1
두께,1
배추속,1
아지매,1
입문서,1
석고,1
보호자,1
닭다리,1
수타면,1
순천,1
면제,1
다도,1
보컬,1
감안,1
재미나,1
영화 포스터,1
효자,1
군고구마,1
루마,1
큰맘,1
새서,1
토마토 소스,1
지조,1
카페오레,1
양미리,1
공항,1
물부추,1
용산,1
민낯,1
이드,1
알고가,1
자제,1
호시,1
주고,1
배영,1
스낵,1
머그잔,1
둔거,1
오크,1
판사,1
판타지,1
천진,1
인애,1
오솔길,1
고추장,1
관계자,1
반경,1
구덩이,1
중앙시장,1
강행군,1
미술관,1
차도,1
상단,1
위서,1
다예,1
AT,1
숙달,1
레인,1
사각,1
문밖,1
눈인사,1
히브리,1
폭발음,1
북카페,1
야도,1
아티스트,1
이화여대,1
화난,1
캔커피,1
고심,1
보충,1
비글,1
콘세트,1
당인,1
입가,1
야산,1
동화,1
네온사인,1
조작,1
분점,1
본능,1
피아,1
청소기,1
코팅,1
잉어,1
롯데리아,1
금식,1
가사,1
사보,1
감회,1
건축학,1
난나,1
데스,1
그래프,1
사진작가,1
맛사지,1
10월 14일,1
희열,1
코다,1
에볼루션,1
고춧가루,1
철저,1
운동화,1
자녀,1
찻집,1
이태리,1
복습,1
평점,1
부친,1
어선,1
증명,1
기인열전,1
창고,1
합창단,1
부각,1
저글링,1
절도,1
양양초등학교,1
박주현,1
최강,1
베이지,1
이어,1
바다 한가운데서,1
세제,1
공룡,1
그라인더,1
방음,1
허세,1
아픔,1
황토색,1
아래층,1
남항,1
교통카드,1
핑클,1
선포,1
모가지,1
명동,1
대미,1
그리신,1
오죽헌,1
등교,1
헤라,1
고대,1
초기,1
보물,1
전지훈련,1
가세,1
앙양,1
시렁,1
양발,1
제도,1
기인,1
말이,1
다와,1
수염,1
떠돌이,1
흑백,1
굴삭기,1
전복죽,1
세수,1
양 현,1
천국 같은,1
옹치,1
이투,1
원카드,1
특장,1
후두,1
한다 역,1
소부,1
70년대,1
조우,1
극치,1
복권,1
예비,1
역삼역,1
세진,1
매물,1
의분,1
승리,1
이심,1
벤츠,1
합창,1
선착장,1
뺑뺑이,1
장니,1
응용,1
이마,1
동요,1
메르스,1
전설,1
온돌,1
적막,1
마이아,1
동서,1
챔피언,1
조수석,1
토너,1
Full Moon,1
청중,1
해방,1
핑탄,1
은빛,1
수도꼭지,1
불문,1
F1,1
북진,1
옷걸이,1
천진난만,1
IC,1
중세,1
안내문,1
개구리,1
합판,1
촉감,1
체온,1
이보,1
허무,1
양푼,1
리셉션,1
안대,1
안시,1
콜리,1
꽃무늬,1
밴스,1
이물질,1
고시,1
콰트로,1
테마,1
난항,1
운동복,1
하하하,1
오로나,1
비성,1
매트릭스,1
차카,1
천재,1
도쿄 올림픽,1
캔버스,1
기승,1
재방송,1
줄타기,1
남용,1
미어캣,1
800,1
팍스,1
개선,1
세포,1
데바,1
조치,1
공예,1
여사,1
야식,1
약소,1
두부김치,1
여행자,1
좋은 하루,1
데스크,1
강요,1
비염,1
분기,1
바리,1
발인,1
족족,1
52,1
세린,1
에이,1
들것,1
경중,1
남한강,1
마차,1
철재,1
일치,1
프림,1
일병,1
짜임새,1
저층,1
어보,1
어스,1
작열,1
처녀,1
박만,1
도이,1
고등학생,1
이포,1
적외선,1
수족관,1
경쟁력,1
스냅샷,1
덤프,1
위엄,1
괴물,1
체득,1
갯마을,1
사범,1
이식,1
조롱,1
드래곤볼,1
로드,1
봄철,1
쇼퍼,1
치사량,1
오케스트라,1
병자,1
세차,1
숙주,1
여름 스포츠,1
북면,1
소계,1
후니,1
색칠,1
고기반찬,1
이양,1
덕담,1
강촌,1
서브,1
화장품,1
왼손잡이,1
조견,1
비틀,1
추측,1
아해,1
집중력,1
죽죽,1
전과,1
중문해수욕장,1
미토,1
야근,1
바버,1
미스,1
저항운동,1
위급,1
2013년 10월,1
미녀와 야수,1
프로젝터,1
중수,1
서도,1
입맞춤,1
수작업,1
행복감,1
유연,1
플랫 화이트,1
메이드,1
기염,1
저금리,1
승자,1
10월 13일,1
낙시,1
이초,1
스프린터,1
해탈,1
오오든,1
정우성,1
경도,1
히드라,1
퓨저,1
멤바,1
이야기꽃,1
크레이지 아케이드,1
무스,1
자포자기,1
대판,1
조기,1
본고장,1
인나,1
더피,1
도화지,1
메이크업,1
복서,1
탐탐,1
강릉고속버스터미널,1
부녀,1
복전,1
연호,1
허탕,1
거래처,1
엠티,1
하상욱,1
관음보살,1
핀리,1
독립,1
하임,1
효율,1
국방,1
대패,1
시더,1
콧속,1
유혹,1
베타,1
아이러니,1
12,1
접신,1
주축,1
수플레,1
풍물,1
이별,1
오호,1
보나,1
건의,1
치어스,1
섬유,1
옐로,1
서하면,1
눈앞,1
일화,1
강산,1
연합회,1
브리,1
추첨,1
남정네,1
재수,1
낚시인,1
재량,1
선발,1
세션,1
피노키오,1
태도,1
태그,1
골짝,1
대학,1
당근,1
회가,1
일념,1
양립,1
하디,1
임시,1
킹스,1
생정보,1
실루엣,1
49,1
슈퍼마켓,1
인프라,1
밀짚모자,1
폐인,1
김포,1
당구,1
경진,1
중천,1
건축가,1
뼈다귀,1
가수,1
서울까지,1
서구청,1
수수께끼,1
캐모마일,1
김종국,1
당고,1
현우,1
먹이,1
버드와이저,1
신작,1
비려,1
두지,1
마운틴,1
날개,1
기복,1
일석이조,1
종량제,1
협차,1
확산,1
고난,1
수령,1
건대입구역,1
편익,1
호미로,1
확인서,1
박스티,1
월미도,1
멋쟁이,1
남부터미널,1
본다이비치,1
봉변,1
조은,1
양양고속시외버스터미널,1
국산,1
장르,1
편육,1
의뢰,1
영혼,1
소식지,1
성취감,1
유턴,1
에스라,1
와나,1
야기,1
간의,1
가습기,1
교류,1
식비,1
드럼통,1
대학교,1
유리잔,1
좋은 아침,1
팔보채,1
닭살,1
포세이돈,1
최고봉,1
낙서,1
프렌즈,1
투사,1
스타워즈,1
마리 주,1
성산,1
변모,1
달기,1
합성,1
진야,1
색인,1
치열,1
초밥,1
성과,1
블라인드,1
슈가,1
왕초,1
앵글,1
함신익,1
파주,1
요시,1
피싱,1
배당,1
발동,1
인내심,1
피자스쿨,1
푸우,1
클라우드,1
레일,1
장롱,1
자와,1
해외직구,1
과도기,1
앵두,1
허연,1
개척,1
매경,1
아래위,1
포토시,1
소망,1
세력,1
가희,1
소의,1
율리,1
오프닝,1
내성,1
쎈스,1
타워,1
트러블,1
검증,1
레트로 게임,1
교포,1
유쾌하,1
행담도,1
오동,1
쇼크,1
명주,1
죽지,1
부위,1
준형,1
슬로건,1
경유지,1
보검,1
등짝,1
라타,1
부도,1
리진,1
망토,1
요염,1
보관료,1
명실,1
김병만,1
전라도,1
협회,1
포스코,1
건어물,1
팝오버,1
토론,1
전축,1
박신혜,1
지각,1
혼쭐,1
대서,1
다크,1
상태도,1
진면목,1
기네스,1
대피,1
조율,1
모토,1
차림,1
지퍼,1
복이,1
반전,1
카피,1
나발,1
분가,1
그랑,1
진영,1
단골손님,1
게임방,1
메이트,1
더 가까이,1
눈시울,1
명성,1
라이스,1
알바몬,1
삭스,1
이한,1
복지,1
만병통치약,1
으뜸,1
한철,1
김요,1
물리,1
자기만의 방,1
추신,1
인군,1
게스,1
이이,1
밥그릇,1
대표자,1
감독,1
배부,1
어쩌면 좋아,1
반가,1
페트로,1
제조,1
다과상,1
시크,1
차렷,1
입상,1
우리는 신,1
연송,1
등의,1
학동,1
지루함,1
아인슈타인,1
헤비,1
백수,1
아주머님,1
처방,1
종목,1
그랑블루,1
말투,1
90년대,1
우리들의,1
대차,1
타이스,1
심리,1
소도시,1
애착,1
마리오,1
극찬,1
차양,1
보크,1
뇌리,1
용역,1
해킹,1
중매인,1
식품,1
공인중개사,1
운동장,1
쇼케이스,1
대추,1
한마디,1
칼로리,1
미니게임,1
직면,1
눈빛,1
광주광역시,1
고속도로 휴게소,1
.org,1
신라도,1
약도,1
인위,1
방향제,1
탈라,1
진척,1
프렌치 토스트,1
명물,1
애주가,1
개인화,1
고스톱,1
양소,1
오스트랄로피테쿠스,1
후문,1
축구부,1
다람쥐,1
멕시코,1
교향곡,1
시청각,1
업데이트,1
블럭,1
남지,1
몸부림,1
금연,1
성취,1
곱창전골,1
갈고,1
습기,1
에보니,1
테트라,1
주현,1
분필,1
성화,1
연장,1
분통,1
이주,1
자발,1
먹을거리,1
모니,1
재결합,1
나스,1
심기일전,1
개구장이,1
화질,1
가속,1
손짓,1
빅토리아,1
세이브,1
절감,1
정형,1
부서,1
외박,1
김석진,1
반발,1
용지,1
초중고,1
근대,1
상서,1
송진,1
손색,1
양삼,1
이노,1
향상,1
시안,1
기모,1
오늘날,1
하수,1
소비,1
불만족,1
거주지,1
상온,1
을지로,1
장보기,1
밥값,1
세훈,1
불신,1
편입,1
년차,1
로브,1
두상,1
크리스탈,1
은평,1
쿠팡,1
마야,1
의존도,1
배멀미,1
집으로 가는 길,1
생산,1
박도,1
조개잡이,1
소비자,1
위기,1
개안,1
사살,1
보고싶다,1
여념,1
상전,1
찜질방,1
주보,1
따님,1
농어,1
식기구,1
데모,1
성웅,1
우산도,1
이자카야,1
발행,1
앉은뱅이,1
비취,1
양질,1
화나,1
멘탈,1
선하,1
시범,1
존중,1
문도,1
투망,1
입장객,1
기아,1
천우,1
교정,1
무의,1
신흥사,1
부름,1
만가,1
앞자리,1
분류,1
재간,1
CU,1
자력,1
불법,1
마르코,1
트레일러,1
쫄면,1
안도감,1
시스,1
망자,1
마지막 인사,1
수혜,1
요일,1
양고기,1
고서점,1
김모아,1
목석,1
레져,1
쉘터,1
친화력,1
아스,1
1.5,1
가치,1
라우스,1
고추가,1
풍광,1
모래시계,1
김태형,1
리버스,1
키즈TV,1
가든,1
답사,1
반스,1
외벽,1
90,1
중사,1
성훈,1
선녀,1
섬강,1
느타리,1
청하,1
샹들리에,1
500,1
도의,1
지적,1
갑산,1
집으로...,1
털보,1
롱비치,1
주황색,1
호두까기 인형,1
유발,1
잡어,1
로맨스,1
스스럼,1
복기,1
이상의,1
망치,1
1990년대,1
교수,1
물구나무,1
샤카,1
머리카락,1
장신구,1
인의,1
레코드,1
논리,1
마운틴뷰,1
8월 18일,1
왼팔,1
벨리,1
경포해수욕장,1
펜트하우스,1
빨강색,1
주유,1
사물함,1
버드나무,1
서약서,1
8월 20일,1
파이어,1
따스함,1
삼발,1
어니언,1
코리아,1
밤사이,1
머슴,1
시리얼,1
안내판,1
구마,1
아름,1
큰형,1
지면,1
노처녀,1
러프,1
알약,1
떡대,1
진화,1
장온,1
아스팔트,1
채색,1
녹지,1
오른편,1
구면,1
압도,1
거리 공연,1
다누,1
12월 19일,1
해시,1
통제,1
교리,1
포지셔닝,1
화살표,1
홍익인간,1
실정,1
오산,1
농교육,1
아니 벌써,1
기적,1
대파,1
결과물,1
명치,1
티미,1
발효,1
지시,1
다섯 손가락,1
구체,1
고백,1
농가,1
서머,1
630,1
모니카,1
탕진,1
이지현,1
치노,1
무의식,1
탐험가,1
납치,1
여성부,1
드라이빙,1
점퍼,1
초순,1
섹시,1
글자,1
식단,1
관찰법,1
출조,1
탄식,1
룰루,1
플레이트,1
서론,1
지휘자,1
손발,1
복숭아,1
편백,1
어구,1
유안,1
그사이,1
가니 역,1
연륜,1
남도,1
마력,1
장벽,1
독려,1
킹 섬,1
수송,1
꽃샘추위,1
순수,1
역활,1
욕장,1
다툼,1
문패,1
우의,1
채끝,1
사파리,1
모녀,1
연유,1
티몬,1
오아시스,1
부정,1
동굴,1
감정노동,1
콜레스테롤,1
꽈리,1
대령,1
이성,1
야생동물,1
기기,1
유치원,1
하드,1
마감일,1
인수,1
용해,1
제시,1
친환경,1
총체,1
초짜,1
아이패드,1
모의,1
항공권,1
프린지,1
구시,1
짱뚱어,1
롤로,1
시지,1
심곡항,1
궁상,1
반가움,1
풍문,1
테리,1
3월 18일,1
건더기,1
각지,1
피신,1
공사장,1
분방,1
안경,1
말미,1
비리,1
양심,1
트리,1
재봉틀,1
행렬,1
구용,1
상어,1
시너지,1
지리산,1
서울로 가는 길,1
모래판,1
경매,1
슈프림,1
초원,1
전율,1
광란,1
유진,1
상실,1
코스트,1
테트라포드,1
망이,1
퍼펙트,1
턱수염,1
고독,1
전집,1
영화감독,1
상부,1
가디건,1
안구,1
향초,1
밀어,1
겸용,1
마다가스카르,1
임연,1
걸이,1
무드,1
씹기,1
유머,1
물가라,1
수익,1
거짓,1
안계,1
본스,1
인간미,1
나무꾼,1
고원,1
파가,1
협연,1
피고,1
본가,1
굿모닝,1
라미,1
거리감,1
좌변기,1
형용,1
볼륨,1
이안,1
강동,1
북두칠성,1
아로니아,1
격파,1
주정뱅이,1
잡아줘,1
김승휘,1
지연,1
볼모,1
평행,1
뜨거운 감자,1
정사,1
국인,1
여신,1
빈도,1
애니,1
맨날,1
현관,1
총각,1
기압,1
야유회,1
미식가,1
잔치,1
정해,1
주얼리,1
관찰자,1
준수,1
조사법,1
산행,1
임명,1
위스키,1
세일,1
리버,1
틈새,1
천왕,1
안녕하십니까,1
키시,1
선언문,1
사조,1
애프터,1
가이,1
아냐,1
스케쥴,1
미구엘,1
방광,1
비자,1
백일기도,1
이스라,1
앞날,1
몰골,1
매우,1
남면,1
청간정,1
치맛바람,1
구내식당,1
은어,1
타포니,1
맥도날드,1
기자,1
평탄,1
고마움,1
댄스파티,1
저작권 침해,1
맥주병,1
요미,1
지 이지,1
장맛,1
흉내,1
출신,1
지우,1
독점,1
러시아,1
해일,1
전신주,1
신라,1
수레,1
파프리카,1
목장,1
국사,1
요도,1
국장,1
초창기,1
저그,1
부부인,1
탄력,1
자고,1
탄소,1
정점,1
왕래,1
아웃런,1
혹한,1
참돔,1
점핑,1
대동면,1
모션,1
할리갈리,1
막차,1
솜브레로,1
마왕,1
외각,1
구성원,1
술취,1
태풍 타파,1
포장지,1
케일,1
표출,1
레터,1
핑크색,1
오션월드,1
안자,1
섯다,1
살점,1
사유,1
주정,1
순식,1
심판,1
노라,1
트로피,1
갈라고,1
땅파기,1
사막,1
미끼,1
차차,1
차자,1
지하철,1
댓바람,1
노른자,1
앓이,1
소용돌이,1
펜더,1
-0,1
수작,1
리만,1
오늘밤,1
테라,1
낙산항,1
주사위,1
아를,1
자진,1
트러스,1
파시,1
중부,1
창의력,1
스몰토크,1
산들,1
정품,1
약과,1
순간순간,1
유엔,1
다신,1
사라,1
카모,1
자급자족,1
군수,1
영험,1
대식,1
인트,1
떡집,1
증상,1
부끄럼,1
역광,1
절정기,1
방바닥,1
부가,1
넘버,1
심층,1
과음,1
건폐율,1
추종,1
자갈,1
수렵,1
토끼,1
보름날,1
한옥,1
파이터,1
라만,1
이기도,1
라이언,1
아래쪽,1
장기간,1
코미,1
링컨,1
씨알,1
작동,1
이용자,1
폭죽놀이,1
발송,1
골반,1
박난,1
13일의 금요일,1
프리지아,1
갈매기살,1
진단,1
저주,1
코펠,1
농어촌,1
성야,1
기법,1
노트,1
안해,1
간첩,1
시뮬레이션,1
광화문,1
에센스,1
스타벅스,1
우기,1
안산,1
장시간,1
38,1
탄두리 치킨,1
제니스,1
장난꾸러기,1
에도,1
방역,1
콩알,1
헤나,1
계산기,1
재일,1
버클,1
늦기 전에,1
임금,1
섭외,1
미대,1
해경,1
봉포항,1
조앙,1
반노,1
수중,1
641,1
국민,1
스케치북,1
찬장,1
테두리,1
부업,1
면류,1
석양,1
물소리,1
형편,1
낙하,1
얼룩말,1
불야성,1
한가위,1
보고서,1
행복합니다,1
신혼,1
카페테리아,1
고스,1
삿포로,1
고속철도,1
광합성,1
재주,1
짝수,1
동지,1
돌멩이,1
비씨,1
대흥역,1
일임,1
차단,1
방출,1
서시,1
엔 강,1
청룡,1
몰입,1
인내,1
옆방,1
전시회,1
시범 종목,1
성급,1
드루,1
기류,1
불린,1
시네,1
레일바이크,1
넓이,1
처음이라서,1
급속도,1
출혈,1
레옹,1
자외선,1
하순,1
북천,1
여치,1
310,1
두루마리,1
아리,1
김영애,1
이오,1
눈독,1
침몰,1
분사,1
총무,1
바위섬,1
헬로,1
지아,1
등대도,1
영양가,1
왈드,1
삼총사,1
방문객,1
이상인,1
탁상,1
이혜승,1
성자,1
유부남,1
회포,1
택일,1
계장,1
방탄,1
론 강,1
귀중품,1
수통,1
사운드,1
천하,1
로프,1
송천,1
카페라테,1
기계로,1
보로,1
활력소,1
요구,1
강인,1
까꿍,1
솔지,1
어머님께,1
방앗간,1
관점,1
데자뷰,1
시프,1
스크램블,1
경비병,1
일세,1
대인,1
망양정,1
사무장,1
스니커즈,1
서계,1
숙이,1
남발,1
19년,1
베이커리,1
페이스북,1
중화요리,1
민속,1
산소,1
처형,1
할로윈,1
고동,1
통산,1
금호리조트,1
베일,1
압박,1
축구팀,1
속리산,1
페이크,1
할리스 커피,1
앙탈,1
다니엘,1
정적,1
아부,1
김칫국,1
불면증,1
합숙,1
중점,1
바가지요금,1
칸막이,1
우먼,1
영랑동,1
그새,1
불쏘시개,1
봇물,1
펭귄,1
말소리,1
덕이,1
만리포,1
진짜 사나이,1
사위,1
평온,1
보편,1
제제,1
본문,1
부연,1
밤공기,1
통차,1
할머님,1
음악에 취해,1
어거스트,1
인력,1
귀농,1
4년,1
바니,1
마나님,1
팔꿈치,1
나폴리,1
농사일,1
해저,1
관심사,1
반수,1
러버,1
마니아,1
김주호,1
브라보,1
정호,1
정글,1
청초호,1
지은,1
범종,1
일체,1
굴곡,1
등용,1
클라이밍,1
솔선수범,1
합의,1
입성,1
교무,1
럭스,1
해설가,1
게이트,1
재고,1
안면,1
율곡로,1
한양,1
유영,1
7월 7일,1
구정,1
머리맡,1
시가지,1
훌라,1
2017년,1
용해도,1
초벌,1
주유소,1
누적,1
마구,1
가뭄,1
왕인,1
예능,1
불전,1
요령,1
오락,1
신선도,1
닭집,1
대기업,1
장혁,1
야구장,1
고여,1
식사 준비,1
석탑,1
119,1
서클,1
송전탑,1
남성,1
오락실,1
라마다,1
팬케이크,1
슈퍼문,1
허스키,1
잡탕,1
위풍,1
한시름,1
구매욕,1
표지,1
여랑,1
가위바위보,1
각양각색,1
호이안,1
송정해수욕장,1
No.1,1
피쳐,1
서술,1
말소,1
정시,1
중국어,1
풀뿌리,1
항로,1
간엔,1
한량,1
일손,1
오금,1
생김새,1
도입,1
재킷,1
디렉터,1
도가,1
일러스트,1
아트워크,1
조항,1
오시오,1
아이코,1
대부,1
세달,1
냉이,1
친정엄마,1
파파야,1
팔각,1
변도,1
미니모,1
유능,1
상강,1
방위,1
빨강이,1
외출,1
꽃말,1
페인트,1
박지민,1
자유로,1
셀카봉,1
불안감,1
호들갑,1
만장일치,1
사각형,1
휴양,1
살사,1
자만심,1
어부,1
헬스,1
리딩,1
에이지,1
낙관,1
밑그림,1
지참,1
원주시,1
신석기 시대,1
절제,1
건소,1
예비군,1
순암,1
숙식,1
한일,1
칼럼,1
석상,1
바둑판,1
김남주,1
판대기,1
저어,1
배수구,1
아메리카,1
자랑거리,1
팔순,1
견문,1
포메라니안,1
다나,1
아포가토,1
새벽 1시,1
여단,1
병행,1
별로,1
트레이너,1
백과,1
고슴도치,1
은산,1
추적,1
나들,1
강서구,1
한증막,1
동쪽,1
컨버터블,1
철권,1
오늘아침,1
애창,1
원고,1
한화,1
발달,1
쿼터,1
오순이,1
변위,1
코로,1
집하,1
적립금,1
살균,1
유한,1
파지법,1
고전,1
데코레이션,1
블록,1
발행인,1
선임,1
호흡법,1
낙찰,1
술기운,1
기타큐슈,1
오수,1
오장군,1
울음소리,1
적지,1
코피,1
오미자,1
귀염,1
공익,1
잔디밭,1
극도,1
청학정,1
화해,1
격려,1
시커,1
원석,1
난류,1
모퉁이,1
늦가을,1
통합,1
작사,1
지역광고,1
그립,1
달팽이,1
화제,1
더블린,1
공비,1
소장,1
물빛,1
고사리,1
루지,1
관리도,1
솔밭,1
시월,1
필수품,1
주머니,1
정강,1
보통 사람들,1
권리,1
유아,1
담소,1
화마,1
강화,1
교직원,1
부장,1
충주,1
수국과,1
전환,1
야심,1
자개,1
온라인,1
알파,1
중고등,1
레나,1
발끝,1
오리지널,1
에미,1
진시,1
불상,1
나이스,1
농담,1
하체,1
전적,1
전시장,1
막판,1
원인,1
휴업,1
왕십리,1
협업,1
11월 1일,1
가신,1
서두,1
완행,1
촌놈,1
반합,1
질감,1
바닥재,1
먹물,1
이현승,1
면치,1
챔피온,1
플라워,1
산타페,1
펠레,1
한자,1
별표,1
대략,1
배추,1
UN,1
정기,1
주말여행,1
자란,1
과시,1
생해,1
벽지,1
피난길,1
엔 주,1
윗부분,1
이영희,1
맥심,1
가마솥,1
여행사진,1
먹성,1
해파랑길,1
피시방,1
괴기,1
간주,1
피카츄,1
조로,1
도루묵,1
요리왕,1
편이,1
소극,1
물티슈,1
남방,1
12월,1
.ng,1
4월 3일,1
뙤약볕,1
소냐,1
연초록,1
아누,1
잭슨,1
기부,1
봄바,1
요지경,1
어젯밤,1
탐지기,1
건립,1
가슴속,1
행복한 아침,1
발안,1
나우,1
변덕,1
강원도청,1
알바,1
손주,1
전대,1
선장,1
인척,1
잡화,1
김진하,1
조적,1
속편,1
쪽빛,1
멜로,1
감자떡,1
억지,1
찬양,1
클래식,1
일맥상통,1
반신반의,1
기장,1
자정,1
7월 6일,1
타자,1
곰팡이,1
파파,1
십장,1
고막,1
결단력,1
볼보,1
부작,1
커리큘럼,1
2016년 9월,1
가오리,1
베트남,1
지평,1
경각심,1
추어탕,1
신어,1
네네,1
토도,1
스튜디오,1
두예,1
커어,1
로코모코,1
퇴장,1
헬로우,1
성 강,1
정국,1
엉덩이뼈,1
영동선,1
하천,1
집집,1
문방구,1
숨소리,1
필자,1
오빠와 나,1
안과,1
면허,1
테라로사,1
천주교,1
컬렉션,1
저도,1
중광,1
다솜,1
물기,1
진거,1
알선,1
나인,1
웹캠,1
맛보기,1
아톰,1
무단,1
실링,1
총각김치,1
의상,1
김진훈,1
느낌표,1
해발,1
스탠드업,1
말기,1
깡통,1
웰빙,1
대일,1
길옆,1
찬미,1
사랑은,1
모스,1
스텔스,1
절정,1
안내소,1
양면,1
촌년,1
지도자,1
타령,1
승전,1
기차,1
예상외,1
멈출 수 없어,1
뉴질랜드,1
재능기부,1
서초,1
라자냐,1
똠얌,1
갑상선,1
내 사랑,1
삼각,1
메시지,1
전인,1
피카소,1
교육장,1
패러글라이딩,1
화이트워터,1
소나,1
비의,1
청량리,1
정착지,1
느낌이 좋아,1
이돈,1
두비,1
모쓰,1
코기,1
은근,1
권금성,1
안주인,1
화형,1
혼잣말,1
설랑,1
여름날,1
산보,1
대진해수욕장,1
유행어,1
숫가,1
원도,1
능선,1
외면,1
일성,1
메이커,1
여준,1
소주잔,1
신경질,1
남여,1
난관,1
사무국,1
여학생,1
센티,1
관여,1
진공 청소기,1
임대료,1
분자,1
가열,1
미만,1
축음기,1
상품명,1
고군분투,1
나가사끼,1
방광염,1
공감대,1
에도 주,1
능가,1
내실,1
아크,1
증명사진,1
나보이,1
딱 주,1
일과,1
통섭,1
정평,1
자본,1
피니,1
우리말,1
척도,1
사철,1
산하,1
민들레,1
현아,1
악당,1
적하기,1
밥상,1
패닉,1
몸통,1
닭새우,1
교직,1
땡칠이,1
의전,1
길 위에서,1
필라테스,1
발전기,1
부랑,1
구독자,1
향도,1
여름옷,1
부스,1
초점,1
갖가지,1
인류학자,1
이중,1
월말,1
색소폰,1
갈리,1
원제,1
중고등학생,1
실타래,1
행운,1
베테랑,1
아이콘,1
중풍,1
수연,1
포리,1
신발장,1
안마,1
해우,1
환자,1
강남역,1
출항,1
아구찜,1
성실,1
초곡항,1
눈송이,1
용왕,1
강릉아산병원,1
편평,1
봉봉,1
김대표,1
수라상,1
백색,1
진두지휘,1
비티,1
리야,1
앙리,1
상계동,1
리치,1
쓰리,1
이의,1
꼭지,1
단가,1
스님,1
히피,1
키워드,1
소질,1
특구,1
방방,1
은발,1
비둘기,1
끄트머리,1
56년,1
기사문항,1
카프리썬,1
삼박자,1
진열대,1
대대로,1
이상원,1
품목,1
발사,1
히트곡,1
보자기,1
주호,1
바닷길,1
후원,1
변두리,1
통닭집,1
볼링,1
동강,1
초청,1
왕이,1
열자,1
브리오슈,1
의기소침,1
명태,1
너에게,1
탄산수,1
소명감,1
봉고,1
항공,1
명암,1
셰프,1
밑바닥,1
컨트리,1
옹기,1
약수,1
자동,1
50,1
파도풀,1
초장,1
권혁,1
끼니때,1
파노라마,1
집어등,1
울타리,1
백조,1
화요,1
레모네이드,1
성당,1
색연필,1
이집트,1
일부분,1
먼저,1
수학,1
헌화,1
동진,1
몸짓,1
최단,1
집착,1
안지,1
초여름,1
원내,1
여건,1
체증,1
고질,1
발자국,1
조목조목,1
애자,1
시진,1
소동,1
핵심,1
단잠,1
부츠,1
밤송이,1
이하진,1
이용원,1
간섭,1
유형,1
초소,1
통증,1
별일,1
이비인후과,1
시당,1
후 현,1
진행자,1
만전,1
스테인레스,1
독일,1
진자,1
피트,1
목공,1
기근,1
천사,1
향연,1
음악제,1
미련,1
마늘빵,1
마지막 수업,1
옥색,1
마리아,1
술자리,1
이맘때,1
고치,1
서프시티,1
표류,1
규칙,1
노래자랑,1
습격,1
카네이션,1
양반,1
임종,1
고마워요,1
설악면,1
시정,1
치어,1
깨소금,1
엑스트라,1
커텐,1
버루,1
베니키아,1
바이브,1
화랑,1
분실,1
정암리,1
스파크,1
갑인,1
무력감,1
네스퀵,1
자금,1
기미,1
동참,1
대기실,1
야야,1
인사이트,1
김희애,1
장과,1
지론,1
버거킹,1
환불,1
마녀,1
백구,1
완선,1
호실,1
풍선,1
해수면,1
바나나보트,1
차파티,1
샤오미,1
정선,1
담비,1
정하나,1
고령,1
육상,1
통나무,1
대리,1
여권,1
웬일,1
오늘이,1
대면,1
아사히,1
눈사람,1
핑크빛,1
중절모,1
우레탄,1
정량,1
서주,1
음악회,1
건조대,1
돌파,1
침착,1
어깨넘어,1
짐작,1
고비,1
초식,1
다림,1
열성,1
커피잔,1
초도,1
커먼그라운드,1
남산타워,1
대치,1
데이터,1
검색어,1
대목,1
외지인,1
낙점,1
정재,1
경험자,1
에디,1
생선회,1
포상,1
유원지,1
몇일,1
발차기,1
체구,1
오미,1
동갑내기,1
사북,1
조과,1
풀리,1
소무,1
요원,1
동인,1
타진,1
들깨,1
보 주,1
한용덕,1
수간,1
무덤,1
도다리,1
장염,1
끼리,1
캡처,1
유리알,1
크로스컨트리,1
지붕,1
귀염둥이,1
토가,1
모먼트,1
발포,1
주저,1
필리프,1
소방차,1
빨간색,1
전준,1
승호,1
하대,1
비긴,1
콘테이너,1
일식,1
공정,1
선원,1
경주,1
문장,1
김정규,1
갤러리,1
순이,1
민지,1
지성인,1
시리,1
원산,1
스텐,1
여력,1
세척,1
우우,1
브루스케타,1
암기,1
태현,1
발표,1
헬멧,1
와리,1
시골집,1
분포,1
무인양품,1
일광,1
우승,1
계가,1
일산,1
건축물,1
물통,1
안전부,1
지배,1
캐나다,1
백종원,1
게르치,1
조이스틱,1
프론트,1
종지,1
쓰레기통,1
개념,1
버스표,1
시월애,1
꽃꽂이,1
사제관,1
잡념,1
연속,1
새색시,1
게살,1
장자도,1
창피,1
장악,1
양진,1
떡국,1
영석,1
노고,1
네이스,1
예관,1
명란젓,1
흰둥이,1
단양,1
들꽃,1
옷가지,1
니콘,1
허리춤,1
설명서,1
사레,1
산삼,1
구주,1
불자,1
레게,1
인도네시아,1
아웃렛,1
임팩트,1
문화재,1
보루,1
피톤치드,1
산다는 것은,1
잘 먹었습니다,1
리프트,1
반정,1
대하,1
한계령,1
뒷날,1
전담,1
공략,1
전기선,1
절벽,1
핫스팟,1
빗속,1
난포,1
사회부,1
고요한,1
관리인,1
오차,1
스타킹,1
해피엔딩,1
청소년,1
고래사냥,1
소득,1
점포,1
매료,1
은거,1
등불,1
게로,1
고독감,1
페로,1
서정,1
브래드,1
빙해,1
결별,1
유물,1
텃밭,1
대변,1
가로세로,1
이상이,1
지름신,1
식혜,1
대가리,1
동부,1
이바지,1
제비,1
함량,1
오른팔,1
구령,1
콩쥐,1
세탁실,1
강행,1
자부,1
이지무,1
삼각대,1
주안,1
튀르,1
동후,1
예수,1
삼시세끼,1
녹색,1
당부,1
임업,1
고성방가,1
습자,1
작살,1
예거,1
탐방,1
마산,1
타월,1
해드,1
버블티,1
맨몸,1
르마,1
4월 4일,1
안일주,1
노시,1
로기,1
암벽등반,1
봉우리,1
별명,1
고모,1
컨버터,1
배출,1
쏘우,1
문해,1
이수한,1
버프,1
천변,1
까까,1
밤중,1
잠꾸러기,1
대만,1
살림,1
마곡,1
방배역,1
습득,1
저녁노을,1
충혼탑,1
지의,1
디제이,1
설피,1
탈주,1
영농,1
호떡,1
말속,1
장시,1
구릿빛,1
오케이,1
볼더,1
걸음걸이,1
족발,1
일석삼조,1
이원,1
신실,1
연사,1
개수,1
사두,1
보수,1
송지호,1
일각,1
첫해,1
가운,1
삼성,1
다트,1
대출,1
하야,1
코치,1
형부,1
치매,1
윙크,1
야수,1
획득,1
도산,1
공구,1
교습,1
인격,1
민이,1
횡단,1
아시아,1
율곡,1
근육질,1
청경채,1
홈플러스,1
가차,1
골머리,1
비석,1
활력,1
전기레인지,1
글쓰기,1
노인,1
화기,1
신건,1
샤또,1
독차지,1
임창정,1
북동,1
플래그,1
원추,1
차려,1
에피,1
승선,1
초석,1
동갑,1
스냅,1
추산,1
달구,1
자외선 차단제,1
한족,1
말구,1
주먹,1
메지,1
기념일,1
칼라,1
봉사,1
보고,1
청둥오리,1
신바람,1
폴리네시아인,1
태동,1
세지면,1
향신료,1
고안,1
황어,1
투명인간,1
낙오자,1
임박,1
페인팅,1
수칙,1
예술의 전당,1
배리,1
오목,1
수제비,1
센치,1
12월 31일,1
편도,1
위크,1
얌전,1
아가야,1
박사,1
열씨,1
선구,1
상하,1
우롱차,1
거세,1
물병,1
벨트,1
사이다 주,1
행정기관,1
요요,1
스테레오,1
은주,1
서점,1
격식,1
미라,1
학이,1
난무,1
현미,1
베이비시터,1
이조,1
원조,1
배로,1
공포심,1
원단,1
공신,1
웰시,1
단강,1
차용,1
마감재,1
대당,1
몰아,1
국그릇,1
동호인,1
오지,1
의욕,1
파괴,1
빈집,1
마찰,1
남가,1
군대,1
음기,1
몽골,1
멀미약,1
단일,1
탁구대,1
뒷전,1
이송,1
기념품,1
푸름,1
로우,1
농촌,1
우월,1
번화,1
반개,1
베인,1
대동여지도,1
홀리,1
워커,1
외옹치항,1
전의,1
맞선,1
언해,1
발가락,1
윷놀이,1
더치,1
구두,1
스커트,1
아이유,1
가로수,1
눈동자,1
슈나우저,1
원천,1
체어,1
연광,1
개교,1
기념행사,1
충족,1
속전속결,1
분추,1
보도,1
어리광,1
광저우,1
어버이날,1
포르투,1
폐점,1
의존,1
에일,1
채취,1
출발지,1
라라,1
모법,1
가지리,1
삼초,1
카리스마,1
방향키,1
중장비,1
내사랑,1
동그라미,1
편지,1
지니,1
최적지,1
자유시,1
실세,1
기절초풍,1
매한가지,1
허준,1
구인,1
자니,1
이지애,1
은혜,1
습성,1
이거,1
오브,1
난국,1
삼계탕,1
연해,1
자반,1
방충망,1
할매,1
경포,1
두우,1
복음,1
메이,1
모아나,1
숭어,1
천년,1
구획,1
지능,1
킹왕짱,1
통화,1
실속,1
계시,1
기러기,1
어군,1
공중,1
땡땡,1
조별,1
다이,1
위염,1
사상,1
옥외,1
줄무늬,1
다루마,1
인삼,1
음미,1
사본,1
남의사,1
시늉,1
복부,1
동계 올림픽,1
홀수,1
신호등,1
자가,1
샘플,1
방치,1
스텐실,1
직업,1
여백,1
통행료,1
양안,1
월송정,1
시어터,1
오리진,1
큰불,1
제이크,1
호재,1
희망자,1
네트,1
교향악단,1
겉모습,1
할애,1
