word,counted
해변,407
바다,363
여행,256
손양면,199
파도,174
동호해수욕장,171
동호리,144
여름,140
해수욕장,140
동해,136
근처,134
서핑,132
처음,130
커피,124
가족,122
날씨,122
비치,120
준비,118
추천,117
예약,112
전화,111
숙소,110
느낌,108
모습,108
바닷가,108
모래,106
고기,106
속초,105
거리,104
바람,103
맛집,102
카페,102
지도,101
보니,100
보기,96
가격,95
만원,91
물놀이,90
기분,87
사장,86
마음,86
사실,85
제가,85
아이들,85
출발,85
선사,84
구경,83
이용,83
하늘,82
화장실,80
요즘,80
장소,80
자리,78
이랑,77
유적,77
친구,76
추억,76
완전,76
한잔,75
입구,75
방문,74
분위기,72
휴가,71
조대,70
최고,69
마지막,69
주말,68
체험,68
테이블,67
풍경,67
주변,67
점심,66
안녕하세요,65
스팅,64
하루,64
사용,63
음식,62
그런지,62
내부,62
여유,61
식사,61
.com,60
필요,60
서울,59
손님,59
관심,59
무료,59
소리,58
행복,58
오후,57
건물,56
엄마,56
수산항,55
아빠,55
시설,54
계획,54
조금,54
샤워,53
성수기,53
놀이,53
혼자,53
힐링,53
만족,53
맥주,52
조개,52
선택,52
여름휴가,52
소개,51
감사,51
테라스,51
강릉,51
친절,50
검색,50
식당,50
다음날,50
새벽,49
아이,49
걱정,48
캠핑,48
칼국수,48
침대,48
튜브,48
블로그,48
동해안,48
겨울,48
모래사장,48
공간,47
오랜만,47
고고,47
휴게,47
일출,47
산책,47
보드,46
강습,46
막국수,46
김치,46
이유,45
저장,45
이동,45
제일,45
가지,44
원래,44
편의점,44
폴더,44
운영,44
한참,44
주차장,44
참고,44
추가,44
동안,43
안내,43
라면,43
국물,43
작년,42
기억,42
이름,42
바닷물,42
기대,41
얼마,41
주차,41
낙산,41
제공,40
후기,40
객실,40
지금,40
파라솔,40
고속도로,40
전망,40
이야기,40
반찬,39
덕분,39
낙산사,39
아들,39
인근,39
개인,38
정리,38
사랑,38
숙박,38
횟집,38
아래,38
한곳,38
만큼,38
이건,37
나중,37
구름,37
치킨,37
마을,37
가게,36
오전,36
사이,36
안전,36
시장,36
자연,35
마트,35
아메리카노,35
중간,35
기본,34
경치,34
바로,34
나름,34
이제,34
주방,34
전날,33
의자,33
멸치,33
좋아서,33
메밀,32
코스,32
해수욕,32
수영,32
스파,32
밑반찬,32
발견,32
평일,32
대포항,32
도로,32
설명,31
고민,31
촬영,31
그림,31
리조트,31
분이,31
마무리,31
인테리어,31
오징어,31
수건,31
종류,31
말씀,31
낚시,31
파티,30
공기,30
부부,30
가을,30
예전,30
단체,30
텐트,30
소주,30
요금,30
10분,30
주소,30
편안,29
관리,29
국내,29
여자,29
자전거,29
커플,29
음료,29
실내,29
대박,29
가자미,29
백사장,29
얘기,29
매력,29
얼굴,29
해안,28
재미,28
조식,28
푸른,27
동네,27
설치,27
오픈,27
냉장고,27
강원,27
냄새,27
서비스,27
개장,27
지역,27
그늘,27
에어컨,27
.kr,27
카메라,26
순간,26
남편,26
버스,26
네이버,26
곳도,26
경험,26
게스트하우스,26
인생,26
하기,26
그릇,26
외관,26
죽도,26
8월,26
해주시,26
한번,25
한쪽,25
피곤,25
건강,25
세상,25
이서,25
방법,25
아이스,25
불편,25
자체,25
휴식,25
이후,25
오른쪽,25
요리,25
부분,25
성공,24
이예,24
기회,24
경우,24
장점,24
판매,24
상태,24
다행,24
비용,24
언니,24
바닥,24
소나무,24
전통,24
설악산,24
결정,24
대여,24
토요일,24
마리,24
감상,24
어른,24
전기,24
전망대,24
홈페이지,24
삼겹살,23
낙산해수욕장,23
물고기,23
고생,23
단위,23
지인,23
호텔,23
도전,23
관광객,23
왼쪽,23
구이,23
샴푸,22
숯불,22
육수,22
오시,22
계단,22
매운탕,22
드라이,22
마련,22
다리,22
머리,22
나무,22
햇빛,22
안쪽,22
다모,22
양념,22
동반,22
강사,22
터미널,22
오빠,22
입맛,22
하나로,22
야채,22
아저씨,21
튀김,21
포장,21
홍합,21
부족,21
차로,21
영상,21
기도,21
그때,21
예정,21
일정,21
남자,21
대신,21
생선,21
지기,21
2시,21
신랑,21
초보,21
요기,21
인지,21
인증,21
해결,20
구매,20
크기,20
이때,20
일반,20
강아지,20
천원,20
먹거리,20
가슴,20
대표,20
모두,20
해서,20
창문,20
고요,20
절대,20
시골,20
구명조끼,20
대기,20
등등,20
여행지,20
-3,20
버섯,20
인터넷,19
포기,19
애견,19
파란,19
주민,19
스타일,19
확인,19
꿀맛,19
순대,19
동영상,19
이것저것,19
첫날,19
전체,19
성인,19
필수,19
휴가철,19
내일,19
수영장,19
수심,19
입수,19
체크아웃,19
내년,19
금요일,19
관광,18
진행,18
배낚시,18
포함,18
공사,18
부담,18
새우,18
센터,18
개별,18
남은,18
소식,18
동생,18
폭죽,18
기가,18
할인,18
가자,18
장난,18
일요일,18
용품,18
주시,18
백김치,18
게임,18
체력,18
한눈,18
정보,17
인가,17
인당,17
각종,17
주문진,17
냉면,17
포인트,17
인원,17
음식점,17
연습,17
침구,17
보트,17
와인,17
옛날,17
부탁,17
신경,17
앞쪽,17
관계,17
문제,17
오신,17
여기저기,17
길이,17
목적지,17
행사,17
송이,17
건지,17
전자,17
당황,17
도구,17
당일치기,17
인기,17
사항,17
주인,17
그릴,17
캠핑장,17
타임,17
완벽,17
포트,17
냄비,17
해먹,17
기전,16
사온,16
이다,16
그중,16
화장대,16
운전,16
전경,16
입장,16
샤워실,16
이불,16
소스,16
연산,16
하나,16
야외,16
관광지,16
방향,16
시즌,16
터널,16
1박 2일,16
예뻐서,16
대로,16
수영복,16
소품,16
구입,16
가야,16
간식,16
감자,16
식기,16
양양읍,16
장이,16
어제,16
린스,16
그물,16
운치,16
정신,16
공방,16
청소,16
택시,16
일차,16
장비,15
표정,15
수육,15
녀석,15
북적,15
바닷바람,15
햇살,15
바퀴,15
와이키키,15
모델링,15
실패,15
환상,15
대부분,15
가시,15
상황,15
해장,15
수도,15
평소,15
계절,15
안녕,15
와서,15
7월,15
델리,15
개통,15
고성,15
나이,15
감동,15
사서,15
실수,15
연휴,15
자유,15
구비,15
일행,15
거실,15
아무도,15
리필,15
물속,15
계속,15
포토,15
식구,14
사이즈,14
치즈,14
슈트,14
부모,14
예상,14
자랑,14
시반,14
가요,14
라이,14
안주,14
신축,14
한입,14
접시,14
와도,14
마이,14
영업시간,14
니다,14
두부,14
예술,14
어린이,14
오산,14
배달,14
중앙시장,14
아트,14
가에,14
문의,14
딸기,14
과자,14
신분,14
시내,14
인형,14
사고,14
무리,14
선상,14
사이트,14
피로,14
비교,14
직원,14
군데,13
전용,13
어촌,13
곳곳,13
종일,13
볼거리,13
극성,13
닭강정,13
앞바다,13
상추,13
양양가,13
현북면,13
재료,13
매장,13
인분,13
감성,13
막걸리,13
세트,13
모임,13
교육,13
물치항,13
조명,13
이웃,13
피서객,13
오토,13
올여름,13
가능,13
갈비,13
일품,13
베란다,13
문어,13
연결,13
내용,13
미세먼지,13
영자,13
하면,13
부추,13
광어,13
위험,13
청결,13
미니,13
피싱,13
약간,13
구간,13
미끼,13
바다낚시,13
금액,13
생수,13
집시,13
취향,13
방식,13
수산,13
.co,13
당일,13
요트,13
아기,13
가운데,13
뒤쪽,13
명소,12
요건,12
한국,12
기념,12
다짐,12
자신,12
보통,12
구조,12
국수,12
비밀,12
연인,12
신청,12
비빔밥,12
성비,12
양이,12
해외,12
먹방,12
수트,12
쌈장,12
가까이,12
리어,12
양도,12
외국,12
기간,12
최대,12
퇴근,12
속초시,12
주의,12
욕조,12
디워,12
서서,12
브런치,12
간판,12
고급,12
식탁,12
고운,12
언덕,12
옥수수,12
피서,12
마당,12
돗자리,12
회사,12
유명,12
편리,12
전화번호,12
생활,12
문자,12
영화,12
우리나라,12
구석구석,12
진짜,12
계곡,12
만해,12
치약,12
모듬,12
어린왕자,12
불꽃놀이,12
된장찌개,12
센스,12
차량,12
6월,12
가면,12
그네,12
색깔,12
비수,12
무트,12
그날,12
체크인,12
신발,11
더위,11
소고기,11
좋은 날,11
한편,11
음료수,11
한여름,11
대비,11
번지,11
공항,11
화이트,11
며칠,11
가도,11
물건,11
자세,11
양양국제공항,11
바위,11
외부,11
서울로,11
모자,11
함정,11
창가,11
대한민국,11
해돋이,11
투명,11
중인,11
채소,11
고추장,11
구역,11
약속,11
오기,11
패스,11
황태,11
제주도,11
우럭,11
소요,11
새해,11
토스트,11
규모,11
기록,11
바깥,11
핸드폰,11
운동,11
아주머니,11
5월,11
태양,11
메인,11
스노,11
조리,11
나머지,11
차이,11
정말,11
샐러드,11
폭염,11
고향,11
애기,11
편의,11
상상,11
된장,11
아쉬움,11
이틀,11
밥솥,11
만두,11
온도,11
의미,11
업체,11
태풍,11
공짜,10
삼매,10
리뷰,10
거품,10
나니,10
할머니,10
이전,10
원룸,10
시기,10
서해,10
이기,10
스타,10
세팅,10
출근,10
비누,10
무지개,10
계란,10
안보,10
드라마,10
기사,10
키로,10
여성,10
목살,10
진리,10
매콤,10
아이스크림,10
방송,10
낚시대,10
-1,10
스파이더맨,10
아가,10
하진,10
자극,10
결과,10
남애항,10
피해,10
복귀,10
제외,10
조심,10
대게,10
일주일,10
민박,10
돼지,10
마늘,10
신나,10
비도,10
배우,10
듯이,10
지난번,10
비주얼,10
와우,10
양쪽,10
난리,10
진심,10
입시,10
동이,10
에선,10
돌아오는 길,10
장도,10
둥둥,10
경포대,10
안나,10
전문점,10
일상,10
선호,10
앞으로,10
등장,10
컵라면,10
와이프,10
인파,10
선물,10
무한,10
조카,10
위생,10
욕실,10
하니,10
표현,10
창밖,10
인상,10
개월,10
에메랄드,9
초보자,9
블루,9
월요일,9
바라,9
지불,9
농협,9
출입,9
용기,9
의지,9
반복,9
참여,9
부산,9
무침,9
수기,9
이도,9
디자인,9
잡이,9
수다,9
완성,9
간만,9
장면,9
노래,9
여행객,9
잠깐,9
스트레스,9
현장,9
가평,9
해물,9
하늘과 바다,9
피서지,9
사우나,9
사무실,9
높이,9
스팟,9
중앙,9
벌레,9
해주,9
인심,9
북쪽,9
서울양양고속도로,9
도시,9
단점,9
길가,9
아무것,9
과일,9
결혼,9
지라,9
잡기,9
인정,9
무지,9
출처,9
작품,9
아토,9
대관령,9
어머니,9
크림,9
종주,9
미리,9
시원,9
메밀국수,9
이정,9
지대,9
깻잎,9
블랙,9
전골,9
클럽,9
이란,9
정돈,9
바가지,9
구분,9
샌드위치,9
오션,9
가보,9
햇볕,9
강현면,9
후라이,9
선생님,9
소원,9
드라이브,9
리라,9
멍게,9
전국,9
인덕션,9
배려,9
지점,9
만석,9
해산물,9
파도타기,9
댓글,9
야영,9
모양,9
본인,9
후회,9
이론,9
갈수,9
스포츠,9
전문,9
번호,9
축제,9
솔밭,9
쇼파,8
배경,8
기로,8
땡볕,8
비빔국수,8
거울,8
옥이네,8
시가,8
오랫만,8
수준,8
인구,8
여행가,8
후식,8
추위,8
갈비탕,8
걷기,8
이집,8
모닝,8
커피숍,8
결제,8
대여료,8
황금,8
삼척,8
인사,8
항구,8
평창,8
작정,8
대회,8
조합,8
공감,8
하룻밤,8
정식,8
아내,8
화이팅,8
주위,8
상차림,8
골목,8
현실,8
이국,8
부엌,8
피부,8
향기,8
트리플,8
바지락,8
반대편,8
글램,8
여름철,8
전세,8
국도,8
해양,8
보고 싶다,8
노을,8
영업,8
칭찬,8
지난주,8
핑크,8
피크닉,8
제트,8
전복,8
시외버스,8
연락,8
너머,8
환영,8
낭만,8
후에,8
유지,8
처리,8
축하,8
감탄,8
온수,8
고추,8
스키,8
정체,8
방도,8
등대,8
조각,8
나물,8
섭이,8
하늘색,8
광정리,8
기약,8
프로,8
가와,8
대중교통,8
누가,8
우동,8
반려,8
나라,8
디저트,8
수요일,8
약수,8
라인,8
생일,8
철조망,8
자락,8
고려,8
오니,8
하하,8
당시,8
엄두,8
맞은편,8
싱크대,8
미역,8
남쪽,8
물결,8
바다색,8
기름,8
허리,8
슬리퍼,8
폭풍,7
별도,7
수산리,7
위로,7
와중,7
결론,7
제한,7
타이밍,7
소금,7
남녀노소,7
천국,7
흔적,7
해장국,7
실력,7
지나,7
제품,7
인줄,7
적응,7
글씨,7
볶음,7
생맥주,7
현상,7
부지런,7
여태,7
상가,7
집으로,7
한장,7
목적,7
해녀,7
작업,7
자동차,7
안성맞춤,7
선풍기,7
투어,7
비가,7
카운터,7
아버지,7
공원,7
가루,7
전반,7
취미,7
순두부,7
여름날,7
군가,7
밸리,7
조미료,7
콘도,7
주관,7
인용,7
야영장,7
매매,7
평가,7
대명,7
어르신,7
간장,7
명태,7
샤워기,7
복도,7
타일,7
마시기,7
보지,7
한가지,7
얼음,7
별거,7
연예인,7
미소,7
피자,7
하와이,7
즐거움,7
연어,7
공용,7
충전,7
완료,7
청정,7
현금,7
투척,7
홍보,7
쇼핑,7
막내,7
동치미,7
식빵,7
어린아이,7
순식간,7
간다,7
동행,7
모모,7
컨셉,7
포즈,7
노력,7
부근,7
가니,7
사이다,7
하우스,7
맛나,7
비와,7
동시,7
국토,7
패키지,7
눈앞,7
기와,7
복장,7
박스,7
보노,7
가가,7
실시간,7
저번,7
옆쪽,7
맞이,7
한동안,7
환경,7
문구,7
이만,7
픽업,7
에너지,7
사기,7
쉼터,7
합류,7
이리,7
깊이,7
특징,7
명함,7
대화,7
준비물,7
칫솔,7
일회,7
정면,7
분리,7
아니,7
이면,7
다다,7
-4,7
목표,7
불고기,7
쓰레기,7
이글,7
한마디,7
바닷속,7
손맛,7
금지,7
시경,7
차지,7
장관,7
폭죽놀이,7
새끼,7
방파제,7
매너,7
난방,7
대도,7
도면,6
왕복,6
기운,6
도보,6
지로,6
한적,6
흡입,6
건조,6
도움,6
해진,6
만남,6
만끽,6
초가,6
우리집,6
방수,6
동서울,6
발자국,6
벤치,6
꼭대기,6
코시,6
기계,6
이마트,6
소가,6
장님,6
공수,6
라구,6
박물관,6
감기,6
가나,6
인간,6
복어,6
춘천,6
믿음,6
특색,6
동물,6
사가,6
날짜,6
레페,6
오색,6
어종,6
전면,6
감정,6
해당,6
풀이,6
돼지고기,6
욕심,6
써니,6
수상,6
볼일,6
진입,6
망대,6
바비큐,6
세월,6
감각,6
잘못,6
하트,6
인제,6
설악,6
하하하,6
함흥,6
입문,6
솥밥,6
가정,6
오산리,6
이든,6
표지판,6
육지,6
무릎,6
계좌,6
진한,6
조형물,6
주차공간,6
취사,6
잡지,6
순위,6
찌개,6
아시,6
하네,6
텃밭,6
목장,6
배로,6
주택,6
통일전망대,6
고구마,6
상담,6
남대천,6
래미,6
적극,6
점심때,6
시절,6
하륜,6
한번쯤,6
건너편,6
표시,6
기절,6
경사,6
반대쪽,6
어묵,6
현남면,6
가오,6
청양고추,6
최신식,6
천장,6
통일,6
허니,6
그동안,6
가로,6
최대한,6
급진,6
수리,6
퍼스,6
군사,6
마찬가지,6
이고,6
한식,6
종이,6
떡볶이,6
휴양,6
호로,6
이해,6
커서,6
교통,6
엄지,6
열정,6
주심,6
앞마당,6
공장,6
마레,6
지구,6
의상대,6
대상,6
현지,6
광장,6
속도,6
색감,6
데이트,6
잠도,6
실화,6
무렵,6
모닥불,6
기존,6
면적,6
대접,6
빌리,6
요미,6
대형,6
좌석,6
초입,6
감나무,6
다라,6
소세지,6
로비,6
취침,6
쓰기,6
현지인,6
인적,6
잠자리,6
밤새,6
마감,6
사와,6
해파랑길,6
슈퍼,6
뒤편,6
아쇼카,6
카라,6
윗층,6
평화,6
가위,6
광경,6
여분,6
잠수,6
침실,6
이모,6
계산,6
탁구장,6
고개,6
수압,6
이나,6
꼬치,6
시선,6
꼬막,6
취급,6
무더위,6
국밥,6
신호,6
소주잔,6
아아,6
요번,6
제작,6
가정집,6
현관,6
용도,6
과정,6
영향,6
짜증,6
집적,5
영동,5
통과,5
화질,5
기원,5
이스,5
마구마구,5
장식,5
셀프,5
발걸음,5
레저,5
지하,5
원주,5
대체,5
주기,5
스파크,5
워터파크,5
소시지,5
바나나보트,5
지만,5
내야,5
탁자,5
선장,5
10월,5
양식,5
관람,5
철수,5
재배,5
아쿠아,5
후후,5
고기잡이,5
년대,5
이용한,5
자몽,5
탁트인,5
세번,5
연인들,5
저도,5
실망,5
탈출,5
이벤트,5
을지,5
와이파이,5
남해,5
형태,5
커튼,5
사이드,5
불꽃,5
비쥬,5
구성,5
망고,5
김밥,5
동기,5
취소,5
백숙,5
여운,5
마사지,5
여행기,5
동해대로,5
의견,5
지방,5
공연,5
작성,5
따위,5
시전,5
브레드,5
시도,5
연상,5
양은,5
기세,5
개발,5
양념장,5
오미,5
자주,5
영양,5
정수기,5
영수증,5
체크,5
바보,5
직행,5
거지,5
9월,5
기술,5
시야,5
보세,5
수원,5
광고,5
방학,5
나가,5
모자이크,5
깨알,5
직장,5
좌측,5
손바닥,5
발도,5
참가자,5
동호회,5
변경,5
유리창,5
남자들,5
스무디,5
조사,5
다운,5
수저,5
동동주,5
남짓,5
패밀리,5
무가,5
조차,5
집중,5
해수,5
숲길,5
프라이,5
카드,5
상태도,5
애정,5
스테이크,5
스릴,5
짜장면,5
원두,5
지경,5
시간대,5
젓갈,5
음주,5
중심,5
괜찮아,5
폭탄,5
경관,5
대만,5
유리,5
대전,5
기능,5
도로변,5
수세미,5
군인,5
한판,5
바이브,5
소망,5
여럿,5
오른편,5
포도,5
건너,5
닭갈비,5
군청,5
웃음,5
숭어,5
시대,5
티셔츠,5
분만,5
허허,5
여러분,5
보쌈,5
활용,5
핑계,5
인력,5
모래밭,5
레이스,5
정상,5
온돌방,5
도장,5
파랑,5
남매,5
캠프,5
위쪽,5
설탕,5
고장,5
매트,5
주저,5
수박,5
양파,5
발가락,5
보그,5
장보고,5
직전,5
채널,5
평생,5
통째,5
특성,5
둘쨋날,5
활어,5
하이라이트,5
회랑,5
제격,5
시스템,5
최적,5
감안,5
주인공,5
통닭,5
오르막,5
다이어트,5
인천,5
우측,5
즉석,5
호박,5
가드,5
코너,5
양송이,5
개발원,5
이곳저곳,5
정류장,5
위주,5
한식대첩,5
통유리,5
한지,5
가구,5
휴양지,5
전자레인지,5
위해,5
전시,5
유료,5
일광욕,5
고객,5
정동진,5
효과,5
우왕,5
달리기,5
실전,5
공유,5
머신,5
유명한,5
소문,5
나들이,5
선정,5
가보세,5
레져,5
케이크,5
이래,5
동상,5
이여,5
조황,5
쇼핑몰,5
기상,5
대구,5
부동산,5
장인,5
보호,5
탕이,5
전주,5
마니,5
남자친구,5
아래쪽,5
이내,5
신이,5
후추,5
컴퓨터,5
비오,5
불빛,5
없어,5
들보,5
토지,5
여행길,5
탈수,5
일기,5
이신,5
의도,5
간격,5
카누,5
남지,4
파전,4
베이,4
도미,4
내면,4
수정,4
스카이,4
봉투,4
소파,4
복전,4
푸드,4
생각해보면,4
일부,4
데스크,4
다이버,4
별미,4
이슬,4
화장,4
여거,4
절경,4
분리수거,4
휴지,4
클릭,4
근무,4
전원,4
공휴일,4
후유증,4
맨발,4
.be,4
대리,4
본점,4
보소,4
활동,4
레포츠,4
양해,4
원정,4
핑크빛,4
소재,4
바나나,4
미터,4
지게,4
부지,4
정해진,4
경포,4
가격표,4
요원,4
바깥쪽,4
식후경,4
모래성,4
먼지,4
짬뽕,4
배변,4
마무,4
한계,4
장보,4
발달,4
시트,4
행위,4
하얀색,4
밀집,4
버터,4
친정,4
베드,4
의사,4
매운맛,4
주류,4
밥상,4
안지,4
관음,4
유적지,4
아부지,4
솜씨,4
젓가락,4
변신,4
좋은 주말,4
소녀,4
초장,4
장사,4
매니저,4
고 온,4
낮술,4
미련,4
궁합,4
비키니,4
소인,4
고속,4
휴일,4
군대,4
확보,4
덩어리,4
휴대폰,4
에이드,4
미술관,4
해삼,4
떡국,4
증말,4
제맛,4
결국,4
건조대,4
수칙,4
오미자,4
가사,4
볶음밥,4
젤리,4
투숙,4
택배,4
알람,4
바지,4
단풍,4
몸매,4
충격,4
산이,4
평택,4
인해,4
빌라,4
대교,4
접근성,4
가실,4
포스,4
우유,4
뱃속,4
의심,4
양평,4
등대도,4
가량,4
일자,4
12월 31일,4
발길,4
발목,4
희망,4
그린,4
모닝커피,4
강제,4
콩나물,4
시계,4
꿈나라,4
딸기우유,4
모던,4
라이드,4
강정,4
빨래,4
카약,4
종합,4
다비도프,4
아름답다,4
기라,4
비엔,4
흰색,4
울산,4
어깨,4
1월 1일,4
베어,4
대학,4
유럽,4
요가,4
유의,4
지지,4
장거리,4
히노,4
아이스박스,4
베스트,4
삼촌,4
톨게이트,4
상품,4
마시,4
장착,4
대청봉,4
로얄,4
솔방,4
습도,4
조기,4
대왕,4
산책로,4
상점,4
토종닭,4
크리스마스,4
가리비,4
연기,4
해안선,4
이자,4
확대,4
아이와,4
포구,4
빠이,4
-2,4
서명,4
입안,4
작가,4
특유,4
차례,4
주스,4
최장,4
김치찌개,4
찬물,4
야시장,4
구별,4
변화,4
어이,4
빗방울,4
안내문,4
민트,4
분도,4
에어,4
목이,4
식도,4
소화도,4
걸이,4
낮잠,4
출동,4
버거,4
빨대,4
초코,4
터치,4
내사랑,4
콘도미니엄,4
부력,4
평균,4
시간표,4
오호,4
게스트,4
포켓몬,4
구석,4
4월,4
미역국,4
수평선,4
쌍둥이,4
캡슐,4
상인,4
안타,4
최선,4
포착,4
하루밤,4
도로로,4
배낭,4
현관문,4
신고,4
오뎅,4
유행,4
모집,4
최초,4
노란색,4
먹구름,4
설계,4
사이에서,4
육아,4
오버,4
이지,4
고정,4
본적,4
발바닥,4
완비,4
할거,4
에피타이저,4
기타,4
물론,4
옆집,4
사비,4
이용객,4
정작,4
영동고속도로,4
슈즈,4
이중,4
건배,4
유혹,4
인연,4
회로,4
말도,4
고대,4
무대,4
공주,4
각광,4
파워,4
목욕,4
휴양림,4
이외,4
안와,4
코앞,4
절약,4
출장,4
게장,4
직진,4
공개,4
블로거,4
미션,4
지이,4
관상,4
커버,4
도중,4
모레,4
한창,4
오토바이,4
토리,4
수질,4
안목,4
자태,4
관리도,4
아자,4
낙지,4
링크,4
거래,4
현수막,4
호가,4
구리,4
안전교육,4
음악,4
방면,4
차선,4
불어,4
보일러,4
복숭아,4
시내버스,4
문화,4
고속버스,4
대가,4
뷰로,4
한정,4
예뻐,4
갈매기살,4
하지,4
입장료,4
편집,4
뒷편,4
신원,4
보이시,4
사전,4
생신,4
동참,4
모드,4
회의,4
수라상,4
.me,4
수업,4
양말,4
작동,4
야경,4
보전,4
자연환경,4
다음번,4
유일,4
바닷,4
마다,4
시정,3
등록,3
라마다,3
옥이,3
레시,3
송지호,3
알파카,3
초록,3
마리에,3
공신,3
체육,3
먹을거리,3
연중무휴,3
테마,3
돼지갈비,3
은행나무,3
조준,3
살림,3
부대,3
파노라마,3
쟁반,3
이하,3
질도,3
수입,3
마녀의 성,3
점프,3
흉내,3
일요일 아침,3
관찰,3
작업실,3
당장,3
하도,3
셋트,3
이미지,3
호두과자,3
모델,3
사자,3
추어탕,3
수제,3
감흥,3
마크,3
모래알,3
신세계,3
신년,3
지옥,3
님과 함께,3
정원,3
아침밥,3
모기,3
엉덩이,3
보신,3
양시,3
큰애,3
하구,3
방지,3
오프,3
보라,3
갈마,3
팥빙수,3
용해도,3
메밀전,3
담그기,3
파파,3
푸드코트,3
기력,3
동작,3
전달,3
돌고,3
임대,3
망설임,3
대가족,3
포장마차,3
밀가루,3
선수,3
상징물,3
공영,3
존재,3
오션월드,3
사찰,3
정박,3
피아노,3
파스타,3
철판,3
시공,3
캠퍼,3
일종,3
바탕,3
몰골,3
피고,3
비행기,3
포교,3
요정,3
버너,3
통증,3
추석,3
밥집,3
접수,3
야간,3
온건,3
더 가까이,3
콜라,3
지번,3
바구니,3
테이,3
전설,3
천연,3
세븐일레븐,3
소함,3
사회,3
오산항,3
업그레이드,3
기어,3
컨디션,3
육도,3
과장,3
달래,3
개설,3
다래,3
베개,3
여명,3
올리브,3
시나,3
반면,3
주간,3
미시령,3
간의,3
연말,3
욕구,3
사정,3
통제,3
이장,3
장마,3
어업,3
송림,3
각각,3
평지,3
출산,3
관계자,3
토속,3
임신,3
끼니,3
참가,3
사랑합니다,3
식초,3
미지,3
올림픽,3
이상은,3
장날,3
애용,3
잠옷,3
길거리,3
캔커피,3
구도,3
입가심,3
만점,3
멤버,3
가객,3
감과,3
백색,3
질문,3
옷장,3
금요,3
미남,3
천막,3
초등학생,3
우선,3
용왕,3
스피커,3
돌고래,3
경계,3
곰치,3
팔로,3
인원수,3
콜택시,3
호수,3
해지,3
길목,3
뒷모습,3
큰아들,3
머릿속,3
단양,3
겨울철,3
1.5,3
리얼,3
라메,3
어도,3
물색,3
시댁,3
모형,3
사구,3
테이크아웃,3
다시,3
간직,3
핫스팟,3
반신반의,3
강행,3
11월,3
개수대,3
물질,3
잘 먹었습니다,3
보정,3
가짓수,3
조개껍질,3
대세,3
초고추장,3
타오,3
전진,3
한우,3
회원,3
개시,3
소도,3
진정,3
원조,3
노하우,3
사랑해,3
방문객,3
누나,3
로즈마리,3
일요,3
도도,3
친척,3
봄날,3
죽음,3
따름,3
벽걸이,3
꽁치,3
통화,3
스프레이,3
오래간만,3
기념사진,3
페이지,3
연속,3
캡처,3
한가운데,3
해도,3
조개껍데기,3
브레이크,3
결혼식,3
바가지요금,3
무술,3
한군데,3
창고,3
숙박비,3
열매,3
자아,3
한옥,3
전봇대,3
방안,3
어선,3
주인장,3
비단,3
2016년,3
팻말,3
티켓,3
젊은이들,3
처갓집,3
실제,3
옥션,3
방사,3
장시간,3
명품,3
응원,3
무제,3
독서,3
몽골,3
미만,3
빈자리,3
핸드,3
자연휴양림,3
기온,3
동서울터미널,3
숙박업소,3
형제,3
형식,3
타입,3
에도,3
만도,3
큰딸,3
안도,3
게살,3
왕새우,3
꼬마,3
원도,3
곡물,3
소음,3
명칭,3
신명,3
스쿨,3
제철,3
개띠,3
드릴,3
그 후,3
미나리,3
1월,3
기쁨,3
참이슬,3
즈음,3
야호,3
호객,3
달리,3
고가,3
손질,3
사과,3
치마,3
당첨,3
채비,3
번개,3
투하,3
기부,3
행운,3
참기름,3
일념,3
유치원,3
콩국수,3
껍질,3
발코니,3
월드,3
광복절,3
투입,3
이용하,3
구명,3
술안주,3
드림,3
고소,3
혜택,3
향토음식,3
초등학교,3
엉망,3
업소,3
설거지,3
가방,3
프로그램,3
1년,3
에보니,3
각도,3
풀장,3
이색,3
참석,3
달인,3
선박,3
전후,3
거짓말,3
싸이,3
노후,3
아지매,3
한해,3
유일한,3
서면,3
장과,3
생태,3
그럼에도 불구하고,3
호프,3
진열,3
카페인,3
구축,3
아버님,3
합심,3
3분,3
신건,3
에드,3
하루만,3
받침대,3
사수,3
액자,3
전투,3
문도,3
전시관,3
100%,3
골든,3
서로,3
내입,3
무늬,3
리셋,3
20대,3
케익,3
대리석,3
사치,3
삼각대,3
경계선,3
입금,3
경로,3
요양,3
인구항,3
토마토,3
과음,3
장기,3
이용료,3
컬러,3
열쇠,3
소화,3
허락,3
여념,3
책임,3
조끼,3
정이,3
걸음,3
초대,3
땅콩,3
채취,3
시더,3
인접,3
아삭,3
기구,3
마루,3
노지,3
동산,3
재연,3
비데,3
단속,3
조화,3
황어,3
실장,3
선착장,3
묶음,3
맥주잔,3
갈매기,3
한국인,3
껍데기,3
사이사이,3
액션,3
슬러시,3
화면,3
신비,3
추적,3
조망,3
이체,3
셔터,3
마리나,3
한숨,3
치즈케이크,3
어보,3
큰일,3
지리,3
오천,3
단골,3
탈의실,3
가스,3
안개,3
은색,3
정성,3
컴백,3
회비,3
코바,3
아랑,3
명물,3
부스,3
다구,3
각자,3
불안,3
워크,3
수고,3
보관,3
쥬스,3
행주,3
전부,3
아주,3
할아버지,3
하나에,3
모텔,3
봄이,3
부표,3
고도,3
해물탕,3
나은,3
치맥,3
녹음,3
무말랭이,3
리한,3
금정,3
진주,3
욕망,3
사인,3
졸음,3
해달,3
원목,3
장작,3
주제,3
전문가,3
조은,3
외식,3
승리,3
아이폰,3
술집,3
로만,3
쿠폰,3
비만,3
호강,3
더더,3
착용,3
감자전,3
청초,3
단독,3
기사문항,3
양배추,3
학교,3
중독,3
이점,3
기대감,3
기암괴석,3
배출,3
보석,3
거주,3
실시,3
제라,3
주신,3
프리,3
선생,3
보장,3
단맛,3
대선,3
뉴스,3
생애,3
라가,3
적도,3
루프,3
반은,3
스킨스쿠버,3
전이,3
정자,3
차고,3
형님,3
군부대,3
빙수,3
3월,3
주전,3
발전,3
열기,3
반납,3
천사,3
소모,3
금강산,3
탄산,3
조절,3
적용,3
합리,3
도어,3
자자,3
세부,3
아드님,3
주의보,3
씨름,3
매점,3
아가씨,3
6시 내고향,3
탐방,3
확신,3
낯선,3
백두대간,3
다만,3
일몰,3
아라,3
블라인드,3
토끼,3
호들갑,3
사색,3
생명,3
러브,3
언니네,3
고사,3
공터,3
외출,3
입욕,3
불가,3
판도,3
스마트,3
구어,3
감칠맛,3
지정,3
거란,3
피크,3
개장일,3
채운,3
방심,3
안이,3
실행,3
상호,3
골뱅이,3
글쓴이,3
흥분,3
도가,3
물장구,3
여건,3
수면,3
손양,3
귀여워,3
탁구,3
물품,3
달빛,3
해초,3
엘리베이터,3
출연,3
화요일,3
-0,3
곰탕,3
애교,3
밥그릇,3
매표소,3
유니,3
나팔꽃,3
산길,3
케이블카,3
안심,3
서쪽,3
아웃,3
조건,3
레스토랑,3
성지,3
급수,3
배드민턴,3
화진포,3
스낵,3
딸아이,3
생략,3
자차,3
고창,3
비결,3
한방,3
실감,3
심플,3
아마,3
등심,3
탈탈,3
팽이버섯,3
소비,3
테라로사,2
전예,2
생전,2
만세,2
최신,2
코기,2
The,2
식물,2
하이패스,2
학생,2
상승,2
해당화,2
하천,2
타운,2
설레임,2
수도권,2
2016년 8월,2
무서움,2
네네,2
라운지,2
잔소리,2
물기,2
으뜸,2
안부,2
스탠드업,2
그레이,2
전기밥통,2
개인정보,2
강남,2
모스,2
스튜디오,2
규격,2
리에,2
안마,2
이구,2
스웨,2
테디,2
가비,2
유정,2
위협,2
커피콩,2
역동,2
장조림,2
오락기,2
그리워,2
직접,2
도마,2
일터,2
방생,2
프랑스,2
어젯밤,2
여파,2
진자,2
주중,2
표지석,2
박은,2
라이스,2
기차,2
소라,2
스타트,2
서랍,2
부작,2
장한,2
사다,2
그래퍼,2
나루,2
푯말,2
숙취,2
한밤,2
병과,2
메트리스,2
자정,2
거더,2
대여점,2
할머님,2
안락,2
가로등,2
명인,2
실용,2
준비운동,2
착각,2
카라멜,2
둘레길,2
레스,2
매트리스,2
다목적,2
태풍 노루,2
오두막,2
방해,2
만약,2
국가,2
중개,2
도예,2
피타,2
즉흥,2
허가,2
일수,2
지척,2
쿠바,2
휴대,2
아고,2
국그릇,2
오리,2
해보면,2
철칙,2
안길,2
공식,2
신기하,2
실물,2
메시지,2
정화,2
외옹치항,2
세계,2
건립,2
인치,2
롯데,2
강화,2
언가,2
정렬,2
삼양,2
이유식,2
소윤,2
스냅,2
장호항,2
8월 7일,2
레몬,2
일체,2
마실,2
미술,2
주유소,2
감탄사,2
담당,2
다중,2
리듬,2
분당,2
이튿날,2
노인,2
두꺼비,2
수온,2
발라,2
전신,2
내리막,2
사용료,2
타이,2
팀장,2
히로뽕,2
연락처,2
체리,2
모바일,2
아란치니,2
인권,2
주먹,2
변수,2
암닭,2
유성,2
로망,2
에 산,2
뷔페,2
갯메꽃,2
발생,2
개조,2
현대인,2
2017년,2
사무소,2
태교,2
주성치,2
남녀,2
기여,2
유유자적,2
봉우리,2
배정,2
초반,2
해원,2
주세,2
콘크리트,2
오이,2
해산,2
운행,2
세시,2
육박,2
미도,2
푸들,2
장엄,2
평온,2
서해안,2
식스,2
프라이어,2
실로암,2
난로,2
방침,2
분유,2
게시물,2
방전,2
황도,2
다와,2
써비스,2
확정,2
가오리,2
정직,2
보내기,2
조달,2
곤충,2
프라이팬,2
첨부,2
아이디어,2
웨이,2
저어,2
페달,2
오부,2
자랑거리,2
하리,2
후문,2
프랑,2
지하수,2
특가,2
노릇,2
스킴,2
연세,2
다이,2
금빛,2
종점,2
교동,2
만개,2
우사,2
소매,2
수령,2
동공,2
허용,2
쉐프,2
믹스,2
제주,2
보고,2
스스로,2
션 리,2
봉수,2
두려움,2
채도,2
막바지,2
경기,2
우등,2
전병,2
저녁밥,2
구피,2
수국,2
물반,2
파일,2
벽화,2
집게,2
계란찜,2
해금,2
참전,2
라 주,2
주머니,2
나야,2
필수품,2
케이스,2
코스트코,2
날이 갈수록,2
혁명,2
소장,2
직후,2
방충망,2
때려,2
신혼부부,2
평상,2
신성,2
기념관,2
벽지,2
시커,2
내비게이션,2
발자취,2
알바,2
주말여행,2
후진,2
데일리,2
정기,2
정육점,2
시네,2
엔젤,2
옥상,2
노아,2
호떡,2
운동화,2
8월 10일,2
철새,2
밀크티,2
인방,2
반도,2
회귀,2
의외,2
남여,2
8월 1일,2
부심,2
스타벅스,2
두말,2
다단계,2
하계,2
시금치,2
26,2
자료,2
소고,2
그간,2
미국,2
이거,2
에이스,2
스노클링,2
별빛,2
부대시설,2
사투리,2
간도,2
오리고기,2
우미,2
3D,2
해외여행,2
환장,2
선글라스,2
초점,2
동남아,2
우려,2
10년,2
갈리,2
고야,2
도달,2
베테랑,2
살인,2
청춘,2
지원,2
마블링,2
약산,2
최소한,2
어부들,2
요청,2
짝꿍,2
경유,2
목소리,2
석이,2
레고,2
출항,2
단지,2
집결,2
25,2
여인,2
소진,2
빵집,2
본건,2
중앙로,2
중년,2
낙서,2
약시,2
스트레칭,2
성수,2
아일랜드,2
케이지,2
제자리,2
자동,2
대자,2
오가,2
봉고,2
내일로,2
너구리,2
칼바람,2
도심,2
귀차니즘,2
주황색,2
보험,2
타기,2
생쥐,2
기류,2
딱지,2
세제,2
빛깔,2
구구,2
두근두근,2
다면,2
이만큼,2
생김새,2
생물,2
중요시,2
도사,2
안골,2
김치전,2
뒷면,2
평안,2
국자,2
타월,2
치료,2
목사,2
여수,2
푸쉬,2
양지역,2
뒷발,2
풍경사진,2
그전,2
룰루랄라,2
한나절,2
계피,2
두도,2
기초,2
첫날밤,2
사위,2
분식,2
앞머리,2
술잔,2
패티,2
가운,2
미항,2
대출,2
메밀꽃,2
대량,2
힘찬,2
동춘,2
청리,2
스티,2
방바닥,2
훈이,2
두 여인,2
근로자,2
이영자,2
둥지,2
상단,2
차기,2
콜리,2
눈물,2
봉사,2
차이점,2
필리핀,2
음성,2
로고,2
형부,2
눈꽃,2
이로,2
수용,2
능력자,2
냉수,2
피어,2
정비,2
김질,2
폭우,2
송전,2
곰팡이,2
겨자,2
선셋,2
시각,2
제습기,2
소나기,2
반전,2
교통망,2
여부,2
초등,2
미티,2
23,2
고난,2
출입문,2
돈가스,2
팔로잉,2
분할,2
선배,2
입술,2
무국,2
관자,2
가수,2
부다,2
새싹,2
불가사리,2
그룹,2
쓰레기봉투,2
그니,2
2년,2
완공,2
연애,2
복무,2
시장통,2
방어,2
엑셀,2
5기,2
북천철교,2
메이드,2
샤오미,2
견인,2
출력,2
산란,2
한나,2
족구,2
부녀회,2
7월 4일,2
24,2
와이,2
예보,2
옷걸이,2
파쇄,2
빠방,2
유물,2
어머님,2
절임,2
자라,2
당근,2
임시,2
백반,2
아니야,2
취사도구,2
이빈,2
목줄,2
우울,2
역광,2
추첨,2
고독,2
시민,2
송전리,2
전적,2
어로,2
예감,2
야심,2
스탬프,2
과거,2
최악,2
약과,2
무심,2
트레,2
가이드,2
비상,2
좌우,2
효석,2
봉지,2
반대,2
하단,2
책정,2
차트,2
메카,2
교차로,2
칠판,2
다대기,2
시상식,2
이사,2
주방장,2
식후,2
라도,2
농장,2
낙산항,2
색상,2
모름,2
발송,2
부양,2
세면,2
엠티,2
부자,2
시즈,2
오빠야,2
나이트,2
베리,2
이거이,2
피클,2
면장,2
홍게,2
견과,2
코로나,2
장모,2
노출,2
한산,2
가족사진,2
어장,2
중턱,2
확장,2
위메프,2
심정,2
청년,2
알콜,2
유리문,2
기반,2
인나,2
구멍,2
개최,2
구독,2
화룡점정,2
투자,2
자가용,2
데이,2
숙지,2
결과물,2
성격,2
한몫,2
태공,2
우정,2
꽃길,2
다사다난,2
지평선,2
바닷고기,2
갈래,2
간지,2
종이컵,2
클래스,2
겁쟁이,2
스파게티,2
좌표,2
월 가,2
정암,2
손길,2
생필품,2
저질,2
남사,2
리멤버,2
닭다리,2
고치,2
왼편,2
뒷바퀴,2
온몸,2
변명,2
논리,2
로하,2
취향저격,2
안정,2
획득,2
식기구,2
오락실,2
생산,2
조개잡이,2
한강,2
매입,2
군고구마,2
서방,2
룰루,2
장보기,2
서보,2
큰맘,2
인스타그램,2
공부,2
타이어,2
원산지,2
장아찌,2
소재지,2
중국,2
보고서,2
자제,2
사시,2
빈티지,2
역대,2
외장,2
선착순,2
막강,2
비명,2
시사,2
둘레,2
광진,2
우산도,2
사방,2
흐름,2
닭발,2
안방,2
래프팅,2
우산,2
버튼,2
안동,2
제비,2
재활용,2
국의,2
대진,2
천재,2
근방,2
플라이,2
동심,2
다이빙,2
메르스,2
온돌,2
멀미,2
의보,2
막대기,2
개업,2
청년회,2
두리,2
망상,2
양손,2
다량,2
장일,2
강릉시,2
채집,2
찰떡,2
안시,2
레알,2
주행,2
위도,2
배타,2
사업자,2
백화점,2
생동감,2
사악,2
아하,2
작은딸,2
밤잠,2
육개장,2
장만,2
갈대,2
엊그제,2
양의,2
마음속,2
앞치마,2
수술,2
앞자리,2
뒷정리,2
바스,2
위안,2
건초,2
여사,2
야식,2
처지,2
리스,2
진공청소기,2
새해맞이,2
녹차,2
얼떨결,2
호키,2
대천,2
전환,2
식혜,2
게도,2
더블,2
2월,2
누드,2
물이,2
반바지,2
아지트,2
벨리,2
기호,2
주유,2
스위트룸,2
등산,2
지그,2
비린내,2
클렌징,2
샹들리에,2
조림,2
아메리카,2
당신,2
뽀뽀,2
사골,2
집채,2
손가락,2
반사,2
날밤,2
포차,2
입문자,2
가족캠프,2
단가,2
벽면,2
학원,2
본관,2
차원,2
숭늉,2
고등어,2
우거지,2
구전,2
출조,2
두통,2
재질,2
체중,2
맨손,2
손발,2
영장,2
반반,2
스케줄,2
자형,2
폭발,2
어느날,2
파스텔,2
셀카봉,2
상봉,2
풍광,2
사천진,2
양보,2
갈증,2
초딩,2
식량,2
90,2
침식,2
.at,2
물보라,2
갯수,2
시스,2
설겆이,2
우디,2
포켓볼,2
밀어,2
칼라,2
풍미,2
애초,2
고래,2
이맘,2
포크,2
스페인,2
행복합니다,2
자전거 길,2
라인업,2
배고픔,2
인대,2
트리,2
분노,2
아이템,2
뒷풀이,2
담배,2
저격,2
그루,2
프로젝트,2
바르셀로나,2
여정,2
게시,2
합격,2
심곡항,2
코끝,2
조수석,2
잉크,2
참새,2
물위,2
실사,2
단색,2
집안,2
동전,2
도시락,2
안구,2
까망,2
박수,2
동호항,2
무드,2
균형,2
한때,2
식사 준비,2
먹이,2
테라,2
갈이,2
싸움,2
안녕하십니까,2
못난이,2
천지,2
모시,2
철이,2
장닭,2
잔디,2
한계령,2
철거,2
초상권,2
강습비,2
기압,2
판다,2
허기,2
태희,2
모네,2
서도,2
회색,2
글자,2
긴장,2
혹한,2
숯불갈비,2
비품,2
에어비앤비,2
만사,2
물개,2
영업장,2
세탁,2
안해,2
출구,2
건축,2
영웅,2
가스레인지,2
경제,2
차라,2
어시장,2
기계로,2
근심,2
아날로그,2
고통,2
산거,2
예약금,2
고맙습니다,2
물빛,2
배가,2
말이,2
스마트폰,2
나리,2
겸비,2
금표,2
북녘,2
땅값,2
패드,2
업무,2
라이언,2
첫차,2
사막,2
천혜,2
심술,2
팜플렛,2
축구,2
비중,2
고마움,2
춥다,2
매우,2
무사,2
들로,2
평탄,2
사육,2
2013,2
핑크색,2
안자,2
장호,2
밀착,2
노천,2
빗소리,2
능력,2
그림자,2
죽도로,2
상대로,2
구멍가게,2
던지기,2
물통이,2
감당,2
스풀,2
넓이,2
어둠,2
친화,2
무도,2
위풍,2
접근,2
신혼,2
카페테리아,2
경과,2
늦잠,2
홍천군,2
풍선,2
종업원,2
아냐,2
작성자,2
가이,2
갈대밭,2
천이,2
7월 14일,2
마치,2
춘향이,2
방언,2
신선놀음,2
상당,2
이성우,2
공격,2
시비,2
제휴,2
형상화,2
반쪽,2
찬스,2
일기예보,2
브랜드,2
요즈음,2
진동,2
가락,2
속살,2
카레,2
페이스북,2
오렌지,2
방앗간,2
단골집,2
선반,2
직장인,2
8월 23일,2
지상,2
철인,2
세면대,2
숟가락,2
페스티벌,2
40,2
소면,2
지장,2
자기,2
홈패션,2
샛길,2
출입구,2
정점,2
코로,2
어렵,2
관광버스,2
농로,2
광화문,2
미래숲,2
교육장,2
리스트,2
한동,2
지혜,2
상징,2
카토,2
연꽃,2
부채,2
철책,2
심화,2
약자,2
눈치,2
팡팡,2
연주회,2
물가,2
잠시,2
커피잔,2
실천,2
감격,2
방출,2
레인,2
피치,2
대면,2
메리트,2
모금,2
마주,2
콘센트,2
오랫동안,2
제목,2
형성,2
방음,2
트레킹,2
장판,2
교통사고,2
얼음장,2
남문리,2
개사,2
머구리,2
눈길,2
랜드,2
강변,2
1/3,2
유턴,2
백종원,2
블링블링,2
송년회,2
뒷문,2
책자,2
영혼,2
수산물,2
공지,2
지붕,2
경비,2
정감,2
정한,2
슬픔,2
000,2
오해,2
시외,2
문밖,2
가필드,2
심곡,2
안내판,2
늦여름,2
상시,2
노랑,2
도안,2
쿠션,2
풍이,2
보존,2
사월,2
솔트,2
지난밤,2
핀잔,2
사리,2
스쿠버,2
윈드서핑,2
점심시간,2
시식,2
-5,2
코팅,2
소년,2
기지,2
커텐,2
소심,2
진해,2
내외분,2
양반,2
하모니,2
진면목,2
식해,2
외박,2
배치,2
만능,2
고집,2
준수,2
보충,2
침수,2
고심,2
갯지렁이,2
화상,2
하남,2
체험기,2
정차,2
목공,2
동료,2
정취,2
감회,2
항아리,2
사발,2
규칙,2
도오,2
육체,2
수확,2
사유지,2
글귀,2
실례,2
날치,2
2015년 8월,2
압력,2
발령,2
청주,2
내복,2
군것,2
시크,2
수거,2
일본,2
철석,2
며느리,2
절벽,2
루트,2
설정,2
오다,2
동화,2
유로,2
신석기,2
신분증,2
오솔길,2
아바이,2
반정,2
상업,2
자두,2
사모님,2
침샘,2
싸인,2
왕국,2
목욕탕,2
매물,2
어치,2
내심,2
협조,2
청소년,2
감촉,2
번화가,2
멍멍이,2
만행,2
경기도,2
노선,2
전도,2
도랑,2
출판,2
겉모습,2
스티커,2
집의,2
유도,2
난이도,2
투표,2
수납장,2
탑승,2
갤러리,2
내외,2
기미,2
토박이,2
매진,2
병원,2
장가,2
제거,2
자장가,2
파고,2
고요한,2
안남,2
참치,2
페친,2
고모,2
일단,2
입추,2
노니,2
대답,2
서기,2
구원,2
생정보,2
요새,2
몇일,2
환호성,2
개헤엄,2
소하,2
쓰레기통,2
가세,2
마법,2
오산리선사유적박물관,2
만족도,2
색도,2
효자,2
방갈로,2
맛사지,2
에스컬레이터,2
5월 24일,2
전어,2
교실,2
정규,2
무게,2
주어,1
수인,1
리지,1
캐논,1
오라버니,1
중원,1
산지,1
능률,1
밀접,1
와이퍼,1
암수,1
총대,1
자양동,1
청소기,1
간적,1
명동,1
점검,1
숙모,1
전주한옥마을,1
영종도,1
쓰임,1
세근이,1
33,1
아이비,1
본동,1
가입,1
나가야,1
데이터,1
머리띠,1
납치,1
야광,1
주네,1
염원,1
이맘때,1
피시,1
정겨운,1
특수,1
애가,1
렌트카,1
아차산역,1
템플릿,1
준거,1
컨테이너,1
한통,1
지난달,1
불산,1
루케,1
빗줄기,1
백도,1
무선,1
논길,1
목물,1
존경,1
꽁무니,1
난 주,1
오죽헌,1
게으름,1
3월 18일,1
환웅,1
이가 시,1
통영,1
땡큐,1
해송,1
비어,1
동백나무,1
베이스,1
터전,1
사준,1
유머,1
소름,1
기국,1
수역,1
이효석,1
마음가짐,1
실비,1
돌입,1
바로 가기,1
폭풍우,1
지부,1
놀이감,1
잔차,1
내리막길,1
교항리,1
큐브,1
게딱지,1
프롬,1
공급,1
가평리,1
올린다,1
최적화,1
리모,1
승객,1
즐거운 하루,1
수순,1
엑시,1
물엿,1
은박,1
손도장,1
소지,1
당량,1
똥배,1
은방울꽃,1
미사리,1
구박,1
고갯길,1
처가,1
준용,1
군더더기,1
벚꽃,1
박제,1
탈곡,1
자생,1
요약,1
오야,1
패리스,1
목마름,1
하소연,1
반신,1
본격,1
바이바이,1
구름다리,1
인기척,1
날인,1
장미,1
질라,1
피부색,1
연습장,1
홍학,1
서종,1
디자이너,1
전원책,1
근거리,1
가람,1
양털,1
지체,1
포털,1
물풀,1
아티스트,1
안 현,1
안사람,1
횡성휴게소,1
주전자,1
순례자,1
후보,1
효도,1
깃대,1
번주,1
썰매,1
여행의 맛,1
위락,1
소녀시대,1
선전물,1
베이글,1
소실,1
각개,1
최북,1
체조,1
조선소,1
엉덩방아,1
팔자,1
고아,1
행진,1
해면,1
바랄,1
요란,1
약정,1
우둔,1
갈비찜,1
상대방,1
스도,1
금호타이어,1
입원,1
양평군,1
편모,1
셔츠,1
조오,1
차도,1
시엔,1
삭제,1
모란,1
리플,1
주문항,1
모가지,1
오예,1
관절,1
심장,1
일기장,1
회덮밥,1
3년,1
상남면,1
보문사,1
무용,1
35년,1
포터,1
지폐,1
대사,1
볼케이노,1
모찌,1
담쟁이,1
무파마,1
부치,1
공모,1
군함,1
집수리,1
멀미약,1
아신,1
신시,1
둥굴레,1
필터,1
발급,1
해소,1
프레임,1
황토,1
아주대,1
롯데마트,1
홍수,1
한인,1
곤두,1
호선,1
시가렛,1
등식,1
발렌타인,1
광주,1
전쟁,1
부농,1
도모,1
용호리,1
장미꽃,1
이방,1
소유자,1
그랜드 피아노,1
폭포수,1
은혜,1
플랜,1
성원,1
근접,1
여사장,1
숨길,1
금강,1
원본,1
지갑,1
최상,1
말하자면,1
이삭,1
개뿔,1
포스트잇,1
라이브,1
따개,1
카나,1
브라운,1
5월 1일,1
비바람,1
방울이,1
선단,1
시주,1
박영,1
은솔,1
법흥,1
서울특별시,1
보성,1
말기,1
다정,1
00,1
방위대,1
터구,1
필요시,1
마가,1
상주,1
매니,1
고자,1
한승연,1
옆길,1
관동,1
시험,1
HELLO,1
음색,1
협력,1
커밍,1
마사,1
4년,1
뒷마당,1
청포도,1
마나,1
반함,1
무심결,1
매몰,1
경찰서,1
소형,1
분임,1
이천,1
소맥,1
운동복,1
스토어,1
가자 주,1
시름,1
조성,1
절하,1
5호선,1
프런트,1
여름이 가기 전에,1
한역,1
층집,1
버팀목,1
측면,1
외각,1
에너자이저,1
추인,1
등극,1
경미,1
직역,1
범위,1
밑줄,1
카아,1
사은품,1
삼팔,1
한차례,1
성분,1
우선순위,1
다기,1
스탭,1
호러,1
로스트 비프,1
다솜,1
압구정,1
제재,1
총장,1
스피드,1
아랑곳,1
라피,1
바알,1
카스,1
오일,1
그레고리,1
.tv,1
농민,1
훈제,1
필자,1
체감,1
본론,1
시설물,1
송산,1
동명,1
활용도,1
말세,1
매뉴얼,1
초저녁,1
우기,1
10월 20일,1
차영,1
특이,1
게시판,1
망태기,1
사임당,1
배추,1
평준,1
잉어과,1
밀도,1
스페셜,1
난타,1
나그네,1
잔돈,1
상관,1
전율,1
개신,1
조각공원,1
연서,1
연중,1
산차,1
카카오,1
개불,1
에스프레소,1
오자,1
정동일,1
짠맛,1
쥐치,1
수삼,1
엘리트,1
대한,1
감기약,1
전하,1
보람,1
전염,1
센타,1
합두,1
능사,1
네온사인,1
초야,1
특선,1
별점,1
파견,1
번영,1
적재적소,1
안담,1
횡성,1
마왕,1
수목,1
점심상,1
비기,1
두발,1
오점,1
역사,1
산낙지,1
라운드,1
이포,1
예년,1
산속,1
박멸,1
법원,1
본능,1
탄신일,1
황룡,1
누리,1
롯데리아,1
사보,1
천도,1
동쪽,1
매미,1
도합,1
근본,1
잇몸,1
육질,1
래브라도,1
조각품,1
빛나,1
그라운드,1
만삭,1
여자여자,1
영어,1
심취,1
색채,1
출몰,1
후드,1
한수,1
이석,1
목욕실,1
함유,1
골프,1
회한,1
신혼여행,1
속물,1
개천절,1
히야,1
목도,1
한자리,1
잔디밭,1
작사,1
예린,1
공작,1
경리,1
폭주족,1
삼보,1
이불장,1
이담,1
소속,1
여의,1
도록,1
마우스,1
낙안,1
운반,1
삼성화재,1
고양,1
짙은,1
경상도,1
간이,1
2017년 12월,1
일어,1
층위,1
식욕,1
목재,1
고속도,1
수납공간,1
관영,1
오염,1
발버둥,1
총각김치,1
보이,1
손수,1
스무고개,1
어른아이,1
공가,1
사라,1
향정,1
영광정,1
고해성사,1
테두리,1
허난설헌,1
여타,1
단짝,1
하이파이브,1
치한,1
경찰,1
만재도,1
한국인의 밥상,1
출금,1
화로,1
조선 숙종,1
아름드리,1
11월 17일,1
거리낌,1
외할머니,1
월경,1
군사분계선,1
취업,1
김실,1
당인,1
애마,1
위층,1
대조,1
크레이지,1
민간인,1
딸애,1
아나,1
에스키모인,1
빌어,1
카니발,1
내기,1
한글,1
아케이드,1
최소,1
8월 28일,1
나기,1
번창,1
수록,1
일등,1
카푸치노,1
파크,1
알로에,1
다이소,1
파라,1
그놈,1
처남,1
한글날,1
비욘드,1
베이스캠프,1
당면,1
가을 여행,1
푸지,1
기분 좋은 날,1
커피타임,1
독보,1
낭패,1
시부모,1
가물,1
출시,1
사요,1
소울메이트,1
퍼스널,1
파보,1
양강,1
겨드랑이,1
숨결,1
초겨울,1
경진,1
숙명여대,1
무장,1
마음씨,1
도적,1
환기,1
도망,1
평촌,1
공무원,1
근화동,1
기념탑,1
기상청,1
활성,1
첨가,1
바나나 리퍼블릭,1
근육통,1
퀴즈노스,1
곡괭이,1
민족,1
머니,1
반도체,1
소돌항,1
2020년,1
국적,1
에러,1
장바구니,1
송어,1
차전,1
상기,1
수색,1
체전,1
압박,1
좋은 친구들,1
여근,1
반성,1
마술,1
나미,1
기숙사,1
촛대,1
가장자리,1
레게,1
어진,1
저작권,1
엔시,1
클랜,1
천주,1
성왕,1
삼정,1
용량,1
발효,1
처서,1
초콜릿,1
가마,1
송평,1
중대,1
학대,1
알갱이,1
눈싸움,1
현대백화점,1
내구,1
새소리,1
양수,1
강사진,1
동남쪽,1
목포,1
남장,1
애증,1
산전,1
태양빛,1
배제,1
만찬,1
몰이,1
리드,1
진상,1
수학여행,1
만일,1
필독,1
지마,1
증축,1
마난,1
말장난,1
방태산,1
큰마음,1
가리,1
흡연실,1
키친,1
오대산,1
중력,1
경사도,1
단시간,1
이력,1
내장,1
흥정,1
정과,1
모카,1
레트,1
라임,1
명의,1
불안정,1
용역,1
숙면,1
초롱,1
응급,1
새언니,1
봄바람,1
아동,1
못가,1
나비,1
왕건,1
모니터,1
담장,1
조음,1
애니메이션,1
패딩,1
발치,1
티끌,1
지목,1
가옥,1
포스티노,1
이다 역,1
호화,1
감수,1
햄버거,1
돌무더기,1
저항,1
피로감,1
파트너,1
건평,1
반응,1
삼포,1
오리발,1
봄맞이,1
비유,1
팔로우,1
자원,1
결의,1
덩이,1
무아,1
도나,1
도로포장,1
올림,1
소강,1
홀로,1
이드,1
여행스케치,1
흔들바위,1
데리,1
스트리트,1
근력,1
쓴맛,1
지그재그,1
선구자,1
월세,1
우수,1
개학,1
분량,1
태열,1
저녁상,1
30대,1
인스턴트,1
구급,1
신사임당,1
주지,1
만석보,1
연남동,1
해방,1
세로,1
들기름,1
색색,1
5월 15일,1
겉면,1
생성,1
닭장차,1
스노우,1
장담,1
완제품,1
기업,1
남동쪽,1
장국,1
왕온,1
민망,1
양동이,1
거금,1
띄어쓰기,1
고흥,1
유부남,1
귀가,1
호주,1
공룡능선,1
세속,1
기고,1
촌년,1
맛살,1
골대,1
마눌,1
최인식,1
경포호,1
백치,1
연청,1
태세,1
노송,1
안토니오,1
난 강,1
노시,1
아부,1
절충,1
안달,1
축약,1
전기밥솥,1
메추리,1
군포시,1
헨젤,1
오래,1
인시,1
클로즈,1
운전자,1
드레,1
항동,1
셀던,1
토르,1
신중현,1
고수,1
참여자,1
억새,1
하비,1
물살,1
법석,1
결별,1
1991년,1
방석,1
마한,1
칠레,1
미니버스,1
금상첨화,1
가내수공업,1
매출,1
궁상,1
포켓몬스터,1
검정,1
협상,1
케리,1
한자,1
하드,1
8월 8일,1
끝판,1
제로,1
작은 수,1
매실나무,1
군자동,1
상식선,1
동수,1
신상,1
태양열,1
언저리,1
오매불망,1
파장,1
요거,1
다까야마,1
상사,1
식성,1
음향,1
아연,1
연차,1
조류,1
만발,1
머스타드,1
새미,1
저급,1
노크,1
막장,1
네이버 지도,1
지레,1
노래방,1
장갑,1
품질,1
군도,1
속수무책,1
상품권,1
자판기,1
감귤,1
여행사,1
대목,1
나 어때,1
닥스훈트,1
최종,1
웅녀,1
유자차,1
대망,1
눈가,1
기준일,1
북어국,1
불이,1
앙양,1
호두,1
피스,1
친목,1
아비,1
단비,1
2017년 6월,1
청국장,1
기인,1
고결,1
낭군,1
호박벌,1
성별,1
레인보우,1
파다,1
깡패,1
간노,1
3월 15일,1
이갑,1
장본,1
정동,1
베누스,1
방한,1
땅바닥,1
심호흡,1
이 현,1
상궁,1
가장,1
이케아,1
로사,1
을기,1
워터,1
니요,1
원내,1
젤라,1
마차,1
수행,1
파파라치,1
생명력,1
표지,1
타임머신,1
육류,1
디 강,1
야밤,1
시흥,1
허세,1
공존,1
부들,1
안무,1
취재,1
이또,1
아픔,1
송산역,1
범인,1
코피,1
달력,1
안준,1
시루떡,1
게이,1
난나,1
사진사,1
절주,1
괴물,1
세면기,1
해설,1
심야,1
리가,1
이태원,1
이태,1
이심,1
완주,1
지유,1
방랑,1
도가니탕,1
방울토마토,1
중앙동,1
보급,1
의향,1
죽지,1
월차,1
복구,1
씀바귀,1
머그잔,1
상사면,1
소만,1
판매업,1
변호사,1
헤라,1
장난기,1
윈드,1
센치,1
김광,1
쿠사리,1
뜀박질,1
파산,1
손중,1
상대,1
사업,1
떡갈비,1
백장,1
보상,1
낯선 사람,1
당나귀,1
체계,1
해리,1
이디야,1
낙엽,1
피비,1
나도,1
봄가을,1
두에,1
부천,1
차이나,1
배탈,1
졸도,1
파스,1
상하면,1
나마,1
구글,1
"여자, 남자",1
신기술,1
하심,1
삽입,1
아몬드,1
군침,1
열대야,1
일전,1
순무,1
8월 5일,1
단어,1
월초,1
옆머리,1
홈런,1
내륙,1
시루,1
공학,1
히어로,1
작전,1
텀블러,1
빨강머리 앤,1
초기,1
로이드,1
대배우,1
기니,1
유명인,1
도깨비,1
패커,1
기본자세,1
점령,1
깡통,1
김춘희,1
큰방,1
어린 왕자,1
잠실,1
댄스,1
고유,1
임부,1
유입,1
계실,1
허위,1
여행자,1
블랑,1
포커스,1
인물,1
사랑은,1
키조개,1
네스프레소,1
2016년 4월,1
상향,1
동의,1
8월 29일,1
중식,1
비비고,1
천만다행,1
풍랑,1
살다가,1
촌지,1
두기,1
단축,1
최강,1
죽도항,1
해저,1
소치,1
봉기,1
귀로,1
두드러기,1
나진,1
스테이,1
화양동,1
색차,1
파란색,1
물 한잔,1
공동,1
여비,1
한커우,1
민이,1
수평,1
양병,1
파이,1
구진,1
이직,1
당선,1
통발,1
단편,1
자식새끼,1
그린벨트,1
대쪽,1
사부,1
석류,1
수유,1
2018년,1
태조,1
피드,1
주재,1
사인물,1
현정,1
바르,1
선조,1
중무장,1
싱글,1
차림새,1
토요,1
하림,1
중마동,1
해바라기,1
봉화,1
훗날,1
사실은,1
독수리,1
비눗방울,1
밥통,1
팔뚝,1
병아리,1
원가,1
소자,1
화가,1
실종,1
견해,1
기철,1
농지,1
충만,1
농림,1
북부시외버스터미널,1
우형,1
생기,1
TV,1
수박화채,1
만요,1
밤하늘,1
사려,1
만나,1
양군,1
안내소,1
영시,1
겨울밤,1
매니아,1
움직임,1
봉구,1
관공서,1
참돔,1
인양,1
2016년 7월,1
원장,1
형가,1
고춧가루,1
살다보면,1
민규,1
대미,1
콘서트,1
어려움,1
에티오피아,1
물음,1
승차,1
선전,1
HP,1
효린,1
디디에,1
첫말,1
세면도구,1
합동,1
마트 현,1
부합,1
은행,1
말라,1
청솔,1
다시 시작해,1
우리들의,1
B2B,1
시일,1
1월 2일,1
보리밭,1
해전,1
토종,1
자녀,1
진흙,1
염색,1
새댁,1
헤드,1
로아커,1
스탈,1
정이랑,1
모래시계,1
사랑으로,1
이비,1
10월 1일,1
뿌리,1
불문,1
가우디,1
밀물,1
빗살,1
나들,1
화목,1
일장,1
한순간,1
주둔,1
촉감,1
연일,1
IC,1
큰물,1
2015년 2월,1
바람막이,1
힘줄,1
스킨,1
카이,1
6월 15일,1
육백,1
무기,1
안다,1
들일,1
청동기,1
Go,1
70년대,1
예비,1
트위스트,1
부각,1
대구선,1
양푼,1
한집,1
심부름,1
고르고,1
티에,1
리무버,1
성남,1
환희,1
원투,1
애비,1
효소,1
에누리,1
추정,1
율무,1
섬유,1
근황,1
청담동,1
핫트랙스,1
체온,1
계류,1
칵테일,1
망망대해,1
둔덕,1
스파이,1
옥황상제,1
증세,1
통신,1
실루엣,1
.do,1
김포,1
터키,1
술기운,1
회가,1
소의,1
멘붕,1
지진,1
발사,1
씀씀이,1
짠물,1
별것,1
주년,1
위험성,1
메로,1
기아,1
폐인,1
후두,1
불볕더위,1
공인,1
전용선,1
대역,1
오동,1
의성,1
2018년 3월,1
서브,1
김홍,1
대다수,1
여와,1
재지,1
이보,1
애호가,1
아치,1
올레,1
토기,1
수족관,1
역경,1
여름 스포츠,1
짱아찌,1
세차,1
아산,1
부유,1
권유,1
뚝배기,1
골드,1
사태,1
자란,1
메일,1
라텔,1
알코올,1
연각,1
유튜브,1
실외,1
인프라,1
도인,1
상상력,1
이조,1
사춘기,1
의정부,1
도루묵,1
서빙,1
폴라,1
거도,1
구의역,1
내음,1
동서,1
열풍,1
동요,1
뒷다리,1
얼룩,1
세수,1
골프장,1
흡족,1
옹치,1
터닝메카드,1
이마,1
울도,1
씨리얼,1
주먹밥,1
DVD 플레이어,1
크룸,1
사나이,1
평창군,1
왜곡,1
거진항,1
자필,1
연식,1
뭉치,1
동도,1
이식,1
어스,1
에너지원,1
다반사,1
피신,1
815,1
식상,1
타워,1
페페,1
만지,1
가치판단,1
남산,1
로맨틱,1
통감,1
국방,1
상동,1
가을동화,1
추측,1
앞발,1
숙박료,1
12,1
바램,1
동명동,1
호로요이,1
로리,1
건조기,1
체육관,1
어름,1
내용물,1
상체,1
사물,1
죽죽,1
엔드,1
전과,1
일정표,1
그새,1
가동,1
컬리,1
줄다리기,1
충원,1
하늘이,1
홀라당,1
약수터,1
즉흥곡,1
가을철,1
중순,1
샹양,1
인생관,1
기린,1
부녀,1
깍두기,1
명장,1
남아,1
신서유기,1
디도,1
주당,1
몸뚱이,1
미용실,1
거래처,1
다양성,1
도화,1
눈살,1
산들,1
+0,1
루고,1
새치,1
도화지,1
미와,1
잔잔,1
연수,1
각설이,1
한잠,1
테크,1
세상의 모든 여행,1
고모부,1
11월 15일,1
렌트,1
쪽파,1
벌초,1
개방,1
본고장,1
빌딩,1
육성,1
청양,1
해운대해수욕장,1
그지,1
반팔,1
멋쟁이,1
영감,1
휴게실,1
농기구,1
국민,1
벽난로,1
신지,1
34년,1
레디,1
주전부리,1
양관,1
인물사진,1
밧데리,1
나팔,1
무인,1
겨울바람,1
네나,1
커스,1
청개구리,1
기선,1
부실,1
210,1
선발,1
샤브샤브,1
경축,1
소계,1
보름,1
수립,1
건축가,1
순두부찌개,1
테스트,1
양하,1
저기압,1
바느질,1
신관,1
산미,1
데님,1
물주,1
도자기,1
재능,1
구절,1
장하,1
나절,1
렉스,1
누님,1
산등성이,1
차비,1
안젤라,1
인제군,1
고기구,1
항해,1
단계,1
내친김,1
재산,1
유연,1
분발,1
명일,1
비려,1
두지,1
울상,1
대학원,1
단합,1
중소기업,1
재탄생,1
선녀,1
캐릭터,1
보나,1
저서,1
농촌,1
사공,1
취나물,1
선의,1
알로하,1
뚜레쥬르,1
코드,1
지하상가,1
세력,1
KG,1
이해인,1
상업시설,1
송골,1
명작,1
엠마,1
독립,1
안회,1
주가,1
숙박업,1
말썽,1
승우,1
아줌마,1
경구,1
화이트보드,1
파주,1
엔터테인먼트,1
페임,1
시랑,1
더미,1
전송,1
웰시,1
색인,1
최고봉,1
들판,1
소란,1
카페모카,1
속출,1
전해,1
행인,1
기만,1
낼모레,1
요다,1
침범,1
적정,1
퓨어,1
한낮,1
곤란,1
점박이,1
찬바람,1
추진,1
비닐,1
생리,1
거부감,1
통차,1
부처,1
개편,1
로이,1
철교,1
서질,1
후진항,1
인척,1
바닐라,1
브루스,1
크리스탈,1
년차,1
뚱이,1
수운,1
배랑,1
레일,1
집터,1
재정,1
안성,1
김광석,1
앵두,1
신행,1
휠라,1
적막,1
여관,1
최상위 포식자,1
아바이마을,1
여동생,1
박무,1
앵글,1
우발,1
초밥,1
에세이,1
남진,1
마스코트,1
치솔,1
순천,1
연예,1
보더,1
태양광,1
호각,1
바가,1
국립공원,1
군자역,1
생존,1
중시,1
신식,1
요맘때,1
파트,1
애국가,1
계산대,1
단골손님,1
디즈니,1
춘천시,1
골목길,1
특강,1
제방,1
아누,1
건어물,1
변상,1
순서,1
토론,1
점차,1
리즈,1
유무,1
가원,1
카카오택시,1
연극,1
개집,1
공중파,1
선체,1
물리,1
자야,1
열대어,1
페인트,1
보스,1
하내,1
홍수주,1
접착,1
노비,1
능동,1
부른다,1
가을날,1
식탁보,1
합성,1
메탈슬러그,1
퇴근길,1
소금물,1
문서,1
말복,1
초행,1
기공,1
동호로,1
십수,1
요로,1
채끝,1
간엔,1
비스타,1
레인지,1
엑스포로,1
덕목,1
15년,1
스콜,1
특정,1
복지,1
이해도,1
등사,1
능이버섯,1
항목,1
회복,1
습기,1
처음이라서,1
낫 옛,1
구리지,1
뚝방,1
IPA,1
황제,1
해상,1
시공간,1
치사,1
나스,1
좌절,1
사감,1
고양이,1
성취,1
현서,1
중강,1
급식,1
레오,1
성화,1
대차,1
애착,1
무진장,1
암초,1
행동,1
용인,1
극찬,1
죽마,1
탈라,1
철학,1
승화,1
향연,1
낭비,1
K리그,1
한국전,1
녹초,1
남동,1
납품,1
바리,1
사용법,1
김현지,1
갯벌,1
결합,1
이치,1
다보,1
황학동,1
허브,1
일치,1
우리펜션,1
예비부부,1
만둣국,1
각지,1
도라지,1
경중,1
추구,1
지주,1
산마을,1
효능,1
사업비,1
피사,1
초록색,1
노소,1
변기,1
야생,1
여과,1
돌맹이,1
보리밥,1
금연,1
조경,1
금성,1
오류,1
초도항,1
면도,1
니아,1
말투,1
시안,1
해시,1
도리를 찾아서,1
밸런스,1
동방,1
푸시,1
카페나,1
발행,1
신호탄,1
함박,1
자율,1
위기,1
레일바이크,1
보고싶다,1
찜질방,1
우리동네,1
전무,1
휴업,1
나보이,1
보잘것,1
김순,1
입각,1
트로피카나,1
배멀미,1
누룽지,1
리피,1
비취,1
충동,1
수채화,1
농부,1
비율,1
잔주름,1
요량,1
별채,1
사시사철,1
빈손,1
존중,1
소통,1
우연,1
윤하,1
지표,1
산불,1
경력,1
타나,1
간반,1
우치,1
아우,1
눈빛,1
타이거,1
심리,1
조아라,1
건강원,1
스폴딩,1
마지막 겨울,1
실습,1
유다,1
비계,1
삼대,1
천정,1
홍일점,1
보토,1
용변,1
경기장,1
도선,1
영도,1
응모,1
호숫가,1
위반,1
찍찍이,1
판금,1
공인중개사,1
퍼플,1
참가비,1
을미년,1
식품,1
갯바위,1
한주먹,1
채반,1
교수,1
아스팔트,1
아이들...,1
시속,1
하우,1
연우,1
와글와글,1
홍삼,1
가요제,1
안전장치,1
경포해수욕장,1
반값,1
밀리,1
교복,1
사물함,1
태강,1
망치,1
유명세,1
마인,1
토막,1
각인,1
우동 한 그릇,1
눈높이,1
불법,1
일가견,1
트레일러,1
기염,1
쫄면,1
기점,1
남문로,1
군소리,1
요일,1
악몽,1
7월 31일,1
축산,1
화조,1
장사항,1
건조물,1
대폭발,1
대란,1
아담,1
전갈,1
작용,1
본스,1
신속,1
대명그룹,1
예배,1
상술,1
장애,1
된장국,1
입가,1
스프,1
리터,1
오후반,1
본가,1
휠링,1
탐앤탐스,1
웬일,1
도스,1
은박지,1
7월 25일,1
육안,1
대이작도,1
도의,1
업종,1
호일,1
비행장,1
송산그린시티,1
본부,1
동계,1
기단,1
닭꼬치,1
부침개,1
신전,1
복기,1
시시각각,1
수락산역,1
테이스티로드,1
섹시,1
멸종,1
안양,1
몸무게,1
읽기,1
짜파게티,1
자구,1
필사,1
등골,1
코코,1
태안,1
교회,1
큐대,1
타면,1
연면적,1
가엄,1
함마,1
사적,1
보심,1
스푼,1
역할,1
조상,1
데칼코마니,1
신당,1
지천,1
시리얼,1
직선형,1
옆면,1
국유지,1
부당,1
부침,1
남근,1
쏜다,1
레어,1
플레어,1
보리암,1
땅속,1
버전,1
플레이트,1
근성,1
세진,1
분계선,1
신록,1
로그,1
가치,1
말리,1
태조 왕건,1
전시물,1
가든,1
코코아,1
문화사,1
추로,1
하수구,1
안성기,1
늦봄,1
엘린,1
봄날은 간다,1
팜파스,1
증거,1
30,1
참선,1
미리내,1
산초,1
불편한 진실,1
어구,1
안코나,1
하여가,1
프란,1
광수산,1
부두,1
논개,1
출연진,1
성토,1
밀면,1
라미,1
개인기,1
관제탑,1
양지말,1
헌팅,1
홀린,1
역활,1
개구쟁이,1
코야,1
회식,1
김동원,1
기리,1
무릉도원,1
유등,1
욕장,1
군락,1
테잎,1
키보드,1
동산항,1
강의,1
진국,1
티몬,1
은어,1
보유,1
문인,1
연행사,1
내리,1
김혜자,1
정정,1
모래땅,1
해질녘,1
부정,1
기기,1
공병,1
육각,1
유기,1
상처,1
소프트,1
현희,1
고등학교,1
스승,1
이쯤,1
극사실주의,1
나부랭이,1
예의,1
시리즈,1
샌들,1
청 구,1
귀신,1
항공권,1
반가움,1
백패,1
날림,1
테리,1
재구,1
건더기,1
씨앗,1
출토,1
안경,1
인자,1
초짜,1
화단,1
비리,1
아버,1
백도라지,1
행렬,1
엔진오일,1
하린,1
신형,1
오디오,1
상어,1
해석,1
시너지,1
양심,1
미묘,1
경매,1
슈프림,1
밀라,1
서식,1
극단,1
웃옷,1
가디건,1
유념,1
진언,1
혈투,1
케첩,1
중구,1
열한시,1
바이크,1
넝쿨,1
아로니아,1
화분,1
좋은사람,1
광진구,1
신혼집,1
연발,1
여장,1
슈퍼맨이 돌아왔다,1
가산,1
상운초등학교,1
대전역,1
마릿수,1
95,1
사릉,1
인민,1
2017년 5월,1
미각,1
한걸음,1
표기,1
앨범,1
그해,1
선탠,1
2015년 10월,1
벌판,1
호출,1
중학생,1
산행,1
학년,1
배속,1
허비,1
연날리기,1
컴맹,1
지연,1
쿠키,1
라오스,1
절간,1
토크,1
출퇴근,1
망정,1
반문,1
니야,1
국인,1
민폐,1
총각,1
야유회,1
한그루,1
주입기,1
유리컵,1
정해,1
백두,1
리버,1
초창기,1
금물,1
하이,1
키시,1
드레싱,1
지윤,1
경인,1
출입증,1
자매결연,1
펭귄,1
마직,1
프랜차이즈,1
사조,1
영접,1
장진우,1
독선,1
베른,1
대나무,1
소프,1
슬라이딩,1
맥도날드,1
기자,1
마리네,1
농구장,1
장용,1
연소,1
등사기,1
자차이,1
원초,1
꺼리,1
통로,1
난생처음,1
분해,1
재촉,1
전액,1
송경,1
중곡동,1
국제,1
고깃배,1
착공,1
해이,1
건달,1
북유럽,1
아보카도,1
고층,1
0.1,1
가서일,1
취항,1
콜린,1
청간정,1
단배,1
눈썹,1
배추김치,1
불모지,1
취학,1
육식,1
아고고,1
자매,1
자국,1
인사이트,1
만근,1
향기도,1
주체,1
부착,1
도립대,1
숙박지,1
가토,1
찔레꽃,1
마라,1
승격,1
찰스,1
테레비,1
되새,1
탄력,1
로한,1
플러스,1
주정,1
신진대사,1
이이,1
실랑이,1
성직자,1
거부,1
바바,1
컬트,1
환승,1
도야,1
소화기,1
월정사,1
술취,1
매각,1
몸살,1
석탄,1
러시아,1
맥주병,1
댓바람,1
가성,1
라나,1
솔나,1
단자,1
부꾸미,1
경쟁,1
지하철,1
나무숲,1
별장,1
건축물,1
이모부,1
앓이,1
개발자,1
오공,1
오늘밤,1
러그,1
중부,1
녹물,1
단기간,1
중곡역,1
연맹,1
첨단,1
본래,1
분수대,1
쥐포,1
복제,1
계모,1
수미,1
입증,1
강풍,1
티타임,1
시베리아,1
의뢰,1
신령,1
영하,1
프렌치,1
바라바,1
교체,1
복수초,1
두타,1
80년대,1
양인,1
웰컴,1
장위,1
용접,1
난간,1
고리,1
차차,1
목요일,1
더러움,1
숙성,1
부엌칼,1
살아생전,1
독점,1
2011년,1
포탈,1
입간판,1
자갈,1
베베,1
코펠,1
연계,1
이득,1
혜비,1
수요,1
박난,1
이 노래,1
웨이브,1
부면,1
국시,1
야구공,1
페퍼,1
레드락,1
건폐율,1
용도지역,1
찰나,1
미니카,1
불도,1
정밀,1
고고인류학,1
밤비,1
늦더위,1
촛점,1
안산,1
콩알,1
청구,1
사이클,1
시장의 맛,1
전자제품,1
페리도트,1
인내,1
달밤,1
하시,1
썬글라스,1
마니아,1
약국,1
뒷산,1
홍어,1
북천,1
오구,1
가래떡,1
해경,1
뒷북,1
수중,1
형광등,1
은정,1
냉동,1
바스라,1
로컬,1
결부,1
면류,1
석양,1
물소리,1
사랑과 우정,1
레브,1
조선,1
장어,1
청량,1
최고점,1
꽃게,1
알맹이,1
동해선,1
모험,1
영등포,1
개막,1
발비,1
한국해양구조협회,1
교리,1
농활,1
출하,1
미래,1
앙상블,1
말문,1
아라비안,1
소녀상,1
차단,1
달동,1
웨이트,1
소피스트,1
익스트림,1
스케이트,1
소감,1
가늠,1
이난,1
엔 강,1
서시,1
이디야커피,1
테이크,1
버릇,1
레벨,1
대동,1
녹음실,1
졸업,1
위원장,1
흑색,1
합포,1
이상인,1
16년,1
2017년 11월,1
과언,1
지역민,1
이오,1
호우,1
금전,1
호흡,1
재작년,1
홍대,1
성능,1
종료,1
비프,1
노년,1
가장조,1
보리,1
서책,1
무승부,1
대책,1
대도시,1
호루라기,1
구교리,1
기암절벽,1
구정면,1
계장,1
스케치,1
카카오톡,1
훈련,1
귀중품,1
차편,1
섭섭이,1
닭볶음탕,1
자의,1
위원,1
예스,1
이일,1
날파리,1
어머님께,1
저금,1
지식,1
사드,1
신바람,1
부채살,1
찌기,1
연등,1
미투,1
소환,1
소설,1
얼음물,1
항이,1
특산,1
확산,1
베이커리,1
생토,1
치명,1
인라인,1
산소,1
여말,1
송죽,1
기재,1
캐리어,1
프리미엄,1
기신,1
안전선,1
구걸,1
고동,1
두부조림,1
프렌치 토스트,1
방울,1
바람은 불어도,1
대관령면,1
반달,1
튀김우동,1
민물,1
도쿄,1
누적,1
출수,1
모레이,1
가뭄,1
분주,1
찹쌀떡,1
린날,1
이음,1
열창,1
대추,1
장정,1
탕진,1
사천,1
육포,1
기억력,1
유모차,1
뽁뽁이,1
시체놀이,1
유영,1
웨지감자,1
맥도널드,1
콘트롤,1
만리포,1
카페 아메리카노,1
호야,1
집안일,1
호도,1
영광,1
루미,1
데코,1
7월 7일,1
담당자,1
장사진,1
지우개,1
핫도그,1
트렁크,1
굴곡,1
보헤미안,1
수장,1
폭등,1
축복,1
서훈,1
장집,1
오븐,1
방문기,1
적인걸,1
블룸,1
두피,1
절망,1
온라인,1
유추,1
어글리,1
클리닉,1
권리,1
이온,1
도덕,1
독감,1
콜도,1
저녁노을,1
명사십리,1
수수,1
경희,1
나무젓가락,1
입성,1
쏘카,1
파도처럼,1
0시,1
방세,1
럭스,1
여주,1
용돈,1
버스 터미널,1
폐쇄,1
오우,1
톰과 제리,1
멀티,1
난민,1
윤달,1
자유로,1
이용법,1
손자,1
게바라,1
도로 자전거,1
2015년,1
인어,1
휴대 전화,1
처치,1
반환,1
경내,1
헬스,1
보시,1
재건,1
밭일,1
직지,1
오뚜기,1
점수,1
새순,1
밤거리,1
이해력,1
쌍벽,1
점원,1
대기업,1
개막식,1
허벅지,1
마석,1
엠버,1
2017년 10월,1
향수,1
부산행,1
쑥갓,1
냉이,1
핑 강,1
황금찬,1
갈치,1
사면,1
다과,1
스톱,1
관동팔경,1
놀이기구,1
타깃,1
불심검문,1
와플,1
팔꿈치,1
담임,1
석기,1
프렌드,1
자메이카,1
1월 20일,1
고두,1
메가,1
형상,1
카나페,1
고성군,1
술값,1
유소,1
강탈,1
모공,1
애국,1
가은,1
삼차원,1
생색,1
조신,1
호기심,1
교집합,1
돌파,1
종합운동장,1
임산부,1
여일,1
제프,1
대문,1
여유도,1
송구영신,1
충돌,1
추세,1
시청,1
육개,1
라볶이,1
순창,1
진라면,1
숫자,1
케이,1
페인트칠,1
분수,1
아침햇살,1
복자,1
제피,1
혜화동,1
생계,1
60분,1
백과,1
화창,1
한반도,1
90분,1
빨간색,1
사회자,1
코엑스,1
벌목,1
강서구,1
산사,1
운명,1
시련,1
양가,1
충분,1
꼬리,1
브레이커,1
동식물,1
대성당,1
옛길,1
가젯,1
주더,1
일거,1
고스트,1
시키,1
사계절,1
데코레이션,1
자색,1
쩔어,1
출격,1
산모,1
걱정하지마,1
필름,1
원추,1
차려,1
에피,1
워드,1
결심,1
36,1
국책,1
승선,1
사바,1
개봉,1
평화통일,1
구로,1
상회,1
니스,1
스모크,1
쌀밥,1
배전,1
추노,1
귀염,1
성장,1
화해,1
향정신,1
벽돌,1
머시,1
살얼음,1
해풍,1
세끼,1
친언니,1
삼시,1
고사리,1
울분,1
상대동,1
두두,1
촌놈,1
독일마을,1
왼발,1
장안,1
라틴,1
고성 왕곡마을,1
신당역,1
숟갈,1
문신,1
모래톱,1
연비,1
궁금,1
전개,1
JC,1
기포,1
무엇에 쓰는 물건인고,1
젊음,1
권역,1
진풍경,1
손끝,1
시월,1
동백꽃,1
태극기,1
담배꽁초,1
나이스,1
귀밑머리,1
일대,1
농담,1
가신,1
부여,1
좋은 하루,1
보양,1
개그맨,1
막판,1
원인,1
장난감,1
초년,1
원사,1
담소,1
하면 된다,1
입학,1
연행,1
늦가을,1
아르바이트,1
시티,1
별로,1
트레이너,1
청바지,1
발매,1
버블,1
돋보기,1
희생,1
강변역,1
질감,1
빌미,1
맘마,1
음서,1
유인,1
곡동,1
연방,1
하체,1
파이팅,1
계원,1
소지품,1
일명,1
비디오,1
화덕,1
대우,1
사신,1
육각형,1
가슴이 두근두근,1
초록빛,1
델피,1
기차표,1
보고 또 보고,1
용어,1
찬양,1
한지혜,1
바라지,1
박대박,1
오락,1
뒷걸음질,1
정왕,1
유열,1
일쑤,1
통섭,1
생말로,1
기겁,1
리야,1
토성면,1
블라우스,1
페더,1
고지,1
광기,1
일색,1
앞집,1
충고,1
19,1
악수,1
찐빵,1
피디,1
클래식,1
연금,1
상복,1
쪽빛,1
근래,1
하시나,1
정문,1
연설,1
마인드,1
갤럭시,1
리치,1
고여,1
장소라,1
석가,1
배웅,1
사냥,1
엠블럼,1
빙의,1
7월 8일,1
일시,1
상의,1
쓰리,1
청장년,1
자장,1
램프,1
개소,1
저위,1
진짜진짜,1
헤어,1
느타리버섯,1
자화상,1
참판,1
식전,1
세콤,1
마포,1
울면,1
지친,1
물자체,1
어부,1
고 포인트,1
꼭지,1
비티,1
받침,1
애완동물,1
오레가노,1
신뢰,1
동어,1
기두,1
스킨로션,1
경청,1
프레첼,1
열흘,1
구례,1
일용,1
무시,1
담시,1
콜링,1
창시,1
헤메,1
퇴장,1
베트남,1
구본,1
봄바,1
대용,1
승지,1
하프,1
비인,1
춤사위,1
어미,1
양면,1
내 사랑,1
대포동,1
하윤,1
소나,1
비의,1
무예,1
조석,1
주먹질,1
유령,1
물곰,1
처가집,1
고담,1
농구,1
영차,1
향토,1
은근,1
천기,1
기조,1
프로모션,1
볼품,1
피카츄,1
직결,1
가마솥,1
매스,1
민속자료,1
배관,1
다머,1
굿모닝,1
12월,1
.ng,1
일생,1
타일러,1
용궁,1
버스 정류장,1
평양,1
뚝섬유원지역,1
후반,1
우쿨렐레,1
포항,1
체인,1
타도,1
템플스테이,1
슬로,1
좋은데이,1
매직,1
가슴속,1
영월,1
조회,1
뙤약볕,1
사촌,1
화도,1
생일날,1
싼값,1
민속촌,1
통행,1
세탁기,1
군산,1
내방,1
벼락,1
보리차,1
배식,1
우리말,1
우드,1
입체,1
명분,1
송해,1
오른발,1
일과,1
그리니,1
영한,1
진통제,1
스펀지,1
휴식처,1
지난여름,1
리브스,1
박과,1
갈림길,1
케이드,1
패트릭,1
첨언,1
주얼,1
케나,1
아래층,1
발리,1
외제,1
한정판,1
닭똥집,1
향도,1
몰리,1
연배,1
웃통,1
응시,1
곱상,1
무리수,1
목수,1
등산가,1
상호작용,1
상자,1
티파니,1
모터보트,1
신덕,1
정연기,1
보조,1
장화,1
사무,1
대니,1
12월 25일,1
탈취,1
일손,1
코타,1
사류,1
포화,1
야구장,1
최후,1
동태,1
빠꾸,1
양념치킨,1
버림,1
리더,1
자연경관,1
심해,1
횡단보도,1
치도,1
설비,1
진출,1
가위바위보,1
살길,1
모션,1
일리,1
배란,1
파래,1
한게임,1
바치,1
닭고기,1
강릉아산병원,1
후원,1
파도풀,1
편이,1
안가라,1
천연기념물,1
첫경험,1
이왕,1
바닷길,1
유실,1
본지,1
스티로폼,1
밥맛,1
포비아,1
루피,1
니즈,1
볼링,1
감퇴,1
블로,1
카를,1
목숨,1
컨트롤,1
목구멍,1
해캄,1
봉봉,1
추경,1
금상,1
육감,1
탕수육,1
확인서,1
티아라,1
한시,1
백합,1
삼삼오오,1
탄산수,1
우아,1
숨바꼭질,1
행선지,1
귀뚜라미,1
콧노래,1
꼼장어,1
내실,1
뜻밖,1
양띠,1
센티,1
산토리,1
오월,1
쿨러,1
디스크,1
산보,1
내민,1
롱보드,1
유행어,1
등살,1
품절,1
카운트다운,1
엑스칼리버,1
올림픽 마스코트,1
따리,1
갈대숲,1
습관,1
아이콘,1
전당시,1
오라,1
비경,1
반주,1
솜 주,1
평형,1
분식집,1
주수,1
개판,1
명가,1
국산,1
정길,1
유리막,1
토목,1
레이,1
넘버,1
킬로,1
기차역,1
속단,1
드립 커피,1
성당,1
난전,1
몸짓,1
마더,1
합창,1
가진항,1
경고,1
암석해안,1
한파,1
화채,1
러닝,1
왕도,1
283,1
다낭,1
과식,1
일부분,1
말과,1
퍼스트,1
체증,1
쾌재,1
개국,1
로치,1
수성,1
핵심,1
총출동,1
화투,1
신토불이,1
간섭,1
라이프,1
단잠,1
초여름,1
라 1,1
너울,1
지분,1
하회,1
동동,1
팔도,1
마늘빵,1
관음보살,1
만치,1
풀리,1
묘미,1
문화재,1
죠스떡볶이,1
차리,1
하나님,1
산다는 것은,1
경기만,1
이즈음,1
주사,1
파멸,1
동후,1
구의동,1
시바견,1
어린이대공원역,1
위성,1
타이머,1
경전,1
설악면,1
등판,1
수금,1
통채,1
추카,1
마리아,1
서울대학교,1
검은색,1
21세기,1
독일,1
중화요리,1
시당,1
파재,1
자비,1
영규,1
실내화,1
아지랑이,1
여권,1
태국,1
이징,1
마녀,1
정암리,1
기시,1
내자,1
갑인,1
몇 번을,1
속초시외버스터미널,1
소머리,1
터무니,1
치비,1
영위,1
조실,1
부대찌개,1
기획사,1
직업병,1
방송국,1
잔액,1
타선,1
체인점,1
개미,1
전방,1
수돗물,1
청두,1
자부,1
물방울,1
애수,1
강조,1
쏘스,1
진돗개,1
SNS,1
정선,1
침낭,1
호응,1
싱가폴,1
초원,1
예능,1
돌이,1
검색어,1
새집,1
롯데호텔,1
어거스틴,1
깃발,1
음악회,1
7월 10일,1
쇼도,1
청하,1
소풍,1
하늘정원,1
한기,1
열성,1
향후,1
사실주의,1
데일,1
스타렉스,1
책장,1
환불,1
폭설,1
토파즈,1
눈사람,1
짐작,1
거진,1
포장도로,1
외지인,1
조각가,1
굴과,1
호가든,1
가치관,1
금지령,1
스마일,1
경험자,1
자작나무,1
조련,1
10월 4일,1
여자친구,1
비보,1
완도로,1
매일,1
지배,1
신신당부,1
의무,1
전북,1
꽃말,1
동인,1
버스표,1
농약,1
국민의례,1
염려,1
범바우,1
아카시아,1
위시,1
프론트,1
수관,1
바위섬,1
요술,1
병사,1
외부인,1
면봉,1
입양,1
압구정역,1
도다리,1
북부,1
해운대,1
월급,1
귀염둥이,1
주우,1
사랑하니까,1
웨스트,1
눈요기,1
등기,1
새참,1
깃털,1
암만,1
제조,1
캐모마일,1
온풍기,1
카피,1
차림,1
설렁탕,1
기념물,1
바질,1
홍사,1
낮과 밤,1
흡수,1
자크,1
안장,1
해군,1
주도,1
조이,1
토도,1
라온,1
안막,1
재단,1
시골집,1
조정,1
분포,1
시멘트,1
꼽등이,1
콩가루,1
냉동실,1
유산,1
광개토대왕릉,1
현대식,1
불면증,1
관이,1
근세,1
단디,1
반비례,1
3월 1일,1
화일,1
와이드,1
호소,1
입이,1
예서,1
거북,1
광나루역,1
글래디에이터,1
한풀,1
광장동,1
유명산,1
페디큐어,1
태도,1
계사,1
아이언맨,1
8월 6일,1
구령,1
횃불,1
유키,1
설명서,1
옷가지,1
노트북,1
뚜껑,1
탄수화물,1
대하,1
세기,1
홍차,1
서지,1
들꽃,1
입속,1
기브스,1
단장,1
양서,1
보청기,1
앉은키,1
명란젓,1
마요네즈,1
푸른빛,1
복합,1
세탁실,1
시로,1
헌장,1
배부,1
욕구불만,1
기린도,1
운송,1
대웅전,1
분홍색,1
트렌드,1
한데,1
아무리 사랑해도,1
민지,1
디테일,1
발포,1
신사,1
금값,1
장염,1
분안,1
소용,1
관내,1
아수라장,1
설해,1
성형,1
교통비,1
뱅크,1
화장지,1
린네,1
닭튀김,1
육군,1
비바,1
사망,1
아이젠,1
서정,1
핸들,1
하루하루,1
투에,1
가로수,1
먼발치,1
미꾸라지,1
민가,1
삼성,1
코치,1
명도,1
우도,1
퇴원,1
논두렁,1
다트,1
초극,1
플래카드,1
표준어,1
지의,1
리다,1
냉기,1
19세기,1
털이,1
프린트,1
시동,1
세분,1
너에게,1
기해,1
어번,1
페어,1
마산,1
유준,1
해드,1
버블티,1
묘기,1
방치,1
점퍼,1
라하,1
서영,1
태명,1
피망,1
보수,1
이발,1
리모컨,1
당도,1
협찬,1
친정집,1
연해,1
주연,1
양치,1
타의,1
부흥,1
약재,1
스키나,1
아로,1
공통,1
함보,1
삼계탕,1
메이,1
파카,1
천년,1
원형,1
크리스마스 이브,1
메꽃,1
글러브,1
보너스,1
아마 주,1
회두,1
가터,1
자장면,1
문안,1
야구,1
우정은,1
투숙객,1
오케이,1
이달,1
수선,1
몬스터,1
족발,1
전단지,1
대진리,1
점토,1
망막,1
한정원,1
노랭이,1
코코넛,1
기중,1
얌전,1
박사,1
동선,1
충청도,1
열씨,1
상하,1
창피해,1
영해,1
거세,1
폭포,1
마르고,1
7월 18일,1
카리,1
탄생,1
명언,1
융통,1
여러해살이,1
기념일,1
화기,1
분업,1
시에 강,1
필지,1
선책,1
나초,1
7월 5일,1
큰소리,1
하차,1
율곡,1
물말,1
수분,1
활력,1
풍요,1
글쓰기,1
대식,1
고교,1
등지,1
고랑,1
외국인,1
제부,1
오륙도,1
까까,1
입덧,1
파킹,1
떼죽음,1
맨몸,1
보일,1
연주,1
예수,1
라디오,1
녹색,1
당부,1
화이트 칼라,1
강점,1
네로,1
어린,1
사그라다 파밀리아,1
기행,1
멜론,1
모랑,1
사료,1
향신료,1
요장,1
저리,1
출두,1
페인팅,1
부수,1
해양수산부,1
퍼스트 클래스,1
독차지,1
한보,1
고무,1
로나,1
수로,1
목걸이,1
풍경화,1
양옆,1
박공,1
복수,1
공군,1
불상사,1
수제비,1
난무,1
현미,1
놀라,1
11,1
토양,1
해파리,1
다시다,1
시바,1
생활의 달인,1
광고판,1
마리면,1
르네,1
동의서,1
경기북부,1
깔깔이,1
팬티,1
마찰,1
난입,1
꽈배기,1
농사,1
지 현,1
노고,1
전사,1
도청,1
나뭇가지,1
참숯,1
분화,1
하양,1
뒷전,1
사투,1
한줌,1
명심,1
광양,1
산업,1
특주,1
고해,1
만추,1
그리스,1
포도밭,1
홀리,1
연습실,1
리좀,1
팟타이,1
선초,1
박진감,1
세일,1
동행인,1
야반도주,1
가평군,1
제리,1
출발지,1
밥공기,1
형수,1
중학교,1
서프라이즈,1
영주,1
기물,1
쓸모,1
물그릇,1
충족,1
신물,1
주일,1
남동생,1
백가,1
우회전,1
후한,1
노블,1
별실,1
도윤,1
리도,1
박장대소,1
카프리,1
각오,1
감행,1
마켓,1
러스트,1
월동,1
징조,1
충실,1
남원,1
개도,1
계시,1
노래자랑,1
수렵,1
바다코끼리,1
설인,1
오마주,1
직업,1
카풀,1
히치하이킹,1
연두색,1
윤기,1
실속,1
오브,1
조연,1
세탁비,1
불닭볶음면,1
편지,1
중구난방,1
자전거 여행,1
발굴,1
삽질,1
나열,1
미러,1
하이든,1
입초,1
범람,1
특산품,1
푸른색,1
포스터,1
메꽃과,1
갈비살,1
벗나무,1
사상,1
계란말이,1
지성,1
공중,1
빼꼼,1
덮밥,1
조선 태종,1
송정,1
맥지,1
회양,1
베이컨,1
엘사,1
숙녀,1
기색,1
교대,1
엔터,1
타래,1
두장옌,1
라이선스,1
승부,1
장애인,1
극도,1
특산물,1
팝콘,1
안고,1
질서,1
호재,1
계산법,1
산맥,1
바캉스,1
고백,1
폐교,1
리마,1
