word,counted
기사,533
해변,392
서핑,391
바다,305
파도,289
현북면,246
보드,176
여행,162
처음,150
문리,149
해수욕장,144
강습,143
전화,137
일출,135
지도,130
여름,126
주말,119
날씨,119
보기,119
휴게,118
맛집,114
조대,109
느낌,108
출발,107
기사문항,106
사장,104
추천,104
예약,103
마음,99
준비,98
보니,96
장소,96
명소,95
친구,94
서울,93
죽도,93
모습,93
맥주,92
가격,90
요즘,89
비치,89
사실,88
새벽,88
하루,87
바람,85
근처,83
연습,83
동해,82
카페,78
분위기,76
게스트하우스,75
제가,75
구경,74
혼자,74
숙소,74
기분,73
식사,72
하늘,72
자리,72
운영,71
동안,70
등대,70
그런지,69
바닷가,69
이용,68
스팅,67
강릉,67
한잔,67
최고,66
강사,66
고기,66
완전,66
이랑,66
만원,66
겨울,65
가족,64
다음날,64
안녕하세요,64
마지막,64
속초,64
구름,63
풍경,62
횟집,62
거리,62
관심,62
친절,62
커피,61
소개,61
조도,61
이동,60
오전,60
오후,60
.com,59
점심,59
식당,58
가지,58
음식,58
샤워,57
아래,56
오랜만,55
이야기,55
물놀이,55
수평선,55
주변,54
초보,54
슈트,54
시설,54
숙박,53
캠핑,53
휴가,53
이름,53
운동,53
저장,52
장비,52
원래,52
방문,52
폴더,52
하기,51
감사,51
입구,51
제일,51
행복,50
여유,50
치킨,50
송이,49
기대,49
지금,49
교육,49
도전,48
촬영,48
조금,47
블로그,47
선택,47
소리,46
설명,46
검색,46
중간,46
기억,46
수트,45
얼마,45
리조트,45
입수,45
계획,44
만족,44
토요일,44
후기,43
종일,43
주차장,43
테이블,43
필요,42
내부,42
걱정,42
안전,42
나중,42
자유,41
이제,41
방파제,41
버스,41
나름,41
판매,41
네이버,41
동해대로,41
사이,40
퍼스,40
작년,40
포인트,40
공간,40
영상,40
언니,40
화장실,40
바위,40
해주시,40
기본,40
동해안,39
지역,39
이유,39
사용,39
파티,39
고고,39
매력,39
체험,39
모래,39
참고,39
사랑,39
모양,38
아이,38
인구,38
좋아서,38
바닷물,38
이서,38
얼굴,38
순간,37
아이들,37
웨이브,37
고민,37
텐트,37
개인,37
이후,37
나라,37
체력,37
덕분,36
강원,36
재미,36
편의점,36
오프,36
마리,36
라면,36
한곳,35
진행,35
만큼,35
요리,35
주차,35
사문,35
여름휴가,35
이건,35
추억,35
한번,34
확인,34
오픈,34
동생,34
형제,34
상태,34
추가,34
분이,34
오메가,34
예전,34
고속도로,34
마무리,33
제공,33
반찬,33
성수기,33
경험,33
가을,33
머리,33
하우스,32
건물,32
성공,32
스포츠,32
감자,32
자세,32
오른쪽,32
정리,32
힐링,32
일요일,32
이때,32
타임,32
테이크,31
음료,31
주의,31
모래사장,31
게스트,31
피자,31
내일,31
양양기,31
입문,30
오징어,30
수영,30
크림,30
국내,30
정보,30
전날,30
오빠,30
인증,30
용품,29
가시,29
여자,29
단체,29
서울로,29
왼쪽,29
인기,29
해결,29
무료,29
상황,29
한참,29
손님,28
공기,28
정신,28
튀김,28
대여,28
등등,28
일정,28
드레,28
샤워실,28
산책,28
한장,27
엄마,27
이론,27
대박,27
방법,27
포함,27
부분,27
터미널,27
기회,27
사이즈,27
감상,27
평일,27
감동,27
운전,27
바닥,27
항구,27
주문진,27
형제바위,27
자연,26
초보자,26
테라스,26
안내,26
연휴,26
필수,26
갯바위,26
해서,26
그때,26
카메라,26
일상,26
경우,26
마을,26
푸른,26
한국,26
밥집,25
휴식,25
코스,25
사고,25
매운탕,25
프로,25
김치,25
와서,25
가게,25
구입,25
인지,25
낭만,25
방향,24
지상,24
실력,24
입맛,24
태양,24
여명,24
인생,24
관리,24
발견,24
동영상,24
국물,24
일반,24
우리나라,24
첫날,24
라이,24
안쪽,24
커플,24
중심,24
국도,24
남은,23
사서,23
세상,23
스타일,23
패키지,23
대표,23
양이,23
시장,23
다행,23
얘기,23
기전,23
어제,23
영국,23
대부분,23
닭강정,23
남자,23
그릇,23
인테리어,23
계곡,23
모텔,23
인사,22
피곤,22
다리,22
서비스,22
가운데,22
이다,22
막국수,22
고생,22
부산,22
포기,22
구매,22
야영,22
꿀맛,22
행사,22
에어컨,22
설치,22
소주,21
밑반찬,21
그림,21
금요일,21
교리,21
말씀,21
대신,21
요기,21
하면,21
불편,21
파스타,21
스팟,21
그날,21
취미,21
야외,21
모두,21
삼팔,21
양념,21
전국,21
마린,20
인가,20
대기,20
-1,20
여기저기,20
각종,20
인근,20
계속,20
기념,20
태풍,20
해산물,20
대로,20
낚시,20
지인,20
고장,20
전용,20
백사장,19
건강,19
주소,19
흡입,19
구비,19
연락,19
샴푸,19
도로,19
할인,19
무릎,19
부탁,19
부족,19
수건,19
여행지,19
픽업,19
내년,19
정식,19
구이,19
인당,19
평소,19
시즌,19
삼겹살,19
신경,19
앞바다,19
수업,18
취향,18
산나물,18
어선,18
기상,18
이국,18
배우,18
일요,18
6월,18
장판,18
문해,18
위로,18
군데,18
선생님,18
복귀,18
롱보드,18
의자,18
문의,18
소가,18
노래,18
위험,18
미니,18
업체,18
아니,18
라인업,18
포토,18
당일치기,18
무리,18
실내,18
음악,18
.kr,18
강아지,18
자체,18
치즈,18
물고기,17
파라솔,17
편리,17
인상,17
당일,17
월요일,17
해수욕,17
천국,17
해먹,17
고성,17
중인,17
그중,17
휴가철,17
시가,17
소스,17
예상,17
편안,17
9월,17
그늘,17
조개,17
전체,17
영동,17
자랑,17
종류,17
계절,17
난리,17
가슴,17
이웃,17
탈의실,17
가자,17
규모,17
제품,17
약속,17
가드,17
주재,17
오신,17
현장,16
낙산사,16
문어,16
전문,16
기온,16
먹거리,16
대회,16
영향,16
만끽,16
동네,16
예정,16
목적,16
주인,16
해안,16
더위,16
천원,16
가평,16
탈수,16
조건,16
올여름,16
이색,16
사이트,16
비교,16
생활,16
침대,16
레저,16
수심,16
코어,16
와중,16
가야,16
간판,15
중앙,15
하나,15
다이빙,15
완료,15
차로,15
경치,15
결정,15
소식,15
아토,15
추위,15
부부,15
회사,15
마련,15
크기,15
무인도,15
링크,15
이해,15
햇빛,15
시골,15
상품,15
물속,15
금지,15
새우,15
칵테일,15
문제,15
냉장고,15
드라이,15
5월,15
10분,15
홈페이지,15
오시,15
선물,15
창문,15
현남면,15
와인,15
직원,15
세트,15
시기,15
퍼스널 트레이너,15
건지,15
한쪽,15
장난,15
실패,15
스타,15
비용,15
동작,15
이예,15
외국,14
소요,14
만석,14
본인,14
앞쪽,14
후회,14
대비,14
설악산,14
모닝,14
취소,14
황태,14
관계,14
이것저것,14
칭찬,14
기초,14
안주,14
의미,14
과자,14
투어,14
차이,14
멤버,14
구분,14
서프보드,14
활어,14
보호,14
제한,14
그동안,14
체크,14
수도,14
생선,14
일행,14
기름,14
가스,14
버섯,14
성비,14
완벽,14
젊음,14
폭풍,14
짙은,14
광어,14
재료,14
바로,14
몬스터,14
변화,14
관광,14
비도,14
나무,14
양양읍,14
메카,14
수다,14
고추,14
저번,14
연결,14
이벤트,14
볶음,14
다음번,14
열정,14
반복,13
메인,13
어깨,13
관광객,13
지정,13
영업시간,13
기록,13
변이,13
폭염,13
피서객,13
표정,13
하와이,13
자신,13
리어,13
고급,13
.co,13
안보,13
7월,13
리필,13
외관,13
아빠,13
세팅,13
먹방,13
가면,13
도미,13
10월,13
아메리카노,13
발리,13
놀이,13
균형,13
아저씨,13
양양가,13
갈매기,13
이불,13
매장,13
여사,13
육수,13
남편,13
개월,13
변경,13
내용,13
조각,13
지난주,13
트레이닝,13
신청,13
포구,13
인원,13
2시,13
옥수수,13
타이밍,13
센터,13
감성,13
스키,13
피부,12
해장국,12
사항,12
포장,12
대한민국,12
망고,12
사이드,12
토리,12
센스,12
잡기,12
버거,12
제주도,12
서서,12
나머지,12
전망대,12
등장,12
게임,12
이정,12
호텔,12
-2,12
어촌,12
꽁치,12
무한,12
하나로,12
요청,12
해주,12
광정리,12
핸드폰,12
간식,12
가도,12
칼국수,12
피해,12
양도,12
감각,12
마스코트,12
무트,12
시도,12
지만,12
아쉬움,12
안전교육,12
해녀,12
허리,12
된장,12
연산,12
따위,12
장착,12
피서,12
동서울,12
예술,12
파라다이스,12
조합,12
차량,12
목적지,12
박스,12
돼지,12
이틀,12
택시,12
파란,12
토요,12
듯이,12
안녕,12
리뷰,12
떡볶이,12
8월,12
수준,12
햇볕,12
유지,12
모임,12
오니,12
마니,11
바닷바람,11
전경,11
주위,11
입문자,11
워터,11
노력,11
두부,11
착용,11
실습,11
모듬,11
스노우,11
조심,11
건너편,11
문화,11
음식점,11
어른,11
햇살,11
경매,11
개장,11
국수,11
자전거,11
시절,11
방해,11
상상,11
온몸,11
성지,11
주민,11
여성,11
환경,11
반납,11
구성,11
절대,11
비수,11
민박,11
선호,11
집중,11
시로,11
투척,11
소문,11
막걸리,11
아무것,11
춘천,11
할거,11
해양,11
귀가,11
교통,11
간다,11
하네,11
한계령,11
화요일,11
클럽,11
수영복,11
미세먼지,11
직전,11
나이,11
수온,10
출처,10
시반,10
무렵,10
북적,10
무침,10
소나무,10
훈련,10
체온,10
간만,10
최초,10
지난번,10
냄새,10
바라,10
비기너,10
나니,10
전망,10
우측,10
수육,10
신분,10
생맥주,10
즐거움,10
지방,10
멍게,10
안나,10
마시기,10
젊은이들,10
배경,10
우럭,10
환영,10
높이,10
해물,10
무지,10
마트,10
드라이브,10
고요,10
번호,10
고려,10
객실,10
녀석,10
푸쉬,10
퇴근,10
공유,10
가방,10
코코,10
보람,10
효과,10
비밀,10
애국,10
맞이,10
대형,10
영화,10
대체,10
행운,10
이모,10
철수,10
요새,10
피크,10
해돋이,10
사이에서,10
한국관광공사,10
다이어트,10
짬뽕,10
여러분,10
죽도로,10
튜브,10
구리,10
이집,10
해삼,10
장마,10
패스,10
수치,10
그룹,10
인분,10
하니,10
스테이,10
짜증,10
스케줄,10
비주얼,10
맛나,10
당황,10
댓글,10
앞으로,10
송정,10
신이,10
장점,10
일주일,10
추석,10
한숨,10
대게,10
해외,10
결과,10
경기,10
파도타기,10
구간,10
돌이,10
군사,9
지번,9
길이,9
인제,9
컨디션,9
보관,9
장이,9
과정,9
주제,9
안정,9
모델,9
실전,9
무게,9
오토,9
양서,9
비빔밥,9
콜라,9
일본,9
홍합,9
수산,9
양은,9
한방,9
계단,9
더덕,9
고객,9
기약,9
활동,9
클릭,9
주류,9
포트,9
분도,9
조류,9
평화,9
가요,9
입장,9
다운,9
셀프,9
잘못,9
며칠,9
거지,9
방송,9
야채,9
단점,9
전문가,9
온도,9
한여름,9
소고기,9
인시,9
서빙,9
고수,9
향기,9
돗자리,9
홍보,9
발목,9
장님,9
당시,9
편의,9
일차,9
계란,9
아들,9
흥미,9
부담,9
체크아웃,9
현지,9
3분,9
스쿨,9
갈비,9
회덮밥,9
단위,9
아이템,9
한계,9
요건,9
토마토,9
페스티벌,9
디자인,9
장갑,9
동산,9
누가,9
부상,9
라인,9
속도,9
야경,9
스티커,9
대포항,9
온수,9
현실,9
호로,9
동시,9
횟감,9
대구,9
속초시,9
한번쯤,9
햄버거,9
비쥬,9
탐방,9
그니,9
환상,9
본점,9
왕복,9
사온,9
오노,9
골목,9
수제,9
선정,8
장사,8
최신,8
스케이트보드,8
주시,8
불어,8
전화번호,8
마니아,8
포도,8
뒷편,8
조절,8
손양면,8
핫도그,8
입장료,8
둥둥,8
절경,8
액션,8
숙취,8
불빛,8
육지,8
인터넷,8
프로그램,8
개시,8
슈퍼,8
곳도,8
세번,8
인정,8
오기,8
경포대,8
두근두근,8
유명,8
비오,8
부력,8
1박 2일,8
남대천,8
왁스,8
명칭,8
철이,8
점심시간,8
북쪽,8
한입,8
서해,8
전기,8
거북이,8
브랜드,8
사진작가,8
커서,8
요원,8
출입,8
축제,8
발생,8
탱크,8
우동,8
루카,8
기가,8
만리포,8
매콤,8
카풀,8
중고,8
캠핑장,8
비누,8
바지,8
레포츠,8
신랑,8
유명한,8
스트레스,8
지점,8
영업,8
정체,8
군가,8
각광,8
뒤쪽,8
가자미,8
기운,8
슈즈,8
다짐,8
소금,8
전복,8
가로,8
마스터,8
디워,8
인줄,8
장면,8
작가,8
별도,8
블루,8
설정,8
침구,8
물품,8
놀이터,8
이즈,8
제주,8
강릉시,8
작정,8
나물,8
금요,8
모자,8
샌드위치,8
일기,8
성인,8
자극,8
맞은편,8
오랫만,8
소라,8
기간,8
발걸음,8
.me,8
완성,8
후에,8
카레,8
티셔츠,8
조준,8
표현,8
결론,8
레이스,8
자동,8
보트,8
목살,8
하륜,8
아아,8
신나,8
수상,8
조명,8
즈음,8
주의보,8
한가지,8
시스템,8
목표,8
벽화,8
마늘,7
방도,7
수리,7
운행,7
닭볶음탕,7
연예인,7
요금,7
마찬가지,7
단골,7
정상,7
운치,7
바닷속,7
성격,7
배려,7
영하,7
아이폰,7
공원,7
비키니,7
공연,7
도리,7
타도,7
소원,7
장만,7
취침,7
신세계,7
진열,7
구조,7
카버,7
신발,7
엄지,7
연어,7
프리,7
전시,7
강제,7
동호,7
닭발,7
피로,7
발전,7
조형물,7
욕심,7
헤어,7
니다,7
청정,7
남애항,7
진리,7
최적,7
다이버,7
최선,7
버블,7
작업,7
자동차,7
심플,7
원주,7
키로,7
비린내,7
도움,7
지식,7
가량,7
허락,7
보지,7
오이,7
도시,7
자자,7
핑계,7
목요일,7
이미지,7
작성,7
고추장,7
실제,7
이신,7
엄두,7
드릴,7
긴팔,7
보통,7
38,7
미리,7
만세,7
단계,7
발길,7
일제,7
아이스크림,7
라이프,7
중앙시장,7
수중,7
화이트,7
리라,7
연출,7
부모,7
얼음,7
공감,7
할머니,7
치약,7
약간,7
기도,7
산책로,7
호수,7
습도,7
레스,7
부근,7
라구,7
우유,7
함정,7
개통,7
강남,7
곳곳,7
에선,7
푸드,7
돼지고기,7
조식,7
라이드,7
긴장,7
레벨,7
볶음밥,7
프론트,7
미역,7
안개,7
조사,7
바리,7
근육,7
보이,7
베드,7
전쟁,7
호프,7
데이트,7
소인,7
방지,7
공용,7
눈물,7
유일,7
청소,7
등대도,7
잠도,7
소화,7
정류장,7
예보,7
전통,7
남자친구,7
오색,7
욕실,7
건어물,7
무인,7
봉고,7
방수,7
컵라면,7
중급,7
최대한,7
천막,7
소수,7
걷기,7
신고,7
멸치,7
시청,7
리얼,7
출동,7
요번,7
기계,7
협회,7
쇼핑,6
주방,6
미터,6
관광지,6
설악,6
조성,6
스릴,6
글러브,6
어항,6
실시간,6
장관,6
디저트,6
차트,6
동이,6
조언,6
해장,6
바깥,6
일부,6
하나라,6
영양,6
구역,6
리스트,6
이도,6
유혹,6
경기도,6
탑승,6
실수,6
브레이크,6
선글라스,6
연일,6
문자,6
여행기,6
개방,6
자신감,6
시선,6
차례,6
결혼,6
기념사진,6
좌측,6
스틱,6
고개,6
김치찌개,6
가입,6
어종,6
년대,6
가실,6
중독,6
출근,6
부츠,6
야영장,6
에너지,6
세대,6
사와,6
아무도,6
홍게,6
스웨,6
린스,6
조리,6
안고,6
안전사고,6
주년,6
정성,6
충전,6
패기,6
청춘,6
바비큐,6
자락,6
작품,6
오라버니,6
코리아,6
카드,6
고향,6
취사,6
플레이,6
터널,6
예뻐서,6
소통,6
다시,6
부스,6
생일,6
눈치,6
연속,6
의지,6
인심,6
쓰레기,6
고속,6
푸시,6
손길,6
상봉,6
허벅지,6
와도,6
가에,6
조업,6
금액,6
진짜,6
청결,6
없어,6
컴백,6
형태,6
고속버스,6
유행,6
만두,6
3년,6
역사,6
지라,6
마무,6
두께,6
광경,6
밤새,6
.at,6
계란찜,6
컨셉,6
단무지,6
남쪽,6
카운터,6
참가,6
게시물,6
요령,6
대왕,6
마당,6
제작,6
마다,6
지하,6
간장,6
먹구름,6
사진가,6
파트,6
이마트,6
보라,6
간지,6
용어,6
가니,6
소면,6
그릴,6
주가,6
인해,6
하내,6
페퍼로니,6
가능,6
우울,6
조로,6
볼거리,6
입금,6
스쿠버,6
공짜,6
정감,6
낙산,6
웃음,6
실망,6
수요일,6
스피드,6
적응,6
업그레이드,6
결심,6
밸런스,6
이내,6
기타,6
구석,6
토마토 소스,6
하하,6
체육,6
들보,6
매너,6
원도,6
수록,6
조림,6
정자,6
조이,6
아가,6
출장,6
송정해수욕장,6
하룻밤,6
각도,6
선사,6
결제,6
애기,6
대세,6
필터,6
아이스,6
가보,6
생략,6
고통,6
도로변,6
지경,6
실감,6
생명,6
흔적,6
불고기,6
장도,6
고갈,6
게라,6
용기,6
출신,6
스포,6
출항,6
연무,6
대전,6
경계,6
소품,6
피서지,6
보세,6
단풍,6
백반,6
선수,6
신상,6
-3,6
삼척,6
공식,6
동동,6
새끼,6
좌우,6
배달,6
바다낚시,6
고 온,6
과일,6
가와,5
우산,5
장날,5
메밀,5
세계,5
당장,5
사리,5
신기,5
독일,5
설레임,5
땡볕,5
대한,5
서로,5
피트,5
변신,5
정착,5
이슬,5
어둠,5
보충,5
아이스박스,5
계산,5
도중,5
지게,5
명함,5
애견,5
곰탕,5
주차공간,5
보고싶다,5
휴양지,5
아줌마,5
어촌계,5
음료수,5
룰루랄라,5
옛날,5
해진,5
예감,5
이만,5
순대,5
양지역,5
뉴스,5
갈수,5
지나,5
이면,5
드라마,5
구석구석,5
개성,5
여행객,5
쉼터,5
한동안,5
팔로잉,5
생정보,5
코앞,5
윈드,5
겨울철,5
가까이,5
여름철,5
당첨,5
어부,5
장과,5
유의,5
공부,5
모레,5
코드,5
좋은 날,5
이곳저곳,5
의상대,5
배럴,5
년차,5
카라,5
어부들,5
수영장,5
뚝배기,5
손가락,5
양해,5
진심,5
공영,5
화장,5
면도,5
아래쪽,5
서면,5
괜찮아,5
제맛,5
애국가,5
제철,5
낮잠,5
주최,5
외부,5
찌개,5
참여,5
한시,5
접수,5
순서,5
치맥,5
냉면,5
도시락,5
화로,5
방식,5
천지,5
케이크,5
상차림,5
농협,5
다이브,5
개국,5
물이,5
번개,5
기쁨,5
점심때,5
분점,5
해소,5
색깔,5
모자이크,5
상담,5
반바지,5
표시,5
모터,5
클린,5
가의,5
소재지,5
본적,5
파워,5
코스트,5
사과,5
협찬,5
클렌징,5
일품,5
만남,5
이기,5
셔틀버스,5
이란,5
물길,5
최종,5
언덕,5
소비,5
연인,5
머구리,5
배정,5
이마,5
초밥,5
형님,5
사계절,5
냉동,5
소맥,5
진용,5
열기,5
동호리,5
난봉,5
다이,5
유일한,5
골든,5
베리,5
처리,5
요미,5
이태리,5
로컬,5
방면,5
동산항,5
자란,5
블로거,5
스케이트,5
모드,5
주관,5
화질,5
목소리,5
귀여워,5
거울,5
국도변,5
쌈장,5
부표,5
레스토랑,5
기절,5
한눈,5
시외버스,5
디제이,5
발라,5
아쿠아,5
반대편,5
저질,5
종료,5
안함,5
연장,5
셔터,5
접시,5
회원,5
노출,5
오대산,5
전부,5
초입,5
압축,5
키친,5
노을,5
평창,5
덩어리,5
코로나,5
궁장,5
브로,5
창피,5
약수,5
기능,5
문제점,5
에어,5
활기,5
네온,5
모터보트,5
집으로,5
개수대,5
맞춤,5
방영,5
외국인,5
이전,5
오름,5
경계선,5
판단,5
고성군,5
시간표,5
상가,5
독립,5
참가자,5
최대,5
실화,5
잠자리,5
미션,5
주구,5
안남,5
해지,5
사가,5
창밖,5
봉지,5
작성자,5
마시,5
방전,5
준비물,5
글씨,5
비와,5
매운맛,5
회랑,5
현지인,5
마감,5
메밀전,5
베이스,5
별미,5
능력,5
세월,5
솜씨,5
후배,5
불가,5
아치,5
오호,5
랏슈,5
이태원,5
유적,5
사전,5
소진,5
번주,5
상급,5
하도,5
샤워기,5
황금,5
캠퍼,5
조선,5
애정,5
합리,5
다트,5
한가운데,5
청국장,5
오일,5
실신,5
도구,5
에폭시,5
사건,5
참기름,5
로이,5
빠이,5
오우,5
일기예보,5
콘도,5
남녀노소,5
한판,5
정면,5
우리집,5
영혼,4
보더,4
손등,4
물론,4
수산물,4
소모,4
제조,4
방어,4
전원,4
경품,4
조망,4
알람,4
내음,4
후유증,4
인도,4
초소,4
쾌감,4
횟수,4
택배,4
프라이,4
순이,4
간반,4
감당,4
기원,4
제거,4
시대,4
지름신,4
도다리,4
자주,4
공수,4
모던,4
해운대,4
와우,4
랜드,4
어치,4
지붕,4
낮술,4
허허,4
통채,4
휴대폰,4
영도,4
참석,4
정예,4
도랑,4
11월,4
보유,4
베어,4
해상,4
개별,4
전자,4
정암,4
대답,4
더더,4
버터,4
열풍,4
동반,4
체크인,4
하구,4
활용,4
샐러드,4
시정,4
현금,4
컬러,4
타기,4
주먹밥,4
래시,4
빈티지,4
창고,4
반전,4
누룽지,4
호가,4
자격증,4
동료,4
상징,4
먹이,4
체험기,4
북한,4
침낭,4
아내,4
수면,4
일명,4
갈비탕,4
아삭,4
룰루,4
인용,4
사발,4
이용한,4
스테이크,4
녹초,4
근해,4
잠시,4
오해,4
젓가락,4
해방,4
수족관,4
주부,4
흥부,4
색감,4
책임,4
미국,4
대중,4
명물,4
해로,4
세척,4
이자카야,4
새해,4
순두부,4
갯수,4
먹을거리,4
고가,4
어묵,4
교통사고,4
스페셜,4
동참,4
팔선,4
앞뒤,4
피드백,4
청초호,4
포켓몬,4
세부,4
4월 9일,4
집어등,4
로망,4
정작,4
동일,4
삼매,4
데이,4
진정,4
연락처,4
도보,4
초반,4
남녀,4
취급,4
양파,4
시험,4
고사리,4
자연휴양림,4
아웃,4
주유소,4
유리,4
시나,4
통제,4
양보,4
하지,4
가치,4
생김새,4
분식,4
우등,4
양재동,4
팔로,4
래미,4
기존,4
종합운동장,4
울릉도,4
상대,4
사업,4
복어,4
반은,4
망대,4
기로,4
상당,4
잠수,4
길목,4
한적,4
파크,4
무제,4
석양,4
물반,4
돼지갈비,4
학교,4
계장,4
형식,4
패드,4
출구,4
해초,4
정겨운,4
화면,4
저녁때,4
무식,4
필름,4
야식,4
악세사리,4
양송이,4
가보세,4
기암절벽,4
전병,4
웨이,4
주먹,4
못가,4
기술,4
돌출,4
시점,4
물개,4
어파,4
밤하늘,4
때려,4
여지,4
고도,4
동호회,4
인식,4
항이,4
그램,4
길가,4
진동,4
도면,4
깡패,4
스펙,4
겸비,4
풍랑,4
투명,4
누나,4
질문,4
깊이,4
꼬리,4
차지,4
대가,4
홍대,4
인명,4
빨간색,4
인간,4
광고,4
남성,4
미스터리,4
회로,4
매우,4
동명,4
국가,4
영원,4
지갑,4
발휘,4
타자,4
그 후,4
연인들,4
명절,4
강습비,4
공장,4
트렁크,4
언니네,4
비티,4
손은,4
오산리,4
국밥,4
아시,4
회전,4
반려,4
성전,4
백숙,4
고래,4
경유,4
비바람,4
조화,4
스노,4
와이파이,4
가가,4
귀신,4
주심,4
업소,4
기구,4
바알,4
그리워,4
전공,4
100,4
한창,4
수단,4
오래전,4
상관,4
소니,4
선장,4
천사,4
길잡이,4
조가,4
재활,4
걸음,4
예외,4
수도권,4
나가,4
닭고기,4
예측,4
거품,4
장어,4
사물함,4
영동고속도로,4
해외여행,4
스노클링,4
지로,4
핑크,4
명품,4
목욕탕,4
대화,4
라운드,4
스펀지,4
프리미엄,4
우여곡절,4
손질,4
심해,4
전진,4
숯불,4
사정,4
편집,4
물보라,4
고구마,4
동계,4
영광,4
안타,4
바이크,4
에 산,4
일자,4
이자,4
그네,4
가루,4
팔찌,4
벤치,4
감탄,4
전반,4
수원,4
어도,4
에그,4
이왕,4
하트,4
블랙,4
습관,4
동남아,4
번지,4
인천,4
특색,4
바퀴,4
육개장,4
첨부,4
게살,4
나기,4
일출로,4
포스,4
비가,4
지리,4
하단,4
우회전,4
달리기,4
평생,4
주스,4
전신,4
한군데,4
주중,4
소화도,4
스카이,4
장보고,4
순식간,4
구획,4
수요미식회,4
일몰,4
미로,4
스티,4
과음,4
요정,4
무지개,4
강조,4
우연,4
시내,4
잠깐,4
사기,4
정취,4
세시,4
코치,4
리다,4
트레,4
발가락,4
이나,4
목걸이,4
렌즈,4
요트,4
주전부리,4
스트레칭,4
생애,4
하얀색,4
양식,4
건조,4
이래,4
차원,4
탄생,4
보금자리,4
약수터,4
보고 싶다,4
입술,4
농촌,4
오뎅,4
파랑,4
정돈,4
노선,4
여비,4
어머님,4
주택,4
접근성,4
대관령,4
싱글,4
구멍,4
역광,4
양하,4
껍질,4
돈가스,4
중식,4
하진,4
투입,4
기세,4
노란색,4
안심,4
배낚시,4
여관,4
평균,4
고운,4
확정,4
천장,4
정이,4
반팔,4
라피,4
춥다,4
점프,4
섭취,4
레알,4
손맛,4
농장,4
라거,4
공복,4
보온,4
수정,4
정치,4
번호표,4
형성,4
젓갈,4
감칠맛,4
회관,4
기미,4
스파크,4
묘미,4
코디,4
레깅스,4
나발,3
첫경험,3
남북,3
게딱지,3
후드,3
믿음,3
밀크티,3
거란,3
요란,3
배치,3
철조망,3
호출,3
아주머니,3
남이,3
빛깔,3
상호,3
전인,3
마성,3
공신,3
재난,3
보강,3
횡성,3
목숨,3
동상,3
어민,3
지기,3
다카,3
나비,3
남해,3
기진맥진,3
파괴,3
육질,3
깃발,3
골프,3
명사,3
명정,3
님과 함께,3
맨발,3
먼지,3
동산리,3
반대쪽,3
직장,3
남짓,3
등짝,3
할아버지,3
신체,3
비단,3
토스트,3
미나리,3
갖가지,3
미남,3
들판,3
면적,3
지원,3
임대,3
포즈,3
고야,3
강현면,3
주동,3
경비,3
만해,3
레오,3
프리다이빙,3
술집,3
입시,3
주도,3
뜻밖,3
정동진,3
토이,3
체형,3
항의,3
대포,3
우려,3
아파서,3
특성,3
창리,3
장거리,3
스탠드업,3
배꼽,3
전만,3
버스표,3
해일,3
오리,3
겨자,3
침착,3
초가,3
게스,3
달기,3
방황,3
필자,3
체증,3
돌진,3
상승,3
리진,3
개선,3
부동산,3
고기잡이,3
복지,3
원정,3
씨름,3
네네,3
시간제한,3
조인,3
베란다,3
여사장,3
각자,3
스토어,3
전어,3
형광,3
준비운동,3
정문,3
첫걸음,3
바닷,3
바보,3
종이,3
애자,3
베스트,3
멘붕,3
일시,3
장소라,3
식수,3
옆쪽,3
초심자,3
제외,3
파전,3
세탁기,3
포항,3
등록,3
즉흥,3
삼치,3
대선,3
건립,3
진해,3
큰일,3
주일,3
표지석,3
스튜,3
대명,3
해도,3
유럽,3
애완동물,3
엉덩이,3
현대,3
환불,3
암초,3
일어,3
수산항,3
해안선,3
브라이언,3
바탕,3
더블,3
토지,3
짐작,3
해파랑길,3
남지,3
사무실,3
라운지,3
휴전선,3
지속,3
산골,3
실장,3
현상,3
발도,3
하루하루,3
스킨스쿠버,3
소지품,3
현북,3
물어,3
루트,3
허니버터칩,3
매점,3
의상,3
요로,3
백과,3
범벅,3
국립,3
사망,3
미인,3
보전,3
신비,3
전세,3
양호,3
촌년,3
김치전,3
유유자적,3
수요,3
충돌,3
야밤,3
아침햇살,3
에일,3
나들이,3
온라인,3
기와,3
긍정,3
직후,3
갤러리,3
비경,3
경주,3
박물관,3
내장,3
무아,3
스타트,3
태극기,3
동치미,3
포장마차,3
타투,3
고인,3
휴전,3
초대,3
한수,3
수령,3
명승지,3
행위,3
주전,3
수칙,3
요리사,3
10월 1일,3
다다,3
에이드,3
스스로,3
페인팅,3
문구,3
부추,3
사인,3
맨몸,3
이형,3
여자부,3
두꺼비,3
츤데레,3
오래,3
단양,3
한때,3
트럭,3
흰둥이,3
코코넛,3
패턴,3
세기,3
국적,3
리트리버,3
파일,3
강사진,3
패딩,3
상급자,3
교동,3
지름,3
미소,3
명의,3
마로,3
몸매,3
어린아이,3
장창,3
상단,3
내리,3
여행길,3
싸인,3
고등어,3
발달,3
무장,3
살수,3
별명,3
레나,3
뒷면,3
절반,3
힘찬,3
시골집,3
선두,3
갈마,3
윈드서핑,3
시크,3
인위,3
군청,3
감기,3
눈길,3
소세지,3
서치,3
직업,3
나가야,3
이여,3
숙박업소,3
감격,3
최윤,3
인어,3
특산,3
지명,3
난방,3
매니아,3
순차,3
축하,3
세칭,3
폭우,3
제로,3
군인,3
습장,3
이드,3
상태도,3
다크,3
남자들,3
자두,3
직판장,3
주 주,3
동서울터미널,3
짜장면,3
군것,3
허세,3
일산,3
드가,3
한옥,3
동원,3
필리핀,3
인공,3
아픔,3
해전,3
식초,3
바구니,3
마실,3
함지박,3
빨래,3
스키장에서,3
챙피,3
예능,3
신년,3
방기,3
주저,3
사천,3
삭제,3
비극,3
포스트,3
증말,3
주신,3
기대감,3
이하,3
진한,3
에티켓,3
수저,3
리프트,3
달력,3
미천,3
마운트,3
수고,3
컨테이너,3
자료,3
여자친구,3
온돌방,3
건배,3
선풍기,3
이로,3
GS25,3
솥밥,3
여럿,3
개념,3
명태,3
피비,3
톨게이트,3
매일,3
렌트,3
캣츠,3
시티,3
플로,3
사진관,3
발바닥,3
전골,3
종합,3
모아,3
즐거운 하루,3
에어비앤비,3
메기,3
달성,3
오른편,3
슬립,3
미래,3
전환,3
백화점,3
항아리,3
깨알,3
달마,3
구조물,3
오토바이,3
리가,3
플라스틱,3
안내판,3
모델링,3
금연,3
흐름,3
평가,3
스푼,3
안양,3
게장,3
식단,3
장작,3
고양이,3
스피커,3
그린,3
애용,3
유후,3
주기,3
흡족,3
하차,3
수기,3
캐리어,3
활성,3
덤프,3
핫바,3
페이스북,3
모양새,3
주전자,3
정윤,3
잠결,3
숟가락,3
송림,3
극성,3
열중,3
물가,3
근육통,3
심장,3
술안주,3
로드,3
시간대,3
응원,3
인접,3
성립,3
안성맞춤,3
고리,3
탁트인,3
첫차,3
순위,3
복숭아,3
여성부,3
이주,3
해수,3
직장인,3
아지트,3
화분,3
우정,3
매매,3
창가,3
야마,3
로코,3
친오빠,3
기종,3
통과,3
나야,3
자작,3
앓이,3
진입,3
한편,3
의류,3
후추,3
시경,3
리터,3
함박,3
학원,3
양쪽,3
근래,3
섰다,3
박수,3
참가비,3
야호,3
동행,3
관음,3
강정,3
어머니,3
요소,3
물색,3
재질,3
아기,3
지출,3
로그,3
테트라,3
문준,3
풍광,3
제격,3
뒷모습,3
합류,3
유학,3
타오,3
직접,3
동서,3
기름기,3
칠리,3
레져,3
오세,3
보정,3
가족사진,3
마구마구,3
삼대,3
분만,3
드림캐쳐,3
이일,3
호박,3
속눈썹,3
선배,3
해제,3
흰색,3
현우,3
서울까지,3
이득,3
공터,3
허니,3
대망,3
움직임,3
작동,3
확신,3
개최,3
경관,3
여정,3
웰컴,3
게도,3
4월 4일,3
타워,3
점검,3
카트,3
차차,3
미끼,3
한지,3
간직,3
복장,3
시내버스,3
이준,3
재배,3
스텝,3
야근,3
7월 27일,3
폭탄,3
상체,3
인연,3
과거,3
참돔,3
한식,3
4월,3
캘리포니아,3
중순,3
잔잔,3
엑셀,3
사당,3
시원,3
심정,3
청년,3
위해,3
극한,3
문항,3
메이크업,3
깍두기,3
무더위,3
물질,3
수박,3
찬물,3
티맵,3
버너,3
파고,3
반응,3
초급,3
전직,3
프레임,3
옹치,3
스토리,3
특징,3
리나,3
목욕,3
초코,3
사우나,3
민족,3
여의,3
헬로,3
기념품,3
베이스캠프,3
당면,3
군더더기,3
자태,3
친척,3
주인장,3
선지,3
쓰기,3
하늘과 바다,3
천재,3
공개,3
대용,3
사랑해,3
기어,3
존재,3
부각,3
반대,3
도깨비,3
어린이,3
임시,3
소의,3
시상,3
삼촌,3
거부,3
화장품,3
절임,3
홍매,3
몸살,3
예사,3
하드,3
탕이,3
코카콜라,3
무사,3
해당,3
영덕,3
휴일,3
결과물,3
가구,3
작전,3
후라이,3
동화,3
남한,3
한낮,3
문도,3
피클,3
재현,3
주자,3
한대,3
욕장,3
뱃살,3
시범,3
3월,3
꽃게,3
호강,3
호주,3
해질녘,3
쿠키,3
통화,3
교통편,3
담배,3
가득,3
광란,3
새우깡,3
회식,3
라가,3
본다이비치,3
테스트,3
후식,3
근력,3
좋은 아침,3
양시,3
고등학교,3
식구,3
대국,3
의식,3
땅콩,3
스쿠버 다이빙,3
플랜,3
아바이마을,3
제트,3
리스,3
단독,3
인스타그램,3
꼬치,3
기고,3
설탕,3
역대,3
출연,3
상어,3
손색,3
이맘,3
전해,3
에스컬레이터,3
마리에,3
푸싱,3
카카오,3
브런치,3
상처,3
내외,3
고정,3
초상권,3
대도,3
꼭대기,3
적막,3
차별,3
샤브샤브,3
장아찌,3
김밥,3
소나기,3
낚시대,3
극복,3
강남역,2
잡이,2
1/2,2
코피,2
자매,2
육각,2
플러스,2
레이,2
총칼,2
하이에나,2
키키,2
로한,2
사지,2
11월 19일,2
국민,2
트리,2
검정,2
선미,2
산화,2
니들,2
초짜,2
게시판,2
이동하,2
오아시스,2
영월,2
통닭,2
내공,2
달려와,2
진가,2
선상,2
여왕,2
침체,2
석이,2
신건,2
과장,2
백사,2
고기국수,2
인형,2
깨달음,2
대식,2
뒤편,2
트로피,2
패대기,2
밀착,2
제약,2
막장,2
완수,2
호수공원,2
이든,2
스탠드,2
쪽집게,2
강의실,2
월드컵,2
단맛,2
정지,2
환승,2
제비,2
기념행사,2
신형,2
우선권,2
시트,2
이은영,2
뚝섬,2
잡음,2
해리,2
면허,2
이차,2
아보카도,2
자판기,2
장용,2
금주,2
감탄사,2
영동 지방,2
노선도,2
핑크색,2
이쯤,2
차고,2
쩔어,2
순간순간,2
악수,2
연유,2
오류,2
순사,2
노하우,2
리에,2
아름답다,2
터치,2
해바라기,2
번성,2
파이,2
성능,2
꽃샘추위,2
플레인,2
파킹,2
사회자,2
갈비뼈,2
노릇,2
다라,2
순수,2
욕창,2
혼다,2
29,2
캡슐,2
물건,2
쉐프,2
송죽,2
잠실역,2
화이팅,2
페이지,2
발포,2
날림,2
전갱이,2
족집게,2
민낯,2
제이,2
위주,2
오른손,2
만타,2
기지,2
추어탕,2
담소,2
이정표,2
하면 된다,2
콘도미니엄,2
이상훈,2
중문,2
어르신,2
시트콤,2
연기,2
광명,2
영웅,2
마라,2
비중,2
고지,2
로만,2
다구,2
관찰,2
사양,2
쌀밥,2
내기,2
엊그제,2
육도,2
토대,2
남면,2
표지판,2
호루라기,2
세근이,2
살얼음,2
12월,2
늦기 전에,2
코로,2
한화,2
용도지역,2
엘리베이터,2
돌입,2
스승,2
하루만,2
산이,2
보고,2
수입,2
침몰,2
사주,2
루나,2
초록,2
쥬스,2
출사,2
주문진읍,2
설겆이,2
하우스 음악,2
종점,2
청양고추,2
오타,2
다운로드,2
민중,2
원통,2
브로콜리,2
제정,2
서문,2
멋진 하루,2
고마워요,2
자랑거리,2
오늘아침,2
강의,2
계정,2
개발,2
이정식,2
월평동,2
경포,2
타의,2
나루,2
가지가지,2
표방,2
하이라이트,2
티켓,2
초지,2
숭어,2
허탕,2
10년,2
죽음,2
심곡항,2
관고,2
궁상,2
빙수,2
아들과 딸,2
이거,2
물집,2
태안,2
해보면,2
스트림,2
민정,2
이름표,2
마켓,2
본래,2
코끝,2
차종,2
기차,2
도둑,2
기자,2
구릿빛,2
지하철,2
영역,2
경쟁,2
파시,2
타령,2
목록,2
초딩,2
뮌헨,2
애호가,2
입안,2
보너스,2
포착,2
슬러시,2
퍼지,2
주재소,2
연수원,2
통일,2
스틸,2
이점,2
인치,2
대상,2
내 사랑,2
산하,2
추진,2
시계,2
동대문구,2
동명동,2
코기,2
인양,2
액티브,2
음주,2
전액,2
공포증,2
이당,2
명승,2
측정,2
선인,2
입항,2
가슴이 두근두근,2
주간,2
계세,2
팔뚝,2
소유,2
교대,2
소돌항,2
고조,2
.be,2
로리,2
레드,2
사나이,2
정말,2
벌초,2
윤기,2
잡종,2
칫솔,2
참새,2
각오,2
자니,2
오디,2
출고,2
훗날,2
반면,2
이세,2
테크,2
매표소,2
콧물,2
만나,2
무가,2
이구,2
건더기,2
부대찌개,2
비타민,2
한산,2
대량,2
시상식,2
도달,2
진출,2
맨투맨,2
붉은색,2
잉여,2
만약,2
간수,2
행복한 아침,2
숙지,2
대진표,2
토속,2
오골계,2
체육학,2
업무,2
야구,2
마중,2
싸움,2
확산,2
쇼파,2
껍데기,2
프로젝트,2
꼬깔콘,2
후반,2
캐슬,2
북조선,2
부비,2
속살,2
박수진,2
야자수,2
오리지날,2
사둔,2
저도,2
누적,2
알바,2
강원도청,2
크루,2
차영,2
미료,2
족보,2
라다,2
후진,2
헤엄,2
소음,2
오프로드,2
다나,2
숲길,2
사실 나는,2
우수,2
적극,2
경보,2
장구,2
인구항,2
전율,2
어번,2
반년,2
선행,2
내항,2
담벼락,2
족족,2
언저리,2
재회,2
패션,2
네이버 지도,2
민물고기,2
무시,2
울진,2
연계,2
보름날,2
모름,2
말랑,2
교체,2
오빠야,2
탈주,2
쇼핑몰,2
부지런,2
말도,2
빨강,2
부리,2
식후,2
합격,2
아침저녁,2
사비,2
다대기,2
발췌,2
공존,2
황도,2
탈것,2
대만,2
책정,2
마이,2
호두,2
크루저,2
주세,2
황사,2
레몬,2
문 강,2
원망,2
인성,2
런닝,2
피스,2
민물,2
행복한 주말,2
루프,2
도토리묵,2
주유,2
성천,2
백김치,2
방앗간,2
담당,2
왕창,2
복습,2
만류,2
미노,2
외갓집,2
의의,2
이장,2
동리,2
사랑합니다,2
가위바위보,2
살길,2
불법,2
결승,2
머루,2
경청,2
시각,2
봄나물,2
가나,2
보험,2
비둘기,2
정비,2
돌고,2
이사,2
치즈 샌드위치,2
8월 15일,2
대가족,2
지부,2
디자이너,2
지구,2
원투,2
시속,2
가성,2
불만,2
아파트,2
로라,2
따름,2
면역력,2
소프트,2
캠프,2
유명세,2
머드,2
범바우,2
최소,2
설계,2
항일,2
빠꾸,2
평상시,2
파노라마,2
생수,2
막바지,2
신비로,2
국가보훈처,2
자연경관,2
생신,2
고로케,2
굴레,2
셋트,2
망원경,2
페인트,2
상영,2
폭발,2
무단,2
헤어드라이어,2
박상민,2
검증,2
어스름,2
폭스바겐,2
대중교통,2
.net,2
쟁반,2
휴양,2
조선의 개국공신,2
밀면,2
헬스,2
연중무휴,2
파타고니아,2
만조,2
보시,2
부두,2
폭풍우,2
수거,2
청초,2
품절,2
솔로,2
윤정,2
남부,2
태미,2
주식,2
연동,2
파기,2
보헤미안,2
크런치,2
신기하,2
노숙,2
유통,2
동승,2
심취,2
삼발,2
예뻐,2
대관,2
버디,2
매미,2
메밀꽃,2
유공자,2
답지,2
물치항,2
슈퍼문,2
바나나보트,2
잔치,2
별똥,2
미시령,2
잿빛,2
극단,2
짝꿍,2
너트,2
전주,2
양지,2
최소한,2
물결,2
가짓수,2
수납,2
잠수복,2
피고,2
40년,2
고양,2
약시,2
군대,2
한글,2
스팀,2
로션,2
명지리,2
명란젓,2
정인,2
학습,2
반반,2
제자리,2
종합운동장역,2
이외,2
나시,2
귀차니즘,2
해체,2
수확,2
6000,2
요가,2
수질,2
똑딱이,2
내면,2
디스플레이,2
정강,2
자루,2
밧데리,2
-0,2
한스,2
스파르타,2
올림픽,2
파인더,2
시드니,2
영등포,2
환타,2
부대시설,2
50,2
클로즈,2
핸드,2
스프레이,2
경찰,2
이상의,2
화각,2
미모,2
트렌디,2
특유,2
취기,2
망치,2
등산,2
초점,2
기암괴석,2
가리비,2
체계,2
정은,2
AM,2
갈림길,2
선용,2
참판,2
여름 스포츠,2
팻말,2
못난이,2
입찰,2
간도,2
끼니,2
상의,2
칠보산,2
그간,2
자석,2
국산,2
손바닥,2
옷깃,2
개칭,2
지그,2
전형,2
날치,2
복원,2
제대,2
본연,2
사망자,2
유발,2
여인,2
기라,2
털보,2
줄기,2
정수기,2
회전문,2
갈등,2
불규칙,2
지적,2
업종,2
서울양양고속도로,2
휴양림,2
집사,2
승차,2
처음이라서,2
가늠,2
자외선,2
거주,2
패밀리,2
유적지,2
고백,2
대진항,2
오예,2
확대,2
반성,2
어린이날,2
풍년,2
유료,2
최적화,2
초당,2
언어,2
불량,2
타이틀,2
어렵,2
지렁이,2
마인드,2
사천면,2
동수,2
장표,2
철망,2
선생,2
변수,2
출어,2
정호,2
은지,2
자정,2
최상,2
버릇,2
나이키,2
출격,2
장호항,2
하이,2
사당역,2
입성,2
보고서,2
광합성,2
써니,2
만점,2
타이,2
월출,2
발등,2
여주,2
고라니,2
습지,2
사연,2
접근,2
갈남항,2
이리,2
전이,2
해경,2
한자,2
화가,2
옥상,2
출현,2
온건,2
정기,2
데일리,2
GS,2
도심,2
토종닭,2
상경,2
스쿼트,2
21,2
에메랄드,2
바지선,2
소환,2
감흥,2
전적,2
9월 28일,2
참관,2
긴장도,2
데자뷰,2
생전,2
개조,2
잔치국수,2
와이드,2
식도,2
이고,2
염두,2
완비,2
난로,2
젤리,2
최북,2
우기,2
걸리,2
워터파크,2
포터,2
솔밭,2
화진포,2
디테일,2
돌아오는 길,2
부자,2
필수품,2
미니바,2
울산,2
삼일,2
공사,2
워킹,2
후문,2
왕새우,2
라오,2
그전,2
야간,2
20대,2
대포동,2
산봉우리,2
놀이기구,2
형상화,2
마디,2
귀농,2
빗방울,2
보쌈,2
식기,2
가위,2
한통,2
들깨,2
국인,2
소진하,2
식탁,2
향수,2
신청자,2
목장,2
사무소,2
멀티,2
영랑동,2
민폐,2
물장구,2
할머님,2
소금강,2
산채,2
교회,2
노학동,2
손발,2
간격,2
서양식,2
예선,2
사자,2
서론,2
KBS2,2
30,2
자칭,2
음식물,2
버전,2
토닉,2
초등학생,2
신호,2
킬로,2
연령,2
의장,2
파인애플,2
모야,2
타면,2
암호,2
달걀,2
큰형,2
채택,2
일체,2
훼손,2
실행,2
샘플,2
부락,2
출수,2
소연,2
아몬드,2
모험,2
선용이,2
한아름,2
일전,2
종주,2
원통형,2
사용자,2
도라,2
늦잠,2
요키,2
불교,2
사격,2
패널,2
개울,2
허기,2
위안,2
아냐,2
버피,2
조선 숙종,2
컬러풀,2
관중,2
카페인,2
역류,2
화보,2
등심,2
디너,2
집안일,2
기압,2
평온,2
심도,2
데코,2
나인,2
영접,2
크루즈,2
장정,2
국군의 날,2
갤럭시,2
연말,2
자연환경,2
사이다,2
사준,2
무언,2
동선,2
일반인,2
꼽사리,2
부리면,2
이상이,2
카리스마,2
무서움,2
어보,2
차림,2
회의,2
병통,2
웃음꽃,2
콘센트,2
만찬,2
10대,2
베이지,2
외모,2
안전장치,2
정선,2
전문점,2
보신,2
자부,2
고집,2
지진,2
양념장,2
날인,2
철판,2
능이버섯,2
야영지,2
방향제,2
옥돔,2
합세,2
전방,2
리오,2
대학,2
행복한 동행,2
아버지,2
빵집,2
개미,2
그제,2
전후,2
신풍,2
양주,2
소재,2
주둔,2
금강산,2
채소,2
불문,2
한순간,2
아주,2
하나에,2
공항,2
밴드,2
대서,2
해안로,2
카이,2
죽변항,2
수채화,2
지목,2
어려움,2
학생,2
커피숍,2
고사항,2
관광버스,2
기업은행,2
물위,2
혜택,2
아까,2
지불,2
갈래,2
규칙,2
압박,2
탄산,2
선착장,2
지친,2
가오,2
비상,2
김포,2
희망,2
일모,2
치대,2
밀크,2
아부지,2
군중,2
집의,2
스파게티,2
후후,2
침수,2
좌석,2
대학교,2
머신,2
일요일 아침,2
산더미,2
발코니,2
우태,2
스노보드,2
한강,2
맥주잔,2
화상,2
부이,2
노루,2
벽면,2
셔틀,2
미녀,2
동아방송,2
공동,2
성향,2
우왕,2
메리,2
출발지,2
커리,2
밥값,2
오자,2
야반도주,2
된장찌개,2
기모,2
갯벌,2
청량,2
투하,2
밀집,2
양평,2
복합,2
전자레인지,2
클래스,2
구두,2
큰방,2
눈빛,2
2017년 5월,2
실루엣,2
채점,2
초등학교,2
타진,2
외옹치항,2
바캉스,2
머시,2
조차,2
먼동,2
결혼기념일,2
검은색,2
자라,2
적성,2
목이,2
동기,2
찬바람,2
집결,2
시행,2
을해,2
아래층,2
원피스,2
동물,2
회상,2
뜨개질,2
남자부,2
찰밥,2
가세,2
배멀미,2
한국인,2
지킴이,2
북위 38도,2
마크,2
계발,2
위기,2
슬리퍼,2
선착순,2
초여름,2
자인,2
광주,2
파라,2
페이,2
수용,2
전시관,2
줄행랑,2
어구,2
태종,2
매물,2
오랫동안,2
퍼스널,2
기인,2
스낵,2
유사,2
트레이너,2
덩이,2
뽐뿌,2
빌라,2
노랑,2
생산,2
보소,2
포지션,2
군침,2
주목,2
아악,2
초기,2
사방,2
라이브,2
전우,2
안목,2
초저녁,2
시야,2
결재,2
자몽,2
하수,2
정상부,2
낚시터,2
씨앗,2
연중,2
현황,2
한기,2
문신,2
주행,2
방한,2
안성,2
오리발,2
반영,2
조양동,2
하나하나,2
선창,2
둘레,2
도다,2
원목,2
연상,2
무말랭이,2
만반,2
외식,2
한마디,2
정해,2
매트,2
5월 20일,2
용량,2
대치리,2
열대,2
기금,2
전면,2
감자떡,2
위도,2
근무,2
먼저,2
교정,2
수염,2
두통,2
관상,2
예비,2
모타,2
파이프,2
하하하,2
오브,2
앞부분,2
장보,2
구지리,2
처녀,2
패터,2
리보,2
마음속,2
15년,2
나위,2
산포,2
여태,2
청포도,2
플라밍고,2
신공,2
의정부,2
반나절,2
행선지,2
시리,2
손짓,2
레모네이드,2
울타리,2
환호성,2
전복죽,2
토탈,2
아침상,2
술자리,2
화요,2
헌화,2
세수,2
항거,2
발표,2
헬멧,2
폭죽,2
식혜,2
패러글라이딩,2
연차,2
충격,2
오도,2
조우,2
게이,2
한솥도시락,2
임무,2
몇일,2
만족도,2
막내,2
뒷정리,2
안다,2
별개,2
서보,2
보도,2
천둥,2
입속,2
기념비,2
들꽃,2
조선 정종,2
입질,2
관건,2
저자,2
치즈버거,2
보나,2
습기,2
소녀,2
선의,2
플래쉬,2
콜택시,2
조국,2
영어,2
물살,2
명일,2
오프라인,2
차도,2
존경,2
일쑤,2
해맞이로,2
칼로리,2
블럭,2
본의,2
염원,2
노고,2
부상자,2
산맥,2
야심,2
부위,2
병원,2
사투,2
원룸,2
캐리,2
1년,2
무어,2
벚꽃,2
코팅,2
쌍둥이,2
멀리,2
버드,2
5기,2
식후경,2
빠삐용,2
설해,2
날개,2
원조,2
봉인,2
인승,2
배타,2
메가,2
대안,2
고질병,2
분기,2
블루투스,2
피치,2
홀로,2
매니저,2
우대,2
시중,2
파랑색,2
구경거리,2
개구리,2
성화,2
고무줄,2
부른다,2
타구,2
동혁,2
앵글,2
전선,2
유니크,2
좌절,2
육성,2
천진,2
조교,2
푸켓,2
역동,2
체육인,2
닭다리,2
비약,2
당혹,2
늦여름,2
도요타,2
변도,2
상인,2
생기,2
우아,2
소도,2
성취,2
지수,2
신호등,2
하리,2
맛내기,2
두려움,2
저속,2
벌레,2
유턴,2
한성,2
스냅백,2
잔디,2
군민,2
샤라,2
투숙객,2
텃밭,2
와야,2
실천,2
강행,2
궁합,2
리도,2
옵션,2
카누,2
내친김,2
관통,2
인수,2
호스트,2
참치,2
관람,2
마주,2
뚜껑,2
개도,2
지대,2
공략,2
우주,2
감자탕,2
신혼여행,2
반점,2
침실,2
헤드,2
하심,2
도수,2
약선,2
로하,2
날짜,2
라이트,2
과외,2
해파리,2
자이언트,2
골반,2
동의,2
자작나무,2
광대,2
내주,2
팔다리,2
네온사인,2
출력,2
아하,2
입상,2
직행,2
보구,2
잔소리,2
마스크,2
원두막,2
시청역,2
눈앞,2
초등,2
핸들,2
팔경,2
엔진,2
행정,2
레일,2
가수,2
편도,2
자로,2
네온싸인,2
소년,2
시식,2
참견,2
임팩트,2
사투리,2
한몫,2
딱지,2
콜라겐,2
별거,2
사모님,2
강생,2
교환,2
일환,2
맛깔,2
수비대,2
설원,2
보일,2
리릭,2
노래방,2
여행가,2
자식,2
두산,2
노예,2
영수증,2
경로,2
보름,2
방생,2
공통,2
그라인더,2
인피니티,2
절정,2
그지,2
파란색,2
티슈,2
얼음장,2
귀여움,2
살맛,2
대처,2
수협,2
조작,2
점등,2
열차,2
비법,2
방콕,2
구박,2
일치,2
6월 25일,1
리멤버,1
렌트카,1
마카오,1
라보,1
옥계항,1
부슬비,1
콩나물,1
양딸,1
운지,1
리시,1
프라이버시,1
칠흑,1
대원,1
대미,1
식염수,1
팔자,1
내시,1
별천지,1
바랄,1
아름드리,1
바이러스,1
토르,1
군용,1
불성,1
한한,1
헤라,1
손상,1
회장,1
텀블러,1
다로,1
이스,1
다락방,1
생강,1
비커,1
피난,1
이순,1
싯가,1
내야,1
30대,1
엘리,1
제안,1
퍼포먼스,1
땡큐,1
게으름,1
심향,1
설렁탕,1
뗏목,1
원진,1
군도,1
지형,1
혼연일체,1
월세,1
소지,1
진주,1
카푸치노,1
겸손,1
난지도,1
단축,1
조제,1
잔뼈,1
신신당부,1
조크,1
대략,1
농기구,1
봄날,1
브리핑,1
롯데마트,1
궁둥이,1
업장,1
금색,1
글로리,1
명색,1
천명,1
분야,1
알도,1
어느날,1
현동,1
넘버원,1
자영업,1
일상생활,1
2016년 11월,1
길만,1
우선시,1
윗자리,1
반고,1
혈서,1
길거리,1
자 현,1
우거지,1
파마,1
연접,1
산란기,1
이슬비,1
숙달,1
조짐,1
깡촌,1
수호신,1
순환,1
5월 30일,1
짠맛,1
주의자,1
에밀레종,1
안부,1
태양열,1
2월,1
이영자,1
두말,1
신갈,1
생활상,1
신명,1
결집,1
아지매,1
서기,1
희열,1
리단,1
사요나라,1
망라,1
모태,1
체중,1
대개,1
배급,1
10월 14일,1
에프킬라,1
100년,1
아티스트,1
바게트,1
레인,1
좀비,1
우도,1
태공,1
이승,1
어두움,1
고의,1
63빌딩,1
수하,1
십상,1
노역,1
스크린,1
보약,1
영장,1
공백기,1
메타,1
자취,1
꽁치의 맛,1
만종,1
가닥,1
티타임,1
덕소,1
잇몸,1
해동,1
풀장,1
내세,1
필두,1
신용산역,1
고준희,1
탄자,1
등유,1
희생,1
춘식이,1
주공,1
팡팡,1
개복치,1
피칸,1
만삭,1
중앙대,1
적기,1
타파,1
제압,1
생선튀김,1
억겁,1
9월 6일,1
종사자,1
보름달,1
승전,1
연탄,1
통장,1
요거,1
레시,1
우길,1
둔치,1
자유형,1
순례,1
스파,1
김재한,1
판별,1
데이터,1
서식,1
이재,1
서진,1
트윈스,1
오드,1
마르지,1
자존심,1
항성,1
피하,1
숨길,1
열성,1
개뿔,1
허위,1
컴퓨터,1
하우,1
치수,1
팩트,1
망태기,1
아헌관,1
온돌,1
결승전,1
판매대,1
탈환,1
오지,1
잠원동,1
하천,1
풍미,1
반상,1
신제품,1
붉은빛,1
품질,1
교과서,1
대양,1
대쪽,1
괄시,1
예정화,1
8월 8일,1
지마,1
증정,1
작물,1
산골짜기,1
훈제,1
그레,1
착각,1
펑크,1
암흑,1
운전자,1
하이웨이,1
공격,1
주무,1
민트,1
갈겨니,1
여하,1
막심,1
바깥쪽,1
박준규,1
순희,1
이어,1
괘방산,1
원본,1
전대,1
감안,1
웰빙,1
층수,1
왕대,1
한국전쟁,1
클리닉,1
참상,1
정수,1
재미나,1
카나,1
대상자,1
필딩,1
전국구,1
5월 1일,1
궐기,1
스포츠조선,1
오일펜스,1
모네,1
시름,1
경찰서,1
진거,1
소월,1
별칭,1
무진,1
성시,1
카프리,1
모가지,1
파이어,1
매뉴얼,1
집약,1
의외,1
도넛,1
향가,1
깻잎,1
등반,1
점멸,1
보컬,1
시시,1
해송,1
시전,1
롱아일랜드,1
수프,1
타일,1
홀린,1
폭주,1
무교인,1
우당,1
아동,1
호두과자,1
덕우리,1
화진포해양박물관,1
비의,1
격양,1
화성,1
목격,1
전략,1
700,1
김진하,1
새틴,1
속마음,1
롯데백화점,1
명부,1
옐로,1
일념,1
캐스팅,1
양양향교,1
네마,1
조력,1
커브,1
송탄,1
라사압소,1
여망,1
커피타임,1
휴대,1
휘슬,1
고추가,1
정동진역,1
3M,1
재가,1
대면,1
트래블,1
종소리,1
옥계면,1
카스,1
쥐치,1
현수막,1
독도,1
전리,1
아자,1
생활신조,1
노무,1
퍼즐,1
대한불교조계종,1
마라도,1
하역,1
양수,1
티나,1
탄탄면,1
곡물,1
거사,1
삼각,1
풀타임,1
서민,1
레이니,1
곤고,1
시련,1
분노,1
구속,1
포춘,1
요점,1
펜듈럼,1
이부,1
범위,1
1902년,1
비폭력,1
수량,1
부천시,1
부작용,1
우선순위,1
정과,1
저격,1
피해자,1
타이머,1
측면,1
상징물,1
만난 사람,1
키파,1
비고,1
이력,1
서적,1
백두대간,1
의견,1
불꽃놀이,1
신포,1
우박,1
향토,1
종아리,1
에스프레소 머신,1
소각,1
순국,1
연구,1
신잡,1
심은지,1
러브,1
예금주,1
서버,1
박해,1
목재,1
부활절,1
다운타운,1
-4,1
수퍼마켓,1
장식물,1
퇴직,1
라크로스,1
소속,1
개량,1
김석희,1
가부,1
뒷문,1
참조,1
손실,1
피지,1
투숙,1
존슨,1
공도,1
한밤,1
피날레,1
미더덕,1
형체,1
마가,1
수달,1
종대,1
진국,1
스케일,1
개불,1
월드 투데이,1
가정집,1
센타,1
문화제,1
포켓볼,1
스페이스,1
포차,1
탐방기,1
천차만별,1
툴레,1
선언서,1
컨트롤,1
여타,1
보물,1
도방,1
세로,1
전영,1
민간인,1
아일랜드,1
구황,1
골격,1
퓨전,1
원시림,1
유부,1
아해,1
금강대교,1
수상 스포츠,1
도용,1
광진리,1
청순,1
마스,1
통나무,1
야만,1
탁구장,1
함박꽃,1
고로,1
정한,1
타이스,1
볼일,1
통행료,1
어획량,1
101,1
술친구,1
펀치,1
인파,1
피네,1
감금,1
도도,1
알박기,1
승객,1
지능,1
동차,1
컨설팅,1
기승,1
부설,1
건강관리,1
지뢰,1
한당,1
모음,1
양백,1
기후,1
심신,1
바비,1
폭포수,1
황혼,1
배추김치,1
질도,1
왕온,1
동호해수욕장,1
부부인,1
친목,1
봉주르,1
안길,1
광안리,1
여신,1
퀴즈,1
2015년 4월,1
한남동,1
시카고,1
여운,1
몇 번을,1
설거지,1
케인,1
사라,1
최강,1
도시민,1
실형,1
근접,1
새내기,1
구남로,1
설득,1
섬진강,1
신망,1
성원,1
레슬링,1
조미료,1
동해고속도로,1
맛보기,1
열사,1
시력,1
뒷마당,1
장임,1
냉장,1
러스트,1
부원,1
시청각,1
요리법,1
김광,1
가미,1
만취,1
지칭,1
모금,1
예년,1
메탈,1
조동혁,1
방음,1
거절,1
그물,1
박대박,1
교육과정,1
보험사,1
용산,1
주니,1
GR,1
협회장,1
가마,1
하품,1
탐사,1
환기,1
셀프서비스,1
치마,1
손님맞이,1
배낭여행,1
나리,1
7월 7일,1
지향,1
하강,1
언급,1
염색,1
역부족,1
즉석밥,1
시승,1
9월 23일,1
조개껍데기,1
양앙,1
군사분계선,1
김장,1
아담,1
해운정,1
개다리,1
구피,1
또래,1
보우,1
필독,1
커뮤니케이션,1
4월 25일,1
눈썰미,1
하자,1
맥도날드,1
기본자세,1
요양,1
쇼코,1
타르트,1
야생동물,1
말발굽,1
차표,1
좋지 아니한가,1
적용,1
행적,1
열대야,1
5D,1
교사,1
영광정,1
출발당,1
뉴욕,1
고소,1
알몸,1
케이스,1
기생충,1
트렌드,1
풍선,1
바우,1
1호선,1
초승달,1
기술력,1
검정색,1
대주주,1
바인딩,1
선책,1
경하,1
히어로,1
피톤치드,1
랜덤,1
오매불망,1
합정역,1
동하,1
문무,1
색상,1
조성하,1
강좌,1
이성윤,1
냉국,1
종업원,1
현직,1
근본,1
이케아,1
적발,1
취사도구,1
돌풍,1
주훈,1
뉴스1,1
배달부,1
단청,1
원일,1
오존층,1
이재한,1
칠판,1
외장,1
비상등,1
힌트,1
구지,1
정수리,1
개천절,1
에어콘,1
의사,1
예의범절,1
문행,1
전투,1
제목,1
미진,1
삼단,1
주희,1
두름,1
옛말,1
팽이버섯,1
루미큐브,1
옷걸이,1
어학연수,1
사설,1
수평,1
데리,1
민이,1
돌돔,1
상계,1
작품집,1
목포,1
허니콤,1
주미,1
심술,1
2015년 1월,1
이체,1
번지 점프,1
전달,1
총상,1
중량,1
후반부,1
회색,1
3월 23일,1
불안정,1
레게,1
단타,1
당의,1
비너스,1
봇물,1
역방향,1
브이,1
개인택시,1
8월 27일,1
코크,1
체제,1
거제,1
후 현,1
애가,1
일보,1
해달,1
아비가일,1
잔챙이,1
사은품,1
재활용,1
홍창,1
굴욕,1
덩치,1
미사,1
스태프,1
초월,1
소매,1
전통문화,1
분간,1
독보,1
업로드,1
유대감,1
연장선,1
김광영,1
마술,1
가주,1
터득,1
사업장,1
부녀회,1
중계동,1
흡연,1
방진,1
금빛,1
프리랜서,1
죽지,1
점령지,1
도모,1
부촌,1
한복,1
불안,1
푸조,1
교도,1
팔정도,1
미군,1
중력,1
보양,1
노후,1
바이킹,1
너머,1
빌어,1
자카르타,1
참외,1
전구,1
이씨,1
연창,1
질주,1
김밥천국,1
자가용,1
리안,1
양팔,1
일일,1
광장,1
기화,1
퍼플,1
장식,1
안전선,1
선어,1
모모,1
버건디,1
유족,1
에어포트,1
태양빛,1
불명,1
농악,1
이난,1
트랙,1
토요일 오후 2시,1
부들,1
난 주,1
고충,1
안무,1
강릉항,1
아씨,1
평야,1
인물,1
세면도구,1
통안,1
점령,1
리비에라,1
각양각색,1
서해도,1
인상파,1
볼펜,1
실력자,1
조리법,1
오산항,1
폐업,1
태국,1
신자,1
중무장,1
천상,1
단추,1
계좌,1
우유빛,1
사실은,1
젤라,1
영숙이,1
2000,1
가정,1
이향,1
시흥,1
가리,1
무선,1
위메프,1
떨기,1
몸속,1
은행,1
금리,1
내용물,1
이직,1
손톱자국,1
성하,1
나이트,1
8월 26일,1
구절,1
청평,1
풍치,1
확장,1
버디버디,1
진 하,1
만요,1
처음처럼,1
회귀,1
유림,1
자소,1
함축,1
드라이빙,1
회로도,1
산호,1
베네딕트,1
티라미수,1
세간살이,1
러신,1
탄성,1
주머니,1
선비,1
케이블카,1
고창,1
베누스,1
배수관,1
주안역,1
인영,1
아이덴티티,1
이상은,1
진부,1
500,1
안내소,1
내륙,1
참석자,1
실향민,1
공학,1
애교,1
홈런,1
토성,1
카프레,1
찌르레기,1
선점,1
확충,1
샛강,1
승지,1
이희원,1
호화,1
몸값,1
잔재,1
밀가루,1
혼수,1
진로,1
연가,1
포커스,1
에이커,1
호세,1
시현,1
감리교,1
참여자,1
메추리,1
가이드,1
미나,1
창립,1
흥분,1
사고뭉치,1
행군,1
17년,1
김수,1
토시,1
가지각색,1
본토,1
오키나와,1
어로,1
청어,1
세계일주,1
아버님,1
포식,1
퓨어,1
보내기,1
바르,1
수혈,1
고독,1
후퇴,1
구룡산,1
월드,1
절충,1
로이드,1
코끼리,1
엉망진창,1
25,1
거금,1
좌상,1
플래시,1
스텐,1
지지,1
호기심 천국,1
삼포,1
성심,1
전등,1
감지,1
시합,1
공공,1
군부대,1
팥빙수,1
이홍,1
개수작,1
철물,1
뱃고동,1
소개팅,1
쥐띠,1
난장판,1
이형주,1
건호,1
우레탄,1
파파라치,1
보보,1
단골손님,1
알콜,1
비운,1
즉석,1
쉐보레,1
대청봉,1
해랑,1
장안동,1
꽁무니,1
최면,1
어름,1
원액,1
한약재,1
하반기,1
23년,1
우승,1
동해시,1
추첨,1
저해,1
바이,1
친애,1
유가족,1
확률,1
엔지니어링,1
시영,1
명명,1
3월 25일,1
기념탑,1
재래,1
알로에,1
수구,1
이상일,1
당산역,1
광도,1
스리,1
안담,1
스폰서,1
양말,1
수락산,1
우주인,1
지원이,1
찰리,1
바닷가재,1
졸림,1
전시회,1
마구,1
저어,1
심화,1
실례,1
조립,1
전유물,1
트리어,1
빗장,1
운동화,1
야산,1
브레드,1
금상첨화,1
원두,1
취향저격,1
주소지,1
9월 21일,1
블루벨트,1
이 현,1
링링,1
메밀국수,1
고스,1
빙과,1
비명,1
소예,1
주장,1
교통비,1
송곳,1
트집,1
허풍,1
토레라,1
차전,1
참관자,1
희망사항,1
바이바이,1
모란,1
신시,1
납품,1
대조,1
간이,1
서재,1
주하,1
집으로 간다,1
돼지국밥,1
창공,1
성주,1
도원결의,1
안동소주,1
협의,1
이수,1
장어구이,1
마들렌,1
사려,1
에드워드,1
데꼬,1
기질,1
송어,1
우리 주,1
손해,1
카니발,1
한자리,1
쟁기,1
시엔,1
두릅,1
문회,1
하이트,1
투투,1
자손만대,1
올림픽대로,1
롭스,1
수정안,1
웃음소리,1
상수동,1
엘리트,1
직매장,1
처갓집,1
김창원,1
서가,1
이성용,1
안주시,1
진학,1
기름 유출,1
14,1
동사,1
토너먼트,1
신라면,1
곤두박질,1
에어쇼,1
모곡,1
낙엽,1
학년,1
논거,1
도정,1
어느 멋진 날,1
정류소,1
식민지,1
멘탈,1
그을음,1
뜀박질,1
분량,1
바나,1
공급,1
샌디,1
수능,1
수인,1
만신창이,1
보상,1
테이크아웃,1
학원가,1
폐인,1
석호,1
고요한,1
반경,1
침샘,1
폭격,1
관계자,1
360,1
자본주의,1
짐칸,1
인애,1
태연,1
도소매,1
후자,1
다이어리,1
코칭,1
월급,1
개식,1
학명,1
수리비,1
협찬품,1
불청객,1
페이스,1
소만,1
이천원,1
소름,1
13년,1
구어,1
청량감,1
파스,1
앞머리,1
프랑,1
청소기,1
주름,1
가족 사진,1
함유,1
서막,1
삽입,1
권해,1
10월 9일,1
제이슨,1
박자,1
호기,1
캐비넷,1
진다,1
영상 편집,1
인어 아가씨,1
수차례,1
피망,1
라희,1
갈비찜,1
신선놀음,1
우선,1
진미,1
다래,1
디아,1
마치,1
감회,1
식빵,1
건조기,1
불경기,1
논의,1
강변역,1
라나,1
류승수,1
낚싯대,1
95년,1
바나나칩,1
체포,1
메일,1
감기약,1
에베레스트,1
왕년,1
잠재,1
반신,1
콧방귀,1
조항,1
준마,1
민효린,1
본건,1
논현,1
어류,1
뼈대,1
외곽,1
르네상스,1
플루트,1
특위,1
시판,1
익일,1
문전,1
박탈,1
체지방,1
동분서주,1
당나라,1
안간힘,1
아르,1
이켠,1
인맥,1
유자,1
기분 좋은 날,1
성황,1
혁명,1
호사,1
절단,1
다이소,1
인덕션,1
풍속,1
착수,1
증가,1
통합,1
노다지,1
포드,1
아날로그,1
특화,1
노지,1
동강,1
발현,1
근심,1
541,1
루시,1
개떡,1
토박이,1
초콜릿,1
상점,1
버튼,1
니어,1
비탄,1
수명,1
시에 강,1
브라질,1
커버,1
쾌유,1
에이트,1
직영,1
세관,1
구별,1
첨가,1
소정,1
한학자,1
스프,1
경부선,1
태안군,1
전천후,1
상쾌한 아침,1
일원,1
한차례,1
상식,1
영이,1
단조,1
소생,1
파악,1
학살,1
검단산,1
저지,1
광택,1
과수원,1
낭독,1
동네방네,1
이데올로기,1
특가,1
거북섬,1
친분,1
원료,1
11월 22일,1
이천희,1
콘크리트,1
진땀,1
피부색,1
작열,1
키조개,1
홍당무,1
듣기,1
신기루,1
바스,1
개구장이,1
와선,1
기관지,1
줄거리,1
비행,1
지유,1
블렌더,1
특공대,1
외가댁,1
지체,1
소유자,1
살로,1
액자,1
3월 3일,1
장맛,1
스위치,1
숨쉬기,1
피트나,1
오렌지,1
주병,1
스테이지,1
운영자,1
자막,1
정차,1
윗층,1
꺽지,1
모로,1
옆길,1
앞치마,1
칠성,1
소자,1
미사리,1
반입,1
징역,1
경장육사,1
매스컴,1
이천,1
쇼부,1
배낭,1
단골집,1
2호선,1
무늬,1
메들리,1
매시,1
대낮,1
장병,1
통감,1
솔방,1
토론회,1
하의도,1
말하자면,1
고맙습니다,1
초우,1
서울역,1
수식,1
위생,1
만산,1
송도,1
앵커링,1
푸지,1
해운대구,1
액땜,1
궁전,1
주산,1
블랑,1
자전거 여행,1
4월 10일,1
복학,1
탁구,1
테러,1
지하보도,1
도장,1
혜정,1
월요병,1
이참,1
스즈키,1
카페모카,1
말라,1
발부,1
브라운,1
선언문,1
쿨러,1
보물찾기,1
나우,1
스마트폰,1
시세,1
말이,1
뚝섬역,1
귀향,1
감시,1
장애물,1
씨월드,1
기피,1
상자,1
무기,1
석방,1
은빛,1
차카,1
허무,1
도안,1
오륙도,1
양국,1
핑탄,1
이물질,1
와이,1
매카이,1
진야,1
예절,1
빠방,1
박력,1
산딸기,1
초겨울,1
고르고,1
마운틴뷰,1
얼룩,1
타조,1
망상해수욕장,1
골프장,1
체티,1
요서,1
할매,1
티끌,1
등신,1
부정,1
여인천하,1
심부름,1
트위스트,1
암자,1
자리싸움,1
정시,1
농아,1
양푼,1
양옆,1
도예,1
야소,1
스킨,1
성남,1
천국과 지옥,1
대치동,1
섬유,1
삼재,1
애비,1
심심풀이,1
향토음식,1
옹기,1
신창,1
승차권,1
오슈,1
찍새,1
MI,1
쇼오,1
앉은뱅이,1
시민,1
기점,1
브리,1
비즈니스,1
서리,1
허탈,1
대학생,1
비참,1
방문기,1
레크,1
대들보,1
인조잔디,1
지부장,1
극비리,1
크리스마스,1
마음가짐,1
피렌체,1
짠물,1
별것,1
집집,1
온실,1
기아,1
개체,1
두 주,1
버니,1
채용,1
만월산,1
백한,1
짱아찌,1
가재,1
리코,1
7월 1일,1
도인,1
에세이,1
육이오,1
오천,1
세차,1
염소,1
실외,1
20,1
새송이,1
봄철,1
북면,1
맛뵈기,1
색칠,1
신촌,1
강촌,1
인프라,1
유튜브,1
한다 역,1
생태,1
거의,1
서울대,1
바다색,1
인도양,1
경중,1
유격,1
데스크,1
양의,1
알로하,1
다림,1
연근,1
글자,1
기념사,1
미어캣,1
향상,1
오가,1
가동,1
사상,1
서울숲,1
귀의,1
진찬,1
도루묵,1
상다리,1
자초,1
공양,1
벤츠,1
합창,1
창려,1
핏기,1
대화동,1
승리,1
중노동,1
애간장,1
폴라,1
멀미,1
구색,1
수투,1
경외,1
나쁘지 않아,1
송가,1
뱃놀이,1
모도,1
어스,1
거미,1
단속,1
풍경화,1
이조,1
달걀귀신,1
7월 14일,1
김종성,1
구포,1
실체,1
발레리나,1
급변,1
겨레,1
유연성,1
대중소,1
연식,1
신작로,1
뭉치,1
죽왕면,1
토마,1
아양,1
부실,1
탄지,1
상수도,1
효율,1
글래스,1
김우근,1
낙원,1
앞발,1
시더,1
자게,1
12,1
여개,1
바램,1
부문,1
티에,1
나그,1
조선소,1
가을철,1
창안,1
미와,1
하임,1
답습,1
특집,1
위급,1
그새,1
8월 6일,1
녹음,1
아마,1
차라리,1
종이컵,1
용띠,1
잠금장치,1
일렬,1
관음보살,1
박동수,1
제호,1
신념,1
중수,1
태권도,1
학산,1
체육관,1
멤바,1
장의,1
우리들의,1
이별,1
가라아게,1
이섬,1
부름,1
한철,1
산들,1
부엌,1
다신,1
첨단,1
사단,1
독립운동,1
결성,1
복제,1
강풍,1
실시,1
F&,1
인트,1
롯데캐슬,1
커튼,1
보리차,1
고오,1
엄선,1
몸뚱이,1
연호,1
거창,1
반소매,1
도르래,1
망정,1
아람,1
풍차,1
독자,1
대사,1
아낌없이 주는 나무,1
일체유심조,1
빌딩,1
프리가,1
레아,1
라벤더,1
절전,1
수가,1
서해로,1
매혹,1
하남시,1
김창옥,1
시에나,1
한녀,1
카바,1
금호동,1
유정,1
부다,1
발열,1
여부,1
일주,1
뼈다귀,1
마운틴,1
나팔,1
6월 22일,1
레이서,1
전시물,1
환장,1
데님,1
분발,1
에드,1
카탈로그,1
난생,1
본업,1
커밍아웃,1
눈꽃,1
텐션,1
유니폼,1
오강,1
순두부찌개,1
위성사진,1
특공,1
습득,1
비적,1
믹싱,1
저기압,1
대상포진,1
우비,1
확인서,1
기슭,1
가출,1
갓길,1
2년,1
호드,1
추측,1
인제군,1
홍규,1
조기,1
선라이즈,1
렉스,1
미소녀,1
의학,1
탕진,1
투르,1
항해,1
쏘주,1
해피,1
노포역,1
34년,1
출석,1
퓨저,1
오션,1
직관,1
서도,1
파식대,1
악어,1
재능,1
태백,1
교감,1
지장,1
연애,1
위탁,1
김숙,1
급조,1
정복,1
마을버스,1
야마하,1
재개,1
저서,1
청주,1
서면역,1
반절,1
박하,1
드로잉,1
김영준,1
비빔국수,1
마차,1
허브,1
위위,1
민족의식,1
도어,1
KG,1
아포,1
재산권,1
토마스,1
영토,1
보경,1
금미,1
시발,1
오산리선사유적박물관,1
종헌관,1
대교,1
유쾌하,1
유감,1
불길,1
시와,1
말썽,1
우렁,1
굽이,1
서질,1
중앙고속도로,1
교류,1
포세이돈,1
이글,1
재인,1
절약,1
월리,1
야기,1
간의,1
직거래,1
파주,1
바운스,1
르노,1
침범,1
사상자,1
전북,1
쪽지,1
입욕,1
사유지,1
프라스틱,1
평택,1
섞박지,1
아이돌,1
무급,1
웅큼,1
한마음,1
미용인,1
매입,1
속초해양경비안전서,1
오심,1
스페인어,1
난 구,1
발동,1
식사 준비,1
점박이,1
인바디,1
청학동,1
오늘날,1
거부감,1
고릴라,1
다식,1
속성,1
특강,1
볼가,1
제헌,1
화이트보드,1
아웃런,1
이몰라,1
협조,1
이스트,1
정석,1
클라우드,1
기념식,1
연수,1
타사,1
와일드,1
전재,1
스핑,1
강냉이,1
헬퍼,1
증진,1
지난밤,1
아가씨,1
쿠션,1
에코,1
당하,1
진웅,1
달님,1
바닷길,1
번데기,1
가원,1
하모니,1
카카오택시,1
시샘,1
계산대,1
동방,1
젊은층,1
소나타,1
감독,1
정경숙,1
6월 16일,1
굴뚝,1
남발,1
호준,1
전라도,1
문하,1
승려,1
키우시,1
-5,1
망상,1
사브,1
그랑,1
가르침,1
2015년 6월,1
지덕,1
제주특별자치도,1
구안,1
앵커,1
안장,1
미용,1
해군,1
라타,1
아지,1
요염,1
반달,1
조직,1
연송,1
더미,1
수진,1
위원,1
목격자,1
촛불,1
도난,1
치질,1
베아,1
해당화,1
바가,1
당부,1
자갈,1
사색,1
개스,1
치열,1
일거,1
안중,1
부활,1
열심,1
수신호,1
돌핀,1
남가,1
보스,1
양조,1
등의,1
말복,1
메니,1
이이,1
밀도,1
메리트,1
명성,1
철칙,1
위패,1
뒷다리,1
살충제,1
구실,1
스킴,1
글로브,1
다집,1
넷플릭스,1
진혁,1
부처,1
후진항,1
은색,1
사업주,1
경매장,1
니아,1
병과,1
와리,1
오래간만,1
피시방,1
제향,1
모노톤,1
임시방편,1
그랑블루,1
오만,1
매진,1
경안,1
영등포역,1
갈고,1
웹캠,1
도라도,1
라 주,1
지영,1
해무,1
바닐라,1
경력,1
노안,1
뽑기,1
선덕,1
탈바꿈,1
.org,1
칼질,1
소울,1
유전,1
모나미,1
고마,1
스프라이트,1
우치,1
보답,1
은총,1
색도,1
갈음,1
대접,1
운전대,1
낙관,1
아비시니안,1
스크래치,1
사용법,1
좋아 좋아,1
변기,1
추억팔이,1
백수,1
너비,1
미항,1
지주,1
손녀,1
벤틀리,1
대꾸,1
생동감,1
실망감,1
결합,1
이응,1
본능,1
밍크,1
비염,1
고구,1
초록색,1
피사,1
군포,1
흉물,1
IPA,1
황제,1
회복,1
연대,1
아귀,1
구축,1
장뇌삼,1
꾹저구,1
파출소,1
라운딩,1
수압,1
남포동,1
변명,1
개인화,1
의태,1
고스톱,1
감바스,1
하마,1
육각성,1
만족감,1
롤러,1
농부,1
비율,1
스펜서,1
오스트레일리아,1
가을바람,1
존중,1
쾌속,1
사춘기,1
입출,1
레일바이크,1
보잘것,1
징표,1
발행,1
광진,1
해탈,1
치클,1
동백,1
조개잡이,1
콧노래,1
감자전,1
충동,1
쿠폰,1
남단,1
등사,1
외길,1
공가,1
철거,1
동반자,1
의심,1
옥동,1
거도,1
시파,1
상전,1
랜드로버,1
봉포항,1
사시,1
양질,1
단팥빵,1
타요,1
기분좋은 날,1
사살,1
얼레지,1
선방,1
우승자,1
감미,1
박보검,1
4월 6일,1
필스너 우르켈,1
공인중개사,1
긴급,1
운동장,1
진압,1
천안,1
행락객,1
드림,1
랭킹,1
창조,1
담력,1
신세,1
인허가,1
장대비,1
입문서,1
슬로프,1
머리카락,1
도선,1
귀중품,1
혼합,1
여념,1
손목,1
찜질방,1
말사,1
형형색색,1
어물,1
최낙민,1
수의,1
토메,1
라텍스,1
양부,1
피스 강,1
배사,1
귀청,1
파울라너,1
증상,1
데스,1
발음,1
스위트룸,1
여행사진,1
교수,1
골목골목,1
2016년,1
40,1
백라이트,1
반값,1
태동,1
밀리,1
심사,1
모비,1
교복,1
낙조,1
이학봉,1
미쉐린,1
장사항,1
롱비치,1
생가,1
레이즈,1
주제가,1
엄지발가락,1
꼴찌,1
창업,1
클로즈업,1
두다,1
동문,1
노모,1
풍요,1
요일,1
제사상,1
고분군,1
휘발,1
연청,1
쌀국수,1
한윤성,1
벨로,1
옥션,1
죠지,1
샤카,1
전술,1
야속,1
중복,1
청하,1
근방,1
벌꿀,1
슬픔,1
월화,1
대용량,1
자공,1
성업,1
변장,1
정비사,1
전력,1
진국이,1
어디로 가야하나,1
복근,1
우체통,1
개인기,1
할라,1
봄소식,1
마릿수,1
젊은이,1
모의,1
단박,1
견본,1
폭스바겐 골프,1
도의,1
충렬사,1
6월 6일,1
호란,1
본부,1
식도락,1
뒷맛,1
매출,1
도동,1
주황색,1
부침개,1
잡어,1
서명,1
새끼 고양이,1
10월 11일,1
뽀뽀,1
요즈음,1
경자,1
잔고,1
중부,1
저체온증,1
초심,1
배관,1
에버,1
그녀,1
정강이,1
복분자주,1
금물,1
점퍼,1
광수산,1
본전,1
크리스,1
레이싱,1
두 여자,1
워너,1
AM7,1
지시,1
몸싸움,1
증거,1
잠복,1
진공청소기,1
피비린내,1
배위,1
등산객,1
오대천,1
반신반의,1
금정,1
기적,1
시행착오,1
자구,1
우드,1
승무,1
토비,1
흑인,1
한동,1
체코어,1
2017년 9월,1
설비,1
골짜기,1
시댁,1
짱아치,1
묵념,1
이석,1
집합,1
시스,1
픽스,1
추로,1
하수구,1
추모제,1
소울 서퍼,1
하이브,1
솔져,1
암석해안,1
테이스티로드,1
아스팔트,1
하산,1
혈당,1
운임료,1
과천,1
조을,1
시시각각,1
위판,1
오리고기,1
순정,1
큰길,1
코코아,1
무상관,1
10cm,1
새해맞이,1
분계선,1
1.5,1
옷장,1
말리,1
빗물,1
추도,1
면민,1
원효,1
가든,1
보일러,1
갈증,1
답사,1
캐릭터,1
대진,1
소방서,1
냉각,1
연구소,1
리버랜드,1
무스,1
바리스타,1
유등,1
두덩이,1
신의,1
완장,1
스페인,1
엑스포,1
구호,1
라이스,1
커플룩,1
미코,1
획득,1
모녀,1
금융조합,1
떠돌이,1
의치,1
선주,1
여가,1
부채,1
애프터,1
동심,1
삼족,1
정정,1
모래땅,1
기기,1
하남대로,1
동전,1
마감일,1
유출,1
전승,1
기둥,1
독려,1
애증,1
친환경,1
실사,1
역활,1
대반,1
개구쟁이,1
래프팅,1
장벽,1
방학,1
우마,1
가증,1
불의,1
초로,1
샌들,1
화이트워터,1
봉평,1
백패,1
내사랑,1
수집,1
바텐더,1
필립스,1
어깻죽지,1
삼종,1
1+1,1
물곰,1
옆모습,1
아쿠아맨,1
알짜,1
삼리,1
36,1
형용,1
아바,1
피플,1
바른,1
롯데월드,1
동탄,1
이용학,1
이시다,1
양심,1
산지,1
미묘,1
충무김밥,1
사세,1
트리플,1
인자,1
돌멩이,1
안경,1
크레용팝,1
소련군,1
행패,1
서사,1
국력,1
꽈리,1
굴욕감,1
유머,1
퍼펙트,1
콩국수,1
포크,1
이맘때,1
앞장,1
도선사,1
중압감,1
분산,1
진담,1
당초,1
오상현,1
전생,1
매듭,1
경단,1
꽃다발,1
교촌,1
위스키,1
마귀,1
협정,1
안구,1
캠페인,1
스마트,1
대물,1
딥 하우스,1
이안,1
모라,1
앨범,1
애니메이션,1
밀어,1
거포,1
중학생,1
러키,1
6월 30일,1
급부상,1
결행,1
차선,1
스킨스,1
삼분,1
안팎,1
메로나,1
세일,1
달팽이관,1
현관,1
강수진,1
지연,1
오레,1
출퇴근,1
18년,1
보병,1
정사,1
친지,1
총각,1
자차,1
야유회,1
판다,1
이순재,1
기진,1
인디언,1
구문,1
어록,1
동굴,1
정안휴게소,1
한샘,1
블레스,1
제도,1
조개껍질,1
안녕하십니까,1
유지방,1
수전,1
사심,1
샤핑,1
김준영,1
수드,1
위임,1
별이,1
인터뷰,1
철길,1
모시,1
2012년 10월,1
명실상부,1
고난의 행군,1
미식가,1
합산,1
유입,1
애타는 마음,1
주체,1
정찰,1
정점,1
에마,1
식별,1
팬츠,1
냉방,1
혹한,1
목동,1
선별,1
계승,1
생채,1
베이직,1
육식,1
조오,1
싸구려,1
비품,1
리프,1
산천,1
구성원,1
디알,1
과언,1
특정,1
찬사,1
난생처음,1
장통,1
분해,1
개망초,1
스프링,1
백이,1
농번기,1
북청,1
들기름,1
갑천,1
바바,1
번호판,1
노라,1
종정,1
사유,1
술취,1
그림자,1
자리매김,1
붕어,1
클레,1
기계로,1
김종대,1
사시미,1
차편,1
지프,1
신음,1
송천,1
차라,1
어시장,1
익살,1
산새,1
증명,1
아이라인,1
노멀,1
이산가족,1
첫머리,1
기수,1
청아,1
면봉,1
소영,1
미역국,1
멋진 인생,1
미온수,1
방실,1
운반,1
법도,1
아름,1
미니카,1
분류,1
등원,1
바깥양반,1
펌프,1
대도시,1
면면,1
한가위,1
구교리,1
회포,1
화약,1
딸기,1
의기양양,1
꺼리,1
혼란,1
패스트푸드,1
조영무,1
송정동,1
치치,1
보드빌,1
팔당,1
이본,1
씨알,1
날자,1
손놀림,1
부가,1
난간,1
용가리,1
귀리,1
단테,1
양인,1
눈썹달,1
저가,1
라만,1
광순,1
코펠,1
야구공,1
일로,1
저주,1
랜턴,1
현판,1
모복,1
포일,1
토크,1
인절미,1
라도,1
민형사,1
9월 1일,1
낙산항,1
기성,1
폭죽놀이,1
발송,1
난조,1
일경,1
포천,1
이동한,1
접시꽃,1
차단,1
압도,1
오버랩,1
지옥,1
두리,1
기우,1
에두고,1
살이,1
피멍,1
몰골,1
상륙,1
은어,1
스티치,1
소프,1
둔갑,1
들로,1
지배,1
진원,1
일루,1
앞집,1
모기,1
요도,1
특수,1
내역,1
경제,1
서프라이즈,1
파트라,1
흉내,1
마개,1
다이도,1
숙성,1
뒷이야기,1
남양주,1
한텐,1
맥주병,1
여의도,1
국제,1
활주,1
고깃배,1
증손,1
감개무량,1
퍼즈,1
데낄,1
카야,1
역할,1
급속도,1
유산,1
미지,1
걸림돌,1
썬글라스,1
사랑과 우정,1
3월 1일,1
이선,1
임병,1
장터,1
헤드뱅잉,1
라켓,1
대천,1
괴력,1
익스트림,1
지혜,1
친화,1
소감,1
바통,1
사랑해 사랑해,1
제어,1
핑크빛,1
광화문,1
김정수,1
분석,1
남풍,1
롯데,1
보그,1
나물밥,1
모노키니,1
장시간,1
조운,1
노원,1
에도,1
용도,1
불도,1
정비공,1
예고,1
리셋,1
오열,1
섭외,1
신혼,1
카페테리아,1
자연인,1
밤사이,1
구마,1
봉숭아,1
511,1
안와,1
퍼레이드,1
포옹,1
안면도,1
트레이서,1
연개소문,1
고속철도,1
항공,1
풍접초,1
피난민,1
산촌,1
장탕,1
세니,1
운동량,1
러프,1
방언,1
돌밭,1
오산,1
요물,1
동지,1
교구,1
아침밥,1
도입,1
싸이,1
당사자,1
사다,1
출전,1
지처,1
선인장,1
채비,1
발각,1
알맹이,1
저분,1
손잡이,1
강문동,1
암투,1
블랙박스,1
혼신,1
무진장,1
궁금증,1
온달,1
원츄,1
차장,1
가려,1
리트,1
공주,1
고대,1
시거,1
기재,1
광복,1
할로윈,1
증손자,1
한게임,1
금낭화,1
닛산,1
승용차,1
극찬,1
땅값,1
예스,1
왈드,1
노년,1
통풍,1
이오,1
핸섬,1
도우,1
파카,1
일회,1
호흡,1
열매,1
오리지널,1
자아,1
방안,1
수사,1
재작년,1
사면,1
스팸,1
조원,1
하늘색,1
바둑,1
배색,1
대한민국 정부,1
프리사,1
미학,1
유무,1
노가리,1
할부,1
졸업,1
랜드마크,1
사이클,1
.gl,1
제천,1
쥐포,1
심판진,1
다슬기,1
형광등,1
도널드,1
자기,1
바스라,1
로보트,1
크로스,1
합의,1
금전,1
숙이,1
비만,1
저작권 침해,1
남강,1
본명,1
우창,1
다니엘,1
무고,1
몬스터 주식회사,1
나이스,1
성역,1
나이롱,1
곤충,1
이탈리안,1
스크램블,1
연등,1
현내면,1
8월 23일,1
구세주,1
레트로,1
수도 주,1
지퍼,1
지조,1
상민,1
참사,1
서산,1
눈썹,1
뒤죽박죽,1
수국과,1
잡채,1
용인,1
축복,1
미드,1
속옷,1
전멸,1
선전,1
알파,1
판매점,1
G1,1
스쿼시,1
개운,1
신도림,1
모바일,1
해운대로,1
대추,1
북풍,1
유모차,1
바위산,1
1979년,1
우루사,1
화장대,1
서훈,1
그놈,1
여우,1
비야,1
강화,1
서실,1
게이트,1
재고,1
어달항,1
버스 터미널,1
광정초등학교,1
폐쇄,1
저녁노을,1
최저,1
외삼촌,1
오리로,1
배추,1
0시,1
농담,1
에피타이저,1
좋은 하루,1
교만,1
개그맨,1
부수,1
어이,1
상회,1
부양,1
복직,1
린지,1
주말여행,1
장안,1
운동선수,1
보검,1
마니커,1
독사,1
하인,1
불상,1
퉁가리,1
성행,1
차입,1
팀 강,1
빙하기,1
렉서스,1
분리,1
민들레,1
화제,1
랭보,1
초조,1
장삿속,1
포르쉐,1
하와이안 피자,1
진풍경,1
손끝,1
좌회전,1
동급,1
박차,1
육포,1
고깔모자,1
유유,1
돌파,1
팬더,1
헌화가,1
여수,1
해시태그,1
마약,1
드라이버,1
안산,1
조신,1
현대인,1
함성,1
소독,1
신선도,1
교통 체증,1
강탈,1
잔해,1
로그인,1
폭스,1
캠프파이어,1
어린이집,1
도가,1
자수,1
곡리,1
조니,1
당구,1
저작물,1
점수,1
자유로,1
적립,1
이용법,1
손자,1
노천,1
맹신,1
천강,1
치료,1
살사,1
저항,1
외출,1
성적,1
비쉬,1
동동주,1
꽃님,1
와플,1
장성,1
전수자,1
행동,1
파운드,1
요구,1
밸리,1
싱글즈,1
밥솥,1
라사,1
기획,1
다발,1
스튜어트,1
웨지감자,1
2017년,1
로꼬,1
고차,1
개벽,1
이제는 말할 수 있다,1
린날,1
위판장,1
방침,1
빨대,1
호도,1
주점,1
수상자,1
관심사,1
젤로,1
기반,1
채널,1
형상,1
난민,1
구상,1
합숙,1
12월 12일,1
예방,1
라디오,1
디지털,1
루지,1
다와,1
바세린,1
장인,1
선박,1
중간자,1
벽지,1
3월 17일,1
거당,1
루마,1
격려,1
스트리트,1
극도,1
해풍,1
올겨울,1
국제공항,1
희생정신,1
자투리,1
종다리,1
참전,1
진수성찬,1
혜자,1
병풍,1
잠수기,1
변화무쌍,1
블록,1
어머니상,1
스모크,1
아낙네,1
72,1
치우,1
코오롱,1
파랑새,1
판대기,1
제피,1
상광,1
귀국,1
만화,1
60분,1
뱃속,1
플러그,1
화창,1
박동,1
전서,1
러버,1
이지,1
확립,1
사랑이야,1
크리미,1
호위,1
가랑이,1
예의,1
초창기,1
알리,1
나태,1
감정,1
배웅,1
폭행,1
기념사업,1
스냅,1
큰소리,1
대조영,1
송호대학교,1
은둔,1
다중,1
부화,1
활력,1
다예,1
영문,1
화기,1
기차표,1
구 현,1
제출,1
나와 나,1
향교,1
삼각대,1
반장,1
플래그,1
차려,1
면허증,1
에피,1
욕조,1
둘쨋날,1
담군,1
사용료,1
초석,1
커뮤니티,1
소홀,1
증명서,1
정제,1
신진대사,1
포니,1
머슬카,1
차만,1
선열,1
질감,1
남조선,1
가대,1
고취,1
경찰관,1
초롱꽃,1
단절,1
절기,1
별게,1
이안류,1
사이사이,1
새벽 1시,1
미술사,1
경사,1
아이디어,1
봄이,1
아서,1
MM,1
축사,1
말문,1
지은이,1
초고,1
12년,1
연비,1
로고,1
전개,1
실인,1
전시장,1
막판,1
압력,1
원인,1
마지노선,1
장난감,1
마미,1
워크,1
하체,1
소수인,1
낙산해수욕장,1
이해도,1
힙스터,1
공지,1
숫자,1
일수,1
문종,1
90분,1
개울가,1
천인,1
값어치,1
한반도,1
번영,1
호떡,1
나사,1
봉산,1
한열,1
닭개장,1
흥남,1
명종,1
방문객,1
공방전,1
진라면,1
이소라,1
경주로,1
경북,1
피드,1
옆집,1
녹지,1
단백질,1
나들,1
송만,1
명단,1
도루,1
화정,1
모닥불,1
풀숲,1
동쪽,1
믹스,1
운명,1
번창,1
부시,1
몽사,1
충분,1
재구성,1
팬케이크,1
대행,1
라마다,1
소이,1
이튿날,1
이의,1
임도,1
꼭지,1
똑딱,1
증언,1
신뢰,1
실용,1
원카드,1
조전,1
전시실,1
용해,1
메모,1
스님,1
선곡,1
사후,1
백색,1
관리도,1
쓰리,1
마지막 인사,1
탕수육,1
자두나무,1
대통령,1
승부,1
애국정신,1
웅덩이,1
실용음악,1
스턴,1
1월 1일,1
음식사진,1
서장,1
판매처,1
골뱅이,1
치기,1
이완,1
김창환,1
토성면,1
너럭바위,1
입자,1
훈장,1
귓전,1
사냥,1
무광,1
5월 5일,1
살아야 한다,1
칸칸,1
가시내,1
텔레비젼,1
새것,1
이용권,1
한우,1
레이어,1
봉봉,1
이상만,1
숙식,1
정답,1
특혜,1
대자,1
끄트머리,1
리퍼,1
프로필,1
우체부,1
이호,1
앙금,1
의도,1
초곡항,1
돌고래,1
빙의,1
증발,1
머릿속,1
실온,1
주병진,1
7월 28일,1
유명산,1
웨이트,1
루가,1
점호,1
개소,1
진짜진짜,1
태풍 다나스,1
프로스트,1
인원수,1
관리처,1
쪽빛,1
구장,1
원활,1
러버소울,1
정독,1
카라멜,1
구슬,1
어림,1
하프,1
사무국장,1
겨드랑이,1
장기,1
대결,1
으뜸,1
바람자루,1
구애,1
매직,1
파리,1
마블,1
둘이,1
서스펜션,1
중심지,1
A7,1
도매,1
축적,1
퇴장,1
범선,1
공놀이,1
공현,1
여파,1
푸른빛,1
싸가지,1
실물,1
정부,1
격파,1
서초,1
재형,1
소멸,1
따귀,1
챔피언,1
전문전,1
성 강,1
안락,1
함대,1
마운,1
과즙,1
어드벤처,1
베트남,1
번트,1
감리,1
두절,1
스크랩,1
삼양,1
구독,1
려수,1
다까야마,1
킬로미터,1
채의,1
국토,1
명문,1
크라이슬러,1
직진,1
묵호항,1
마법,1
전설,1
재수,1
커리큘럼,1
평양,1
단결,1
괴기,1
봉행,1
산초,1
울음,1
우쿨렐레,1
태고,1
배수구,1
짱깨,1
분기점,1
편이,1
반죽,1
솔가,1
사거리,1
상위,1
객관,1
버스 정류장,1
인산인해,1
혜원이,1
시간차,1
의무,1
적하기,1
비치발리볼,1
처마,1
산천어,1
초서,1
생쥐,1
토기,1
왕관,1
400년,1
밥상,1
글로벌,1
22,1
티맥스,1
몸통,1
조형,1
자만,1
와이프,1
땡칠이,1
상남면,1
정가,1
사철,1
GT,1
뫼비우스,1
에이스,1
메이트,1
색인,1
갈리,1
루리,1
찰나,1
박과,1
벌금형,1
전기장,1
영화배우,1
뻥튀기,1
상현,1
정거장,1
기억상실,1
모집,1
스키장,1
입체,1
삼일절,1
계기판,1
치도,1
ATV,1
고여,1
한량,1
몸뚱아리,1
오금,1
명인,1
코타,1
에네르기,1
설경,1
검은 돌,1
화답,1
간과,1
델피,1
반딧불,1
서클,1
이심전심,1
멕시칸,1
만연,1
미라,1
북새통,1
엘지,1
냉수,1
크롤,1
닌주,1
중문해수욕장,1
먹장,1
노인,1
배란,1
파래,1
전분,1
No.1,1
구미,1
화재,1
양념치킨,1
코브라,1
피쳐,1
지휘,1
치타,1
청결벽,1
지문,1
작자,1
발전기,1
오오,1
세단,1
지지가,1
암석,1
연초,1
후원,1
비루,1
골인,1
스티로폼,1
발리스타,1
확성기,1
외투,1
철새,1
링겔,1
버림,1
수세식,1
보이시,1
따리,1
연구원,1
지보,1
시리즈,1
통수,1
삼박자,1
쐬주,1
현기증,1
잡지,1
내일로,1
모래성,1
삼삼오오,1
취임,1
이 역,1
시키,1
미덕,1
각지,1
프라이스,1
밤샘,1
의왕,1
쌍용,1
의기소침,1
글라스,1
과시,1
소망,1
베테랑,1
공중전화 박스,1
한라봉,1
하이파이브,1
꼬마,1
하루아침,1
소주잔,1
수린,1
난관,1
페더,1
1월,1
문호,1
관여,1
개판,1
백운택,1
4월 18일,1
필라테스,1
읽기,1
민족 대이동,1
220,1
서약서,1
국제여객,1
내민,1
디스크,1
사물,1
여름날,1
시커,1
영구,1
히라시,1
너울,1
뉘앙스,1
초헌관,1
스물,1
표시등,1
능가,1
체스,1
꼼장어,1
인 강,1
26,1
주인공,1
다날,1
일성,1
오월,1
청호동,1
시럽,1
테니스,1
양반,1
별일,1
낙지,1
고유,1
러닝,1
축문,1
물체,1
슈도,1
해넘이,1
두껍,1
집착,1
가을밤,1
명란,1
바다에 가면,1
해고,1
예하,1
치어,1
발밑,1
이용하,1
라 1,1
궤적,1
아드님,1
연천,1
황토,1
독버섯,1
단잠,1
구배,1
타임즈,1
경력자,1
안지,1
백조,1
사계,1
몸짓,1
우유부단,1
직구,1
성당,1
연평해전,1
이집트,1
수학,1
환경오염,1
유수,1
송지호,1
베이커리,1
비원,1
부담감,1
다나와,1
64,1
영향력,1
셰이크,1
토종,1
잘 먹었습니다,1
스트라이프,1
부기,1
주사,1
굴곡,1
반정,1
누비,1
뒷날,1
전담,1
절벽,1
아웃사이더,1
9월 17일,1
탄수화물,1
여보,1
로봇,1
틴트,1
문화재,1
오반,1
최우,1
진행자,1
확보,1
새벽바람,1
진자,1
철로,1
시당,1
팀장,1
향연,1
하남,1
시바견,1
김일성,1
저수지,1
이용기,1
거봉,1
차일,1
장담,1
제라,1
피살,1
위력,1
야야,1
호응,1
보후,1
다오,1
만행,1
폭설,1
곰팡이,1
내심,1
스마일,1
윤구,1
자부심,1
책장,1
생선회,1
블러,1
야생화,1
초빙,1
유원지,1
열쇠,1
분실,1
링고,1
파쇄,1
방송국,1
수돗물,1
도라에몽,1
호스,1
맥머핀,1
장원,1
갯지렁이,1
타로,1
사용량,1
직업병,1
긴장감,1
대리,1
유전자,1
경이,1
이영주,1
인체,1
참나물,1
8월 22일,1
기시,1
퍼트,1
아크,1
크로켓,1
발자국,1
신선,1
냉풍기,1
향후,1
정중한,1
조준희,1
오정현,1
포획,1
파우더,1
맨홀,1
영지,1
봄기운,1
어거지,1
남문리,1
전쟁기념관,1
여건,1
실현,1
정착지,1
속세,1
인원보,1
세끼,1
체어,1
기반 시설,1
중생,1
진격,1
여분,1
새집,1
이모티콘,1
야대,1
연고,1
라스트,1
미디어,1
근교,1
기함,1
미스터,1
상사병,1
이상해,1
교훈,1
풍이,1
얀부,1
대하,1
가로등,1
3월 7일,1
매생이,1
기해,1
증거물,1
림보,1
태은,1
1월 31일,1
정종,1
광정,1
액세서리,1
위쪽,1
일취월장,1
약자,1
부지,1
이선이,1
비룡,1
홈쇼핑,1
자재,1
별문제,1
환갑,1
쓰레기통,1
유래,1
그저께,1
금테,1
마른오징어,1
국장,1
돌격,1
색소폰,1
티스,1
강변북로,1
피살자,1
백미,1
개털,1
물난리,1
아틀란티스,1
움막,1
바위섬,1
달리,1
수관,1
백종원,1
야합,1
주파,1
원숭이,1
싸이클,1
수립,1
무술,1
체질,1
아메리칸,1
재촉,1
찰옥수수,1
머플러,1
부산시,1
현대식,1
관이,1
중단,1
여력,1
역량,1
너와 나,1
치아,1
대피,1
밍크고래,1
조율,1
혼쭐,1
갈색,1
무인양품,1
양재,1
아바이,1
특산물,1
일등,1
베이비,1
지의,1
발원,1
하의,1
발령,1
염분,1
수조,1
기호,1
파만,1
현찰,1
주영,1
거실,1
안막,1
남평 문씨,1
분포,1
시멘트,1
일대일,1
북부,1
논밭,1
모형,1
우글,1
어중간,1
부산물,1
대변,1
국화,1
호소,1
어포,1
태도,1
대가리,1
평촌,1
실투,1
구령,1
복의,1
관리인,1
황소,1
성형,1
자치,1
멍멍이,1
빗속,1
꿀벌,1
접수처,1
팔봉산,1
토사,1
서지,1
귀환,1
보고문,1
상해,1
떡국,1
혜원,1
산악,1
연도,1
단장,1
클라이밍,1
마요네즈,1
킹왕짱,1
포로,1
노트북,1
농심,1
옷가지,1
눈높이,1
자책,1
지용,1
인더스,1
팀원,1
올리비아,1
오곡,1
한데,1
징글,1
공정,1
통증,1
오므라이스,1
금값,1
맞이방,1
만도,1
대성,1
붕장어,1
병사,1
통째,1
견과,1
차후,1
문가,1
문장,1
홈파티,1
한국사진작가협회,1
착안,1
동해항,1
장가,1
점포,1
은거,1
종목,1
현명,1
욕구,1
페로,1
타코,1
청호반새,1
브래드,1
리커버리,1
몬스타,1
코웨이,1
42,1
소용,1
마카,1
관령,1
반포,1
의리,1
실격,1
형부,1
안마기,1
웨딩,1
대장간,1
미팅,1
명자,1
논두렁,1
베이,1
담그기,1
펭귄,1
소라면,1
2015년 5월,1
서울특별시,1
정릉천,1
한창때,1
불독,1
선셋,1
동민,1
명도,1
레드불,1
대질,1
PM,1
중요시,1
아드레날린,1
교량,1
백두산,1
신청서,1
황응,1
브레인,1
이발,1
내곡리,1
천연,1
신입,1
너에게,1
오침,1
두발,1
안감,1
삼성,1
깜빡이,1
상층,1
정해진,1
양구 현,1
당도,1
투표,1
아우,1
유동,1
중경상,1
멕시코,1
가격표,1
둥가,1
3B,1
요약,1
약재,1
더비,1
육상,1
교시,1
고풍,1
바다 한가운데서,1
회오리,1
테이프,1
삼계탕,1
부스러기,1
55년,1
천정,1
메꽃,1
심호,1
엑스포로,1
혁신가,1
저녁상,1
펌핑,1
건너,1
장시,1
사찰,1
오케이,1
인도네시아,1
부산광역시,1
곤욕,1
도마뱀,1
일안,1
배롱나무,1
족발,1
개밥,1
새날,1
희생자,1
마사토,1
뒷길,1
원동기,1
1912년,1
옻나무,1
아시안,1
고안,1
카약,1
응답,1
여행비,1
존엄,1
처서,1
삼사,1
87년,1
한치의,1
공구,1
퀵실버,1
기여,1
노시,1
고무,1
봉우리,1
선입감,1
훈련소,1
10월 17일,1
명언,1
보관소,1
서해안,1
얌전,1
박사,1
끝말잇기,1
해골,1
강구항,1
독립문,1
거세,1
폭포,1
화물차,1
7월 18일,1
카리,1
돌발,1
추돌,1
생리대,1
페니,1
비포,1
로나,1
코멘트,1
유준,1
표창장,1
올스타,1
주안,1
술잔,1
발산,1
페어,1
마산,1
알코,1
인중,1
적도,1
입하,1
타월,1
적대감,1
처벌,1
묘기,1
방치,1
스톤,1
작은형,1
배우자,1
레이첼,1
슬라이더,1
녹색,1
배출,1
냄비,1
동풍,1
공직,1
우산도,1
빼기,1
형언,1
목조,1
운임,1
라무,1
모래밭,1
이윤철,1
습자,1
튀르,1
연주,1
삼시세끼,1
한탄,1
원형,1
수로,1
자각,1
명심,1
영자,1
채취,1
구명조끼,1
관망,1
딴판,1
문화원,1
호리,1
버스비,1
웰시,1
추경,1
타운,1
숙련자,1
보드카,1
북동쪽,1
그로테스크,1
엿새,1
우월,1
6월 18일,1
배로,1
개설,1
주눅,1
동창,1
전사,1
만장,1
서초구,1
회색빛,1
의욕,1
참숯,1
8월 2일,1
곤지암,1
로우,1
아이폰 6,1
고가도,1
칼리,1
헤븐,1
동호인,1
문턱,1
OK,1
수제비,1
할리,1
홍콩,1
KR,1
보석,1
리좀,1
인대,1
고해,1
비석,1
간디,1
원천,1
포도밭,1
학습관,1
나몰라패밀리,1
트라우마,1
번화,1
스피치,1
팟타이,1
바나나,1
햄버그,1
초장,1
핵심,1
랭크,1
스커트,1
분향,1
라라,1
제리,1
발판,1
연광,1
쓸모,1
마테,1
미끄럼,1
신경과,1
리그,1
오버,1
대절,1
달빛,1
부천,1
국가기록원,1
서경,1
탈탈,1
잠옷,1
중매,1
돌림,1
활성도,1
200년,1
오피스텔,1
12월 1일,1
성적표,1
핫초코,1
소림,1
안시,1
타입,1
계시,1
기러기,1
인삼,1
삼천포,1
호른,1
아이캔,1
푸른색,1
끝판,1
순교,1
낙서,1
단면,1
제관,1
삼창,1
모닝커피,1
열라면,1
6월 4일,1
은혜,1
충실,1
실속,1
다찌,1
소모품,1
한형,1
선입견,1
빛살,1
단전,1
위장,1
와르르,1
8월 1일,1
겨를,1
미러,1
시간권,1
양정,1
연두색,1
접대,1
땀방울,1
에어팟,1
질서,1
마찰,1
스쿠버 장비,1
덮밥,1
설악항,1
다락,1
풍작,1
토로,1
베이컨,1
휴식기,1
팔도,1
4월 12일,1
M27,1
재규어,1
역삼,1
버티고,1
대파열,1
대명그룹,1
8월 10일,1
수정과,1
팬티,1
의회,1
공중,1
산차,1
BBQ,1
시스터,1
돌고기,1
계산법,1
앞면,1
해피밀,1
동두천,1
양귀비,1
겉모습,1
마모,1
도래,1
소아과,1
경비정,1
보따리,1
객기,1
여로,1
죽도리,1
국민의례,1
할애,1
